<?xml version="1.0" encoding="iso-8859-1"?>
<!DOCTYPE dataManip-list SYSTEM "../../../../PDV/dtd/fwsw/DataManip.dtd">
 
<dataManip-list>
	<dataManip label="FEI_INTERFD">	
		<fieldSetReference reference="source.shc_msg" alias="shcmsg" />
		<fieldSetReference reference="source.shc_data" alias="shcdata" />
		<fieldSetReference reference="source.segments.common" alias="common" />
        <fieldSetReference reference="source.segments.credit" alias="credit" />
        <fieldSetReference reference="source.segments.commerce" alias="commerce" />    
        <fieldSetReference reference="source.segments.merchant" alias="merchant" /> 
        <fieldSetReference reference="source.segments.service" alias="service" /> 
        <fieldSetReference reference="source.segments.pos_acquirer" alias="pos_acquirer" />
		<fieldSetReference reference="source.segments.adm" alias="adm" />
		<fieldSetReference reference="target" alias="feinterfd" />
		<declare label="LOCAL" >
            <field label="CheckSend" />
            <field label="ExpiryDateLength" />
			<field label="ExpiryDateYY" />
			<field label="ExpiryDateMM" />
			<field label="ExpiryDateAAAAMM" />
			<field label="EnvSITE" />
			<field label="ColetaCVC2" />
			<field label="ColetaCVC2Length" />	
			<field label="Amount7Pos" />	
			<field label="NuTelChamador" />
			<field label="TMP" />
            <field label="PcodeType" />
            <field label="ScoreLen"/>
			<!-- 0934_ONL - SW75 - Correcao menu_000 - Filas MQ Acquirer - Inicio - JPFC -->
			<field label="port_driver" />
			<field label="port_status" />
			<!-- 0934_ONL - SW75 - Correcao menu_000 - Filas MQ Acquirer - Fim - JPFC -->
		</declare>

        <command label="CHECK_DEZFAZIMENTO" objectReferenceLabel="DROP">
            <when objectReferenceLabel="EXPR">
                <expr value="shcmsg.msgtype == '430'"/>
            </when>
        </command>

        <command label="ReturnAddress" objectReferenceLabel="VALUE" >
            <sourceValue value = "-1" />
            <targetFieldPath value="environment.RETURN_ADDRESS" />
        </command>                             
        <command label="SenderAddress" objectReferenceLabel="VALUE" >
            <sourceValue value = "-1" />
            <targetFieldPath value="environment.SENDER_ADDRESS" />
        </command>
        <command label="ForwardAddress" objectReferenceLabel="MAILBOXLOCATOR" >
			<!-- <mailboxName value = "$(FE_INTERFD_MAILBOXNAME)" /> -->
                        <mailboxName value = "$(FE_INTERFD_DRIVERNAME)" />
			<targetFieldPath value="environment.FORWARD_ADDRESS" />
		</command>           
        <command label="  &lt;&lt;==== ENVIROMENT DUMP ====="
                 objectReferenceLabel="FIELDSET_DUMP">
            <sourceFieldPath value = "environment" />
        </command>
        <command label="DoCheckSend" objectReferenceLabel="CHECKSEND" >
			<inputFile value="$(FE_INTERFD_CHECKSEND_DIR)/send_to_MQD.cfg" />
			<targetFieldPath value = "LOCAL.CheckSend" />
		</command>
        <conditional-block label="ConditionalCheckSend">
			<if objectReferenceLabel="EXPR">
				<expr value="LOCAL.CheckSend == '0'" />
				<command label="FEINTERFD_PROCESS_NOT_ENABLED" objectReferenceLabel="DROP" />
			</if>
        </conditional-block>
        <command label="  &lt;&lt;==== Request Message ====="
                 objectReferenceLabel="FIELDSET_DUMP">
            <sourceFieldPath value = "source" />
        </command>	
        <command label="PrepareForPcodeType" objectReferenceLabel="MATH" >
            <value1 value = "shcmsg.pcode" />
            <value2 value = "1000" />
            <operator value = "/" />
            <targetFieldPath value = "LOCAL.PcodeType" />
        </command>
		<conditional-block label="SetCodTipoTxn" >
			<if objectReferenceLabel="EXPR" >
				<expr value="LOCAL.PcodeType == '3' || LOCAL.PcodeType == '9' || LOCAL.PcodeType == '19' || LOCAL.PcodeType == '23' || LOCAL.PcodeType == '29' || shcmsg.pcode == '200030'" />
				<command label="SetCodeTipoTxnCredit" objectReferenceLabel="VALUE" >
					<sourceValue value="C" />
                    <targetFieldPath value="feinterfd.cod_tipo_txn" />
				</command>
			</if>
            <else-if objectReferenceLabel="EXPR" >
				<expr value="LOCAL.PcodeType == '2' || LOCAL.PcodeType == '22' || LOCAL.PcodeType == '42' || LOCAL.PcodeType == '382' || LOCAL.PcodeType == '172' || LOCAL.PcodeType == '183' || LOCAL.PcodeType == '182' || LOCAL.PcodeType == '399' || LOCAL.PcodeType == '290' || shcmsg.pcode == '200020'" />
				<command label="SetCodeTipoTxnDebit" objectReferenceLabel="VALUE" >
					<sourceValue value="D" />
                    <targetFieldPath value="feinterfd.cod_tipo_txn" />
				</command>
			</else-if>
            <else>
				<command label="SetCodeTipoTxnUnknownCredit" objectReferenceLabel="VALUE" >
					<sourceValue value="?" />
                    <targetFieldPath value="feinterfd.cod_tipo_txn" />
				</command>            
            </else>
		</conditional-block> 
		<command label="MapNumComprov" objectReferenceLabel="PAD" >
			<sourceFieldPath value = "shcmsg.refnum" />
			<targetFieldPath value = "feinterfd.num_comprov" />
			<paddingChar value="0" />
			<mode value="left" />
			<length value="12" />			
		</command>
		<command label="MapNumPV" objectReferenceLabel="PAD" >
			<sourceFieldPath value = "shcmsg.termloc" />
			<targetFieldPath value = "feinterfd.num_PV" />
			<paddingChar value="0" />
			<mode value="left" />
			<length value="9" />				
		</command>		
		<command label="MapDatTxn" objectReferenceLabel="PAD" >
			<sourceFieldPath value = "shcmsg.local_date" />
			<targetFieldPath value = "feinterfd.dat_txn" />
			<paddingChar value="0" />
			<mode value="left" />
			<length value="8" />				
		</command>		
		<command label="MapHorTxn" objectReferenceLabel="PAD" >
			<sourceFieldPath value = "shcmsg.local_time" />
			<targetFieldPath value = "feinterfd.hor_txn" />
			<paddingChar value="0" />
			<mode value="left" />
			<length value="6" />				
		</command>		
        <!-- HUB de Bandeiras - INICIO -->
        <command label="MapCodEmissor" objectReferenceLabel="VALUE" >
            <targetFieldPath value="feinterfd.cod_emissor" />
            <sourceValue value="00" />
        </command>
        <!-- HUB de Bandeiras - FIM -->
        <!-- HUB de Bandeiras - INICIO -->
        <command label="MapCodEmissor4" objectReferenceLabel="PAD" >
            <sourceFieldPath value = "common.cd_ems" />
            <targetFieldPath value = "feinterfd.codigoEmissor" />
            <paddingChar value="0" />
            <mode value="left" />
            <length value="4" />
        </command>
        <!-- HUB de Bandeiras - FIM -->
		<conditional-block label="Verifica AprovacaoTxn" >
			<if objectReferenceLabel="EXPR" >
				<expr value="shcmsg.respcode == '0' &amp;&amp; common.pb_reason_code &lt; '50' &amp;&amp; common.msg_category != 'ADV_NEGADO'" />
				<command label="HardCodestat_txn" objectReferenceLabel="VALUE" >
					<targetFieldPath value="feinterfd.stat_txn" />
					<sourceValue value="1" />
				</command>
			</if>
			<else>
				<command label="HardCodestat_txn" objectReferenceLabel="VALUE" >
					<targetFieldPath value="feinterfd.stat_txn" />
					<sourceValue value="2" />
				</command>
			</else>
		</conditional-block>
		
		<conditional-block label="VerificaPan" >
			<if objectReferenceLabel="EXPR" >
				<expr value="common.orig_pan == '' " />
							<command label="MapNumCartao" objectReferenceLabel="PAD" >
								<sourceFieldPath value = "shcmsg.pan" />
								<targetFieldPath value = "feinterfd.num_cartao" />
								<paddingChar value = " " />
								<mode value = "right" />
								<length value = "19" />			
							</command>
			</if>
			<else>
		<command label="MapNumCartao" objectReferenceLabel="PAD" >
			<sourceFieldPath value = "common.orig_pan" />
								<targetFieldPath value = "feinterfd.num_cartao" />
								<paddingChar value = " " />
								<mode value = "right" />
								<length value = "19" />			
							</command>
			</else>
		</conditional-block>    
		
        <command label="GetValueExpiryDateLength" objectReferenceLabel="GET_FSPROP" >
			<sourceFieldPath value = "shcdata.expiry_date" />
			<targetFieldPath value = "LOCAL.ExpiryDateLength" />
			<propertyToGet value = "length" />
		</command>						
		<conditional-block label="CheckExpiryDateLength" >
			<if objectReferenceLabel="EXPR" >
				<expr value="LOCAL.ExpiryDateLength != '0'" />                
                <command label="MapExpiryDateMM" objectReferenceLabel="SUBSTR" >
                    <sourceFieldPath value = "shcdata.expiry_date" />
                    <targetFieldPath value = "LOCAL.ExpiryDateMM" />
                    <startPosition value = "2" />
                    <length value = "2" />
                </command>		
                <command label="MapExpiryDateYY" objectReferenceLabel="SUBSTR" >
                    <sourceFieldPath value = "shcdata.expiry_date" />
                    <targetFieldPath value = "LOCAL.ExpiryDateYY" />
                    <startPosition value = "0" />
                    <length value = "2" />
                </command>		
                <conditional-block label="Altera ExpiryDateYY" >
                    <if objectReferenceLabel="EXPR" >
                        <expr value="LOCAL.ExpiryDateYY &lt;='70'" />
                        <command label="ExpiryDateYYMATHSUM2000" objectReferenceLabel="MATH" >
                            <value1 value = "LOCAL.ExpiryDateYY" />
                            <value2 value = "2000" />
                            <operator value = "+" />
                            <targetFieldPath value = "LOCAL.ExpiryDateYY" />
                        </command>
                    </if>
                    <else>
                        <command label="ExpiryDateYYMATHSUM1900" objectReferenceLabel="MATH" >
                            <value1 value = "LOCAL.ExpiryDateYY" />
                            <value2 value = "1900" />
                            <operator value = "+" />
                            <targetFieldPath value = "LOCAL.ExpiryDateYY" />
                        </command>
                    </else>
                </conditional-block>
                <command label="MapValidCartao" objectReferenceLabel="CONCAT" >
                    <sourceFieldPath value = "LOCAL.ExpiryDateYY" />
                    <targetFieldPath value = "feinterfd.valid_cartao" />
                    <concatSide value = "RIGHT" />
                    <concatFieldSetPath value = "LOCAL.ExpiryDateMM" />
                </command>
            </if>
        </conditional-block>                
		<command label="PadValidCartao" objectReferenceLabel="PAD" >
			<sourceFieldPath value = "feinterfd.valid_cartao" />
			<targetFieldPath value = "feinterfd.valid_cartao" />
			<paddingChar value = "0" />
			<mode value = "left" />
			<length value = "6" />	
		</command>		

        <!-- J4_2019 - Release Bandeiras Abril 2019 - INICIO -->
        <command label="check_fallback_chip" objectReferenceLabel="VALUE" >
            <when objectReferenceLabel="EXPR" >
                <expr value="common.indicadorModoEntrada == '1'" />
            </when>
                <sourceValue value="861" />
                <targetFieldPath value="shcmsg.pos_entry_code" />
        </command>
        <!-- J4_2019 - Release Bandeiras Abril 2019 - FIM -->

		<command label="MapPosEntryMode" objectReferenceLabel="PAD" >
			<sourceFieldPath value = "shcmsg.pos_entry_code" />
			<targetFieldPath value = "feinterfd.POS_entry_mode" />
			<paddingChar value = "0" />
			<mode value = "left" />
			<length value = "3" />				
		</command>		
		<declare label="TBSW0050">
			<field label="STATUS"/>
			<field label="COD_MODO_ENTR_POS"/>
			<field label="DES_MODO_ENTR_POS"/>
		</declare>
		<command label="load_tbsw0050_record" objectReferenceLabel="TBSW0050LOADER" >
			<sourceFieldPath value="source"/>
			<targetFieldPath value="TBSW0050"/>
		</command>
        <command label="  ========= Campos da transacao original da tabela 50 =========" objectReferenceLabel="FIELDSET_DUMP">
			<sourceFieldPath value = "TBSW0050" />
		</command> 
		<command label="MapPosDescrPosEntry" objectReferenceLabel="PAD" >
			<sourceFieldPath value = "TBSW0050.DES_MODO_ENTR_POS" />
			<targetFieldPath value = "feinterfd.descr_POS_entry" />
			<paddingChar value = " " />
			<mode value = "RIGHT" />
			<length value = "20" />				
		</command>				
		<command label="MapValorTxn" objectReferenceLabel="MATH" >
			<value1 value = "shcmsg.amount" />
			<value2 value = "100" />
			<operator value = "*" />
            <removeDecimalPoint value = "true" />
			<targetFieldPath value = "feinterfd.valor_txn" />
		</command>
		<command label="MapPosDescrPosEntry" objectReferenceLabel="PAD" >
			<sourceFieldPath value = "feinterfd.valor_txn" />
			<targetFieldPath value = "feinterfd.valor_txn" />
			<paddingChar value = "0" />
			<mode value = "LEFT" />
			<length value = "13" />				
		</command>		
		<command label="default_install_num" objectReferenceLabel="VALUE" >
			<when objectReferenceLabel="EXPR" >
				<expr value="common.install_num == ''" />
			</when>				
			<targetFieldPath value="common.install_num" />
			<sourceValue value="0" />
		</command>				
		<command label="MapNumParcelas" objectReferenceLabel="PAD" >
			<sourceFieldPath value = "common.install_num" />
			<targetFieldPath value = "feinterfd.num_parcelas" />
			<paddingChar value = "0" />
			<mode value = "LEFT" />
			<length value = "3" />				
		</command>	
		<command label="default_install_amt" objectReferenceLabel="VALUE" >
			<when objectReferenceLabel="EXPR" >
				<expr value="credit.install_amt == ''" />
			</when>				
			<targetFieldPath value="credit.install_amt" />
			<sourceValue value="0" />
		</command>			
		<command label="MapValorPrestacao" objectReferenceLabel="MATH" >
			<value1 value = "credit.install_amt" />
			<value2 value = "100" />
			<operator value = "*" />
            <removeDecimalPoint value = "true" />
			<targetFieldPath value = "feinterfd.valor_prestacao" />
		</command>			
		<command label="valor_prestacao" objectReferenceLabel="PAD" >
			<sourceFieldPath value = "feinterfd.valor_prestacao" />
			<targetFieldPath value = "feinterfd.valor_prestacao" />
			<paddingChar value = "0" />
			<mode value = "LEFT" />
			<length value = "10" />				
		</command>			
		<command label="default_in_tpo_tcn" objectReferenceLabel="VALUE" >
			<when objectReferenceLabel="EXPR" >
				<expr value="merchant.in_tpo_tcn == ''" />
			</when>				
			<targetFieldPath value="merchant.in_tpo_tcn" />
			<sourceValue value="0" />
		</command>		
		<command label="MapCodTecnologia" objectReferenceLabel="PAD" >
			<sourceFieldPath value = "merchant.in_tpo_tcn" />
			<targetFieldPath value = "feinterfd.cod_tecnologia" />
			<paddingChar value = "0" />
			<mode value = "left" />
			<length value = "4" />			
		</command>			
		<conditional-block label="Verifica IssuerFe" >
			<if objectReferenceLabel="EXPR" >
				<expr value="common.issuer_fe == 'M'" />
					<conditional-block label="Verifica Country" >
						<if objectReferenceLabel="EXPR" >
							<expr value="credit.mc_info_country == '' || credit.mc_info_country == ' '" />
							<command label="HardCodeCopy" objectReferenceLabel="VALUE" >
								<targetFieldPath value="feinterfd.cod_pais" />
								<sourceValue value="N/D" />
							</command>
						</if>
						<else>
							<command label="HardCodeCopy" objectReferenceLabel="COPY" >
								<targetFieldPath value="feinterfd.cod_pais" />
								<sourceFieldPath value="credit.mc_info_country" />
							</command>
						</else>
					</conditional-block>
			</if>			
			<else>
				<command label="HardCodeCopy" objectReferenceLabel="VALUE" >
					<targetFieldPath value="feinterfd.cod_pais" />
					<sourceValue value="076" />
				</command>
			</else>
		</conditional-block> 
        <command label="cod_pais" objectReferenceLabel="PAD" >
            <sourceFieldPath value = "feinterfd.cod_pais" />
			<targetFieldPath value = "feinterfd.cod_pais" />
            <paddingChar value = " " />
            <mode value = "right" />
            <length value = "3" />			
        </command>		
        <command label="SetZeroForEmptyTranscode" objectReferenceLabel="PAD" >
            <sourceFieldPath value = "common.transcode" />
			<targetFieldPath value = "common.transcode" />
            <paddingChar value = "0" />
            <mode value = "left" />
            <length value = "1" />			
        </command>
	    <command label="SetZeroForEmptySubtranscode" objectReferenceLabel="PAD" >
            <sourceFieldPath value = "common.subtranscode" />
			<targetFieldPath value = "common.subtranscode" />
            <paddingChar value = "0" />
            <mode value = "left" />
            <length value = "1" />			
        </command>
		<command label="MapCodTxn" objectReferenceLabel="PAD" >
			<sourceFieldPath value = "common.transcode" />
			<targetFieldPath value = "feinterfd.cod_txn" />
            <paddingChar value = "0" />
            <mode value = "left" />
            <length value = "2" />					
		</command>		
		<declare label="TBSW0048">
			<field label="STATUS"/>
			<field label="COD_CMPM_TRAN"/>
			<field label="DES_COD_TRAN"/>
			<field label="TIP_TRAN"/>
		</declare>
		<command label="load_tbsw0048_record" objectReferenceLabel="TBSW0048LOADER" >
			<sourceFieldPath value="source"/>
			<targetFieldPath value="TBSW0048"/>
		</command>
        <command label="  ========= Campos da transacao original da tabela 48 =========" objectReferenceLabel="FIELDSET_DUMP">
			<sourceFieldPath value = "TBSW0048" />
		</command>
        <conditional-block label="Verifica descr_cod_txn" >
            <if objectReferenceLabel="EXPR" >
                <expr value="TBSW0048.STATUS == '0'" />
                <command label="HardCodeMapPosDescrCodTxn" objectReferenceLabel="VALUE" >
                    <targetFieldPath value="feinterfd.descr_cod_txn" />
                    <sourceValue value="Descricao de cod_txn." />
                </command>
            </if>
            <else>					
                <command label="MapPosDescrCodTxn" objectReferenceLabel="COPY" >
                    <sourceFieldPath value = "TBSW0048.DES_COD_TRAN" />
                    <targetFieldPath value = "feinterfd.descr_cod_txn" />
                </command>	
            </else>
        </conditional-block>    
		<command label="MapPosDescrCodTxn" objectReferenceLabel="PAD" >
			<sourceFieldPath value = "feinterfd.descr_cod_txn" />
			<targetFieldPath value = "feinterfd.descr_cod_txn" />
            <paddingChar value = " " />
            <mode value = "right" />
            <length value = "50" />				
		</command>			
		<command label="default_ext_network_code" objectReferenceLabel="VALUE" >
			<when objectReferenceLabel="EXPR" >
				<expr value="common.pb_reason_code == ''" />
			</when>				
			<targetFieldPath value="common.pb_reason_code" />
			<sourceValue value="0" />
		</command>
		<!-- Advice Negado Localmente deve ser negado com pb_reason_code = 99 -->
        <!-- Problema Produtivo - ESOUZA - 21.09.2018   BIP234.996-->
        <command label="set_pb_reason_code_advice_negado" objectReferenceLabel="VALUE">
            <when objectReferenceLabel="EXPR" >
                <expr value="common.msg_category in ('ADV_NEGADO')"/>
            </when>
            <targetFieldPath value="common.pb_reason_code"/>
            <sourceValue value="99"/>
        </command> 
		<command label="GetValuePbReasonCodeLenght" objectReferenceLabel="MATH" >
			<value1 value = "common.pb_reason_code" />
			<value2 value = "100" />
			<operator value = "%" />
			<targetFieldPath value = "feinterfd.motivo_ISO" />
		</command>		
		<command label="motivo_ISO" objectReferenceLabel="PAD" >
			<sourceFieldPath value = "feinterfd.motivo_ISO" />
			<targetFieldPath value = "feinterfd.motivo_ISO" />
            <paddingChar value = "0" />
            <mode value = "LEFT" />
            <length value = "3" />				
		</command>			
		<declare label="TBSW0049">
			<field label="STATUS"/>
			<field label="COD_MOT_ISO"/>
			<field label="DES_MOT_ISO"/>
		</declare>
		<command label="load_tbsw0049_record" objectReferenceLabel="TBSW0049LOADER" >
			<sourceFieldPath value="source"/>
			<targetFieldPath value="TBSW0049"/>
		</command>
        <command label="  ========= Campos da transacao original da tabela 49 =========" objectReferenceLabel="FIELDSET_DUMP">
			<sourceFieldPath value = "TBSW0049" />
		</command>
        <conditional-block label="Verifica descr_motivo_ISO" >
            <if objectReferenceLabel="EXPR" >
                <expr value="TBSW0049.STATUS != '1'" />
                <command label="HardCodeMapPosDescrCodTxn" objectReferenceLabel="VALUE" >
                    <targetFieldPath value="feinterfd.descr_motivo_ISO" />
                    <sourceValue value=" " />
                </command>
            </if>
            <else>					
                <command label="MapPosDescrCodMotivoIso" objectReferenceLabel="TRIM" >
                    <sourceFieldPath value = "TBSW0049.DES_MOT_ISO" />
                    <targetFieldPath value = "feinterfd.descr_motivo_ISO" />
					<trimmingChar value=" " />
					<enableLeftTrimming value="true" />
					<enableRightTrimming value="true" />					
                </command>	
            </else>
        </conditional-block>      
        <command label="descr_motivo_ISO" objectReferenceLabel="PAD" >
            <sourceFieldPath value = "feinterfd.descr_motivo_ISO" />
			<targetFieldPath value = "feinterfd.descr_motivo_ISO" />
            <paddingChar value = " " />
            <mode value = "right" />
            <length value = "50" />			
        </command>	         
		<command label="default_ext_network_code" objectReferenceLabel="VALUE" >
			<when objectReferenceLabel="EXPR" >
				<expr value="common.ext_network_code == ''" />
			</when>				
			<targetFieldPath value="common.ext_network_code" />
			<sourceValue value="0" />
		</command>			
        <command label="MapMotivoEmissor" objectReferenceLabel="PAD" >
            <sourceFieldPath value = "common.ext_network_code" />
			<targetFieldPath value = "feinterfd.motivo_emissor" />
            <paddingChar value = "0" />
            <mode value = "left" />
            <length value = "3" />			
        </command>	        		
		<conditional-block label="Insere ICA" >
			<if objectReferenceLabel="EXPR" >
				<expr value="shcmsg.auth_devcap == '47'" />
				<command label="HardCodeIsMatrixVan" objectReferenceLabel="VALUE" >
					<targetFieldPath value="feinterfd.ica" />
					<sourceValue value="99999990001" />
				</command>
			</if>
			<else-if objectReferenceLabel="EXPR" >
				<expr value="shcmsg.auth_devcap == '53'" />
				<command label="HardCodeIsSorocredVan" objectReferenceLabel="VALUE" >
					<targetFieldPath value="feinterfd.ica" />
					<sourceValue value="99999990002" />
				</command>
			</else-if>
			<else-if objectReferenceLabel="EXPR" >
				<expr value="shcmsg.auth_devcap == '68'" />
				<command label="HardCodeIsCredsystem" objectReferenceLabel="VALUE" >
					<targetFieldPath value="feinterfd.ica" />
					<sourceValue value="99999990010" />
				</command>
			</else-if>			
			<else-if objectReferenceLabel="EXPR" >
				<expr value="credit.mc_info_ica != ' '" />
				<!--command label="PadIca" objectReferenceLabel="PAD" >
					<sourceFieldPath value = "credit.mc_info_ica" />
					<targetFieldPath value = "feinterfd.ica" />
					<paddingChar value = "0" />
					<mode value = "left" />
					<length value = "11" />			
                </command-->						
				<command label="HardCodeEmptyIca" objectReferenceLabel="VALUE" >
					<targetFieldPath value="feinterfd.ica" />
					<sourceValue value="00000000000" />
				</command>						
			</else-if>						
			<else>
				<command label="HardCodeEmptyIca" objectReferenceLabel="VALUE" >
					<targetFieldPath value="feinterfd.ica" />
					<sourceValue value="00000000000" />
				</command>
			</else>
		</conditional-block>
        <command label="ica" objectReferenceLabel="PAD" >
            <sourceFieldPath value = "feinterfd.ica" />
			<targetFieldPath value = "feinterfd.ica" />
            <paddingChar value = "0" />
            <mode value = "left" />
            <length value = "11" />			
        </command>			
		<command label="HardCodeBacen" objectReferenceLabel="VALUE" >
			<targetFieldPath value="feinterfd.bacen" />
			<sourceValue value="0000" />
		</command>
		<command label="HardCodeFranquia" objectReferenceLabel="VALUE" >
			<targetFieldPath value="feinterfd.franquia" />
			<sourceValue value="000000" />
		</command>		
		<command label="MapTermId" objectReferenceLabel="PAD" >
			<targetFieldPath value="feinterfd.termid" />
			<sourceFieldPath value="shcmsg.termid" />
			<paddingChar value = " " />
			<mode value = "right" />
			<length value = "6" />					
		</command>				
		<command label="MapTrace" objectReferenceLabel="PAD" >
			<sourceFieldPath value = "shcmsg.trace" />
			<targetFieldPath value = "feinterfd.trace" />
			<paddingChar value = "0" />
			<mode value = "left" />
			<length value = "6" />			
		</command>
        <command label="MapSubTranscode" objectReferenceLabel="PAD" >
			<targetFieldPath value="feinterfd.subtranscode" />
			<sourceFieldPath value="common.subtranscode" />
			<paddingChar value = "0" />
			<mode value = "LEFT" />
			<length value = "2" />				
		</command>
		<command label="GetValueCashBack" objectReferenceLabel="MATH" >
			<value1 value = "shcmsg.cash_back" />
			<value2 value = "100" />
			<operator value = "*" />
            <removeDecimalPoint value = "true" />
			<targetFieldPath value = "feinterfd.cashback" />
		</command>		        
        <command label="PadCashBack" objectReferenceLabel="PAD" >
			<targetFieldPath value="feinterfd.cashback" />
			<sourceFieldPath value="feinterfd.cashback" />
			<paddingChar value = "0" />
			<mode value = "LEFT" />
			<length value = "13" />				
		</command>
		<command label="MapEcrAcqTermId" objectReferenceLabel="PAD" >
			<targetFieldPath value="feinterfd.ecr_acqterm_id" />
			<sourceFieldPath value="common.ecr_acqterm_id" />
			<paddingChar value = " " />
			<mode value = "RIGHT" />
			<length value = "8" />				
		</command>

        <declare label="FIELD_DATA" >
            <field label="length" />
        </declare>

        <command label="CpyCodVer2CodVer" objectReferenceLabel="COPY" >
            <sourceFieldPath value = "commerce.codver" />
            <targetFieldPath value = "feinterfd.codver" />
        </command>

        <conditional-block label="CpyNumSreTerm2CodVer" >
            <if objectReferenceLabel="EXPR" >
            <expr value="feinterfd.codver == ''" />
                <command label="Get_num_sre_term_length" objectReferenceLabel="GET_FSPROP" >
                    <sourceFieldPath value="adm.num_sre_term" />
                    <targetFieldPath value="FIELD_DATA.length" />
                    <propertyToGet value="length" />
                </command>

                <conditional-block label="CpyNumSreTerm2CodVer" >
                    <if objectReferenceLabel="EXPR" >
                    <expr value="FIELD_DATA.length &lt;= '32' " />
                       <command label="MapCodverPadEspacos" objectReferenceLabel="PAD" >
                           <sourceFieldPath value = "adm.num_sre_term" />
                           <targetFieldPath value = "feinterfd.codver" />
                           <paddingChar value = " " />
                           <mode value = "right" />
                           <length value = "32" />
                      </command>
                    </if>
                    <else>
                      <command label="CpyNumSreTerm32toCodVer" objectReferenceLabel="SUBSTR" >
                          <sourceFieldPath value = "adm.num_sre_term" />
                          <targetFieldPath value = "feinterfd.codver" />
                          <startPosition value = "0" />
                          <length value = "32" />
                          <mode value = "right" />
                      </command>
                    </else>
                </conditional-block>
            </if>
        </conditional-block>

        <declare label="TBSW0052">
            <field label="DAT_MOV_TRAN"/>
            <field label="NUM_SEQ_UNC"/>
            <field label="NUM_ESTB"/>
            <field label="NUM_TRAN_RD"/>
            <field label="NUM_CAR"/>
            <field label="COD_EMSR"/>
            <field label="NUM_ID_CAR"/>
            <field label="IND_STTU_TRAN"/>
            <field label="NUM_MOT_RSPS"/>
            <field label="TXT_MSG_RSPS"/>
            <field label="COD_MOT_AUT"/>
            <field label="COD_MOT_ISO_EMSR"/>
            <field label="IND_VLDC_CVC"/>
            <field label="TIP_PES"/>
            <field label="COD_BNDR"/>
            <field label="COD_RAM_ATVD"/>
            <field label="TIP_TRAN"/>
            <field label="COD_MOED"/>
            <field label="VAL_TRAN"/>
            <field label="VAL_TRAN_DLR"/>
            <field label="VAL_TX"/>
            <field label="VAL_PRCL"/>
            <field label="VAL_COT_DLR"/>
            <field label="COD_OPER_TRAN"/>
            <field label="COD_TERM"/>
            <field label="COD_DDD_ESTB"/>
            <field label="NUM_TEL_ESTB"/>
            <field label="COD_PAIS_CAR"/>
            <field label="IND_RD_ORG"/>
            <field label="COD_OPER_ESTR"/>
            <field label="COD_TERM_ESTR"/>
            <field label="COD_MOT_SW"/>
            <field label="COD_POS_ENTR_MODO"/>
            <field label="COD_CNDC_CNFR"/>
            <field label="DTH_GMT"/>
            <field label="DTH_INI_TRAN"/>
            <field label="COD_PCM_ISO"/>
            <field label="COD_MSG_ISO"/>
            <field label="NUM_AUT"/>
            <field label="QTD_PRCL"/>
            <field label="DTH_CPTR"/>
            <field label="DTH_DFZM_TRAN"/>
            <field label="DTH_ESTR_TRAN"/>
            <field label="NOM_HOST_ACQR_ATLZ"/>
            <field label="NOM_HOST_ACQR_ORGL"/>
            <field label="NOM_HOST_ISSR"/>
            <field label="NOM_FE_ACQR_ATLZ"/>
            <field label="NOM_FE_ACQR_ORGL"/>
            <field label="NOM_FE_ISSR_ATLZ"/>
            <field label="NOM_FE_ISSR"/>
            <field label="NOM_SITE_ACQR_ATLZ"/>
            <field label="NOM_SITE_ACQR_ORGL"/>
            <field label="NOM_SITE_ISSR"/>
            <field label="DTH_STTU_TRAN"/>
            <field label="RESULT"/>
        </declare>
		<command label="restore_tbsw0052_record" objectReferenceLabel="TBSW0052LOADER" >
			<sourceFieldPath value="source"/>
			<targetFieldPath value="TBSW0052"/>
		</command>
		<command label="  ========= Campos da transacao original da tabela 52 =========" objectReferenceLabel="FIELDSET_DUMP">
			<sourceFieldPath value = "TBSW0052" />
		</command>
        <command label="HardCodeNuTelChamadorVazio" objectReferenceLabel="VALUE" >
			<targetFieldPath value = "feinterfd.nu_tel_chamador" />
			<sourceValue value="                " />
		</command>        
        <command label="MapNuTelChamador" objectReferenceLabel="CONCAT" >
			<sourceFieldPath value = "TBSW0052.COD_DDD_ESTB" />
			<targetFieldPath value = "feinterfd.nu_tel_chamador" />
			<concatSide value = "RIGHT" />
			<concatFieldSetPath value = "TBSW0052.NUM_TEL_ESTB" />
		</command>		        
        <conditional-block label="FormataNuTelChamador" >
			<if objectReferenceLabel="EXPR" >
				<expr value="feinterfd.nu_tel_chamador == ''" />
				<command label="HardCodeNuTelChamador" objectReferenceLabel="VALUE" >
					<targetFieldPath value="feinterfd.nu_tel_chamador" />
					<sourceValue value="                " />
				</command>
			</if>
			<else>
                <command label="MapNuTelChamadorPadZeros" objectReferenceLabel="PAD" >
                    <sourceFieldPath value = "feinterfd.nu_tel_chamador" />
                    <targetFieldPath value = "feinterfd.nu_tel_chamador" />
                    <paddingChar value = " " />
                    <mode value = "right" />
                    <length value = "16" />			
                </command>	
			</else>
        </conditional-block>    
        <!--
		<conditional-block label="Verifica EnvSiteParaColetaCVC2" >
			<if objectReferenceLabel="EXPR" >
				<expr value="LOCAL.EnvSITE == 'POS' || LOCAL.EnvSITE == 'PO2'" />
				<command label="AcquirerData2ColetaCVC2" objectReferenceLabel="SUBSTR" >
					<sourceFieldPath value = "shcmsg.acquirer_data" />
					<targetFieldPath value = "LOCAL.ColetaCVC2" />
					<startPosition value = "4" />
					<length value = "3" />
				</command>
			</if>
			<else>
            -->
				<!--command label="Bit482ColetaCVC2" objectReferenceLabel="SUBSTR" >
					<sourceFieldPath value = "common.bit48" />
					<targetFieldPath value = "LOCAL.ColetaCVC2" />
					<startPosition value = "4" />
					<length value = "3" />
				</command-->
            <!--
			</else>
		</conditional-block>			
        -->
		<command label="GetValueColetaCVC2Length" objectReferenceLabel="GET_FSPROP" >
			<sourceFieldPath value = "LOCAL.ColetaCVC2" />
			<targetFieldPath value = "LOCAL.ColetaCVC2Length" />
			<propertyToGet value = "length" />
		</command>						
		<conditional-block label="Insere ColetaCVC2" >
			<if objectReferenceLabel="EXPR" >
				<expr value="LOCAL.ColetaCVC2 == '   ' || LOCAL.ColetaCVC2=='000' || LOCAL.ColetaCVC2Length == '0'" />
				<command label="MapColetaCVC2N" objectReferenceLabel="VALUE" >
					<targetFieldPath value="feinterfd.coleta_cvc2" />
					<sourceValue value="N" />
				</command>	
			</if>
			<else>
				<command label="MapColetaCVC2S" objectReferenceLabel="VALUE" >
					<targetFieldPath value="feinterfd.coleta_cvc2" />
					<sourceValue value="S" />
				</command>	
			</else>
		</conditional-block>
        <declare label="TMP_VER">
            <field label="ecr_sftw_verid_1" />
            <field label="ecr_sftw_verid_2" />
            <field label="ecr_sftw_verid" />
        </declare>
        <conditional-block label="ver QH" >
            <if objectReferenceLabel="EXPR" >
                <expr value="common.fmt_env_source == 'QH'" />
                <command label="MapEcrSftwVerId1" objectReferenceLabel="SUBSTR" >
                    <sourceFieldPath value="common.ecr_pos_data" />
                    <targetFieldPath value="TMP_VER.ecr_sftw_verid_1" />
                    <startPosition value = "0" />
                    <length value = "1" />
                    <mode value = "right" />
                </command>
                <command label="MapEcrSftwVerId2" objectReferenceLabel="SUBSTR" >
                    <sourceFieldPath value="common.ecr_sftw_verid" />
                    <targetFieldPath value="TMP_VER.ecr_sftw_verid_2" />
                    <startPosition value = "0" />
                    <length value = "3" />
                    <mode value = "right" />
                </command>
                <command label="MapEcrSftwVerId3" objectReferenceLabel="CONCAT" >
                    <sourceFieldPath value="TMP_VER.ecr_sftw_verid_1" />
                    <targetFieldPath value="TMP_VER.ecr_sftw_verid" />
                    <concatSide value = "RIGHT" />
                    <concatFieldSetPath value = "TMP_VER.ecr_sftw_verid_2" />
                </command>
            </if>
            <else>
                <command label="CpEcrSftwVerId" objectReferenceLabel="COPY" >
                    <sourceFieldPath value="common.ecr_sftw_verid" />
                    <targetFieldPath value="TMP_VER.ecr_sftw_verid" />
                </command>
            </else>
        </conditional-block>
		<command label="MapEcrSftwVerId" objectReferenceLabel="PAD" >
			<targetFieldPath value="feinterfd.ecr_sftw_verid" />
			<sourceFieldPath value="TMP_VER.ecr_sftw_verid" />
			<paddingChar value = " " />
			<mode value = "right" />
			<length value = "5" />		
		</command>			
        
         <!-- ID_231690 - NFC Elo e Diners - INICIO -->
        <command label="SetDefaultValueForScore" objectReferenceLabel="VALUE" >
            <targetFieldPath value="feinterfd.score" />
            <sourceValue value="0000" />
        </command>
         <!-- ID_231690 - NFC Elo e Diners - FIM -->

        <!-- Ricardo Deus Recarga Celular - Inicio -->
        <command label="PadCodService" objectReferenceLabel="PAD" >
            <targetFieldPath value="feinterfd.cod_service" />
            <sourceFieldPath value="service.cod_service" />
            <paddingChar value="0" />
            <mode value="left" />
            <length value="3" />			
        </command>  

        <conditional-block label="SetPvFisico">
            <if objectReferenceLabel="EXPR" >
                <expr value="common.msg_name != 'VEND_DBT_CORBAN'" />
                <command label="PadPvFisico" objectReferenceLabel="PAD" >
                    <targetFieldPath value="feinterfd.pv_fisico" />
                    <sourceFieldPath value="service.pv_fisico" />
                    <paddingChar value="0" />
                    <mode value="left" />
                    <length value="9" />			
                </command>
            </if>
            <else>
                <command label="ZeraPvFisico" objectReferenceLabel="VALUE" >
                    <targetFieldPath value="feinterfd.pv_fisico" />
                    <sourceValue value="000000000" />
                </command>
            </else>
        </conditional-block>
        
         <command label="PadDddCelular" objectReferenceLabel="PAD" >
            <targetFieldPath value="feinterfd.ddd_celular" />
            <sourceFieldPath value="service.ddd_celular" />
            <paddingChar value="0" />
            <mode value="left" />
            <length value="4" />			
        </command>
        
         <command label="PadNumCelular" objectReferenceLabel="PAD" >
            <targetFieldPath value="feinterfd.num_celular" />
            <sourceFieldPath value="service.num_celular" />
            <paddingChar value="0" />
            <mode value="left" />
            <length value="9" />			
        </command>

        <!-- Ricardo Deus Recarga Celular - Fim -->
		
		<!-- ID27349 - Datacash - Numero do Pedido - INICIO -->	  
		<command label="PadNumeroPedido" objectReferenceLabel="PAD" >
			<targetFieldPath value="feinterfd.ordernumber" />
			<sourceFieldPath value="commerce.ordernumber" />
			<paddingChar value=" " />
			<mode value="right" />
			<length value="17" />
		</command>
		<!-- ID27349 - Datacash - Numero do Pedido - FIM -->
		
        <command label="PadNumCelular" objectReferenceLabel="PAD" >
           <targetFieldPath value="feinterfd.tipo_titulo" />
           <sourceFieldPath value="merchant.tipo_titulo" />
           <paddingChar value="0" />
           <mode value="left" />
           <length value="3" />
        </command>

        <!-- 719924 - GAP09 - Tokenizacao - INICIO -->
        <conditional-block label="TokenIdentifier">
			<if objectReferenceLabel="EXPR">
                <expr value="common.tokenIdentifier == '' || common.tokenIdentifier == ' ' " />				                    
                <command label="set_tokenIdentifier" objectReferenceLabel="VALUE" >
                    <sourceValue value = "I" />
                    <targetFieldPath value="feinterfd.tokenIdentifier" />
                </command>
            </if>
			<else>
                <command label="copy_tokenIdentifier" objectReferenceLabel="COPY" >
                    <sourceFieldPath value = "common.tokenIdentifier" />
                    <targetFieldPath value = "feinterfd.tokenIdentifier" />
                </command>
            </else>
        </conditional-block>
        
        <!-- ID_231690 - NFC Elo e Diners - INICIO -->
        <command label="PadPaymentAccountReference" objectReferenceLabel="PAD" >
           <sourceFieldPath value="common.paymentAccountReference" />
           <targetFieldPath value="feinterfd.paymentAccountReference" />
           <paddingChar value=" " />
           <mode value="right" />
           <length value="29" />
        </command>
        <!-- ID_231690 - NFC Elo e Diners - FIM -->
        
		<declare label="TBSW0040">
			<field label="STATUS"/>
			<field label="NUM_CNPJ"/>
		</declare>
		<command label="load_tbsw0040_record" objectReferenceLabel="TBSW0040LOADER" >
			<sourceFieldPath value="source"/>
			<targetFieldPath value="TBSW0040"/>
		</command>
        <command label="  ========= Campos da transacao original da tabela 40 =========" objectReferenceLabel="FIELDSET_DUMP">
			<sourceFieldPath value = "TBSW0040" />
		</command> 
        <command label="SetCnpjRede" objectReferenceLabel="PAD" >
            <sourceFieldPath value = "TBSW0040.NUM_CNPJ" />
            <targetFieldPath value="feinterfd.cnpjRede" />
            <paddingChar value="0" />
            <mode value="left" />
            <length value="14" />			
        </command>
        <declare label="CADASTRO_PDV">
            <field label="CNPJ_PDV" value="" />
            <field label="VER_PDV_CLIENT" value="" />
            <field label="VER_PINPAD" value="" />
            <field label="VER_ESPEC_PDV_SERVER" value="" />
        </declare>
        <conditional-block label="VerificarCadastroPDV">
            <if objectReferenceLabel="EXPR">
            <expr value="common.nom_fe_acq == 'FEPDV'" />
                <command label="Map_CNPJ_PDV" objectReferenceLabel="COPY" >
                    <sourceFieldPath value = "merchant.num_cnpj" />
                    <targetFieldPath value = "CADASTRO_PDV.CNPJ_PDV" />
                </command>		
                <command label="Map_VER_PDV_CLIENT" objectReferenceLabel="COPY" >
                    <sourceFieldPath value = "merchant.num_vers_clit" />
                    <targetFieldPath value = "CADASTRO_PDV.VER_PDV_CLIENT" />
                </command>		

                <command label="MapVersAplvRcd" objectReferenceLabel="PAD" >
                        <sourceFieldPath value = "merchant.num_vers_aplv_rcd" />
                        <targetFieldPath value = "CADASTRO_PDV.VER_PINPAD" />
                        <paddingChar value=" " />
                        <mode value="right" />
                        <length value="10" />
                </command>
                <command label="Map_VER_PINPAD" objectReferenceLabel="CONCAT" >
                    <sourceFieldPath value = "CADASTRO_PDV.VER_PINPAD" />
                    <targetFieldPath value = "CADASTRO_PDV.VER_PINPAD" />
                    <concatSide value = "RIGHT" />
                    <concatFieldSetPath value = "merchant.versSotfwBiblCompartPinpad" />
                </command>
                <command label="MapVersAplvRcd" objectReferenceLabel="PAD" >
                        <sourceFieldPath value = "CADASTRO_PDV.VER_PINPAD" />
                        <targetFieldPath value = "CADASTRO_PDV.VER_PINPAD" />
                        <paddingChar value=" " />
                        <mode value="right" />
                        <length value="26" />
                </command>
                <command label="Map_VER_PINPAD" objectReferenceLabel="CONCAT" >
                    <sourceFieldPath value = "CADASTRO_PDV.VER_PINPAD" />
                    <targetFieldPath value = "CADASTRO_PDV.VER_PINPAD" />
                    <concatSide value = "RIGHT" />
                    <concatFieldSetPath value = "merchant.versEspecBiblCompartPinpad" />
                </command>

                <command label="Map_VER_ESPEC_PDV_SERVER" objectReferenceLabel="COPY" >
                    <sourceFieldPath value = "common.ecr_fabr_id" />
                    <targetFieldPath value = "CADASTRO_PDV.VER_ESPEC_PDV_SERVER" />
                </command>		
            </if>
        </conditional-block>
        <command label="  ========= Campos ddo Cadastro PDV =========" objectReferenceLabel="FIELDSET_DUMP">
			<sourceFieldPath value = "CADASTRO_PDV" />
		</command> 
        <command label="SetCnpjPdv" objectReferenceLabel="PAD" >
            <sourceFieldPath value = "CADASTRO_PDV.CNPJ_PDV" />
            <targetFieldPath value="feinterfd.cnpjPdv" />
            <paddingChar value=" " />
            <mode value="left" />
            <length value="14" />
        </command>
        <command label="SetVersaoPdvClient" objectReferenceLabel="PAD" >
            <sourceFieldPath value = "CADASTRO_PDV.VER_PDV_CLIENT" />
            <targetFieldPath value="feinterfd.versaoPdvClient" />
            <paddingChar value=" " />
            <mode value="right" />
            <length value="10" />
        </command>
        <command label="SetVersaoPinpad" objectReferenceLabel="PAD" >
            <sourceFieldPath value = "CADASTRO_PDV.VER_PINPAD" />
            <targetFieldPath value="feinterfd.versaoPinpad" />
            <paddingChar value=" " />
            <mode value="right" />
            <length value="30" />
        </command>
        <command label="SetVersaoEspecPdvServer" objectReferenceLabel="PAD" >
            <sourceFieldPath value = "CADASTRO_PDV.VER_ESPEC_PDV_SERVER" />
            <targetFieldPath value="feinterfd.versaoEspecPdvServer" />
            <paddingChar value=" " />
            <mode value="right" />
            <length value="2" />
        </command>
        <!-- 719924 - GAP09 - Tokenizacao - FIM -->
       	
		<!-- PR-2018-0002340 - Rocket - Nome do Portador - INICIO -->
		<command label="SetNomePortadorDoCartao" objectReferenceLabel="PAD" >
            <sourceFieldPath value = "common.nome_portador_cartao" />
            <targetFieldPath value="feinterfd.nomePortadorDoCartao" />
            <paddingChar value=" " />
            <mode value="right" />
            <length value="40" />
        </command>
		<!-- PR-2018-0002340 - Rocket - Nome do Portador - FIM -->
        
        <!-- J01_2020 - Novo Debito da Mastercard - INICIO -->
        <conditional-block label="codigoSubModalidade">
            <if objectReferenceLabel="EXPR">
                <expr value="common.iss_name == 'MAESTRO' &amp;&amp; common.subtranscode == '7' " />
                    <command label="setSubModalidade02" objectReferenceLabel="VALUE" >
                        <sourceValue value = "02" />    <!-- MASTERCARD DEBITO -->
                        <targetFieldPath value="feinterfd.codigoSubModalidade" />
                    </command>
            </if>
            <else-if objectReferenceLabel="EXPR">
                <expr value="common.iss_name == 'MAESTRO' &amp;&amp; common.subtranscode == '8' " />
                    <command label="setSubModalidade02" objectReferenceLabel="VALUE" >
                        <sourceValue value = "02" />    <!-- MASTERCARD DEBITO -->
                        <targetFieldPath value="feinterfd.codigoSubModalidade" />
                    </command>
            </else-if>
            <else-if objectReferenceLabel="EXPR">
                <expr value="common.iss_name == 'MAESTRO' &amp;&amp; 
                            (common.subtranscode != '7' &amp;&amp; common.subtranscode != '8')" />
                <command label="setSubModalidade01" objectReferenceLabel="VALUE" >
                    <sourceValue value = "01" />    <!-- MAESTRO -->
                    <targetFieldPath value="feinterfd.codigoSubModalidade" />
                </command>
            </else-if>
            <else>
                <command label="setSubModalidade00" objectReferenceLabel="VALUE" >
                    <sourceValue value = "00" />    <!-- DEMAIS CASOS -->
                    <targetFieldPath value="feinterfd.codigoSubModalidade" />
                </command>
            </else>
        </conditional-block>
        <!-- J01_2020 - Novo Debito da Mastercard - FIM -->
		
		<!-- QR-CODE Debito - CORONA VOUCHER -->
        <conditional-block label="SetIndicacaoQrcode">
            <if objectReferenceLabel="EXPR">
                <expr value="common.indicacao_qrcode == '03'" />
                <command label="SetIndicacaoQrcode_S" objectReferenceLabel="VALUE" >
                    <sourceValue value = "S" />
                    <targetFieldPath value="feinterfd.indicacao_qrcode" />
                </command>
            </if>
            <else>
                <command label="SetIndicacaoQrcode_N" objectReferenceLabel="VALUE" >
                    <sourceValue value = "N" />
                    <targetFieldPath value="feinterfd.indicacao_qrcode" />
                </command>
            </else>
        </conditional-block>
        <command label="PadCodigoParceiro" objectReferenceLabel="PAD" >
            <sourceFieldPath value="common.codigo_parceiro" />
            <targetFieldPath value="feinterfd.codigo_parceiro" />
            <paddingChar value="0" />
            <mode value="left" />
            <length value="5" />			
        </command>
		<!-- FIM QR-CODE Debito - CORONA VOUCHER -->			

        <!-- Parametros de Localizacao do Terminal - INICIO -->
        <command label="LocalizacaoTerminal_IMEI" objectReferenceLabel="PAD" >
            <sourceFieldPath value = "pos_acquirer.imei" />
            <targetFieldPath value="feinterfd.imei" />
            <paddingChar value="0" />
            <mode value="left" />
            <length value="16" />
        </command>
        <command label="LocalizacaoTerminal_SimCardID" objectReferenceLabel="PAD" >
            <sourceFieldPath value = "pos_acquirer.simCardId" />
            <targetFieldPath value="feinterfd.simCardId" />
            <paddingChar value="0" />
            <mode value="left" />
            <length value="22" />
        </command>
        <command label="LocalizacaoTerminal_NomeOperadora" objectReferenceLabel="PAD" >
            <sourceFieldPath value = "pos_acquirer.nomeOperadora" />
            <targetFieldPath value="feinterfd.nomeOperadora" />
            <paddingChar value=" " />
            <mode value="right" />
            <length value="10" />
        </command>
        <command label="LocalizacaoTerminal_MacAddress" objectReferenceLabel="PAD" >
            <sourceFieldPath value = "pos_acquirer.macAddress" />
            <targetFieldPath value="feinterfd.macAddress" />
            <paddingChar value=" " />
            <mode value="right" />
            <length value="12" />
        </command>
        <command label="LocalizacaoTerminal_enderecoIP" objectReferenceLabel="PAD" >
            <sourceFieldPath value = "pos_acquirer.enderecoIP" />
            <targetFieldPath value="feinterfd.enderecoIP" />
            <paddingChar value=" " />
            <mode value="right" />
            <length value="32" />
        </command>
        <command label="LocalizacaoTerminal_InformacoesAntena" objectReferenceLabel="PAD" >
            <sourceFieldPath value = "pos_acquirer.informacoesAntena" />
            <targetFieldPath value="feinterfd.informacoesAntena" />
            <paddingChar value=" " />
            <mode value="right" />
            <length value="30" />
        </command>
        <command label="LocalizacaoTerminal_VersaoPlataforma" objectReferenceLabel="PAD" >
            <sourceFieldPath value = "pos_acquirer.versaoPlataforma" />
            <targetFieldPath value="feinterfd.versaoPlataforma" />
            <paddingChar value=" " />
            <mode value="right" />
            <length value="20" />
        </command>
        <!-- Parametros de Localizacao do Terminal - FIM -->
        <!-- AUT1-1429 - LINK PAGTO - INICIO -->
        <command label="SetCaptureSource" objectReferenceLabel="VALUE" >
            <sourceValue value="99" />
            <targetFieldPath value="feinterfd.captureSource" />
        </command>
        <!-- AUT1-1429 - LINK PAGTO - FIM -->
        <!-- AUT1-3410 - J05/21 - Antifraude Link de Pagamento - INICIO -->
        <command label="SetClearSaleScore" objectReferenceLabel="VALUE" >
            <sourceValue value="                    " />
            <targetFieldPath value="feinterfd.clearsaleScore" />
        </command>
        <!-- AUT1-3410 - J05/21 - Antifraude Link de Pagamento - FIM -->
        
        <!-- AUT2-4397 - Tap On Phone - INICIO -->
        <conditional-block label="Latitude_Longitude">
            <if objectReferenceLabel="EXPR">
                <expr value="common.nom_fe_acq == 'FEPDV'" />
                <command label="SetLatitudePDV" objectReferenceLabel="PAD" >
                    <sourceFieldPath value = "feinterfd.latitude" />
                    <targetFieldPath value="feinterfd.latitude" />
                    <paddingChar value=" " />
                    <mode value="right" />
                    <length value="20" />
                </command>
                <command label="SetLongitudePDV" objectReferenceLabel="PAD" >
                    <sourceFieldPath value = "feinterfd.longitude" />
                    <targetFieldPath value="feinterfd.longitude" />
                    <paddingChar value=" " />
                    <mode value="right" />
                    <length value="20" />
                </command>
            </if>
            <else>
                <command label="SetLatitudePDV" objectReferenceLabel="PAD" >
                    <sourceFieldPath value = "pos_acquirer.latitude" />
                    <targetFieldPath value="feinterfd.latitude" />
                    <paddingChar value=" " />
                    <mode value="right" />
                    <length value="20" />
                </command>
                <command label="SetLongitudePDV" objectReferenceLabel="PAD" >
                    <sourceFieldPath value = "pos_acquirer.longitude" />
                    <targetFieldPath value="feinterfd.longitude" />
                    <paddingChar value=" " />
                    <mode value="right" />
                    <length value="20" />
                </command>
            </else>
        </conditional-block>
        <!-- AUT2-4397 - Tap On Phone - FIM -->

        <!-- 0934_ONL - SW75 - Correcao menu_000 - Filas MQ Acquirer - Inicio - JPFC -->
        <command label="set_feinterf_driver_name" objectReferenceLabel="VALUE" >
            <sourceValue value="$(FE_INTERFD_DRIVERNAME)" />
            <targetFieldPath value="LOCAL.port_driver" />
        </command>
        <command label="CHECKPORT" objectReferenceLabel="CHECKPORT" >
            <sourceFieldPath value = "LOCAL" />
            <targetFieldPath value = "LOCAL" />
        </command> 
        <command label="CHECK_PORT_STATUS" objectReferenceLabel="DROP">
            <when objectReferenceLabel="EXPR">
                <expr value="LOCAL.port_status == 'DISCONNECTED'"/>
            </when>
        </command>
		<!-- 0934_ONL - SW75 - Correcao menu_000 - Filas MQ Acquirer - Fim - JPFC -->
        
        <command label="  ======== commerce Message =========" objectReferenceLabel="FIELDSET_DUMP">
            <sourceFieldPath value = "commerce" />
        </command>        
        <command label="  ======== Mensagem enviada para feinterfd: =========" objectReferenceLabel="FIELDSET_DUMP">
            <sourceFieldPath value = "feinterfd" />
        </command>
	</dataManip>
	<dataManip label="DUMMY" />
</dataManip-list>

