<?xml version="1.0" encoding="iso-8859-1"?>
<!DOCTYPE fieldSet-list SYSTEM "../../../../PDV/dtd/fwsw/FieldSet.dtd">
<fieldSet-list>
	<fieldSet label="FEI_FIELDSET">	
		<field label="cod_tipo_txn">
			<type value="simple" />
			<mask value="DT_CHAR:1" />
			<securityMask value="" />
			<isOn value="true" />
			<isSecure value="false" />
		</field>	
		
		<field label="num_comprov">
			<type value="simple" />
			<mask value="DT_CHAR:12" />
			<securityMask value="" />
			<isOn value="true" />
			<isSecure value="false" />
		</field>
		
		<field label="num_PV">
			<type value="simple" />
			<mask value="DT_CHAR:9" />
			<securityMask value="" />
			<isOn value="true" />
			<isSecure value="false" />
		</field>	
		
		<field label="dat_txn">
			<type value="simple" />
			<mask value="DT_CHAR:8" />
			<securityMask value="" />
			<isOn value="true" />
			<isSecure value="false" />
		</field>
		
		<field label="hor_txn">
			<type value="simple" />
			<mask value="DT_CHAR:6" />
			<securityMask value="" />
			<isOn value="true" />
			<isSecure value="false" />
		</field>
		
		<field label="cod_emissor">
			<type value="simple" />
			<mask value="DT_CHAR:2" />
			<securityMask value="" />
			<isOn value="true" />
			<isSecure value="false" />
		</field>
		
		<field label="stat_txn">
			<type value="simple" />
			<mask value="DT_CHAR:1" />
			<securityMask value="" />
			<isOn value="true" />
			<isSecure value="false" />
		</field>
		
		<field label="num_cartao">
			<type value="simple" />
			<mask value="DT_CHAR:19" />
			<securityMask value="" />
			<isOn value="true" />
			<isSecure value="false" />
		</field>
			
		<field label="valid_cartao">
			<type value="simple" />
			<mask value="DT_CHAR:6" />
			<securityMask value="" />
			<isOn value="true" />
			<isSecure value="false" />
		</field>
		
		<field label="POS_entry_mode">
			<type value="simple" />
			<mask value="DT_CHAR:3" />
			<securityMask value="" />
			<isOn value="true" />
			<isSecure value="false" />
		</field>	
		
		<field label="descr_POS_entry">
			<type value="simple" />
			<mask value="DT_CHAR:20" />
			<securityMask value="" />
			<isOn value="true" />
			<isSecure value="false" />
		</field>
		
		<field label="valor_txn">
			<type value="simple" />
			<mask value="DT_CHAR:13" />
			<securityMask value="" />
			<isOn value="true" />
			<isSecure value="false" />
		</field>
		
		<field label="num_parcelas">
			<type value="simple" />
			<mask value="DT_CHAR:3" />
			<securityMask value="" />
			<isOn value="true" />
			<isSecure value="false" />
		</field>
		
		<field label="valor_prestacao">
			<type value="simple" />
			<mask value="DT_CHAR:10" />
			<securityMask value="" />
			<isOn value="true" />
			<isSecure value="false" />
		</field>
		
		<field label="cod_tecnologia">
			<type value="simple" />
			<mask value="DT_CHAR:4" />
			<securityMask value="" />
			<isOn value="true" />
			<isSecure value="false" />
		</field>
		
		<field label="cod_pais">
			<type value="simple" />
			<mask value="DT_CHAR:3" />
			<securityMask value="" />
			<isOn value="true" />
			<isSecure value="false" />
		</field>
			
		<field label="cod_txn">
			<type value="simple" />
			<mask value="DT_CHAR:2" />
			<securityMask value="" />
			<isOn value="true" />
			<isSecure value="false" />
		</field>
		
		<field label="descr_cod_txn">
			<type value="simple" />
			<mask value="DT_CHAR:50" />
			<securityMask value="" />
			<isOn value="true" />
			<isSecure value="false" />
		</field>		
		
		<field label="motivo_ISO">
			<type value="simple" />
			<mask value="DT_CHAR:3" />
			<securityMask value="" />
			<isOn value="true" />
			<isSecure value="false" />
		</field>
		
		<field label="descr_motivo_ISO">
			<type value="simple" />
			<mask value="DT_CHAR:50" />
			<securityMask value="" />
			<isOn value="true" />
			<isSecure value="false" />
		</field>
		
		<field label="motivo_emissor">
			<type value="simple" />
			<mask value="DT_CHAR:3" />
			<securityMask value="" />
			<isOn value="true" />
			<isSecure value="false" />
		</field>
		
		<field label="ica">
			<type value="simple" />
			<mask value="DT_CHAR:11" />
			<securityMask value="" />
			<isOn value="true" />
			<isSecure value="false" />
		</field>
		
		<field label="bacen">
			<type value="simple" />
			<mask value="DT_CHAR:4" />
			<securityMask value="" />
			<isOn value="true" />
			<isSecure value="false" />
		</field>
		
		<field label="franquia">
			<type value="simple" />
			<mask value="DT_CHAR:6" />
			<securityMask value="" />
			<isOn value="true" />
			<isSecure value="false" />
		</field>
			
		<field label="termid">
			<type value="simple" />
			<mask value="DT_CHAR:8" />
			<securityMask value="" />
			<isOn value="true" />
			<isSecure value="false" />
		</field>
		
		<field label="trace">
			<type value="simple" />
			<mask value="DT_CHAR:6" />
			<securityMask value="" />
			<isOn value="true" />
			<isSecure value="false" />
		</field>		
        
        <field label="subtranscode">
			<type value="simple" />
			<mask value="DT_CHAR:2" />
			<securityMask value="" />
			<isOn value="true" />
			<isSecure value="false" />
		</field>		
        
        <field label="cashback">
			<type value="simple" />
			<mask value="DT_CHAR:13" />
			<securityMask value="" />
			<isOn value="true" />
			<isSecure value="false" />
		</field>		
		
		<field label="ecr_acqterm_id">
			<type value="simple" />
			<mask value="DT_CHAR:8" />
			<securityMask value="" />
			<isOn value="true" />
			<isSecure value="false" />
		</field>
		
		<field label="codver">
			<type value="simple" />
			<mask value="DT_CHAR:32" />
			<securityMask value="" />
			<isOn value="true" />
			<isSecure value="false" />
		</field>
		
		<field label="nu_tel_chamador">
			<type value="simple" />
			<mask value="DT_CHAR:16" />
			<securityMask value="" />
			<isOn value="true" />
			<isSecure value="false" />
		</field>
		
		<field label="coleta_cvc2">
			<type value="simple" />
			<mask value="DT_CHAR:1" />
			<securityMask value="" />
			<isOn value="true" />
			<isSecure value="false" />
		</field>
		
		<field label="ecr_sftw_verid">
			<type value="simple" />
			<mask value="DT_CHAR:5" />
			<securityMask value="" />
			<isOn value="true" />
			<isSecure value="false" />
		</field>
        
        <!-- ID_231690 - NFC Elo e Diners - INICIO -->
        <field label="score">
			<type value="simple" />
			<mask value="DT_CHAR:4" />
			<securityMask value="" />
			<isOn value="true" />
			<isSecure value="false" />
		</field> 
        <!-- ID_231690 - NFC Elo e Diners - FIM -->
		
        <!-- Ricardo Deus - Recarga Celular - Inicio -->
        <field label="cod_service">
			<type value="simple" />
			<mask value="DT_INT" />
			<securityMask value="" />
			<isOn value="true" />
			<isSecure value="false" />
		</field>  
        
        <field label="pv_fisico">
			<type value="simple" />
			<mask value="DT_CHAR:9" />
			<securityMask value="" />
			<isOn value="true" />
			<isSecure value="false" />
		</field>
        
        <field label="ddd_celular">
			<type value="simple" />
			<mask value="DT_CHAR:4" />
			<securityMask value="" />
			<isOn value="true" />
			<isSecure value="false" /> 
		</field>
        
        <field label="num_celular">
			<type value="simple" />
			<mask value="DT_CHAR:9" />
			<securityMask value="" />
			<isOn value="true" />
			<isSecure value="false" />
		</field>
        <!-- Ricardo Deus - Recarga Celular - Fim -->
		
		<!-- ID27349 - Datacash - Numero do Pedido - INICIO -->
		<field label="ordernumber">
			<type value="simple" />
			<mask value="DT_CHAR:17" />
			<securityMask value="" />
			<isOn value="true" />
			<isSecure value="false" />
		</field>
		<!-- ID27349 - Datacash - Numero do Pedido - FIM -->

        <!-- TMBC Corban PDV - Gap02-2016 - INICIO -->
        <field label="tipo_titulo">
            <type value="simple" />
            <mask value="DT_CHAR:3" />
            <securityMask value="" />
            <isOn value="true" />
            <isSecure value="false" />
        </field>
        <!-- TMBC Corban PDV - Gap02-2016 - FIM -->
        <field label="tokenIdentifier">
                <type value="simple" />
                <mask value="" />
                <securityMask value="" />
                <isOn value="true" />
                <isSecure value="false" />
        </field>
        <field label="paymentAccountReference">
                <type value="simple" />
                <mask value="" />
                <securityMask value="" />
                <isOn value="true" />
                <isSecure value="false" />
        </field>
        <field label="cnpjRede">
                <type value="simple" />
                <mask value="" />
                <securityMask value="" />
                <isOn value="true" />
                <isSecure value="false" />
        </field>
        <field label="cnpjPdv">
                <type value="simple" />
                <mask value="" />
                <securityMask value="" />
                <isOn value="true" />
                <isSecure value="false" />
        </field>
        <field label="versaoPdvClient">
                <type value="simple" />
                <mask value="" />
                <securityMask value="" />
                <isOn value="true" />
                <isSecure value="false" />
        </field>
        <field label="versaoPinpad">
                <type value="simple" />
                <mask value="" />
                <securityMask value="" />
                <isOn value="true" />
                <isSecure value="false" />
        </field>
        <field label="versaoEspecPdvServer">
                <type value="simple" />
                <mask value="" />
                <securityMask value="" />
                <isOn value="true" />
                <isSecure value="false" />
        </field>
		<!-- PR-2018-0002340 - Rocket - Nome do Portador - INICIO -->
		<field label="nomePortadorDoCartao">
                <type value="simple" />
                <mask value="DT_CHAR:41" />
                <securityMask value="" />
                <isOn value="true" />
                <isSecure value="false" />
        </field>
		<!-- PR-2018-0002340 - Rocket - Nome do Portador - FIM -->
        <!-- J01_2020 - Novo Debito da Mastercard - INICIO -->
        <field label="codigoSubModalidade">
                <type value="simple" />
                <mask value="" />
                <securityMask value="" />
                <isOn value="true" />
                <isSecure value="false" />
        </field>
        <!-- J01_2020 - Novo Debito da Mastercard - FIM -->
		<!-- QR-CODE Debito - CORONA VOUCHER -->	
        <field label="indicacao_qrcode">
            <type value="simple" />
            <mask value="DT_CHAR:3" />
            <securityMask value="" />
            <isOn value="true" />
            <isSecure value="false" />
        </field>
        <field label="codigo_parceiro">
            <type value="simple" />
            <mask value="DT_LONG" />
            <securityMask value="" />
            <isOn value="true" />
            <isSecure value="false" />
        </field>
		<!-- FIM QR-CODE Debito - CORONA VOUCHER -->	
		<!-- LOCALIZACAO ANTENA -->
        <field label="imei">
            <type value="simple" />
            <mask value="DT_CHAR:17" />
            <securityMask value="" />
            <isOn value="true" />
            <isSecure value="false" />
        </field>
        <field label="simCardId">
            <type value="simple" />
            <mask value="DT_CHAR:23" />
            <securityMask value="" />
            <isOn value="true" />
            <isSecure value="false" />
        </field>
        <field label="nomeOperadora">
            <type value="simple" />
            <mask value="DT_CHAR:11" />
            <securityMask value="" />
            <isOn value="true" />
            <isSecure value="false" />
        </field>
        <field label="macAddress">
            <type value="simple" />
            <mask value="DT_CHAR:13" />
            <securityMask value="" />
            <isOn value="true" />
            <isSecure value="false" />
        </field>
        <field label="enderecoIP">
            <type value="simple" />
            <mask value="DT_CHAR:33" />
            <securityMask value="" />
            <isOn value="true" />
            <isSecure value="false" />
        </field>
        <field label="informacoesAntena">
            <type value="simple" />
            <mask value="DT_CHAR:31" />
            <securityMask value="" />
            <isOn value="true" />
            <isSecure value="false" />
        </field>
        <field label="versaoPlataforma">
            <type value="simple" />
            <mask value="DT_CHAR:21" />
            <securityMask value="" />
            <isOn value="true" />
            <isSecure value="false" />
        </field>	
		<!-- LOCALIZACAO ANTENA  -  FIM -->					
        <!-- AUT1-1643 - LINK PGTO - INICIO -->
        <field label="captureSource">
            <type value="simple" />
            <mask value="DT_CHAR:2" />
            <securityMask value="" />
            <isOn value="true" />
            <isSecure value="false" />
        </field>
        <!-- AUT1-1643 - LINK PGTO - FIM -->
        <!-- HUB de Bandeiras - INICIO -->
        <field label="codigoEmissor">
            <type value="simple" />
            <mask value="DT_CHAR:4" />
            <securityMask value="" />
            <isOn value="true" />
            <isSecure value="false" />
        </field>
        <!-- HUB de Bandeiras - FIM -->
        <!-- AUT1-3410 - J05/21 - Antifraude Link de Pagamento - INICIO -->
        <field label="clearsaleScore">
            <type value="simple" />
            <mask value="DT_CHAR:21" />
            <securityMask value="" />
            <isOn value="true" />
            <isSecure value="false" />
        </field>
        <!-- AUT1-3410 - J05/21 - Antifraude Link de Pagamento - FIM -->
        <!-- AUT2-4397 - Tap On Phone - INICIO -->
        <field label="latitude">
            <type value="simple" />
            <mask value="DT_CHAR:21" />
            <securityMask value="" />
            <isOn value="true" />
            <isSecure value="false" />
        </field>
        <!-- AUT2-4397 - Tap On Phone - FIM -->
        <!-- AUT2-4397 - Tap On Phone - INICIO -->
        <field label="longitude">
            <type value="simple" />
            <mask value="DT_CHAR:21" />
            <securityMask value="" />
            <isOn value="true" />
            <isSecure value="false" />
        </field>
        <!-- AUT2-4397 - Tap On Phone - FIM -->
	</fieldSet>
</fieldSet-list>

