<!DOCTYPE pluginManager-list SYSTEM "../../../../PDV/dtd/fwsw/PluginManager.dtd">

<pluginManager-list>
	<pluginManager label="FE_INTERFD_PLUGINS" librarianReferenceLabel="FE_INTERFD_LIBRARIAN" > 
		<plugin label="TBSW0040LOADER" libraryReferenceLabel="MQFE_PLUGINS_LIB" creatorFunctionName="createTBSW0040Loader" />
		<plugin label="TBSW0048LOADER" libraryReferenceLabel="MQFE_PLUGINS_LIB" creatorFunctionName="createTBSW0048Loader" />
		<plugin label="TBSW0049LOADER" libraryReferenceLabel="MQFE_PLUGINS_LIB" creatorFunctionName="createTBSW0049Loader" />
		<plugin label="TBSW0050LOADER" libraryReferenceLabel="MQFE_PLUGINS_LIB" creatorFunctionName="createTBSW0050Loader" />
        <plugin label="TBSW0052LOADER" libraryReferenceLabel="MQFE_PLUGINS_LIB" creatorFunctionName="createTBSW0052Loader" />
		<plugin label="FE_INTERF_BUILDER" libraryReferenceLabel="MQFE_PLUGINS_LIB" creatorFunctionName="createFEInterfMessageBuilder" />		
		<plugin label="FE_INTERF_PARSER" libraryReferenceLabel="MQFE_PLUGINS_LIB" creatorFunctionName="createFEInterfMessageParser" />		
        <plugin label="CHECKSEND" libraryReferenceLabel="MQGEN_PLUGINS_LIB" creatorFunctionName="createCheckSend" />
	</pluginManager>
</pluginManager-list>

