<?xml version="1.0" encoding="iso-8859-1"?>
<!DOCTYPE dataManip-list SYSTEM "../../../PDV/dtd/fwsw/DataManip.dtd">

<dataManip-list>
    <dataManip label="CheckBits">
        <fieldSetReference reference="arg0" alias="xmf"/>
        <fieldSetReference reference="arg1" alias="imf"/>
        <fieldSetReference reference="arg2" alias="LOCAL"/>
        <fieldSetReference reference="arg1.segments.common" alias="common"/>

        <declare label="CONDICOES">
            <field label="C001" value="FALSE"/>
            <field label="C002" value="FALSE"/>
            <field label="C003" value="FALSE"/>
            <field label="C004" value="FALSE"/>
            <field label="C005" value="FALSE"/>
            <field label="C006" value="FALSE"/>
            <field label="C007" value="FALSE"/>
            <field label="C008" value="FALSE"/>
            <field label="C009" value="FALSE"/>
            <field label="C010" value="FALSE"/>
            <field label="C011" value="FALSE"/>
            <field label="C012" value="FALSE"/>
            <field label="C013" value="FALSE"/>
            <field label="C014" value="FALSE"/>
            <field label="C015" value="FALSE"/>
            <field label="C016" value="FALSE"/>
            <field label="C017" value="FALSE"/>
            <field label="C018" value="FALSE"/>
            <field label="C019" value="FALSE"/>
            <field label="C020" value="FALSE"/>
            <field label="C021" value="FALSE"/>
            <field label="C022" value="FALSE"/>
            <field label="C023" value="FALSE"/>
            <field label="C024" value="FALSE"/>
            <field label="C025" value="FALSE"/>
            <field label="C026" value="FALSE"/>
            <field label="C027" value="FALSE"/>
            <field label="C028" value="FALSE"/>
            <field label="C029" value="FALSE"/>
            <field label="C030" value="FALSE"/>
            <field label="C031" value="FALSE"/>
            <field label="C032" value="FALSE"/>
            <field label="C033" value="FALSE"/>
            <field label="C034" value="FALSE"/>
            <field label="C035" value="FALSE"/>
            <field label="C036" value="FALSE"/>
            <field label="C037" value="FALSE"/>
            <field label="C038" value="FALSE"/>
            <field label="C039" value="FALSE"/>
            <field label="C040" value="FALSE"/>
            <field label="C041" value="FALSE"/>
            <field label="C042" value="FALSE"/>
            <field label="C043" value="FALSE"/>
            <field label="C044" value="FALSE"/>
            <field label="C045" value="FALSE"/>
            <field label="C046" value="FALSE"/>
            <field label="C047" value="FALSE"/>
            <field label="C048" value="FALSE"/>
            <field label="C049" value="FALSE"/>
            <field label="C050" value="FALSE"/>
            <field label="C051" value="FALSE"/>
            <field label="C052" value="FALSE"/>
            <field label="C053" value="FALSE"/>
            <field label="C054" value="FALSE"/>
            <field label="C055" value="FALSE"/>
            <field label="C056" value="FALSE"/>
            <field label="C057" value="FALSE"/>
            <field label="C058" value="FALSE"/>
            <field label="C059" value="FALSE"/>
            <field label="C060" value="FALSE"/>
            <field label="C061" value="FALSE"/>
            <field label="C062" value="FALSE"/>
            <field label="C063" value="FALSE"/>
            <field label="C064" value="FALSE"/>
            <field label="C065" value="FALSE"/>
            <field label="C066" value="FALSE"/>
            <field label="C067" value="FALSE"/>
            <field label="C068" value="FALSE"/>
            <field label="C069" value="FALSE"/>
            <field label="C070" value="FALSE"/>
            <field label="C071" value="FALSE"/>
            <field label="C072" value="FALSE"/>
            <field label="C073" value="FALSE"/>
            <field label="C074" value="FALSE"/>
            <field label="C075" value="FALSE"/>
            <field label="C076" value="FALSE"/>
            <field label="C077" value="FALSE"/>
            <field label="C078" value="FALSE"/>
            <field label="C079" value="FALSE"/>
            <field label="C080" value="FALSE"/>
            <field label="C081" value="FALSE"/>
            <field label="C082" value="FALSE"/>
            <field label="C083" value="FALSE"/>
            <field label="C084" value="FALSE"/>
            <field label="C085" value="FALSE"/>
            <field label="C086" value="FALSE"/>
            <field label="C087" value="FALSE"/>
            <field label="C088" value="FALSE"/>
            <field label="C089" value="FALSE"/>
            <field label="C090" value="FALSE"/>
            <field label="C091" value="FALSE"/>
            <field label="C092" value="FALSE"/>
            <field label="C093" value="FALSE"/>
            <field label="C094" value="FALSE"/>
            <field label="C095" value="FALSE"/>
            <field label="C096" value="FALSE"/>
            <field label="C097" value="FALSE"/>
            <field label="C098" value="FALSE"/>
            <field label="C099" value="FALSE"/>
            <field label="C100" value="FALSE"/>
            <field label="C101" value="FALSE"/>
            <field label="C102" value="FALSE"/>
            <field label="C103" value="FALSE"/>
            <field label="C104" value="FALSE"/>
            <field label="C105" value="FALSE"/>
            <field label="C106" value="FALSE"/>
            <field label="C107" value="FALSE"/>
            <field label="C108" value="FALSE"/>
            <field label="C109" value="FALSE"/>
            <field label="C110" value="FALSE"/>
            <field label="C111" value="FALSE"/>
            <field label="C112" value="FALSE"/>
            <field label="C113" value="FALSE"/>
            <field label="C114" value="FALSE"/>
            <field label="C115" value="FALSE"/>
            <field label="C116" value="FALSE"/>
            <field label="C117" value="FALSE"/>
            <field label="C118" value="FALSE"/>
            <field label="C119" value="FALSE"/>
            <field label="C120" value="FALSE"/>
            <field label="C121" value="FALSE"/>
            <field label="C122" value="FALSE"/>
            <field label="C123" value="FALSE"/>
            <field label="C124" value="FALSE"/>
            <field label="C125" value="FALSE"/>
            <field label="C126" value="FALSE"/>
            <field label="C127" value="FALSE"/>
            <field label="C128" value="FALSE"/>
            <field label="C129" value="FALSE"/>
            <field label="C130" value="FALSE"/>
            <field label="C131" value="FALSE"/>
            <field label="C132" value="FALSE"/>
            <field label="C133" value="FALSE"/>
            <field label="C134" value="FALSE"/>
            <field label="C135" value="FALSE"/>
            <field label="C136" value="FALSE"/>
            <field label="C137" value="FALSE"/>
            <field label="C138" value="FALSE"/>
            <field label="C139" value="FALSE"/>
            <field label="C140" value="FALSE"/>
            <field label="C141" value="FALSE"/>
            <field label="C142" value="FALSE"/>
            <field label="C143" value="FALSE"/>
            <field label="C144" value="FALSE"/>
            <field label="C145" value="FALSE"/>
            <field label="C146" value="FALSE"/>
            <field label="C147" value="FALSE"/>
            <field label="C148" value="FALSE"/>
            <field label="C149" value="FALSE"/>
            <field label="C150" value="FALSE"/>
            <field label="C151" value="FALSE"/>
            <field label="C152" value="FALSE"/>
            <field label="C153" value="FALSE"/>
            <field label="C154" value="FALSE"/>
            <field label="C155" value="FALSE"/>
            <field label="C156" value="FALSE"/>
            <field label="C157" value="FALSE"/>
            <field label="C158" value="FALSE"/>
            <field label="C159" value="FALSE"/>
            <field label="C160" value="FALSE"/>
            <field label="C161" value="FALSE"/>
            <field label="C162" value="FALSE"/>
            <field label="C163" value="FALSE"/>
            <field label="C164" value="FALSE"/>
            <field label="C165" value="FALSE"/>
            <field label="C166" value="FALSE"/>
            <field label="C167" value="FALSE"/>
            <field label="C168" value="FALSE"/>
            <field label="C169" value="FALSE"/>
            <field label="C170" value="FALSE"/>
            <field label="C171" value="FALSE"/>
            <field label="C172" value="FALSE"/>
            <field label="C173" value="FALSE"/>
            <field label="C174" value="FALSE"/>
            <field label="C175" value="FALSE"/>
            <field label="C176" value="FALSE"/>
            <field label="C177" value="FALSE"/>
            <field label="C178" value="FALSE"/>
            <field label="C179" value="FALSE"/>
            <field label="C180" value="FALSE"/>
            <field label="C181" value="FALSE"/>
            <field label="C182" value="FALSE"/>
            <field label="C183" value="FALSE"/>
            <field label="C184" value="FALSE"/>
            <field label="C185" value="FALSE"/>
            <field label="C186" value="FALSE"/>
            <field label="C187" value="FALSE"/>
            <field label="C188" value="FALSE"/>
            <field label="C189" value="FALSE"/>
            <field label="C190" value="FALSE"/>
            <field label="C191" value="FALSE"/>
            <field label="C192" value="FALSE"/>
            <field label="C193" value="FALSE"/>
            <field label="C194" value="FALSE"/>
            <field label="C195" value="FALSE"/>
            <field label="C196" value="FALSE"/>
            <field label="C197" value="FALSE"/>
            <field label="C198" value="FALSE"/>
            <field label="C199" value="FALSE"/>
            <field label="C200" value="FALSE"/>
            <field label="C201" value="FALSE"/>
            <field label="C202" value="FALSE"/>
            <field label="C203" value="FALSE"/>
            <field label="C204" value="FALSE"/>
            <field label="C205" value="FALSE"/>
            <field label="C206" value="FALSE"/>
            <field label="C207" value="FALSE"/>
            <field label="C208" value="FALSE"/>
            <field label="C209" value="FALSE"/>
            <field label="C210" value="FALSE"/>
            <field label="C211" value="FALSE"/>
            <field label="C212" value="FALSE"/>
            <field label="C213" value="FALSE"/>
            <field label="C214" value="FALSE"/>
            <field label="C215" value="FALSE"/>
            <field label="C216" value="FALSE"/>
            <field label="C217" value="FALSE"/>
            <field label="C218" value="FALSE"/>
            <field label="C219" value="FALSE"/>
            <field label="C220" value="FALSE"/>
            <field label="C221" value="FALSE"/>
            <field label="C222" value="FALSE"/>
            <field label="C223" value="FALSE"/>
            <field label="C224" value="FALSE"/>
            <field label="C225" value="FALSE"/>
            <field label="C226" value="FALSE"/>
            <field label="C227" value="FALSE"/>
            <field label="C228" value="FALSE"/>
            <field label="C229" value="FALSE"/>
            <field label="C230" value="FALSE"/>
            <field label="C231" value="FALSE"/>
            <field label="C232" value="FALSE"/>
            <field label="C233" value="FALSE"/>
            <field label="C234" value="FALSE"/>
            <field label="C235" value="FALSE"/>
            <field label="C236" value="FALSE"/>
            <field label="C237" value="FALSE"/>
            <field label="C238" value="FALSE"/>
            <field label="C239" value="FALSE"/>
            <field label="C240" value="FALSE"/>
            <field label="C241" value="FALSE"/>
            <field label="C242" value="FALSE"/>
            <field label="C243" value="FALSE"/>
            <field label="C244" value="FALSE"/>
            <field label="C245" value="FALSE"/>
            <field label="C246" value="FALSE"/>
            <field label="C247" value="FALSE"/>
            <field label="C248" value="FALSE"/>
            <field label="C249" value="FALSE"/>
            <field label="C250" value="FALSE"/>
            <field label="C251" value="FALSE"/>
            <field label="C252" value="FALSE"/>
            <field label="C253" value="FALSE"/>
            <field label="C254" value="FALSE"/>
            <field label="C255" value="FALSE"/>
            <field label="C256" value="FALSE"/>
            <field label="C257" value="FALSE"/>
            <field label="C258" value="FALSE"/>
            <field label="C259" value="FALSE"/>
            <field label="C260" value="FALSE"/>
            <field label="C261" value="FALSE"/>
            <field label="C262" value="FALSE"/>
            <field label="C263" value="FALSE"/>
            <field label="C264" value="FALSE"/>
            <field label="C265" value="FALSE"/>
            <field label="C266" value="FALSE"/>
            <field label="C267" value="FALSE"/>
            <field label="C268" value="FALSE"/>
            <field label="C269" value="FALSE"/>
            <field label="C270" value="FALSE"/>
            <field label="C271" value="FALSE"/>   
            <field label="C272" value="FALSE"/>   
            <field label="C273" value="FALSE"/>   
            <field label="C274" value="FALSE"/>   
            <field label="C275" value="FALSE"/>   
            <field label="C276" value="FALSE"/>   
            <field label="C277" value="FALSE"/>   
            <field label="C278" value="FALSE"/>   
            <field label="C279" value="FALSE"/>   
            <field label="C280" value="FALSE"/>   
            <field label="C281" value="FALSE"/>   
            <field label="C282" value="FALSE"/>   
            <field label="C283" value="FALSE"/>   
            <field label="C284" value="FALSE"/>   
            <field label="C285" value="FALSE"/>   
            <field label="C286" value="FALSE"/>   
            <field label="C287" value="FALSE"/>   
            <field label="C288" value="FALSE"/>   
            <field label="C289" value="FALSE"/>   
            <field label="C290" value="FALSE"/>   
            <field label="C291" value="FALSE"/>   
            <field label="C292" value="FALSE"/>   
            <field label="C293" value="FALSE"/>   
            <field label="C294" value="FALSE"/>   
            <field label="C295" value="FALSE"/>   
            <field label="C296" value="FALSE"/>   
            <field label="C297" value="FALSE"/>   
            <field label="C298" value="FALSE"/>   
            <field label="C299" value="FALSE"/>   
            <field label="C300" value="FALSE"/> 
            <field label="C301" value="FALSE"/>
            <field label="C302" value="FALSE"/>
            <field label="C303" value="FALSE"/>
            <field label="C304" value="FALSE"/>
            <field label="C305" value="FALSE"/>
            <field label="C306" value="FALSE"/>
            <field label="C307" value="FALSE"/>
            <field label="C308" value="FALSE"/>
            <field label="C309" value="FALSE"/>
            <field label="C310" value="FALSE"/>
            <field label="C311" value="FALSE"/>
            <field label="C312" value="FALSE"/>
            <field label="C313" value="FALSE"/>
            <field label="C314" value="FALSE"/>
            <field label="C315" value="FALSE"/>
            <field label="C316" value="FALSE"/>
            <field label="C317" value="FALSE"/>
            <field label="C318" value="FALSE"/>
            <field label="C319" value="FALSE"/>
            <field label="C320" value="FALSE"/>
            <field label="C321" value="FALSE"/>
            <field label="C322" value="FALSE"/>
            <field label="C323" value="FALSE"/>
            <field label="C324" value="FALSE"/>
            <field label="C325" value="FALSE"/>
            <field label="C326" value="FALSE"/>
            <field label="C327" value="FALSE"/>
            <field label="C328" value="FALSE"/>
            <field label="C329" value="FALSE"/>
            <field label="C330" value="FALSE"/>
            <field label="C331" value="FALSE"/>
            <field label="C332" value="FALSE"/>
            <field label="C333" value="FALSE"/>
            <field label="C334" value="FALSE"/>
            <field label="C335" value="FALSE"/>
            <field label="C336" value="FALSE"/>
            <field label="C337" value="FALSE"/>
            <field label="C338" value="FALSE"/>
            <field label="C339" value="FALSE"/>
            <field label="C340" value="FALSE"/>
            <field label="C341" value="FALSE"/>
            <field label="C342" value="FALSE"/>
            <field label="C343" value="FALSE"/>
            <field label="C344" value="FALSE"/>
            <field label="C345" value="FALSE"/>
            <field label="C346" value="FALSE"/>
            <field label="C347" value="FALSE"/>
            <field label="C348" value="FALSE"/>
            <field label="C349" value="FALSE"/>
            <field label="C350" value="FALSE"/>                       
        </declare>    

        <declare label="AUX">        
            <field label="fmt_env_source"/>
            <field label="origem"/>
            <field label="espaco"/>
        </declare>        
        
        <declare label="DESINVALIDOS">
            <field label="NUMEROCT"/>
            <field label="RESULT"/>
            <field label="LISTADES"/>
        </declare>                              
        
        <!-- Padronizacao Crediario PDV - CONF_CREDIARIO_VENDA -->
        <command label="FIX_CONF_VEND_PL" objectReferenceLabel="VALUE" >
            <when objectReferenceLabel="EXPR">
                <expr value=" imf.segments.common.versao_aplicativo == '' &amp;&amp; 
                              ( imf.segments.common.msg_name in ('CONF_VEND_CRT,CONF_VEND_CRT_PARC_CJURO,CONF_VEND_DBT_GEN,CONF_VEND_DBT_PREDAT,CONF_PREAUT_3PERNA,CONF_VEND_PL,CONF_VEND_IATA,CONF_VEND_IATA_PARC_CJURO,CONF_VEND_VCH,CONF_VEND_VCH_FROT,CONF_TROCA_SENHA_VCH_CHIP,CONF_VEND_CSAQ,CONF_PAG_CON,CREDIARIO_SIMUL,CONF_CREDIARIO_SIMUL,CREDIARIO_VENDA,CONF_CREDIARIO_VENDA') )" />
            </when>
            <sourceValue value = "500" />
            <targetFieldPath value = "imf.segments.common.versao_aplicativo" />                    
        </command>              
        
        <command label="FIX_TEST_COMUNICACAO" objectReferenceLabel="VALUE" >
            <when objectReferenceLabel="EXPR">
                <expr value=" imf.segments.common.versao_aplicativo == '' &amp;&amp; 
                              ( imf.segments.common.msg_name == 'TEST_COMUNICACAO' )" />
            </when>
            <sourceValue value = "600" />
            <targetFieldPath value = "imf.segments.common.versao_aplicativo" />                    
        </command>           
        
        <command label="getOrigem" objectReferenceLabel="GETOSENV" >
            <OSVarName value = "FMT_ENV_SOURCE" />
            <targetFieldPath value = "AUX.fmt_env_source" />
        </command>   
        
        <conditional-block label="formata_origem">
            <if objectReferenceLabel="EXPR">
                <expr value="AUX.fmt_env_source == 'PROTOM' || AUX.fmt_env_source == 'INAC' || AUX.fmt_env_source == 'PDVIP' || AUX.fmt_env_source == 'ATMCORBAN'" />
                <command label="set_env_POS" objectReferenceLabel="VALUE">
                    <sourceValue value="PDV"/>
                    <targetFieldPath value="AUX.origem"/>
                </command>                    
            </if>
            <else-if objectReferenceLabel="EXPR">
                <expr value="AUX.fmt_env_source == 'QHD'" />
                <command label="set_env_POS" objectReferenceLabel="VALUE">
                    <sourceValue value="QHD"/>
                    <targetFieldPath value="AUX.origem"/>
                </command>                    
            </else-if>                
        </conditional-block>
        
        <command label="set_espaco" objectReferenceLabel="VALUE">
            <sourceValue value=" - "/>
            <targetFieldPath value="AUX.espaco"/>
        </command>            
        
        <command label="seta_NUMEROCT" objectReferenceLabel="COPY">
            <sourceFieldPath value="imf.shc_msg.amount"/>
            <targetFieldPath value="DESINVALIDOS.NUMEROCT"/>
        </command>
        
        <command label="concat_espaco" objectReferenceLabel="CONCAT">
            <sourceFieldPath value="AUX.espaco"/>
            <targetFieldPath value="DESINVALIDOS.NUMEROCT"/>
            <concatSide value="left"/>
            <concatFieldSetPath value="DESINVALIDOS.NUMEROCT"/>
        </command>              
        
        <command label="concat_msgtype" objectReferenceLabel="CONCAT">
            <sourceFieldPath value="imf.shc_msg.msgtype"/>
            <targetFieldPath value="DESINVALIDOS.NUMEROCT"/>
            <concatSide value="left"/>
            <concatFieldSetPath value="DESINVALIDOS.NUMEROCT"/>
        </command>               

        <command label="concat_espaco" objectReferenceLabel="CONCAT">
            <sourceFieldPath value="AUX.espaco"/>
            <targetFieldPath value="DESINVALIDOS.NUMEROCT"/>
            <concatSide value="left"/>
            <concatFieldSetPath value="DESINVALIDOS.NUMEROCT"/>
        </command>  

        <command label="concat_espaco" objectReferenceLabel="CONCAT">
            <sourceFieldPath value="common.msg_name"/>
            <targetFieldPath value="DESINVALIDOS.NUMEROCT"/>
            <concatSide value="left"/>
            <concatFieldSetPath value="DESINVALIDOS.NUMEROCT"/>
        </command>         


        <command label="concat_espaco" objectReferenceLabel="CONCAT">
            <sourceFieldPath value="AUX.espaco"/>
            <targetFieldPath value="DESINVALIDOS.NUMEROCT"/>
            <concatSide value="left"/>
            <concatFieldSetPath value="DESINVALIDOS.NUMEROCT"/>
        </command>       

        <command label="concat_espaco" objectReferenceLabel="CONCAT">
            <sourceFieldPath value="common.versao_aplicativo"/>
            <targetFieldPath value="DESINVALIDOS.NUMEROCT"/>
            <concatSide value="left"/>
            <concatFieldSetPath value="DESINVALIDOS.NUMEROCT"/>
        </command>  

        <command label="concat_espaco" objectReferenceLabel="CONCAT">
            <sourceFieldPath value="AUX.espaco"/>
            <targetFieldPath value="DESINVALIDOS.NUMEROCT"/>
            <concatSide value="left"/>
            <concatFieldSetPath value="DESINVALIDOS.NUMEROCT"/>
        </command>       

        <command label="concat_espaco" objectReferenceLabel="CONCAT">
            <sourceFieldPath value="AUX.origem"/>
            <targetFieldPath value="DESINVALIDOS.NUMEROCT"/>
            <concatSide value="left"/>
            <concatFieldSetPath value="DESINVALIDOS.NUMEROCT"/>
        </command>                        
        
        <command label="MappingListaDES" objectReferenceLabel="MAPPING" >
            <xmlFile filePath="$(COMMON_XML_DIR)" fileName="MappingListaDES.xml" referenceLabel="MAPA_CHECKBITS" />
            <sourceFieldPath value = "imf.segments.common.msg_name|AUX.origem" />
            <targetFieldPath value = "DESINVALIDOS.LISTADES" />
        </command>        

        <call label="CallSetaCondicoes">
            <subDataManip objectReferenceLabel="SetaCondicoes" />
            <targetFieldPath value="imf" />
            <targetFieldPath value="LOCAL" />
            <targetFieldPath value="CONDICOES" />
            <targetFieldPath value="xmf" />
        </call>                
        
        <command label="  ========= LOCAL variables of AcqSrv =========" objectReferenceLabel="FIELDSET_DUMP2">
            <sourceFieldPath value = "LOCAL" />
        </command>        
        
        <command label="  ========= DESINVALIDOS  =========" objectReferenceLabel="XDUMP">
            <dbgLevel value = "0" />        
            <pattern value = "TRUE" />            
            <sourceFieldPath value = "CONDICOES" />
        </command>                       
        
        <command label="  ========= DESINVALIDOS - Lista de DES a validar =========" objectReferenceLabel="FIELDSET_DUMP2">
            <sourceFieldPath value = "DESINVALIDOS.LISTADES" />
        </command>                  
        
        <command label="Chama_DESINVALIDOS" objectReferenceLabel="DESINVALIDOS">
            <sourceFieldPath value = "LOCAL" />
            <sourceFieldPath value = "DESINVALIDOS" />
            <targetFieldPath value = "DESINVALIDOS" />
            <sourceFieldPath value = "CONDICOES" />            
        </command>               
        
        
        <command label="  ========= DESINVALIDOS - Resultados =========" objectReferenceLabel="FIELDSET_DUMP2">
            <sourceFieldPath value = "DESINVALIDOS" />
        </command>          
        <conditional-block label="Result DEs Invalidos">
            <if objectReferenceLabel="EXPR">
            <expr value="DESINVALIDOS.RESULT == 'TRUE'" />         
                <command label="  ========= DES invalidos detectados, dropando transacao =========  " objectReferenceLabel="DROP" />
            </if>
        </conditional-block>
        <command label="branco" objectReferenceLabel="VALUE">
            <sourceValue value=""/>
            <targetFieldPath value="DESINVALIDOS.LISTADES"/>
        </command>           

    </dataManip>
          
    <dataManip label="SetaCondicoes">
        <fieldSetReference reference="arg0" alias="target"/>
        <fieldSetReference reference="arg0.shc_msg" alias="shc_msg"/>
        <fieldSetReference reference="arg0.segments.common" alias="common"/>
        <fieldSetReference reference="arg1" alias="LOCAL"/>
        <fieldSetReference reference="arg2" alias="CONDICOES"/>    
        <fieldSetReference reference="arg3" alias="xmf"/>        
        
        <!-- Seta variaveis locais para utilizacao nos testes das condicoes -->
        <declare label="AUX">
            <field label = "DE022_primeiro_digito"/>
            <field label = "DE022_comeco"/>
            <field label = "fmt_env_source"/>            
        </declare>    
        
        <command label="getOrigem" objectReferenceLabel="GETOSENV" >
            <OSVarName value = "FMT_ENV_SOURCE" />
            <targetFieldPath value = "AUX.fmt_env_source" />
        </command>           
        
        <command label="PAD_DE022" objectReferenceLabel="PAD" >
            <when objectReferenceLabel="EXPR">
                <expr value="LOCAL.DE022isOn == 'true' " />
            </when>        
            <sourceFieldPath value="shc_msg.pos_entry_code" />
            <targetFieldPath value="AUX.DE022_comeco" />
            <paddingChar value="0" />
            <mode value="left" />
            <length value="3" />
        </command>

        <command label="SubstrDE022" objectReferenceLabel="SUBSTR" >
            <when objectReferenceLabel="EXPR">
                <expr value="LOCAL.DE022isOn == 'true' " />
            </when>
            <sourceFieldPath value="AUX.DE022_comeco" />
            <targetFieldPath value="AUX.DE022_primeiro_digito" />
            <startPosition value="0" />
            <length value="1" />
        </command>         

        <conditional-block label="AUX_DE022Montagem" >
            <if objectReferenceLabel="EXPR">
            <expr value=" AUX.DE022_primeiro_digito == '0' "/>        
                <command label="SubstrDE022" objectReferenceLabel="SUBSTR" >
                    <sourceFieldPath value="AUX.DE022_comeco" />
                    <targetFieldPath value="AUX.DE022_comeco" />
                    <startPosition value="1" />
                    <length value="2" />
                </command>                       
                <command label="SubstrDE022" objectReferenceLabel="SUBSTR" >
                    <sourceFieldPath value="AUX.DE022_comeco" />
                    <targetFieldPath value="AUX.DE022_primeiro_digito" />
                    <startPosition value="0" />
                    <length value="1" />
                </command>                                         
            </if>  
            <else>
                <command label="SubstrDE022" objectReferenceLabel="SUBSTR" >
                    <sourceFieldPath value="AUX.DE022_comeco" />
                    <targetFieldPath value="AUX.DE022_comeco" />
                    <startPosition value="0" />
                    <length value="2" />
                </command>
            </else>
        </conditional-block>        
        
        <command label="  ========= AUX.DE022_comeco =========" objectReferenceLabel="XDUMP">
            <sourceFieldPath value = "AUX.DE022_comeco" />
            <sourceFieldPath value = "AUX.DE022_primeiro_digito" />
            <sourceFieldPath value = "shc_msg.pos_entry_code" />
        </command>            
        
        <!-- setar cada uma das CONDICOES.Cxxx com 'TRUE' se os criterios atenderem -->
        <conditional-block label="C001" >
            <if objectReferenceLabel="EXPR">
            <!--Enviado se o mode de entrada for Magnetico (DE022 = 02x)-->
            <expr value=" common.msg_entrymode == 'MAG' &amp;&amp; AUX.DE022_primeiro_digito == '2'"/>        
                <command label="seta_c001_TRUE" objectReferenceLabel="VALUE">
                    <targetFieldPath value="CONDICOES.C001"/>
                    <sourceValue value="TRUE"/>
                </command>        
            </if>
        </conditional-block>
        
        <conditional-block label="C004" >
            <if objectReferenceLabel="EXPR">
            <!--Enviado se tranacao com chip [modo de captura (DE022) eh um dos dois valores ( 5X, 7X )]-->
            <expr value=" ( common.msg_entrymode == 'CHIP' &amp;&amp; (AUX.DE022_primeiro_digito == '5' || AUX.DE022_primeiro_digito == '7') ) " />
                <command label="seta_c004_TRUE" objectReferenceLabel="VALUE">
                    <targetFieldPath value="CONDICOES.C004"/>
                    <sourceValue value="TRUE"/>
                </command>        
            </if>
        </conditional-block>          


        <conditional-block label="C006" >
            <if objectReferenceLabel="EXPR">
            <!--Enviado se a senha for capturada (para transacoes com trilha / fallback magnetico) 
            ou validada em modo online (para transa��es com chip). -->
            <expr value=" (common.msg_entrymode == 'MAG' || common.msg_entrymode == 'CHIP') &amp;&amp; LOCAL.DE052isOn == 'true' " />
                <command label="seta_c006_TRUE" objectReferenceLabel="VALUE">
                    <targetFieldPath value="CONDICOES.C006"/>
                    <sourceValue value="TRUE"/>
                </command>        
            </if>
        </conditional-block>
        

        <conditional-block label="C007">
            <if objectReferenceLabel="EXPR">
            <!-- Enviado se a transacao for Referida -->
            <expr value=" target.segments.credit.flag_referral == '1' " />    
                <command label="seta_C007_TRUE" objectReferenceLabel="VALUE">
                    <targetFieldPath value="CONDICOES.C007"/>
                    <sourceValue value="TRUE"/>
                </command>        
            </if>
        </conditional-block>          
        
        <conditional-block label="C008" >
            <if objectReferenceLabel="EXPR">
            <!-- Enviado se modo de captura (DE022) for  5X ou  Contactelless (911) -->
            <expr value=" AUX.DE022_primeiro_digito == '5' || AUX.DE022_comeco == '91'  " />        
                <command label="seta_c008_TRUE" objectReferenceLabel="VALUE">
                    <targetFieldPath value="CONDICOES.C008"/>
                    <sourceValue value="TRUE"/>
                </command>        
            </if>
        </conditional-block>

        <conditional-block label="C009" >
            <if objectReferenceLabel="EXPR">
            <!--Enviado se tipo de criptografia for DUKPT e veio o PIN/senha (DE052)-->
            <expr value=" (target.segments.merchant.indCripto == 'S9' || ((target.segments.merchant.indCripto == 'S5' || target.segments.merchant.indCripto == 'S6')&amp;&amp;CONDICOES.C007=='TRUE'))&amp;&amp; LOCAL.DE052isOn == 'true'" />        
                <command label="seta_c009_TRUE" objectReferenceLabel="VALUE">
                    <targetFieldPath value="CONDICOES.C009"/>
                    <sourceValue value="TRUE"/>
                </command>        
            </if>
        </conditional-block>

        <conditional-block label="C010" >
            <if objectReferenceLabel="EXPR">
            <!-- Enviado se tipo de criptografia for DUKPT e for uma transacao Referida -->
            <expr value=" (((common.msg_entrymode == 'CHIP' &amp;&amp; ( AUX.DE022_primeiro_digito == '5'  || AUX.DE022_primeiro_digito == '7' )) ||
                           (common.msg_entrymode == 'MAG' &amp;&amp; ( AUX.DE022_primeiro_digito == '2'  || AUX.DE022_comeco == '80' || AUX.DE022_comeco == '91'  ))) &amp;&amp;
                           LOCAL.DE045isOn == 'false' )" />
                <command label="seta_C010_TRUE" objectReferenceLabel="VALUE">
                    <targetFieldPath value="CONDICOES.C010"/>
                    <sourceValue value="TRUE"/>
                </command>        
            </if>
        </conditional-block>          
        
        <conditional-block label="C011" >
            <if objectReferenceLabel="EXPR">
            <!--Enviado se trn de chip ( DE22 in ( 5X, 7X )) ou magnetico ( DE22 in ( 2X, 91X, 80X )),
            Excludente se DE45 estiver presente-->
            <expr value=" (((common.msg_entrymode == 'CHIP' &amp;&amp; ( AUX.DE022_primeiro_digito == '5'  || AUX.DE022_primeiro_digito == '7' )) ||
                           (common.msg_entrymode == 'MAG' &amp;&amp; ( AUX.DE022_primeiro_digito == '2'  || AUX.DE022_comeco == '80' || AUX.DE022_comeco == '91'  ))) &amp;&amp;
                           LOCAL.DE045isOn == 'false' )" />
                <command label="seta_c011_TRUE" objectReferenceLabel="VALUE">
                    <targetFieldPath value="CONDICOES.C011"/>
                    <sourceValue value="TRUE"/>
                </command>        
            </if>
        </conditional-block>  
        
        <conditional-block label="C012" >
            <if objectReferenceLabel="EXPR">
            <!-- Enviado se transacao digitada [ modo de captura (DE022)  eh 11 ou 791 ] -->
            <!-- Adicionado o DE22 = 31 para QrCode Elo -->
            <expr value=" common.msg_entrymode == 'DIG' &amp;&amp;
                (AUX.DE022_comeco == '11' || AUX.DE022_comeco == '79' || AUX.DE022_comeco == '31') " />
                <command label="seta_c012_TRUE" objectReferenceLabel="VALUE">
                    <targetFieldPath value="CONDICOES.C012"/>
                    <sourceValue value="TRUE"/>
                </command>        
            </if>
        </conditional-block>  

        <conditional-block label="C013" >
            <if objectReferenceLabel="EXPR">
            <!-- Enviado se transacao digitada  [ modo de captura (DE022)  eh 11 ou 791 ] 
            ou transacao com chip  [modo de captura (DE022) eh valores ( 5X) 
            ou magnetico Contactelless (911)]  -->
            <expr value="((common.msg_entrymode == 'DIG' &amp;&amp; (AUX.DE022_comeco == '11' || AUX.DE022_comeco == '79')) || 
                          (common.msg_entrymode == 'CHIP' &amp;&amp; (AUX.DE022_primeiro_digito == '5')) || 
                          (common.msg_entrymode == 'MAG' &amp;&amp; (AUX.DE022_comeco == '91' ))) " />        
                <command label="seta_c013_TRUE" objectReferenceLabel="VALUE">
                    <targetFieldPath value="CONDICOES.C013"/>
                    <sourceValue value="TRUE"/>
                </command>        
            </if>
        </conditional-block>  
        
        <conditional-block label="C016" >
            <if objectReferenceLabel="EXPR">
            <!-- condicao para ATM Corban // PDV 7.5 -->
            <expr value="AUX.fmt_env_source == 'ATMCORBAN'" />
                <command label="seta_c016_FALSE" objectReferenceLabel="VALUE">
                    <targetFieldPath value="CONDICOES.C016"/>
                    <sourceValue value="FALSE"/>
                </command>
            </if>
            <else-if objectReferenceLabel="EXPR">
            <!-- Enviado se transacao contem PIN/senha (DE052) -->
            <expr value=" LOCAL.DE052isOn == 'true' " />        
                <command label="seta_c016_TRUE" objectReferenceLabel="VALUE">
                    <targetFieldPath value="CONDICOES.C016"/>
                    <sourceValue value="TRUE"/>
                </command>        
            </else-if>
        </conditional-block>          
        
        <conditional-block label="C017" >
            <if objectReferenceLabel="EXPR">
            <!-- Enviado se transacao for de confirmacao (3a perna) e transacao original sendo confirmada enviou este campo (DE062) -->
            <expr value=" ( common.is_3a_perna == 'TRUE' &amp;&amp; LOCAL.DE062isOn == 'true' ) " />        
                <command label="seta_c017_TRUE" objectReferenceLabel="VALUE">
                    <targetFieldPath value="CONDICOES.C017"/>
                    <sourceValue value="TRUE"/>
                </command>        
            </if>
        </conditional-block>            
                                
        <command label="C023" objectReferenceLabel="VALUE">
            <targetFieldPath value="CONDICOES.C023"/>
            <sourceValue value="indiferente"/>
        </command>         
            
        <conditional-block label="C024" >
            <if objectReferenceLabel="EXPR">
            <!--Enviado se trn de chip ( DE22 in ( 5X, 7X )) ou magnetico ( DE22 in ( 2X, 91X, 80X ))-->
            <expr value=" (((common.msg_entrymode == 'CHIP' &amp;&amp; ( AUX.DE022_primeiro_digito == '5'  || AUX.DE022_primeiro_digito == '7' )) ||
                           (common.msg_entrymode == 'MAG' &amp;&amp; ( AUX.DE022_primeiro_digito == '2'  || AUX.DE022_comeco == '80' || AUX.DE022_comeco == '91'  ))) &amp;&amp;
                           LOCAL.DE035isOn == 'false' )" />
                <command label="seta_c024_TRUE" objectReferenceLabel="VALUE">
                    <targetFieldPath value="CONDICOES.C024"/>
                    <sourceValue value="TRUE"/>
                </command>        
            </if>
        </conditional-block>             
            
        <conditional-block label="C041" >
            <if objectReferenceLabel="EXPR">
            <!--Enviado se transacao digitada, chip, NFC (magnetico e chip)-->
            <expr value=" common.is_nfc == 'TRUE' &amp;&amp; ( common.msg_entrymode == 'DIG' || common.msg_entrymode == 'MAG' || common.msg_entrymode == 'CHIP' ) " />        
                <command label="seta_c041_TRUE" objectReferenceLabel="VALUE">
                    <targetFieldPath value="CONDICOES.C041"/>
                    <sourceValue value="TRUE"/>
                </command>        
            </if>
        </conditional-block>  

        <conditional-block label="C064" >
            <if objectReferenceLabel="EXPR">
            <!--Enviado se transacao com com chip [modo de captura (DE022) e 5X]-->
            <expr value=" common.msg_entrymode == 'CHIP' &amp;&amp; AUX.DE022_primeiro_digito == '5'"/>        
                <command label="seta_c064_TRUE" objectReferenceLabel="VALUE">
                    <targetFieldPath value="CONDICOES.C064"/>
                    <sourceValue value="TRUE"/>
                </command>        
            </if>
        </conditional-block>        
                
        <conditional-block label="C106" >
            <if objectReferenceLabel="EXPR">
            <!-- Enviado se transacao digitada  [ modo de captura (DE022)  eh 11 ] ou transacao com chip 
            [modo de captura (DE022) eh valores ( 5X) ou Contactless (07X) -->
            <expr value=" ((common.msg_entrymode == 'DIG' &amp;&amp; AUX.DE022_comeco == '11') ||;
                           (common.msg_entrymode == 'CHIP' &amp;&amp; AUX.DE022_primeiro_digito == '5') ||
                           (common.msg_entrymode == 'CHIP' &amp;&amp; AUX.DE022_primeiro_digito == '7'))" />        
                <command label="seta_C106_true" objectReferenceLabel="VALUE">
                    <targetFieldPath value="CONDICOES.C106"/>
                    <sourceValue value="TRUE"/>
                </command>        
            </if>
        </conditional-block>                          
                
<!-- geradas automaticamente abaixo -->
        <conditional-block label="C087" >
            <if objectReferenceLabel="EXPR">
            <!-- Alterado a partir da [Versao 501] de [opcional] para [mandatorio] -->
            <expr value="  common.versao_aplicativo &lt; '501'  " />        
                <command label="seta_C087_indiferente" objectReferenceLabel="VALUE">
                    <targetFieldPath value="CONDICOES.C087"/>
                    <sourceValue value="indiferente"/>
                </command>        
            </if>
            <else-if objectReferenceLabel="EXPR">
            <expr value="  common.versao_aplicativo &gt;= '501'  " />        
                <command label="seta_C087_TRUE" objectReferenceLabel="VALUE">
                    <targetFieldPath value="CONDICOES.C087"/>
                    <sourceValue value="TRUE"/>
                </command>
            </else-if>
        </conditional-block>  

        <conditional-block label="C089" >
            <if objectReferenceLabel="EXPR">
            <!-- Inserido a partir da [Versao 502] como [opcional] -->
            <expr value="  common.versao_aplicativo &gt;= '502'  " />        
                <command label="seta_C089_indiferente" objectReferenceLabel="VALUE">
                    <targetFieldPath value="CONDICOES.C089"/>
                    <sourceValue value="indiferente"/>
                </command>        
            </if>
        </conditional-block>  

        <conditional-block label="C090" >
            <if objectReferenceLabel="EXPR">
            <!-- Inserido a partir da [Versao 503] como [opcional] -->
            <expr value="  common.versao_aplicativo &gt;= '503'  " />        
                <command label="seta_C090_indiferente" objectReferenceLabel="VALUE">
                    <targetFieldPath value="CONDICOES.C090"/>
                    <sourceValue value="indiferente"/>
                </command>        
            </if>
        </conditional-block>  

        <conditional-block label="C091" >
            <if objectReferenceLabel="EXPR">
            <!-- Inserido a partir da [Versao 600] como [opcional] -->
            <expr value="  common.versao_aplicativo &gt;= '600'  " />        
                <command label="seta_C091_indiferente" objectReferenceLabel="VALUE">
                    <targetFieldPath value="CONDICOES.C091"/>
                    <sourceValue value="indiferente"/>
                </command>        
            </if>
        </conditional-block>  

        <conditional-block label="C093" >
            <if objectReferenceLabel="EXPR">
            <!-- Inserido a partir da [Versao 501] como [opcional] -->
            <expr value="  common.versao_aplicativo &gt;= '501'  " />        
                <command label="seta_C093_indiferente" objectReferenceLabel="VALUE">
                    <targetFieldPath value="CONDICOES.C093"/>
                    <sourceValue value="indiferente"/>
                </command>        
            </if>
        </conditional-block>  

        <conditional-block label="C094" >
            <if objectReferenceLabel="EXPR">
            <!-- Inserido a partir da [Versao 502] como [condicional C0], removido a partir da [Versao 503] -->
            <expr value="  common.versao_aplicativo == '502'  " />        
                <command label="seta_C094_indiferente" objectReferenceLabel="VALUE">
                    <targetFieldPath value="CONDICOES.C094"/>
                    <sourceValue value="indiferente"/>
                </command>        
            </if>
        </conditional-block>  

        <conditional-block label="C095" >
            <if objectReferenceLabel="EXPR">
            <!-- Removido a partir da [Versao 503], era [condicional C16] -->
            <expr value="  common.versao_aplicativo &lt; '503'  " />        
                <command label="seta_C095_C016" objectReferenceLabel="COPY">
                    <targetFieldPath value="CONDICOES.C095"/>
                    <sourceFieldPath value="CONDICOES.C016"/>
                </command>        
            </if>
        </conditional-block>  

        <conditional-block label="C097" >
            <if objectReferenceLabel="EXPR">
            <!-- Alterado a partir da [Versao 501] de [condicional C12] para [condicional C13] -->
            <expr value="  common.versao_aplicativo &lt; '501'  " />        
                <command label="seta_C097_C012" objectReferenceLabel="COPY">
                    <targetFieldPath value="CONDICOES.C097"/>
                    <sourceFieldPath value="CONDICOES.C012"/>
                </command>        
            </if>
            <else-if objectReferenceLabel="EXPR">
            <expr value="  common.versao_aplicativo &gt;= '501'  " />        
                <command label="seta_C097_C013" objectReferenceLabel="COPY">
                    <targetFieldPath value="CONDICOES.C097"/>
                    <sourceFieldPath value="CONDICOES.C013"/>
                </command>
            </else-if>
        </conditional-block>  

        <conditional-block label="C100" >
            <if objectReferenceLabel="EXPR">
            <!-- Inserido a partir da [Versao 501] como [condicional C14] -->
            <expr value="  common.versao_aplicativo &gt;= '501'  " />        
                <command label="seta_C100_C014" objectReferenceLabel="COPY">
                    <targetFieldPath value="CONDICOES.C100"/>
                    <sourceFieldPath value="CONDICOES.C014"/>
                </command>        
            </if>
        </conditional-block>  

        <conditional-block label="C102" >
            <if objectReferenceLabel="EXPR">
            <!-- Removido a partir da [Versao 502], era [condicional C0] -->
            <expr value="  common.versao_aplicativo &lt; '502'  " />        
                <command label="seta_C102_indiferente" objectReferenceLabel="VALUE">
                    <targetFieldPath value="CONDICOES.C102"/>
                    <sourceValue value="indiferente"/>
                </command>        
            </if>
        </conditional-block>  

        <conditional-block label="C166" >
            <if objectReferenceLabel="EXPR">
            <!-- Inserido a partir da [Versao 603] como [mandatorio] -->
            <expr value="  common.versao_aplicativo &gt;= '603'  " />        
                <command label="seta_C166_TRUE" objectReferenceLabel="VALUE">
                    <targetFieldPath value="CONDICOES.C166"/>
                    <sourceValue value="TRUE"/>
                </command>        
            </if>
        </conditional-block>  


        <conditional-block label="C167" >
            <if objectReferenceLabel="EXPR">
            <!-- Inserido a partir da [Versao 205] como [mandatorio], alterado a partir da [Versao 500] para [condicional C0], alterado a partir da [Versao 501] para [mandatorio] -->
            <expr value="  common.versao_aplicativo &gt;= '205' &amp;&amp; common.versao_aplicativo &lt; '500'  " />        
                <command label="seta_C167_TRUE" objectReferenceLabel="VALUE">
                    <targetFieldPath value="CONDICOES.C167"/>
                    <sourceValue value="TRUE"/>
                </command>        
            </if>
            <else-if objectReferenceLabel="EXPR">
            <expr value="  common.versao_aplicativo == '500'  " />        
                <command label="seta_C167_indiferente" objectReferenceLabel="VALUE">
                    <targetFieldPath value="CONDICOES.C167"/>
                    <sourceValue value="indiferente"/>
                </command>
            </else-if>
            <else-if objectReferenceLabel="EXPR">
            <expr value="  common.versao_aplicativo &gt;= '501'  " />        
                <command label="seta_C167_TRUE" objectReferenceLabel="VALUE">
                    <targetFieldPath value="CONDICOES.C167"/>
                    <sourceValue value="TRUE"/>
                </command>
            </else-if>
        </conditional-block>  


        <conditional-block label="C168" >
            <if objectReferenceLabel="EXPR">
            <!-- Alterado a partir da [Versao 500] de [mandatorio] para [condicional C0], alterado a partir da [Versao 501] para [mandatorio] -->
            <expr value="  common.versao_aplicativo &lt; '500'  " />        
                <command label="seta_C168_TRUE" objectReferenceLabel="VALUE">
                    <targetFieldPath value="CONDICOES.C168"/>
                    <sourceValue value="TRUE"/>
                </command>        
            </if>
            <else-if objectReferenceLabel="EXPR">
            <expr value="  common.versao_aplicativo == '500'  " />        
                <command label="seta_C168_indiferente" objectReferenceLabel="VALUE">
                    <targetFieldPath value="CONDICOES.C168"/>
                    <sourceValue value="indiferente"/>
                </command>
            </else-if>
            <else-if objectReferenceLabel="EXPR">
            <expr value="  common.versao_aplicativo &gt;= '501'  " />        
                <command label="seta_C168_TRUE" objectReferenceLabel="VALUE">
                    <targetFieldPath value="CONDICOES.C168"/>
                    <sourceValue value="TRUE"/>
                </command>
            </else-if>
        </conditional-block>  

        <command label="  ========= AUX.DE022_comeco =========" objectReferenceLabel="XDUMP">
            <sourceFieldPath value = "shc_msg.pos_entry_code" />
        </command>            

        <conditional-block label="C169" >
            <if objectReferenceLabel="EXPR">
            <expr value=" shc_msg.pos_entry_code == '791' " />
                <command label="seta_C169_on" objectReferenceLabel="VALUE">
                    <targetFieldPath value="CONDICOES.C169"/>
                    <sourceValue value="TRUE"/>
                </command>
            </if>
            <else-if objectReferenceLabel="EXPR">
            <!-- Alterado a partir da [Versao 501] de [condicional C12] para [condicional C106] -->
            <expr value="  common.versao_aplicativo &lt; '501'  " />        
                <command label="seta_C169_C012" objectReferenceLabel="COPY">
                    <targetFieldPath value="CONDICOES.C169"/>
                    <sourceFieldPath value="CONDICOES.C012"/>
                </command>        
            </else-if>
            <else-if objectReferenceLabel="EXPR">
            <expr value="  common.versao_aplicativo &gt;= '501'  " />        
                <command label="seta_C169_C106" objectReferenceLabel="COPY">
                    <targetFieldPath value="CONDICOES.C169"/>
                    <sourceFieldPath value="CONDICOES.C106"/>
                </command>
            </else-if>
        </conditional-block>  


        <conditional-block label="C170" >
            <if objectReferenceLabel="EXPR">
            <!-- Removido a partir da [Versao 500], era [condicional C0] -->
            <expr value="  common.versao_aplicativo &lt; '500'  " />        
                <command label="seta_C170_indiferente" objectReferenceLabel="VALUE">
                    <targetFieldPath value="CONDICOES.C170"/>
                    <sourceValue value="indiferente"/>
                </command>        
            </if>
        </conditional-block>  


        <conditional-block label="C171" >
            <if objectReferenceLabel="EXPR">
            <!-- Inserido a partir da [Versao 205] como [condicional C4] -->
            <expr value="  common.versao_aplicativo &gt;= '205'  " />        
                <command label="seta_C171_C004" objectReferenceLabel="COPY">
                    <targetFieldPath value="CONDICOES.C171"/>
                    <sourceFieldPath value="CONDICOES.C004"/>
                </command>        
            </if>
        </conditional-block>  


        <conditional-block label="C175" >
            <if objectReferenceLabel="EXPR">
            <!-- Inserido a partir da [Versao 401] como [condicional C0] -->
            <expr value="  common.versao_aplicativo &gt;= '401'  " />        
                <command label="seta_C175_indiferente" objectReferenceLabel="VALUE">
                    <targetFieldPath value="CONDICOES.C175"/>
                    <sourceValue value="indiferente"/>
                </command>        
            </if>
        </conditional-block>  


        <conditional-block label="C178" >
            <if objectReferenceLabel="EXPR">
            <!-- Inserido a partir da [Versao 501] como [condicional C4] -->
            <expr value="  common.versao_aplicativo &gt;= '501'  " />        
                <command label="seta_C178_C004" objectReferenceLabel="COPY">
                    <targetFieldPath value="CONDICOES.C178"/>
                    <sourceFieldPath value="CONDICOES.C004"/>
                </command>        
            </if>
        </conditional-block>  


        <conditional-block label="C179" >
            <if objectReferenceLabel="EXPR">
            <!-- Inserido a partir da [Versao 205] como [mandatorio], alterado a partir da [Versao 500] para [opcional] -->
            <expr value="  common.versao_aplicativo &gt;= '205' &amp;&amp; common.versao_aplicativo &lt; '500'  " />        
                <command label="seta_C179_TRUE" objectReferenceLabel="VALUE">
                    <targetFieldPath value="CONDICOES.C179"/>
                    <sourceValue value="TRUE"/>
                </command>        
            </if>
            <else-if objectReferenceLabel="EXPR">
            <expr value="  common.versao_aplicativo &gt;= '500'  " />        
                <command label="seta_C179_indiferente" objectReferenceLabel="VALUE">
                    <targetFieldPath value="CONDICOES.C179"/>
                    <sourceValue value="indiferente"/>
                </command>
            </else-if>
        </conditional-block>  


        <conditional-block label="C180" >
            <if objectReferenceLabel="EXPR">
            <!-- Inserido a partir da [Versao 205] como [mandatorio] -->
            <expr value="  common.versao_aplicativo &gt;= '205'  " />        
                <command label="seta_C180_TRUE" objectReferenceLabel="VALUE">
                    <targetFieldPath value="CONDICOES.C180"/>
                    <sourceValue value="TRUE"/>
                </command>        
            </if>
        </conditional-block>  


        <conditional-block label="C181" >
            <if objectReferenceLabel="EXPR">
            <!-- Inserido a partir da [Versao 205] como [mandatorio], removido a partir da [Versao 500] -->
            <expr value="  common.versao_aplicativo &gt;= '205' &amp;&amp; common.versao_aplicativo &lt; '500'  " />        
                <command label="seta_C181_TRUE" objectReferenceLabel="VALUE">
                    <targetFieldPath value="CONDICOES.C181"/>
                    <sourceValue value="TRUE"/>
                </command>        
            </if>
        </conditional-block>  


        <conditional-block label="C182" >
            <if objectReferenceLabel="EXPR">
            <!-- Removido a partir da [Versao 500], era [mandatorio] -->
            <expr value="  common.versao_aplicativo &lt; '500'  " />        
                <command label="seta_C182_TRUE" objectReferenceLabel="VALUE">
                    <targetFieldPath value="CONDICOES.C182"/>
                    <sourceValue value="TRUE"/>
                </command>        
            </if>
        </conditional-block>  


        <conditional-block label="C183" >
            <if objectReferenceLabel="EXPR">
            <!-- Alterado a partir da [Versao 500] de [condicional C0] para [mandatorio] -->
            <expr value="  common.versao_aplicativo &lt; '500'  " />        
                <command label="seta_C183_indiferente" objectReferenceLabel="VALUE">
                    <targetFieldPath value="CONDICOES.C183"/>
                    <sourceValue value="indiferente"/>
                </command>        
            </if>
            <else-if objectReferenceLabel="EXPR">
            <expr value="  common.versao_aplicativo &gt;= '500'  " />        
                <command label="seta_C183_TRUE" objectReferenceLabel="VALUE">
                    <targetFieldPath value="CONDICOES.C183"/>
                    <sourceValue value="TRUE"/>
                </command>
            </else-if>
        </conditional-block>  


        <conditional-block label="C184" >
            <if objectReferenceLabel="EXPR">
            <!-- Alterado a partir da [Versao 205] de [mandatorio] para [condicional C16] -->
            <expr value="  common.versao_aplicativo &lt; '205'  " />        
                <command label="seta_C184_TRUE" objectReferenceLabel="VALUE">
                    <targetFieldPath value="CONDICOES.C184"/>
                    <sourceValue value="TRUE"/>
                </command>        
            </if>
            <else-if objectReferenceLabel="EXPR">
            <expr value="  common.versao_aplicativo &gt;= '205'  " />        
                <command label="seta_C184_C016" objectReferenceLabel="COPY">
                    <targetFieldPath value="CONDICOES.C184"/>
                    <sourceFieldPath value="CONDICOES.C016"/>
                </command>
            </else-if>
        </conditional-block>  


        <conditional-block label="C185" >
            <if objectReferenceLabel="EXPR">
            <!-- Alterado a partir da [Versao 205] de [mandatorio] para [condicional C0], removido a partir da [Versao 500] -->
            <expr value="  common.versao_aplicativo &lt; '205'  " />        
                <command label="seta_C185_TRUE" objectReferenceLabel="VALUE">
                    <targetFieldPath value="CONDICOES.C185"/>
                    <sourceValue value="TRUE"/>
                </command>        
            </if>
            <else-if objectReferenceLabel="EXPR">
            <expr value="  common.versao_aplicativo &gt;= '205'  " />        
                <command label="seta_C185_indiferente" objectReferenceLabel="VALUE">
                    <targetFieldPath value="CONDICOES.C185"/>
                    <sourceValue value="indiferente"/>
                </command>
            </else-if>
        </conditional-block>  


        <conditional-block label="C186" >
            <if objectReferenceLabel="EXPR">
            <!-- Alterado a partir da [Versao 500] de [mandatorio] para [condicional C11] -->
            <expr value="  common.versao_aplicativo &lt; '500'  " />        
                <command label="seta_C186_TRUE" objectReferenceLabel="VALUE">
                    <targetFieldPath value="CONDICOES.C186"/>
                    <sourceValue value="TRUE"/>
                </command>        
            </if>
            <else-if objectReferenceLabel="EXPR">
            <expr value="  common.versao_aplicativo &gt;= '500'  " />        
                <command label="seta_C186_C011" objectReferenceLabel="COPY">
                    <targetFieldPath value="CONDICOES.C186"/>
                    <sourceFieldPath value="CONDICOES.C011"/>
                </command>
            </else-if>
        </conditional-block>  


        <conditional-block label="C187" >
            <if objectReferenceLabel="EXPR">
            <!-- Inserido a partir da [Versao 205] como [condicional C4], alterado a partir da [Versao 401] para [condicional C0] -->
            <expr value="  common.versao_aplicativo == '205'  " />        
                <command label="seta_C187_C004" objectReferenceLabel="COPY">
                    <targetFieldPath value="CONDICOES.C187"/>
                    <sourceFieldPath value="CONDICOES.C004"/>
                </command>        
            </if>
            <else-if objectReferenceLabel="EXPR">
            <expr value="  common.versao_aplicativo &gt;= '401'  " />        
                <command label="seta_C187_indiferente" objectReferenceLabel="VALUE">
                    <targetFieldPath value="CONDICOES.C187"/>
                    <sourceValue value="indiferente"/>
                </command>
            </else-if>
        </conditional-block>  


        <conditional-block label="C188" >
            <if objectReferenceLabel="EXPR">
            <!-- Inserido a partir da [Versao 500] como [condicional C24] -->
            <expr value="  common.versao_aplicativo &gt;= '500'  " />        
                <command label="seta_C188_C024" objectReferenceLabel="COPY">
                    <targetFieldPath value="CONDICOES.C188"/>
                    <sourceFieldPath value="CONDICOES.C024"/>
                </command>        
            </if>
        </conditional-block>  


        <conditional-block label="C189" >
            <if objectReferenceLabel="EXPR">
            <!-- Removido a partir da [Versao 205], era [condicional C0] -->
            <expr value="  common.versao_aplicativo &lt; '205'  " />        
                <command label="seta_C189_indiferente" objectReferenceLabel="VALUE">
                    <targetFieldPath value="CONDICOES.C189"/>
                    <sourceValue value="indiferente"/>
                </command>        
            </if>
        </conditional-block>  


        <conditional-block label="C190" >
            <if objectReferenceLabel="EXPR">
            <!-- Inserido a partir da [Versao 401] como [condicional C4], alterado a partir da [Versao 500] para [condicional C0] -->
            <expr value="  common.versao_aplicativo == '401'  " />        
                <command label="seta_C190_C004" objectReferenceLabel="COPY">
                    <targetFieldPath value="CONDICOES.C190"/>
                    <sourceFieldPath value="CONDICOES.C004"/>
                </command>        
            </if>
            <else-if objectReferenceLabel="EXPR">
            <expr value="  common.versao_aplicativo &gt;= '500'  " />        
                <command label="seta_C190_indiferente" objectReferenceLabel="VALUE">
                    <targetFieldPath value="CONDICOES.C190"/>
                    <sourceValue value="indiferente"/>
                </command>
            </else-if>
        </conditional-block>  


        <conditional-block label="C191" >
            <if objectReferenceLabel="EXPR">
            <!-- Inserido a partir da [Versao 401] como [condicional C4], alterado a partir da [Versao 500] para [condicional C0], alterado a partir da [Versao 501] para [condicional C4] -->
            <expr value="  common.versao_aplicativo == '401'  " />        
                <command label="seta_C191_C004" objectReferenceLabel="COPY">
                    <targetFieldPath value="CONDICOES.C191"/>
                    <sourceFieldPath value="CONDICOES.C004"/>
                </command>        
            </if>
            <else-if objectReferenceLabel="EXPR">
            <expr value="  common.versao_aplicativo == '500'  " />        
                <command label="seta_C191_indiferente" objectReferenceLabel="VALUE">
                    <targetFieldPath value="CONDICOES.C191"/>
                    <sourceValue value="indiferente"/>
                </command>
            </else-if>
            <else-if objectReferenceLabel="EXPR">
            <expr value="  common.versao_aplicativo &gt;= '501'  " />        
                <command label="seta_C191_C004" objectReferenceLabel="COPY">
                    <targetFieldPath value="CONDICOES.C191"/>
                    <sourceFieldPath value="CONDICOES.C004"/>
                </command>
            </else-if>
        </conditional-block>  


        <conditional-block label="C193" >
            <if objectReferenceLabel="EXPR">
            <!-- Removido a partir da [Versao 205], era [mandatorio] -->
            <expr value="  common.versao_aplicativo &lt; '205'  " />        
                <command label="seta_C193_TRUE" objectReferenceLabel="VALUE">
                    <targetFieldPath value="CONDICOES.C193"/>
                    <sourceValue value="TRUE"/>
                </command>        
            </if>
        </conditional-block>  


        <conditional-block label="C194" >
            <if objectReferenceLabel="EXPR">
            <!-- Removido a partir da [Versao 401], era [mandatorio] -->
            <expr value="  common.versao_aplicativo &lt; '401'  " />        
                <command label="seta_C194_TRUE" objectReferenceLabel="VALUE">
                    <targetFieldPath value="CONDICOES.C194"/>
                    <sourceValue value="TRUE"/>
                </command>        
            </if>
        </conditional-block>  


        <conditional-block label="C195" >
            <if objectReferenceLabel="EXPR">
            <!-- Removido a partir da [Versao 401], era [condicional C0] -->
            <expr value="  common.versao_aplicativo &lt; '401'  " />        
                <command label="seta_C195_indiferente" objectReferenceLabel="VALUE">
                    <targetFieldPath value="CONDICOES.C195"/>
                    <sourceValue value="indiferente"/>
                </command>        
            </if>
        </conditional-block>  


        <conditional-block label="C196" >
            <if objectReferenceLabel="EXPR">
            <!-- Removido a partir da [Versao 503], era [condicional C0] -->
            <expr value="  common.versao_aplicativo &lt; '503'  " />        
                <command label="seta_C196_indiferente" objectReferenceLabel="VALUE">
                    <targetFieldPath value="CONDICOES.C196"/>
                    <sourceValue value="indiferente"/>
                </command>        
            </if>
        </conditional-block>  


        <conditional-block label="C197" >
            <if objectReferenceLabel="EXPR">
            <!-- Inserido a partir da [Versao 401] como [condicional C4], removido a partir da [Versao 500] -->
            <expr value="  common.versao_aplicativo == '401'  " />        
                <command label="seta_C197_C004" objectReferenceLabel="COPY">
                    <targetFieldPath value="CONDICOES.C197"/>
                    <sourceFieldPath value="CONDICOES.C004"/>
                </command>        
            </if>
        </conditional-block>  


        <conditional-block label="C198" >
            <if objectReferenceLabel="EXPR">
            <!-- Inserido a partir da [Versao 205] como [mandatorio], removido a partir da [Versao 401], reinserido a partir da [Versao 500] como [condicional C0] -->
            <expr value="  common.versao_aplicativo == '205'  " />        
                <command label="seta_C198_TRUE" objectReferenceLabel="VALUE">
                    <targetFieldPath value="CONDICOES.C198"/>
                    <sourceValue value="TRUE"/>
                </command>        
            </if>
            <else-if objectReferenceLabel="EXPR">
            <expr value="  common.versao_aplicativo &gt;= '500'  " />        
                <command label="seta_C198_indiferente" objectReferenceLabel="VALUE">
                    <targetFieldPath value="CONDICOES.C198"/>
                    <sourceValue value="indiferente"/>
                </command>
            </else-if>
        </conditional-block>  


        <conditional-block label="C199" >
            <if objectReferenceLabel="EXPR">
            <!-- Alterado a partir da [Versao 205] de [condicional C16] para [mandatorio], alterado a partir da [Versao 401] para [condicional C16] -->
            <expr value="  common.versao_aplicativo &lt; '205'  " />        
                <command label="seta_C199_C016" objectReferenceLabel="COPY">
                    <targetFieldPath value="CONDICOES.C199"/>
                    <sourceFieldPath value="CONDICOES.C016"/>
                </command>        
            </if>
            <else-if objectReferenceLabel="EXPR">
            <expr value="  common.versao_aplicativo == '205'  " />        
                <command label="seta_C199_TRUE" objectReferenceLabel="VALUE">
                    <targetFieldPath value="CONDICOES.C199"/>
                    <sourceValue value="TRUE"/>
                </command>
            </else-if>
            <else-if objectReferenceLabel="EXPR">
            <expr value="  common.versao_aplicativo &gt;= '401'  " />        
                <command label="seta_C199_C016" objectReferenceLabel="COPY">
                    <targetFieldPath value="CONDICOES.C199"/>
                    <sourceFieldPath value="CONDICOES.C016"/>
                </command>
            </else-if>
        </conditional-block>  


        <conditional-block label="C200" >
            <if objectReferenceLabel="EXPR">
            <!-- Alterado a partir da [Versao 500] de [condicional C12] para [condicional C106] -->
            <expr value="  common.versao_aplicativo &lt; '500'  " />        
                <command label="seta_C200_C012" objectReferenceLabel="COPY">
                    <targetFieldPath value="CONDICOES.C200"/>
                    <sourceFieldPath value="CONDICOES.C012"/>
                </command>        
            </if>
            <else-if objectReferenceLabel="EXPR">
            <expr value="  common.versao_aplicativo &gt;= '500'  " />        
                <command label="seta_C200_C106" objectReferenceLabel="COPY">
                    <targetFieldPath value="CONDICOES.C200"/>
                    <sourceFieldPath value="CONDICOES.C106"/>
                </command>
            </else-if>
        </conditional-block>  


        <conditional-block label="C201" >
            <if objectReferenceLabel="EXPR">
            <!-- Alterado a partir da [Versao 500] de [condicional C1] para [condicional C11] -->
            <expr value="  common.versao_aplicativo &lt; '500'  " />        
                <command label="seta_C201_C001" objectReferenceLabel="COPY">
                    <targetFieldPath value="CONDICOES.C201"/>
                    <sourceFieldPath value="CONDICOES.C001"/>
                </command>        
            </if>
            <else-if objectReferenceLabel="EXPR">
            <expr value="  common.versao_aplicativo &gt;= '500'  " />        
                <command label="seta_C201_C011" objectReferenceLabel="COPY">
                    <targetFieldPath value="CONDICOES.C201"/>
                    <sourceFieldPath value="CONDICOES.C011"/>
                </command>
            </else-if>
        </conditional-block>  


        <conditional-block label="C202" >
            <if objectReferenceLabel="EXPR">
            <!-- Inserido a partir da [Versao 500] como [condicional C4] -->
            <expr value="  common.versao_aplicativo &gt;= '500'  " />        
                <command label="seta_C202_C004" objectReferenceLabel="COPY">
                    <targetFieldPath value="CONDICOES.C202"/>
                    <sourceFieldPath value="CONDICOES.C004"/>
                </command>        
            </if>
        </conditional-block>  


        <conditional-block label="C204" >
            <if objectReferenceLabel="EXPR">
            <!-- Alterado a partir da [Versao 401] de [mandatorio] para [condicional C0] -->
            <expr value="  common.versao_aplicativo &lt; '401'  " />        
                <command label="seta_C204_TRUE" objectReferenceLabel="VALUE">
                    <targetFieldPath value="CONDICOES.C204"/>
                    <sourceValue value="TRUE"/>
                </command>        
            </if>
            <else-if objectReferenceLabel="EXPR">
            <expr value="  common.versao_aplicativo &gt;= '401'  " />        
                <command label="seta_C204_indiferente" objectReferenceLabel="VALUE">
                    <targetFieldPath value="CONDICOES.C204"/>
                    <sourceValue value="indiferente"/>
                </command>
            </else-if>
        </conditional-block>  


        <conditional-block label="C205" >
            <if objectReferenceLabel="EXPR">
            <!-- Alterado a partir da [Versao 503] de [mandatorio] para [condicional C16] -->
            <expr value="  common.versao_aplicativo &lt; '503'  " />        
                <command label="seta_C205_TRUE" objectReferenceLabel="VALUE">
                    <targetFieldPath value="CONDICOES.C205"/>
                    <sourceValue value="TRUE"/>
                </command>        
            </if>
            <else-if objectReferenceLabel="EXPR">
            <expr value="  common.versao_aplicativo &gt;= '503'  " />        
                <command label="seta_C205_C016" objectReferenceLabel="COPY">
                    <targetFieldPath value="CONDICOES.C205"/>
                    <sourceFieldPath value="CONDICOES.C016"/>
                </command>
            </else-if>
        </conditional-block>  


        <conditional-block label="C206" >
            <if objectReferenceLabel="EXPR">
            <!-- Inserido a partir da [Versao 205] como [condicional C4], removido a partir da [Versao 401], reinserido a partir da [Versao 503] como [condicional C0] -->
            <expr value="  common.versao_aplicativo == '205'  " />        
                <command label="seta_C206_C004" objectReferenceLabel="COPY">
                    <targetFieldPath value="CONDICOES.C206"/>
                    <sourceFieldPath value="CONDICOES.C004"/>
                </command>        
            </if>
            <else-if objectReferenceLabel="EXPR">
            <expr value="  common.versao_aplicativo &gt;= '503'  " />        
                <command label="seta_C206_indiferente" objectReferenceLabel="VALUE">
                    <targetFieldPath value="CONDICOES.C206"/>
                    <sourceValue value="indiferente"/>
                </command>
            </else-if>
        </conditional-block>  


        <conditional-block label="C207" >
            <if objectReferenceLabel="EXPR">
            <!-- Inserido a partir da [Versao 503] como [condicional C4] -->
            <expr value="  common.versao_aplicativo &gt;= '502'  " />        
                <command label="seta_C207_C004" objectReferenceLabel="COPY">
                    <targetFieldPath value="CONDICOES.C207"/>
                    <sourceFieldPath value="CONDICOES.C004"/>
                </command>        
            </if>
        </conditional-block>  


        <conditional-block label="C210" >
            <if objectReferenceLabel="EXPR">
            <!-- Inserido a partir da [Versao 501] como [condicional C4], removido a partir da [Versao 502], reinserido a partir da [Versao 503] como [condicional C4] -->
            <expr value="  common.versao_aplicativo == '501'  " />        
                <command label="seta_C210_C004" objectReferenceLabel="COPY">
                    <targetFieldPath value="CONDICOES.C210"/>
                    <sourceFieldPath value="CONDICOES.C004"/>
                </command>        
            </if>
            <else-if objectReferenceLabel="EXPR">
            <expr value="  common.versao_aplicativo &gt;= '502'  " />        
                <command label="seta_C210_C004" objectReferenceLabel="COPY">
                    <targetFieldPath value="CONDICOES.C210"/>
                    <sourceFieldPath value="CONDICOES.C004"/>
                </command>
            </else-if>
        </conditional-block>  


        <conditional-block label="C211" >
            <if objectReferenceLabel="EXPR">
            <!-- Inserido a partir da [Versao 502] como [condicional C3], removido a partir da [Versao 503] -->
            <expr value="  common.versao_aplicativo == '502'  " />        
                <command label="seta_C211_C003" objectReferenceLabel="COPY">
                    <targetFieldPath value="CONDICOES.C211"/>
                    <sourceFieldPath value="CONDICOES.C003"/>
                </command>        
            </if>
        </conditional-block>  


        <conditional-block label="C212" >
            <if objectReferenceLabel="EXPR">
            <!-- Inserido a partir da [Versao 603] como [condicional C4] -->
            <expr value="  common.versao_aplicativo &gt;= '603'  " />        
                <command label="seta_C212_C004" objectReferenceLabel="COPY">
                    <targetFieldPath value="CONDICOES.C212"/>
                    <sourceFieldPath value="CONDICOES.C004"/>
                </command>        
            </if>
        </conditional-block>  


        <conditional-block label="C213" >
            <if objectReferenceLabel="EXPR">
            <!-- Inserido a partir da [Versao 603] como [condicional C0] -->
            <expr value="  common.versao_aplicativo &gt;= '603'  " />        
                <command label="seta_C213_indiferente" objectReferenceLabel="VALUE">
                    <targetFieldPath value="CONDICOES.C213"/>
                    <sourceValue value="indiferente"/>
                </command>        
            </if>
        </conditional-block>  


        <conditional-block label="C216" >
            <if objectReferenceLabel="EXPR">
            <!-- Alterado a partir da [Versao 500] de [mandatorio] para [opcional], alterado a partir da [Versao 501] para [mandatorio] -->
            <expr value="  common.versao_aplicativo &lt; '500'  " />        
                <command label="seta_C216_TRUE" objectReferenceLabel="VALUE">
                    <targetFieldPath value="CONDICOES.C216"/>
                    <sourceValue value="TRUE"/>
                </command>        
            </if>
            <else-if objectReferenceLabel="EXPR">
            <expr value="  common.versao_aplicativo == '500'  " />        
                <command label="seta_C216_indiferente" objectReferenceLabel="VALUE">
                    <targetFieldPath value="CONDICOES.C216"/>
                    <sourceValue value="indiferente"/>
                </command>
            </else-if>
            <else-if objectReferenceLabel="EXPR">
            <expr value="  common.versao_aplicativo &gt;= '501'  " />        
                <command label="seta_C216_TRUE" objectReferenceLabel="VALUE">
                    <targetFieldPath value="CONDICOES.C216"/>
                    <sourceValue value="TRUE"/>
                </command>
            </else-if>
        </conditional-block>  


        <conditional-block label="C217" >
            <if objectReferenceLabel="EXPR">
            <!-- Inserido a partir da [Versao 503] como [mandatorio] -->
            <expr value="  common.versao_aplicativo &gt;= '503'  " />        
                <command label="seta_C217_TRUE" objectReferenceLabel="VALUE">
                    <targetFieldPath value="CONDICOES.C217"/>
                    <sourceValue value="TRUE"/>
                </command>        
            </if>
        </conditional-block>  


        <conditional-block label="C218" >
            <if objectReferenceLabel="EXPR">
            <!-- Removido a partir da [Versao 503], era [mandatorio] -->
            <expr value="  common.versao_aplicativo &lt; '503'  " />        
                <command label="seta_C218_TRUE" objectReferenceLabel="VALUE">
                    <targetFieldPath value="CONDICOES.C218"/>
                    <sourceValue value="TRUE"/>
                </command>        
            </if>
        </conditional-block>  


        <conditional-block label="C219" >
            <if objectReferenceLabel="EXPR">
            <!-- Inserido a partir da [Versao 503] como [condicional C11] -->
            <expr value="  common.versao_aplicativo &gt;= '503'  " />        
                <command label="seta_C219_C011" objectReferenceLabel="COPY">
                    <targetFieldPath value="CONDICOES.C219"/>
                    <sourceFieldPath value="CONDICOES.C011"/>
                </command>        
            </if>
        </conditional-block>  


        <conditional-block label="C221" >
            <if objectReferenceLabel="EXPR">
            <!-- Inserido a partir da [Versao 501] como [mandatorio] -->
            <expr value="  common.versao_aplicativo &gt;= '501'  " />        
                <command label="seta_C221_TRUE" objectReferenceLabel="VALUE">
                    <targetFieldPath value="CONDICOES.C221"/>
                    <sourceValue value="TRUE"/>
                </command>        
            </if>
        </conditional-block>  


        <conditional-block label="C222" >
            <if objectReferenceLabel="EXPR">
            <!-- Inserido a partir da [Versao 501] como [condicional C4], alterado a partir da [Versao 503] para [condicional C0], alterado a partir da [Versao 600] para [condicional C4] -->
            <expr value="  common.versao_aplicativo &gt;= '501' &amp;&amp; common.versao_aplicativo &lt; '503'  " />        
                <command label="seta_C222_C004" objectReferenceLabel="COPY">
                    <targetFieldPath value="CONDICOES.C222"/>
                    <sourceFieldPath value="CONDICOES.C004"/>
                </command>        
            </if>
            <else-if objectReferenceLabel="EXPR">
            <expr value="  common.versao_aplicativo == '503'  " />        
                <command label="seta_C222_indiferente" objectReferenceLabel="VALUE">
                    <targetFieldPath value="CONDICOES.C222"/>
                    <sourceValue value="indiferente"/>
                </command>
            </else-if>
            <else-if objectReferenceLabel="EXPR">
            <expr value="  common.versao_aplicativo &gt;= '600'  " />        
                <command label="seta_C222_C004" objectReferenceLabel="COPY">
                    <targetFieldPath value="CONDICOES.C222"/>
                    <sourceFieldPath value="CONDICOES.C004"/>
                </command>
            </else-if>
        </conditional-block>  


        <conditional-block label="C223" >
            <if objectReferenceLabel="EXPR">
            <!-- Alterado a partir da [Versao 500] de [opcional] para [condicional C0] -->
            <expr value="  common.versao_aplicativo &lt; '500'  " />        
                <command label="seta_C223_indiferente" objectReferenceLabel="VALUE">
                    <targetFieldPath value="CONDICOES.C223"/>
                    <sourceValue value="indiferente"/>
                </command>        
            </if>
            <else-if objectReferenceLabel="EXPR">
            <expr value="  common.versao_aplicativo &gt;= '500'  " />        
                <command label="seta_C223_indiferente" objectReferenceLabel="VALUE">
                    <targetFieldPath value="CONDICOES.C223"/>
                    <sourceValue value="indiferente"/>
                </command>
            </else-if>
        </conditional-block>  


        <conditional-block label="C224" >
            <if objectReferenceLabel="EXPR">
            <!-- Inserido a partir da [Versao 205] como [opcional] -->
            <expr value="  common.versao_aplicativo &gt;= '205'  " />        
                <command label="seta_C224_indiferente" objectReferenceLabel="VALUE">
                    <targetFieldPath value="CONDICOES.C224"/>
                    <sourceValue value="indiferente"/>
                </command>        
            </if>
        </conditional-block>  


        <conditional-block label="C228" >
            <if objectReferenceLabel="EXPR">
            <!-- Inserido a partir da [Versao 502] como [mandatorio] -->
            <expr value="  common.versao_aplicativo &gt;= '502'  " />        
                <command label="seta_C228_TRUE" objectReferenceLabel="VALUE">
                    <targetFieldPath value="CONDICOES.C228"/>
                    <sourceValue value="TRUE"/>
                </command>        
            </if>
        </conditional-block>  


        <conditional-block label="C229" >
            <if objectReferenceLabel="EXPR">
            <!-- Alterado a partir da [Versao 500] de [mandatorio] para [opcional], removido a partir da [Versao 502] -->
            <expr value="  common.versao_aplicativo &lt; '500'  " />        
                <command label="seta_C229_TRUE" objectReferenceLabel="VALUE">
                    <targetFieldPath value="CONDICOES.C229"/>
                    <sourceValue value="TRUE"/>
                </command>        
            </if>
            <else-if objectReferenceLabel="EXPR">
            <expr value="  common.versao_aplicativo &gt;= '500'  " />        
                <command label="seta_C229_indiferente" objectReferenceLabel="VALUE">
                    <targetFieldPath value="CONDICOES.C229"/>
                    <sourceValue value="indiferente"/>
                </command>
            </else-if>
        </conditional-block>  


        <conditional-block label="C230" >
            <if objectReferenceLabel="EXPR">
            <!-- Removido a partir da [Versao 502], era [mandatorio] -->
            <expr value="  common.versao_aplicativo &lt; '502'  " />        
                <command label="seta_C230_TRUE" objectReferenceLabel="VALUE">
                    <targetFieldPath value="CONDICOES.C230"/>
                    <sourceValue value="TRUE"/>
                </command>        
            </if>
        </conditional-block>  


        <conditional-block label="C231" >
            <if objectReferenceLabel="EXPR">
            <!-- Alterado a partir da [Versao 500] de [opcional] para [condicional C0], removido a partir da [Versao 502] -->
            <expr value="  common.versao_aplicativo &lt; '500'  " />        
                <command label="seta_C231_indiferente" objectReferenceLabel="VALUE">
                    <targetFieldPath value="CONDICOES.C231"/>
                    <sourceValue value="indiferente"/>
                </command>        
            </if>
            <else-if objectReferenceLabel="EXPR">
            <expr value="  common.versao_aplicativo &gt;= '500'  " />        
                <command label="seta_C231_indiferente" objectReferenceLabel="VALUE">
                    <targetFieldPath value="CONDICOES.C231"/>
                    <sourceValue value="indiferente"/>
                </command>
            </else-if>
        </conditional-block>  


        <conditional-block label="C234" >
            <if objectReferenceLabel="EXPR">
            <!-- Inserido a partir da [Versao 205] como [mandatorio] -->
            <expr value="  common.versao_aplicativo &gt;= '205' &amp;&amp; common.versao_aplicativo &lt; '500'  " />        
                <command label="seta_C234_TRUE" objectReferenceLabel="VALUE">
                    <targetFieldPath value="CONDICOES.C234"/>
                    <sourceValue value="TRUE"/>
                </command>        
            </if>
        </conditional-block>  


        <conditional-block label="C235" >
            <if objectReferenceLabel="EXPR">
            <!-- Alterado a partir da [Versao 401] de [condicional C1] para [condicional C37] -->
            <expr value="  common.versao_aplicativo &lt; '401'  " />        
                <command label="seta_C235_C001" objectReferenceLabel="COPY">
                    <targetFieldPath value="CONDICOES.C235"/>
                    <sourceFieldPath value="CONDICOES.C001"/>
                </command>        
            </if>
            <else-if objectReferenceLabel="EXPR">
            <expr value="  common.versao_aplicativo &gt;= '401'  " />        
                <command label="seta_C235_C037" objectReferenceLabel="COPY">
                    <targetFieldPath value="CONDICOES.C235"/>
                    <sourceFieldPath value="CONDICOES.C037"/>
                </command>
            </else-if>
        </conditional-block>  


        <conditional-block label="C236" >
            <if objectReferenceLabel="EXPR">
            <!-- Alterado a partir da [Versao 500] de [mandatorio] para [condicional C11] -->
            <expr value="  common.versao_aplicativo &lt; '500'  " />        
                <command label="seta_C236_TRUE" objectReferenceLabel="VALUE">
                    <targetFieldPath value="CONDICOES.C236"/>
                    <sourceValue value="TRUE"/>
                </command>        
            </if>
            <else-if objectReferenceLabel="EXPR">
            <expr value="  common.versao_aplicativo &gt;= '500'  " />        
                <command label="seta_C236_C011" objectReferenceLabel="COPY">
                    <targetFieldPath value="CONDICOES.C236"/>
                    <sourceFieldPath value="CONDICOES.C011"/>
                </command>
            </else-if>
        </conditional-block>  


        <conditional-block label="C237" >
            <if objectReferenceLabel="EXPR">
            <!-- Alterado a partir da [Versao 500] de [mandatorio] para [condicional C0], alterado a partir da [Versao 501] para [mandatorio] -->
            <expr value="  common.versao_aplicativo &lt; '500'  " />        
                <command label="seta_C237_TRUE" objectReferenceLabel="VALUE">
                    <targetFieldPath value="CONDICOES.C237"/>
                    <sourceValue value="TRUE"/>
                </command>        
            </if>
            <else-if objectReferenceLabel="EXPR">
            <expr value="  common.versao_aplicativo == '500'  " />        
                <command label="seta_C237_indiferente" objectReferenceLabel="VALUE">
                    <targetFieldPath value="CONDICOES.C237"/>
                    <sourceValue value="indiferente"/>
                </command>
            </else-if>
            <else-if objectReferenceLabel="EXPR">
            <expr value="  common.versao_aplicativo &gt;= '501'  " />        
                <command label="seta_C237_TRUE" objectReferenceLabel="VALUE">
                    <targetFieldPath value="CONDICOES.C237"/>
                    <sourceValue value="TRUE"/>
                </command>
            </else-if>
        </conditional-block>  


        <conditional-block label="C238" >
            <if objectReferenceLabel="EXPR">
            <!-- Alterado a partir da [Versao 401] de [condicional C4] para [condicional C0], alterado a partir da [Versao 500] para [condicional C4], alterado a partir da [Versao 501] para [condicional C0] -->
            <expr value="  common.versao_aplicativo &lt; '401'  " />        
                <command label="seta_C238_C004" objectReferenceLabel="COPY">
                    <targetFieldPath value="CONDICOES.C238"/>
                    <sourceFieldPath value="CONDICOES.C004"/>
                </command>        
            </if>
            <else-if objectReferenceLabel="EXPR">
            <expr value="  common.versao_aplicativo == '401'  " />        
                <command label="seta_C238_indiferente" objectReferenceLabel="VALUE">
                    <targetFieldPath value="CONDICOES.C238"/>
                    <sourceValue value="indiferente"/>
                </command>
            </else-if>
            <else-if objectReferenceLabel="EXPR">
            <expr value="  common.versao_aplicativo == '500'  " />        
                <command label="seta_C238_C004" objectReferenceLabel="COPY">
                    <targetFieldPath value="CONDICOES.C238"/>
                    <sourceFieldPath value="CONDICOES.C004"/>
                </command>
            </else-if>
            <else-if objectReferenceLabel="EXPR">
            <expr value="  common.versao_aplicativo &gt;= '501'  " />        
                <command label="seta_C238_indiferente" objectReferenceLabel="VALUE">
                    <targetFieldPath value="CONDICOES.C238"/>
                    <sourceValue value="indiferente"/>
                </command>
            </else-if>
        </conditional-block>  


        <conditional-block label="C239" >
            <if objectReferenceLabel="EXPR">
            <!-- Alterado a partir da [Versao 500] de [condicional C8] para [condicional C4] -->
            <expr value="  common.versao_aplicativo &lt; '500'  " />        
                <command label="seta_C239_C008" objectReferenceLabel="COPY">
                    <targetFieldPath value="CONDICOES.C239"/>
                    <sourceFieldPath value="CONDICOES.C008"/>
                </command>        
            </if>
            <else-if objectReferenceLabel="EXPR">
            <expr value="  common.versao_aplicativo &gt;= '500'  " />        
                <command label="seta_C239_C004" objectReferenceLabel="COPY">
                    <targetFieldPath value="CONDICOES.C239"/>
                    <sourceFieldPath value="CONDICOES.C004"/>
                </command>
            </else-if>
        </conditional-block>  


        <conditional-block label="C240" >
            <if objectReferenceLabel="EXPR">
            <!-- Removido a partir da [Versao 500], era [condicional C0] -->
            <expr value="  common.versao_aplicativo &lt; '500'  " />        
                <command label="seta_C240_indiferente" objectReferenceLabel="VALUE">
                    <targetFieldPath value="CONDICOES.C240"/>
                    <sourceValue value="indiferente"/>
                </command>        
            </if>
        </conditional-block>  


        <conditional-block label="C241" >
            <if objectReferenceLabel="EXPR">
            <!-- Inserido a partir da [Versao 500] como [condicional C24] -->
            <expr value="  common.versao_aplicativo &gt;= '500' &amp;&amp; common.versao_aplicativo &lt; '600'  " />        
                <command label="seta_C241_C024" objectReferenceLabel="COPY">
                    <targetFieldPath value="CONDICOES.C241"/>
                    <sourceFieldPath value="CONDICOES.C024"/>
                </command>        
            </if>
        </conditional-block>  


        <conditional-block label="C242" >
            <if objectReferenceLabel="EXPR">
            <!-- Inserido a partir da [Versao 501] como [condicional C4] -->
            <expr value="  common.versao_aplicativo &gt;= '501' &amp;&amp; common.versao_aplicativo &lt; '600'  " />        
                <command label="seta_C242_C004" objectReferenceLabel="COPY">
                    <targetFieldPath value="CONDICOES.C242"/>
                    <sourceFieldPath value="CONDICOES.C004"/>
                </command>        
            </if>
        </conditional-block>  


        <conditional-block label="C243" >
            <if objectReferenceLabel="EXPR">
            <!-- Alterado a partir da [Versao 500] de [mandatorio] para [condicional C0] -->
            <expr value="  common.versao_aplicativo &lt; '500'  " />        
                <command label="seta_C243_TRUE" objectReferenceLabel="VALUE">
                    <targetFieldPath value="CONDICOES.C243"/>
                    <sourceValue value="TRUE"/>
                </command>        
            </if>
            <else-if objectReferenceLabel="EXPR">
            <expr value="  common.versao_aplicativo &gt;= '500'  " />        
                <command label="seta_C243_indiferente" objectReferenceLabel="VALUE">
                    <targetFieldPath value="CONDICOES.C243"/>
                    <sourceValue value="indiferente"/>
                </command>
            </else-if>
        </conditional-block>  


        <conditional-block label="C244" >
            <if objectReferenceLabel="EXPR">
            <!-- Alterado a partir da [Versao 500] de [mandatorio] para [opcional] -->
            <expr value="  common.versao_aplicativo &lt; '500'  " />        
                <command label="seta_C244_TRUE" objectReferenceLabel="VALUE">
                    <targetFieldPath value="CONDICOES.C244"/>
                    <sourceValue value="TRUE"/>
                </command>        
            </if>
            <else-if objectReferenceLabel="EXPR">
            <expr value="  common.versao_aplicativo &gt;= '500'  " />        
                <command label="seta_C244_indiferente" objectReferenceLabel="VALUE">
                    <targetFieldPath value="CONDICOES.C244"/>
                    <sourceValue value="indiferente"/>
                </command>
            </else-if>
        </conditional-block>  


        <conditional-block label="C245" >
            <if objectReferenceLabel="EXPR">
            <!-- Inserido a partir da [Versao 603] como [mandatorio] -->
            <expr value="  common.versao_aplicativo &gt;= '603'  " />        
                <command label="seta_C245_TRUE" objectReferenceLabel="VALUE">
                    <targetFieldPath value="CONDICOES.C245"/>
                    <sourceValue value="TRUE"/>
                </command>        
            </if>
        </conditional-block>  

        <conditional-block label="C246" >
            <if objectReferenceLabel="EXPR">
            <expr value="target.segments.acquirer_common.respDcc == '02'" />        
                <command label="seta_C246_TRUE" objectReferenceLabel="VALUE">
                    <targetFieldPath value="CONDICOES.C246"/>
                    <sourceValue value="TRUE"/>
                </command>        
            </if>
            <else>
                <command label="seta_C246_OPC" objectReferenceLabel="VALUE">
                    <targetFieldPath value="CONDICOES.C246"/>
                    <sourceValue value="indiferente"/>
                </command>        
            </else>
        </conditional-block>  















        
    </dataManip>        
</dataManip-list>
