<?xml version="1.0" encoding="iso-8859-1"?>
<!DOCTYPE dataManip-list SYSTEM "../../../PDV/dtd/fwsw/DataManip.dtd">

<dataManip-list>
    <dataManip label="CodFuncAssign" > 
        <fieldSetReference reference="arg0.shc_msg" alias="shc_msg"/>
        <fieldSetReference reference="arg0.segments.common" alias="common"/>
        <fieldSetReference reference="arg1" alias="result"/>

        <declare label="LOCAL">
            <field label="bit63Prefix2" />    
        </declare>    
        
        <command label="set_cod_fun_0" objectReferenceLabel="VALUE" >
            <targetFieldPath value="result.COD_FUN" />
            <sourceValue value="0" />
        </command>
        
        <conditional-block label="set_cod_fun_credito" >
            <if objectReferenceLabel="EXPR">
            <expr value="(shc_msg.msgtype == '100' &amp;&amp; (shc_msg.pcode == '3000' || shc_msg.pcode == '3800') )" />
            
                <command label="set_cod_fun_1" objectReferenceLabel="VALUE" >
                    <targetFieldPath value="result.COD_FUN" />
                    <sourceValue value="1" />
                </command>
                
            </if>    
            <else-if objectReferenceLabel="EXPR">
            <expr value="(shc_msg.msgtype == '200' &amp;&amp; shc_msg.pcode == '2000' )" />
            
                <command label="set_cod_fun" objectReferenceLabel="VALUE" >
                    <targetFieldPath value="result.COD_FUN" />
                    <sourceValue value="4" />
                </command>
                
            </else-if>
            <else-if objectReferenceLabel="EXPR">
            <expr value="(shc_msg.msgtype == '200' &amp;&amp; shc_msg.pcode in ('3000, 3009, 3800') )" />
                <conditional-block label="check_cod_trans" >
                    <if objectReferenceLabel="EXPR">
                    <expr value="common.cod_trans == '3'"/>
                    
                        <command label="set_cod_fun_2" objectReferenceLabel="VALUE" >
                            <targetFieldPath value="result.COD_FUN" />
                            <sourceValue value="2" />
                        </command>
                        
                    </if>    
                    <else-if objectReferenceLabel="EXPR">
                    <expr value="common.cod_trans == '2' || common.cod_trans == '1' "/>
                    
                        <command label="set_cod_fun_1" objectReferenceLabel="VALUE" >
                            <targetFieldPath value="result.COD_FUN" />
                            <sourceValue value="1" />
                        </command>
                        
                    </else-if>
                </conditional-block>
            </else-if>
            <else-if objectReferenceLabel="EXPR">
            <expr value="( shc_msg.msgtype == '200' &amp;&amp; shc_msg.pcode == '9000' 
                           &amp;&amp; common.cod_trans == '8' )" />
                           
                <command label="set_cod_fun" objectReferenceLabel="VALUE" >
                    <targetFieldPath value="result.COD_FUN" />
                    <sourceValue value="19" />
                </command>
                
            </else-if>   
           <else-if objectReferenceLabel="EXPR">
            <expr value="( shc_msg.msgtype == '200' &amp;&amp; ( 
                           shc_msg.pcode == '22000' || shc_msg.pcode == '23000' ) )" />
                           
                <command label="set_cod_fun" objectReferenceLabel="VALUE" >
                    <targetFieldPath value="result.COD_FUN" />
                    <sourceValue value="8" />
                </command>
                
            </else-if>         
            <else-if objectReferenceLabel="EXPR">
            <expr value="( shc_msg.msgtype == '200' &amp;&amp; shc_msg.pcode == '29000'
                           &amp;&amp; common.cod_trans == '8'  )" />
                           
                <command label="set_cod_fun" objectReferenceLabel="VALUE" >
                    <targetFieldPath value="result.COD_FUN" />
                    <sourceValue value="8" />
                </command>
                
            </else-if>   
            <else-if objectReferenceLabel="EXPR">
            <expr value="(shc_msg.msgtype == '220' &amp;&amp; (shc_msg.pcode == '3000' || shc_msg.pcode == '3800') )" />    
                <conditional-block label="check_cod_trans" >
                    <if objectReferenceLabel="EXPR">
                    <expr value="common.install_num &lt; '2' &amp;&amp; 
                                 common.cod_trans == '1' &amp;&amp;
                                 common.bit63 !='' "/>
                                 
                        <command label="set_cod_fun_1" objectReferenceLabel="VALUE" >
                            <targetFieldPath value="result.COD_FUN" />
                            <sourceValue value="1" />
                        </command>
                        
                    </if>    
                    <else>
                    
                        <command label="set_cod_fun_2" objectReferenceLabel="VALUE" >
                            <targetFieldPath value="result.COD_FUN" />
                            <sourceValue value="2" />
                        </command>
                        
                    </else>
                </conditional-block>
            </else-if>    
            <else-if objectReferenceLabel="EXPR">
            <expr value="(shc_msg.msgtype == '400' &amp;&amp; 
                          (shc_msg.pcode == '3000' || shc_msg.pcode == '3800'))" />
                          
                <command label="set_cod_fun_2" objectReferenceLabel="VALUE" >
                    <targetFieldPath value="result.COD_FUN" />
                    <sourceValue value="2" />
                </command>
                
            </else-if>
            <else-if objectReferenceLabel="EXPR">
            <expr value="(shc_msg.msgtype == '400' &amp;&amp; 
                          shc_msg.pcode == '23000' &amp;&amp;
                          common.bit63 !='' )" />
                          
                <command label="get_bit63_prefix" objectReferenceLabel="SUBSTR" >
                    <sourceFieldPath value = "common.bit63" />
                    <targetFieldPath value = "LOCAL.bit63Prefix2" />
                    <startPosition value = "0" />
                    <length value = "2" />
                </command>                           
                          
                <command label="set_cod_fun_2" objectReferenceLabel="VALUE" >
                    <when objectReferenceLabel="EXPR">
                        <expr value="LOCAL.bit63Prefix2 != '20'" />
                    </when>       
                    <targetFieldPath value="result.COD_FUN" />
                    <sourceValue value="2" />
                </command>
                
            </else-if>
            <else-if objectReferenceLabel="EXPR">
                <expr value="( ( shc_msg.msgtype == '500' || shc_msg.msgtype == '9060' ) 
                                 &amp;&amp; shc_msg.pcode == '970000' )" />            
                <command label="set_cod_fun_2" objectReferenceLabel="VALUE" >
                    <targetFieldPath value="result.COD_FUN" />
                    <sourceValue value="10" />
                </command>
                
            </else-if>                      
        </conditional-block>
    </dataManip>
</dataManip-list>    
