<?xml version="1.0" encoding="iso-8859-1"?>
<!DOCTYPE dataManip-list SYSTEM "../../../PDV/dtd/fwsw/DataManip.dtd">

<dataManip-list>

    <dataManip label="INSERE_ATUALIZA_TBSW00139">
        <fieldSetReference reference="arg0" alias="target"/>
        
        <declare label="TBSW0139">
            <field label="RESULT"/>
            <field label="DAT_MOV_TRAN"/>
            <field label="COD_TERM"/>
            <field label="COD_PNPD_PDV"/>
            <field label="TIP_CIP"/>
            <field label="NUM_PDV"/>
            <field label="NUM_VERS_SRVD_PDV"/>
            <field label="NUM_VERS_CLIT"/>
            <field label="NUM_VERS_APLV_RCD"/>
            <field label="NUM_VERS_SFTW_BBLT_PNPD"/>
            <field label="NUM_VERS_ESPF_BBLT_PNPD"/>
            <field label="COD_FBRC_PDV"/>
            <field label="NOM_SITE_ACQR_ORGL"/>
            <field label="NOM_HOST_ACQR_ORGL"/>
            <field label="NOM_FE_ACQR_ORGL"/>
            <field label="NOM_SITE_ISSR"/>
            <field label="NOM_HOST_ISSR"/>
            <field label="NOM_FE_ISSR"/>
            <field label="NOM_SITE_ACQR_ATLZ"/>
            <field label="NOM_HOST_ACQR_ATLZ"/>
            <field label="NOM_FE_ACQR_ATLZ"/>
            <field label="TIP_GRU_TERM"/>
        </declare>    

        <command label="loader_tbsw0139" objectReferenceLabel="TBSW0139LOADER" >
            <sourceFieldPath value="target"/>
            <targetFieldPath value="TBSW0139" />
        </command>

        <conditional-block label="verifica_operacao">
            <if objectReferenceLabel="EXPR">
                <expr value="TBSW0139.RESULT == 'NO ROWS'"/>
                
                <command label="insert_tbsw0139_record" objectReferenceLabel="TBSW0139INSERTER" >
                    <sourceFieldPath value="target"/>
                    <targetFieldPath value="TBSW0139" />
                </command>

                <command label="  #### Registro inserido com sucesso na tabela TBSW0139" objectReferenceLabel="FIELDSET_DUMP">
                    <when objectReferenceLabel="EXPR">
                        <expr value="TBSW0139.RESULT == 'OK'" />
                    </when>
                    <sourceFieldPath value = "TBSW0139.RESULT" />
                </command>

                <command label="  #### ERROR: Falha para inserir o registro na tabela TBSW0139" objectReferenceLabel="FIELDSET_DUMP">
                    <when objectReferenceLabel="EXPR">
                        <expr value="TBSW0139.RESULT != 'OK'" />
                    </when>
                    <sourceFieldPath value = "TBSW0139.RESULT" />
                </command>

            </if>
            <else-if objectReferenceLabel="EXPR">
                <expr value="TBSW0139.RESULT == 'OK'"/>
                
                <command label="update_tbsw0139_record" objectReferenceLabel="TBSW0139UPDATER" >
                    <sourceFieldPath value="target"/>
                    <targetFieldPath value="TBSW0139" />
                </command>

                <command label="  #### Registro atualizado com sucesso na tabela TBSW0139" objectReferenceLabel="FIELDSET_DUMP">
                    <when objectReferenceLabel="EXPR">
                        <expr value="TBSW0139.RESULT == 'OK'" />
                    </when>
                    <sourceFieldPath value = "TBSW0139.RESULT" />
                </command>

                <command label="  #### ERROR: Falha para atualizar o registro na tabela TBSW0139" objectReferenceLabel="FIELDSET_DUMP">
                    <when objectReferenceLabel="EXPR">
                        <expr value="TBSW0139.RESULT != 'OK'" />
                    </when>
                    <sourceFieldPath value = "TBSW0139.RESULT" />
                </command>

            </else-if>
            <else>
            
                <command label="  #### ERROR: Falha para consultar o registro da tabela TBSW0139" objectReferenceLabel="FIELDSET_DUMP">
                    <sourceFieldPath value = "TBSW0139.RESULT" />
                </command>
                
            </else>
        </conditional-block>
        
    </dataManip>
    
    <dataManip label="CONFIRMACAO_TBSW0139">
        <fieldSetReference reference="arg0" alias="target"/>
        
        <declare label="TBSW0139">
            <field label="RESULT"/>
        </declare>

        <command label="update_tbsw0139_record" objectReferenceLabel="CONFIRMACAO139" >
            <sourceFieldPath value="target"/>
            <targetFieldPath value="TBSW0139" />
        </command>
        
        <command label="  #### Registro confirmado com sucesso na tabela TBSW0139" objectReferenceLabel="FIELDSET_DUMP">
            <when objectReferenceLabel="EXPR">
                <expr value="TBSW0139.RESULT == 'OK'" />
            </when>
            <sourceFieldPath value = "TBSW0139.RESULT" />
        </command>
        
        <command label="  #### WARNING: Nao foi encontrado o registro a ser confirmado na tabela TBSW0139" objectReferenceLabel="FIELDSET_DUMP">
            <when objectReferenceLabel="EXPR">
                <expr value="TBSW0139.RESULT != 'OK'" />
            </when>
            <sourceFieldPath value = "TBSW0139.RESULT" />
        </command>
    </dataManip>
    
</dataManip-list>
