<?xml version="1.0" encoding="iso-8859-1"?>
<!DOCTYPE dataManip-list SYSTEM "../../../PDV/dtd/fwsw/DataManip.dtd">

<dataManip-list>
	    <!-- @Info: Armazena dados de aplicacao do chip para colocar no comprovante -->
    <dataManip label="SetApplDataMaster" >
        <fieldSetReference reference="arg0" alias="target"/>
        <fieldSetReference reference="arg0.shc_msg" alias="shc_msg"/>
        <fieldSetReference reference="arg0.segments.common" alias="common"/>
        <fieldSetReference reference="arg0.segments.chip" alias="chip"/>
        <fieldSetReference reference="arg1" alias="LOCAL"/>

        <declare label="CHIP_FULL_DATA" >
            <field label="CONTEUDO" />
            <field label="BUFFER" />
            <field label="RESULTADO" value="NOTFOUND" />
            <field label="HEADER" value="0" />
            <field label="TAG" value="84" />
        </declare>
                
        <!-- @Info: Prepara dados de chip para busca das informacoes -->
        <command label="copy_chip_full_data" objectReferenceLabel="COPY">
            <sourceFieldPath value="chip.chip_full_data"/>
            <targetFieldPath value="CHIP_FULL_DATA.BUFFER"/>
        </command>
        <command label="buffer_to_upper" objectReferenceLabel="STRINGCASE" >
            <sourceFieldPath value = "CHIP_FULL_DATA.BUFFER" />
            <targetFieldPath value = "CHIP_FULL_DATA.BUFFER" />
            <mode value = "UPPER" />
        </command>

        <conditional-block label="apenas mastercard" >
            <if objectReferenceLabel="EXPR">
                <expr value="common.iss_name == 'MASTERCARD' || common.iss_name == 'MAESTRO'" />
                <command label="SetChipFullDataTag" objectReferenceLabel="VALUE">
                    <sourceValue value="84"/>
                    <targetFieldPath value="CHIP_FULL_DATA.TAG"/>
                </command>
                <command label="get_Tag_84_data" objectReferenceLabel="FIND_DE55">
                    <targetFieldPath value="CHIP_FULL_DATA"/>
                </command>
                <conditional-block label="CheckTAG9F06">
                    <if objectReferenceLabel="EXPR">
                        <expr value="CHIP_FULL_DATA.RESULTADO == 'FOUND'"  />
                        <command label="copy_appl_id" objectReferenceLabel="COPY" >
                            <sourceFieldPath value = "CHIP_FULL_DATA.CONTEUDO" />
                            <targetFieldPath value = "LOCAL.appl_id" />
                        </command>
                        <command label="  ========= LOCAL.appl_id =========" objectReferenceLabel="FIELDSET_DUMP2">
                            <sourceFieldPath value = "LOCAL.appl_id" />
                        </command>
                    </if>
                </conditional-block>
            </if>
        </conditional-block>

    </dataManip>

    <dataManip label="AjusteNetuno" >
        <fieldSetReference reference="arg0" alias="target"/>
        <fieldSetReference reference="arg0.shc_msg" alias="shc_msg"/>
        <fieldSetReference reference="arg0.segments.common" alias="common"/>
        <fieldSetReference reference="arg0.segments.merchant" alias="merchant"/>
        <fieldSetReference reference="arg0.segments.pdv_acquirer" alias="pdv_acquirer"/>
        <fieldSetReference reference="arg1" alias="LOCAL"/>

        <command label=" ====== BRUM AjusteNetuno ====== " objectReferenceLabel="XDUMP">
            <sourceFieldPath value="pdv_acquirer.flag_netuno"/>
            <sourceFieldPath value="common.iss_name" />
            <sourceFieldPath value="common.msg_category" />
            <sourceFieldPath value="common.msg_entrymode" />
            <sourceFieldPath value="common.is_nfc" />
        </command>

        <conditional-block label="ajuste_netuno" >
        <if objectReferenceLabel="EXPR">
        <expr value="pdv_acquirer.flag_netuno == '01' &amp;&amp;
                     common.msg_entrymode == 'CHIP' &amp;&amp; common.is_nfc == 'TRUE' &amp;&amp;
                     common.iss_name in ('MASTERCARD, MAESTRO, VISA_CREDITO, VISA_ELECTRON') &amp;&amp;
                     common.msg_category in ('VENDA, DESFAZIMENTO, ESTORNO') " />
            <command label=" ========= BRUM AjusteNetuno Cod Tcnl 299 ANTES ========= " objectReferenceLabel="FIELDSET_DUMP2">
                <sourceFieldPath value="merchant.in_tpo_tcn" />
            </command>

            <command label="set_cod_tcnl" objectReferenceLabel="VALUE" >
                <sourceValue value="299" />
                <targetFieldPath value="merchant.in_tpo_tcn" />
            </command>

            <command label=" ========= BRUM AjusteNetuno Cod Tcnl 299 DEPOIS ========= " objectReferenceLabel="FIELDSET_DUMP2">
                <sourceFieldPath value="merchant.in_tpo_tcn" />
            </command>
        </if>
        </conditional-block>
    </dataManip>

</dataManip-list>

