<!DOCTYPE table-list SYSTEM "../../../PDV/dtd/common/DBLinkTables.dtd">

<table-list>
	<tablename value = "TBSW0030" owner="SWCAPT"/>
	<tablename value = "TBSW0031" owner="SWCAPT"/>
	<tablename value = "TBSW0032" owner="SWCAPT"/>
	<tablename value = "TBSW0033" owner="SWCAPT"/>
	<tablename value = "TBSW0034" owner="SWCAPT"/>
	<tablename value = "TBSW0035" owner="SWCAPT"/>
	<tablename value = "TBSW0045" owner="SWCAD"/>
	<tablename value = "TBSW0052" owner="SWCAPT"/>
	<tablename value = "TBSW0058" owner="SWCAPT"/>
	<tablename value = "TBSW0083" owner="SWCAPT"/>
	<tablename value = "TBSW0084" owner="SWCAPT"/>
	<tablename value = "TBSW0093" owner="SWCAPT"/>
	<tablename value = "TBSW0101" owner="SWCAPT"/>
	<tablename value = "TBSW0102" owner="SWCAPT"/>
	<tablename value = "TBSW0121" owner="SWCAPT"/>
	<tablename value = "TBSW0129" owner="SWCAPT"/>
	<tablename value = "TBSW0139" owner="SWCAPT"/>
	<tablename value = "TBSW0151" owner="SWCAPT"/>
	<tablename value = "TBSW0152" owner="SWCAPT"/>
	<tablename value = "TBSW0153" owner="SWCAPT"/>
	<tablename value = "TBSW0154" owner="SWCAD"/>
	<tablename value = "TBSW0156" owner="SWCAPT"/>
	<tablename value = "TBSW0157" owner="SWCAPT"/>
	<tablename value = "TBSW0160" owner="SWCAPT"/>
	<tablename value = "TBSW0162" owner="SWCAPT"/>
	<tablename value = "TBSW0164" owner="SWCAPT"/>
	<tablename value = "TBSW0165" owner="SWCAPT"/>
	<tablename value = "TBSW1039" owner="SWCAPT"/>
</table-list>
