<?xml version="1.0" encoding="iso-8859-1"?>
<!DOCTYPE fieldSet-list SYSTEM "../../../PDV/dtd/fwsw/FieldSet.dtd">
<fieldSet-list>
    <fieldSet label="event_data">
        <field label="transactionId">
            <type value="simple" />
            <mask value="DT_UCHAR:4:HEX" />
            <securityMask value="" />
            <isOn value="true" />
            <isSecure value="false" />
        </field>
        <field label="orig_fmt_mb">
            <type value="simple" />
            <mask value="DT_INT" />
            <securityMask value="" />
            <isOn value="true" />
            <isSecure value="false" />
        </field>
        <field label="msg_name">
            <type value="simple" />
            <mask value="DT_CHAR:41" />
            <securityMask value="" />
            <isOn value="true" />
            <isSecure value="false" />
        </field>
        <field label="msg_category">
            <type value="simple" />
            <mask value="DT_CHAR:33" />
            <securityMask value="" />
            <isOn value="true" />
            <isSecure value="false" />
        </field>
        <field label="msg_entrymode">
            <type value="simple" />
            <mask value="DT_CHAR:5" />
            <securityMask value="" />
            <isOn value="true" />
            <isSecure value="false" />
        </field>
        <field label="iss_name">
            <type value="simple" />
            <mask value="DT_CHAR:41" />
            <securityMask value="" />
            <isOn value="true" />
            <isSecure value="false" />
        </field>
        <field label="trn_tem_original">
            <type value="simple" />
            <mask value="DT_CHAR:6" />
            <securityMask value="" />
            <isOn value="true" />
            <isSecure value="false" />
        </field>
        <field label="cod_bndr">
            <type value="simple" />
            <mask value="DT_CHAR:8" />
            <securityMask value="" />
            <isOn value="true" />
            <isSecure value="false" />
        </field>
        <field label="ind_modl_cptr"><!--  necessario por causa do update do campo TIP_MODL_CPTR da tabela 30 -->
            <type value="simple" />
            <mask value="DT_CHAR:2" />
            <securityMask value="" />
            <isOn value="true" />
            <isSecure value="false" />
        </field>
        <field label="acquirer_fmt">
            <type value="simple" />
            <mask value="DT_BIN" />
            <securityMask value="" />
            <isOn value="true" />
            <isSecure value="false" />
        </field>
        <field label="termid_type"><!-- Para poder fazer o map certo caso negue a trn -->
            <type value="simple" />
            <mask value="DT_CHAR:8" />
            <securityMask value="" />
            <isOn value="true" />
            <isSecure value="false" />
        </field>
        <field label="isVAN"><!-- Para poder fazer o map certo caso o iss negue a trn -->
            <type value="simple" />
            <mask value="DT_CHAR:6" />
            <securityMask value="" />
            <isOn value="true" />
            <isSecure value="false" />
        </field>
        <field label="nu_cgc_cpf"><!-- necessario para a tag 0D do DE047 no fmt -->
            <type value="simple" />
            <mask value="DT_CHAR:16" />
            <securityMask value="" />
            <isOn value="true" />
            <isSecure value="false" />
        </field>
        <field label="termid">
            <type value="simple" />
            <mask value="DT_CHAR:9" />
            <securityMask value="" />
            <isOn value="true" />
            <isSecure value="false" />
        </field>
        <field label="termloc">
            <type value="simple" />
            <mask value="DT_CHAR:26" />
            <securityMask value="" />
            <isOn value="true" />
            <isSecure value="false" />
        </field>
        <field label="has_pin"><!-- necessario para usar na insercao e update da 30 / 58 -->
            <type value="simple" />
            <mask value="DT_CHAR:6" />
            <securityMask value="" />
            <isOn value="true" />
            <isSecure value="false" />
        </field>
        <field label="ecr_sftw_verid"><!-- necessario para o cupom -->
            <type value="simple" />
            <mask value="DT_CHAR:8" />
            <securityMask value="" />
            <isOn value="true" />
            <isSecure value="false" />
        </field>
        <field label="versao_aplicativo">
            <type value="simple" />
            <mask value="DT_INT" />
            <securityMask value="" />
            <isOn value="true" />
            <isSecure value="false" />
        </field>
        <field label="num_vers_clit"><!-- usado na gravacao da TBSW0139 ..-->
            <type value="simple" />
            <mask value="DT_CHAR:10" />
            <securityMask value="" />
            <isOn value="true" />
            <isSecure value="false" />
        </field>
        <field label="num_vers_aplv_rcd">
            <type value="simple" />
            <mask value="DT_CHAR:10" />
            <securityMask value="" />
            <isOn value="true" />
            <isSecure value="false" />
        </field>
        <field label="is_desfz_emissor"><!-- usado no desfazimento -->
            <type value="simple" />
            <mask value="DT_CHAR:2" />
            <securityMask value="" />
            <isOn value="true" />
            <isSecure value="false" />
        </field>
        <field label="cod_servico">
            <type value="simple" />
            <mask value="DT_INT" />
            <securityMask value="" />
            <isOn value="true" />
            <isSecure value="false" />
        </field>
        <field label="tipo_titulo">
            <type value="simple" />
            <mask value="DT_CHAR:4" />
            <securityMask value="" />
            <isOn value="true" />
            <isSecure value="false" />
        </field>
        <field label="bndr_name">
            <type value="simple" />
            <mask value="DT_CHAR:41" />
            <securityMask value="" />
            <isOn value="true" />
            <isSecure value="false" />
        </field>
        <field label="num_sre_term">
            <type value="simple" />
            <mask value="DT_UCHAR:34" />
            <securityMask value="" />
            <isOn value="true" />
            <isSecure value="false" />
        </field>
        <field label="acq_name"><!-- Necessario para 47.31 -->
            <type value="simple" />
            <mask value="DT_CHAR:4" />
            <securityMask value="" />
            <isOn value="true" />
            <isSecure value="false" />
        </field>
    </fieldSet>
</fieldSet-list>
