<?xml version="1.0" encoding="iso-8859-1"?>
<!DOCTYPE mapping-list SYSTEM "../../../PDV/dtd/fwsw/Mapping.dtd">

<mapping-list>
	<mapping label="MAPA_NOME_BANDEIRA">
        <row key= "1" data="BNDR_MASTER_CRT" />
        <row key= "2" data="BNDR_DINERS" />
        <row key= "5" data="BNDR_VISA_CRT" />
        <row key="17" data="BNDR_MASTER_DBT" />
        <row key="19" data="BNDR_VOUCHER" />
        <row key="20" data="BNDR_CONSTRUCARD" />
        <row key="21" data="BNDR_PRIVATE_LABEL" />
        <row key="50" data="BNDR_CABAL_DBT" />
        <row key="51" data="BNDR_CABAL_CRT" />
        <row key="55" data="BNDR_VISA_DBT" />
        <row key="60" data="BNDR_HIPERCARD" />
        <row key="61" data="BNDR_SOROCRED" />
        <row key="62" data="BNDR_COOPERCRED" />
        <row key="63" data="BNDR_UPI" />
        <row key="64" data="BNDR_SICREDI_CRT" />
        <row key="65" data="BNDR_SICREDI_DBT" />
        <row key="66" data="BNDR_CALCARD" />
        <row key="67" data="BNDR_AVISTA" />
        <row key="68" data="BNDDR_CREDSYSTEM" />
	</mapping>
</mapping-list>
