<?xml version="1.0" encoding="iso-8859-1"?>
<!DOCTYPE mapping-list SYSTEM "../../../PDV/dtd/fwsw/Mapping.dtd">

<mapping-list>
	<mapping label="MAPA_RESP">
        <row key="A" data="AAO CPF COINCIDE, CEP E ENDERECO NAO COINCIDEM." />
        <row key="N" data="ANNADA COINCIDE." />
        <row key="R" data="ARPROBLEMAS DE CONEXAO DO EMISSOR/TENTE NOVAMENTE." />
        <row key="S" data="ASO CEP E ENDERECO COINCIDEM, CPF NAO COINCIDE." />
        <row key="U" data="AUO CEP E CPF NAO COINCIDEM, ENDERECO COINCIDE." />
        <row key="W" data="AWSIM, TODOS OS DIGITOS COINCIDEM." />
        <row key="X" data="AXO CEP E CPF COINCIDEM, ENDERECO NAO COINCIDE." />
        <row key="Y" data="AYO CEP COINCIDE, CPF E ENDERECO NAO COINCIDEM." />
        <row key="Z" data="AZO CPF E ENDERECO COINCIDEM, CEP NAO COINCIDE." />
	</mapping>
</mapping-list>
