<?xml version="1.0" encoding="iso-8859-1"?>
<!DOCTYPE mapping-list SYSTEM "../../../PDV/dtd/fwsw/Mapping.dtd">

<mapping-list>
    <mapping label="MAPA_TRAVA_MODO_CAPTURA_NAO_PERMITIDAS">
        <!--row key="common.iss_name|common.msg_entrymode|common.is_fallback|common.is_nfc" data=" " /-->
        <!-- DUMMY abaixo apenas para evitrar Exception:Tag <row> not found...  -->
        <row key="DUMMY|MAG|FALSE|FALSE"                data="FALSE" />
        <row key="ELO_CRT_FULL|DIG|TRUE|FALSE"          data="TRUE" />
        <row key="ELO_CRT_FULL|MAG|FALSE|TRUE"          data="TRUE" />
        <!-- BRUM - EAK-1662 - 21/08/2019 - Aceitar transacao NFC Chip Elo credito -->
        <row key="ELO_DBT_FULL|DIG|TRUE|FALSE"          data="TRUE" />
        <row key="ELO_DBT_FULL|MAG|FALSE|TRUE"          data="TRUE" />
        <!-- BRUM - EAK-1662 - 21/08/2019 - Aceitar transacao NFC Chip Elo debito -->
        <row key="AMEX_FULL|DIG|TRUE|FALSE"             data="TRUE" />
        <row key="AMEX_FULL|MAG|TRUE|FALSE"             data="TRUE" />
        <row key="AMEX_FULL|MAG|FALSE|TRUE"             data="TRUE" />
        <row key="AMEX_FULL|CHIP|FALSE|TRUE"            data="TRUE" />
    </mapping>
</mapping-list>
