<?xml version="1.0" encoding="iso-8859-1"?>
<!DOCTYPE mapping-list SYSTEM "../../../PDV/dtd/fwsw/Mapping.dtd">

<mapping-list>
    <mapping label="MAPA_COD_MOEDA">
        <row key="8"   data="ALL" />
        <row key="12"  data="DZD" />
        <row key="32"  data="ARS" />
        <row key="36"  data="AUD" />
        <row key="44"  data="BSD" />
        <row key="48"  data="BHD" />
        <row key="50"  data="BDT" />
        <row key="52"  data="BBD" />
        <row key="60"  data="BMD" />
        <row key="64"  data="BTN" />
        <row key="68"  data="BOB" />
        <row key="72"  data="BWP" />
        <row key="84"  data="BZD" />
        <row key="90"  data="SBD" />
        <row key="96"  data="BND" />
        <row key="104" data="MMK" />
        <row key="108" data="BIF" />
        <row key="116" data="KHR" />
        <row key="124" data="CAD" />
        <row key="132" data="CVE" />
        <row key="136" data="KYD" />
        <row key="144" data="LKR" />
        <row key="152" data="CLP" />
        <row key="156" data="CNY" />
        <row key="170" data="COP" />
        <row key="174" data="KMF" />
        <row key="188" data="CRC" />
        <row key="191" data="HRK" />
        <row key="192" data="CUP" />
        <row key="203" data="CZK" />
        <row key="208" data="DKK" />
        <row key="214" data="DOP" />
        <row key="222" data="SVC" />
        <row key="230" data="ETB" />
        <row key="238" data="FKP" />
        <row key="242" data="FJD" />
        <row key="262" data="DJF" />
        <row key="270" data="GMD" />
        <row key="292" data="GIP" />
        <row key="320" data="GTQ" />
        <row key="324" data="GNF" />
        <row key="328" data="GYD" />
        <row key="332" data="HTG" />
        <row key="340" data="HNL" />
        <row key="344" data="HKD" />
        <row key="348" data="HUF" />
        <row key="352" data="ISK" />
        <row key="356" data="INR" />
        <row key="360" data="IDR" />
        <row key="368" data="IQD" />
        <row key="376" data="ILS" />
        <row key="388" data="JMD" />
        <row key="392" data="JPY" />
        <row key="398" data="KZT" />
        <row key="400" data="JOD" />
        <row key="404" data="KES" />
        <row key="410" data="KRW" />
        <row key="414" data="KWD" />
        <row key="417" data="KGS" />
        <row key="418" data="LAK" />
        <row key="422" data="LBP" />
        <row key="426" data="LSL" />
        <row key="430" data="LRD" />
        <row key="434" data="LYD" />
        <row key="446" data="MOP" />
        <row key="454" data="MWK" />
        <row key="458" data="MYR" />
        <row key="462" data="MVR" />
        <row key="480" data="MUR" />
        <row key="484" data="MXN" />
        <row key="496" data="MNT" />
        <row key="498" data="MDL" />
        <row key="504" data="MAD" />
        <row key="512" data="OMR" />
        <row key="516" data="NAD" />
        <row key="524" data="NPR" />
        <row key="532" data="ANG" />
        <row key="533" data="AWG" />
        <row key="548" data="VUV" />
        <row key="554" data="NZD" />
        <row key="558" data="NIO" />
        <row key="566" data="NGN" />
        <row key="578" data="NOK" />
        <row key="586" data="PKR" />
        <row key="590" data="PAB" />
        <row key="598" data="PGK" />
        <row key="600" data="PYG" />
        <row key="604" data="PEN" />
        <row key="608" data="PHP" />
        <row key="634" data="QAR" />
        <row key="643" data="RUB" />
        <row key="646" data="RWF" />
        <row key="654" data="SHP" />
        <row key="682" data="SAR" />
        <row key="690" data="SCR" />
        <row key="694" data="SLL" />
        <row key="702" data="SGD" />
        <row key="704" data="VND" />
        <row key="706" data="SOS" />
        <row key="710" data="ZAR" />
        <row key="728" data="SSP" />
        <row key="748" data="SZL" />
        <row key="752" data="SEK" />
        <row key="756" data="CHF" />
        <row key="764" data="THB" />
        <row key="776" data="TOP" />
        <row key="780" data="TTD" />
        <row key="784" data="AED" />
        <row key="788" data="TND" />
        <row key="800" data="UGX" />
        <row key="807" data="MKD" />
        <row key="818" data="EGP" />
        <row key="826" data="GBP" />
        <row key="834" data="TZS" />
        <row key="840" data="USD" />
        <row key="858" data="UYU" />
        <row key="860" data="UZS" />
        <row key="882" data="WST" />
        <row key="886" data="YER" />
        <row key="901" data="TWD" />
        <row key="928" data="VES" />
        <row key="929" data="MRU" />
        <row key="930" data="STN" />
        <row key="932" data="ZWL" />
        <row key="933" data="BYN" />
        <row key="934" data="TMT" />
        <row key="936" data="GHS" />
        <row key="941" data="RSD" />
        <row key="943" data="MZN" />
        <row key="944" data="AZN" />
        <row key="946" data="RON" />
        <row key="949" data="TRY" />
        <row key="950" data="XAF" />
        <row key="951" data="XCD" />
        <row key="952" data="XOF" />
        <row key="953" data="XPF" />
        <row key="967" data="ZMW" />
        <row key="968" data="SRD" />
        <row key="969" data="MGA" />
        <row key="971" data="AFN" />
        <row key="972" data="TJS" />
        <row key="973" data="AOA" />
        <row key="975" data="BGN" />
        <row key="976" data="CDF" />
        <row key="977" data="BAM" />
        <row key="978" data="EUR" />
        <row key="980" data="UAH" />
        <row key="981" data="GEL" />
        <row key="985" data="PLN" />
        <row key="986" data="BRL" />
    </mapping>
</mapping-list>
