<?xml version="1.0" encoding="iso-8859-1"?>
<!DOCTYPE mapping-list SYSTEM "../../../PDV/dtd/fwsw/Mapping.dtd">

<mapping-list>
    <mapping label="MAPA_TRAVA_MODO_CAPTURA">
        <!--row key="common.iss_name|common.msg_entrymode|common.is_fallback|common.is_nfc" data=" " /-->
        <!-- DUMMY abaixo apenas para evitrar Exception:Tag <row> not found... Qdo cadastrar row de verdade, remova DUMMY -->
        <row key="ELO_CRT_FULL|DIG|TRUE|FALSE"          data="TRUE" />
        <row key="ELO_CRT_FULL|MAG|FALSE|TRUE"          data="TRUE" />
        <row key="ELO_DBT_FULL|DIG|TRUE|FALSE"          data="TRUE" />
        <row key="ELO_DBT_FULL|MAG|FALSE|TRUE"          data="TRUE" />
        <row key="AMEX_FULL|DIG|TRUE|FALSE"             data="TRUE" />
        <row key="AMEX_FULL|MAG|FALSE|TRUE"             data="TRUE" />
    </mapping>
</mapping-list>
