<?xml version="1.0" encoding="iso-8859-1"?>
<!DOCTYPE mapping-list SYSTEM "../../../PDV/dtd/fwsw/Mapping.dtd">

<mapping-list>

    <mapping label="MAPA_COD_TRAN">

        <!-- CRT: -->
        <row key="VEND_CRT"                     data="1" />
        <row key="VEND_IATA_AVISTA"             data="1" />
        <row key="PREAUT"                       data="1" />
        <row key="CONF_PREAUT"                  data="1" />

        <row key="VEND_CRT_PARC_CJURO"          data="2" />

        <row key="VEND_CRT_PARC_SJURO"          data="3" />
        <row key="VEND_IATA_PARC_SJURO"         data="3" />
        <row key="PREAUT_PARC_SJURO"            data="3" />
        <row key="CONF_PREAUT_PARC_SJURO"       data="3" />

        <row key="VEND_IATA_PARC_CJURO"         data="2" />
        <row key="AUT_IATA"                     data="0" />
        <row key="ADV_VEND_CRT"                 data="1" />
        <row key="ADV_VEND_CRT_NEG"             data="1" />
        <row key="ADV_VEND_CRT_PARC_CJUROS_NEG" data="2" />
        <row key="ADV_VEND_CRT_PARC_SJUROS_NEG" data="3" />
        <row key="ADV_PREAUT_NEG"               data="1" />
        <row key="ADV_PREAUT_PSJ_NEG"           data="1" />
        <row key="ADV_CONF_PREAUT_NEG"          data="1" />
        <row key="ADV_CONF_PREAUT_PARC_NEG"     data="3" />
        <row key="CONS_AVS"                     data="0" />

        <!-- DBT: -->
        <row key="VEND_DBT_AVISTA"              data="9" />
        <row key="VEND_DBT_CORBAN"              data="9" />
        <row key="VEND_CSAQ"                    data="9" />
        <row key="VEND_PARC_MAIS"               data="9" />
        <row key="PAG_CON_DEB"                  data="9" />
        <row key="PAG_CON_DIN"                  data="9" />

        <row key="VEND_DBT_PREDAT"              data="16" />

        <row key="PAG_FATURA_CRT"                   data="126" />
        <row key="PAG_FATURA_DBT"                   data="126" />

        <row key="ADV_VEND_DBT_NEG"             data="9" />
        <row key="ADV_VEND_DBT_PREDAT_NEG"      data="0" />
        
        <!-- Padronizacao Crediario PDV - INICIO -->
        <row key="CREDIARIO_SIMUL"              data="37" />
        <row key="CREDIARIO_VENDA"              data="37" />
        <!-- Padronizacao Crediario PDV - FIM -->

    </mapping>

</mapping-list>

