<?xml version="1.0" encoding="iso-8859-1"?>
<!DOCTYPE mapping-list SYSTEM "../../../PDV/dtd/fwsw/Mapping.dtd">

<mapping-list>
	<mapping label="MAPA_TRANSACOES">
        <!--row key="NOME_TRANSACAO"              data="MAG/CHIP|DIG/NIL|Subtranscode|CodFun|CATEGORY|MSG_SUB_CATEGORY|IS_VOID|IS_REVERSAL|IS_3A_PERNA|IS_PRE_AUTH|PROCESSAMENTO" /-->
        <row key="ADV_CONF_PREAUT_NEG"                  data="79|00|00|0|ADV_NEGADO|CRT|FALSE|FALSE|FALSE|TRUE|Processada" />
        <row key="ADV_CONF_PREAUT_PARC_NEG"             data="79|00|00|0|ADV_NEGADO|CRT|FALSE|FALSE|FALSE|TRUE|Processada" />
        <row key="ADV_PAG_FATURA_DBT"                   data="79|00|00|0|ADV_APROVADO|DBT|FALSE|FALSE|FALSE|FALSE|Dropada" />
        <row key="ADV_PAG_FATURA_CRT"                   data="79|00|00|0|ADV_APROVADO|CRT|FALSE|FALSE|FALSE|FALSE|Dropada" />
        <row key="ADV_PREAUT_NEG"                       data="79|00|00|0|ADV_NEGADO|CRT|FALSE|FALSE|FALSE|TRUE|Processada" />
        <row key="ADV_PREAUT_PSJ_NEG"                   data="79|00|00|0|ADV_NEGADO|CRT|FALSE|FALSE|FALSE|TRUE|Processada" />
        <row key="ADV_VEND_CRT"                         data="79|00|00|0|ADV_APROVADO|CRT|FALSE|FALSE|FALSE|FALSE|Processada" />
        <row key="ADV_VEND_CRT_NEG"                     data="79|00|00|0|ADV_NEGADO|CRT|FALSE|FALSE|FALSE|FALSE|Processada" />
        <row key="ADV_VEND_CRT_PARC_CJUROS_NEG"         data="79|00|00|0|ADV_NEGADO|CRT|FALSE|FALSE|FALSE|FALSE|Processada" />
        <row key="ADV_VEND_CRT_PARC_SJUROS_NEG"         data="79|00|00|0|ADV_NEGADO|CRT|FALSE|FALSE|FALSE|FALSE|Processada" />
        <row key="ADV_VEND_DBT"                         data="79|00|00|0|ADV_APROVADO|DBT|FALSE|FALSE|FALSE|FALSE|Dropada" />
        <row key="ADV_VEND_DBT_NEG"                     data="79|00|00|0|ADV_NEGADO|DBT|FALSE|FALSE|FALSE|FALSE|Processada" />
        <row key="ADV_VEND_DBT_PREDAT_NEG"              data="79|00|00|0|ADV_NEGADO|DBT|FALSE|FALSE|FALSE|FALSE|Processada" />
        <row key="ADV_VEND_PL"                          data="79|00|00|0|ADV_NEGADO|PL|FALSE|FALSE|FALSE|FALSE|Processada" />
        <row key="ADV_VEND_VCH"                         data="22|00|00|0|ADV_APROVADO|VCH|FALSE|FALSE|FALSE|FALSE|Processada" />
        <row key="ADV_VEND_VCH_NEG"                     data="22|00|00|0|ADV_NEGADO|VCH|FALSE|FALSE|FALSE|FALSE|Processada" />
        <row key="ADV_VEND_VCH_FROT_NEG"                data="22|00|00|0|ADV_NEGADO|VCH|FALSE|FALSE|FALSE|FALSE|Processada" />
        <row key="AUT_IATA"                             data="00|00|00|0|VENDA|CRT|FALSE|FALSE|FALSE|FALSE|Travada" />
        <row key="BAIXA_OS"                             data="31|00|00|0|ADMINISTRATIVA|ADM|FALSE|FALSE|FALSE|FALSE|Processada" />
        <row key="CONF_PAG_CON"                         data="00|00|00|0|CONFIRMACAO|DBT|FALSE|FALSE|TRUE|FALSE|Travada" />
        <row key="CONF_PREAUT"                          data="68|69|00|0|CONF_PREAUT|CRT|FALSE|FALSE|FALSE|TRUE|Processada" />
        <row key="CONF_PREAUT_3PERNA"                   data="68|69|00|0|CONFIRMACAO|CRT|FALSE|FALSE|TRUE|TRUE|Processada" />
        <row key="CONF_PREAUT_PARC_SJURO"               data="80|81|00|0|CONF_PREAUT|CRT|FALSE|FALSE|FALSE|TRUE|Processada" />
        <row key="CONF_RES_VEND"                        data="00|11|00|0|ADMINISTRATIVA|ADM|FALSE|FALSE|TRUE|FALSE|Processada" />
        <row key="CONF_TROCA_SENHA_VCH_CHIP"            data="35|00|00|0|CONFIRMACAO|VCH|FALSE|FALSE|TRUE|FALSE|Processada" />
        <row key="CONF_VEND_CRT"                        data="07|07|00|0|CONFIRMACAO|CRT|FALSE|FALSE|TRUE|FALSE|Processada" />
        <row key="CONF_VEND_CRT_PARC_CJURO"             data="05|06|00|0|CONFIRMACAO|CRT|FALSE|FALSE|TRUE|FALSE|Processada" />
        <!-- Padronizacao Crediario PDV - INICIO -->
        <row key="CONF_CREDIARIO_SIMUL"                 data="20|20|00|0|CONFIRMACAO|CRT|FALSE|FALSE|TRUE|FALSE|Processada" />
        <row key="CONF_CREDIARIO_VENDA"                 data="21|21|00|0|CONFIRMACAO|CRT|FALSE|FALSE|TRUE|FALSE|Processada" />
        <!-- Padronizacao Crediario PDV - FIM -->
        <row key="CONF_VEND_CSAQ"                       data="01|00|03|0|CONFIRMACAO|DBT|FALSE|FALSE|TRUE|FALSE|Processada" />
        <row key="CONF_VEND_DBT_GEN"                    data="01|00|00|0|CONFIRMACAO|DBT|FALSE|FALSE|TRUE|FALSE|Processada" />
        <row key="CONF_VEND_DBT_PREDAT"                 data="57|00|00|0|CONFIRMACAO|DBT|FALSE|FALSE|TRUE|FALSE|Processada" />
        <row key="CONF_VEND_IATA"                       data="39|39|00|0|CONFIRMACAO|CRT|FALSE|FALSE|TRUE|FALSE|Processada" />
        <row key="CONF_VEND_IATA_PARC_CJURO"            data="05|06|00|0|CONFIRMACAO|CRT|FALSE|FALSE|TRUE|FALSE|Processada" /> <!-- Nava EAK-2259 -->
        <row key="CONF_VEND_PL"                         data="00|74|00|0|CONFIRMACAO|PL|FALSE|FALSE|TRUE|FALSE|Processada" />
        <row key="CONF_VEND_VCH"                        data="67|00|00|0|CONFIRMACAO|VCH|FALSE|FALSE|TRUE|FALSE|Processada" />
        <row key="CONF_VEND_VCH_FROT"                   data="67|00|00|0|CONFIRMACAO|VCH|FALSE|FALSE|TRUE|FALSE|Processada" />
        <row key="CONS_AVS"                             data="00|17|00|0|CONSULTA|CRT|FALSE|FALSE|FALSE|FALSE|Processada" />
        <row key="CONS_PL_VEND"                         data="75|75|00|0|CONSULTA|PL|FALSE|FALSE|FALSE|FALSE|Processada" />
        <row key="DESF_ADV_VEND_VCH"                    data="43|00|00|0|DESFAZIMENTO|VCH|FALSE|TRUE|FALSE|FALSE|Processada" />
        <row key="DESF_CONF_PREAUT_GEN"                 data="78|78|00|0|DESFAZIMENTO|CRT|FALSE|TRUE|FALSE|TRUE|Processada" />
        <row key="DESF_EST_CAT_PREAUT_GEN"              data="43|43|00|0|DESFAZIMENTO|CRT|TRUE|TRUE|FALSE|TRUE|Processada" />
        <row key="DESF_EST_VEND_CRT_GEN"                data="43|43|00|0|DESFAZIMENTO|CRT|TRUE|TRUE|FALSE|FALSE|Processada" />
        <row key="DESF_EST_VEND_CSAQ"                   data="43|00|00|0|DESFAZIMENTO|DBT|TRUE|TRUE|FALSE|FALSE|Processada" />
        <row key="DESF_EST_VEND_DBT_CORBAN"             data="43|00|00|0|DESFAZIMENTO|DBT|TRUE|TRUE|FALSE|FALSE|Processada" />
        <row key="DESF_EST_VEND_DBT_GEN"                data="43|00|00|0|DESFAZIMENTO|DBT|TRUE|TRUE|FALSE|FALSE|Processada" />
        <row key="DESF_EST_VEND_PL"                     data="43|43|00|0|DESFAZIMENTO|PL|TRUE|TRUE|FALSE|FALSE|Processada" />
        <row key="DESF_EST_VEND_VCH_FROT"               data="43|43|00|0|DESFAZIMENTO|VCH|TRUE|TRUE|FALSE|FALSE|Processada" />
        <row key="DESF_EST_VEND_VCH_GEN"                data="43|43|00|0|DESFAZIMENTO|VCH|TRUE|TRUE|FALSE|FALSE|Processada" />
        <row key="DESF_PREAUT"                          data="71|71|00|0|DESFAZIMENTO|CRT|FALSE|TRUE|FALSE|TRUE|Processada" />
        <row key="DESF_TROCA_SENHA_VCH_CHIP"            data="43|00|00|0|DESFAZIMENTO|VCH|FALSE|TRUE|FALSE|FALSE|Processada" />
        <row key="DESF_VEND_CRT_GEN"                    data="43|43|00|0|DESFAZIMENTO|CRT|FALSE|TRUE|FALSE|FALSE|Processada" />
        <row key="DESF_VEND_CRT_PARC_CJURO"             data="43|43|00|0|DESFAZIMENTO|CRT|FALSE|TRUE|FALSE|FALSE|Processada" />
        <row key="DESF_VEND_CSAQ"                       data="43|00|00|0|DESFAZIMENTO|DBT|FALSE|TRUE|FALSE|FALSE|Processada" />
        <row key="DESF_VEND_DBT_CORBAN"                 data="43|00|00|0|DESFAZIMENTO|DBT|FALSE|TRUE|FALSE|FALSE|Processada" />
        <row key="DESF_VEND_DBT_GEN"                    data="43|00|00|0|DESFAZIMENTO|DBT|FALSE|TRUE|FALSE|FALSE|Processada" />
        <row key="DESF_VEND_DBT_PREDAT"                 data="43|00|00|0|DESFAZIMENTO|DBT|FALSE|TRUE|FALSE|FALSE|Processada" />
        <row key="DESF_VEND_IATA_GEN"                   data="43|43|00|0|DESFAZIMENTO|CRT|FALSE|TRUE|FALSE|FALSE|Processada" />
        <row key="DESF_VEND_IATA_PARC_CJURO"            data="43|43|00|0|DESFAZIMENTO|CRT|FALSE|TRUE|FALSE|FALSE|Processada" />
        <row key="DESF_VEND_PL"                         data="43|43|00|0|DESFAZIMENTO|PL|FALSE|TRUE|FALSE|FALSE|Processada" />
        <row key="DESF_VEND_VCH"                        data="43|00|00|0|DESFAZIMENTO|VCH|FALSE|TRUE|FALSE|FALSE|Processada" />
        <row key="DESF_VEND_VCH_APROV_SALDO_DISP"       data="43|00|00|0|DESFAZIMENTO|VCH|FALSE|TRUE|FALSE|FALSE|Processada" />
        <row key="DESF_VEND_VCH_FROT"                   data="43|00|00|0|DESFAZIMENTO|VCH|FALSE|TRUE|FALSE|FALSE|Processada" />
        <row key="EST_ADV_VEND_CRT"                     data="18|00|00|8|ESTORNO|CRT|TRUE|FALSE|FALSE|FALSE|Processada" />
        <row key="EST_ADV_VEND_DBT"                     data="12|00|00|8|ESTORNO|DBT|TRUE|FALSE|FALSE|FALSE|Processada" />
        <row key="EST_ADV_VEND_VCH"                     data="12|00|00|8|ESTORNO|VCH|TRUE|FALSE|FALSE|FALSE|Processada" />
        <row key="EST_CONF_PREAUT_GEN"                  data="77|77|00|8|ESTORNO|CRT|TRUE|FALSE|FALSE|TRUE|Processada" />
        <row key="EST_PREAUT"                           data="70|70|00|8|ESTORNO|CRT|TRUE|FALSE|FALSE|TRUE|Processada" />
        <row key="EST_VEND_CRT_GEN"                     data="18|18|00|8|ESTORNO|CRT|TRUE|FALSE|FALSE|FALSE|Processada" />
        <row key="EST_VEND_CSAQ"                        data="12|00|00|8|ESTORNO|DBT|TRUE|FALSE|FALSE|FALSE|Processada" />
        <row key="EST_VEND_DBT_CORBAN"                  data="12|00|00|8|ESTORNO|DBT|TRUE|FALSE|FALSE|FALSE|Processada" />
        <row key="EST_VEND_DBT_GEN"                     data="12|00|00|8|ESTORNO|DBT|TRUE|FALSE|FALSE|FALSE|Processada" />
        <row key="EST_VEND_PL"                          data="18|18|00|8|ESTORNO|PL|TRUE|FALSE|FALSE|FALSE|Processada" />
        <row key="EST_VEND_VCH"                         data="12|00|00|8|ESTORNO|VCH|TRUE|FALSE|FALSE|FALSE|Processada" />
        <row key="EST_VEND_VCH_FROT"                    data="12|00|00|8|ESTORNO|VCH|TRUE|FALSE|FALSE|FALSE|Processada" />
        <row key="ESTATISTICA"                          data="00|96|00|0|ADMINISTRATIVA|ADM|FALSE|FALSE|FALSE|FALSE|Processada" />
        <row key="INICIALIZACAO"                        data="103|103|00|0|ADMINISTRATIVA|ADM|FALSE|FALSE|FALSE|FALSE|Processada" />
        <row key="INJECAO_CHAVES"                       data="00|104|00|0|ADMINISTRATIVA|ADM|FALSE|FALSE|FALSE|FALSE|Travada" />
        <row key="PAG_CON_DEB"                          data="00|00|00|0|VENDA|DBT|FALSE|FALSE|FALSE|FALSE|Travada" />
        <row key="PAG_CON_DIN"                          data="00|00|00|0|VENDA|DBT|FALSE|FALSE|FALSE|FALSE|Travada" />
        <row key="PAG_FATURA_CRT"                       data="01|00|00|4|VENDA|CRT|FALSE|FALSE|FALSE|FALSE|Travada" />
        <row key="PAG_FATURA_DBT"                       data="01|00|06|4|VENDA|DBT|FALSE|FALSE|FALSE|FALSE|Processada" />
        <row key="PREAUT"                               data="72|73|00|1|PRE_AUTORIZACAO|CRT|FALSE|FALSE|FALSE|TRUE|Processada" />
        <row key="PREAUT_PARC_SJURO"                    data="106|105|00|2|PRE_AUTORIZACAO|CRT|FALSE|FALSE|FALSE|TRUE|Processada" />
        <row key="REIMPR_COMPROV"                       data="00|00|00|0|ADMINISTRATIVA|ADM|FALSE|FALSE|FALSE|FALSE|Travada" />
        <row key="RES_VEND"                             data="11|11|00|10|ADMINISTRATIVA|ADM|FALSE|FALSE|FALSE|FALSE|Processada" />
        <row key="SIGN_OFF"                             data="00|00|00|0|ADMINISTRATIVA|ADM|FALSE|FALSE|FALSE|FALSE|Processada" />
        <row key="SIGN_ON"                              data="00|14|00|0|ADMINISTRATIVA|ADM|FALSE|FALSE|FALSE|FALSE|Processada" />
        <row key="SONDA"                                data="00|00|00|0|CONSULTA|ADM|FALSE|FALSE|FALSE|FALSE|Processada" />
        <row key="TEST_COMUNICACAO"                     data="00|00|00|0|ADMINISTRATIVA|ADM|FALSE|FALSE|FALSE|FALSE|Processada" />
        <row key="TROCA_SENHA_VCH_CHIP"                 data="35|00|00|0|ADMINISTRATIVA|VCH|FALSE|FALSE|FALSE|FALSE|Travada" />
        <row key="VEND_CRT"                             data="03|04|00|1|VENDA|CRT|FALSE|FALSE|FALSE|FALSE|Processada" />
        <row key="VEND_CRT_PARC_CJURO"                  data="05|06|00|1|VENDA|CRT|FALSE|FALSE|FALSE|FALSE|Processada" />
        <!-- Padronizacao Crediario PDV - INICIO -->
        <row key="CREDIARIO_SIMUL"                      data="20|20|00|1|SIMULACAO|CRT|FALSE|FALSE|FALSE|FALSE|Processada" />
        <row key="CREDIARIO_VENDA"                      data="21|21|00|1|VENDA|CRT|FALSE|FALSE|FALSE|FALSE|Processada" />
        <!-- Padronizacao Crediario PDV - FIM -->
        <row key="VEND_CRT_PARC_SJURO"                  data="07|08|00|2|VENDA|CRT|FALSE|FALSE|FALSE|FALSE|Processada" />
        <row key="VEND_CSAQ"                            data="01|00|03|0|VENDA|DBT|FALSE|FALSE|FALSE|FALSE|Processada" />
        <row key="VEND_DBT_AVISTA"                      data="01|00|00|4|VENDA|DBT|FALSE|FALSE|FALSE|FALSE|Processada" />
        <row key="VEND_DBT_CORBAN"                      data="01|00|00|4|VENDA|DBT|FALSE|FALSE|FALSE|FALSE|Processada" />
        <row key="VEND_DBT_PREDAT"                      data="57|00|00|4|VENDA|DBT|FALSE|FALSE|FALSE|FALSE|Travada" />
        <row key="VEND_IATA_AVISTA"                     data="39|39|00|1|VENDA|CRT|FALSE|FALSE|FALSE|FALSE|Processada" />
        <row key="VEND_IATA_PARC_CJURO"                 data="05|06|00|0|VENDA|CRT|FALSE|FALSE|FALSE|FALSE|Processada" /> <!-- Nava EAK-2259 -->
        <row key="VEND_IATA_PARC_SJURO"                 data="40|40|00|2|VENDA|CRT|FALSE|FALSE|FALSE|FALSE|Processada" />
        <row key="VEND_PARC_MAIS"                       data="00|00|00|0|VENDA|DBT|FALSE|FALSE|FALSE|FALSE|Travada" />
        <row key="VEND_PL"                              data="74|74|00|0|VENDA|PL|FALSE|FALSE|FALSE|FALSE|Processada" />
        <row key="VEND_VCH"                             data="67|00|00|0|VENDA|VCH|FALSE|FALSE|FALSE|FALSE|Processada" />
        <row key="VEND_VCH_FROT"                        data="67|00|00|0|VENDA|VCH|FALSE|FALSE|FALSE|FALSE|Processada" />
        <row key="CONS_DCC"                             data="114|114|00|0|ADMINISTRATIVA|ADM|FALSE|FALSE|FALSE|TRUE|Processada" />
	</mapping>
</mapping-list>
