<?xml version="1.0" encoding="iso-8859-1"?>
<!DOCTYPE mapping-list SYSTEM "../../../PDV/dtd/fwsw/Mapping.dtd">

<mapping-list>
    <mapping label="MAPA_NOME_ISSUER">

        <!-- Emissores tratados pelo FE_CRT -->
        <row key="5000006207" data="VISA_CREDITO" />
        <row key="5100006207" data="VISA_CREDITO" />
        <row key="5200006207" data="VISA_CREDITO" />
        <row key="5300006207" data="VISA_CREDITO" />
        <row key="2002202063" data="CALCARD" />
        <row key="2002111009" data="AVISTA" />
        <row key="2002202066" data="UPI" />
        <row key="2002212069" data="AMEX" />
        <row key="2002202064" data="SICREDI_CRT" />
        <row key="2002102051" data="CABAL_CRT" />
        <row key="2002212070" data="ELO_CRT" />
        <row key="2002202061" data="SOROCRED_FULL" />
        <row key="2002212061" data="SOROCRED_VAN" />
        <row key="2002202068" data="CREDSYSTEM_FULL" />
        <row key="2002212068" data="CREDSYSTEM_VAN" />
        <row key="2002101004" data="HIPERCARD_VAN" />
        <row key="2002111008" data="COOPERCRED_VAN" />

        <!-- Emissores tratados pelo FE_CRTM -->
        <row key="4000006207" data="MASTERCARD" />
        <row key="2002101001" data="DINERS_NACIONAL" />
        <row key="2002102002" data="DINERS_INTERNAC" />
        <row key="4001006207" data="HIPERCARD_CRT" />

        <!-- Emissores tratados pelo FE_DBT -->
        <row key="5000000532" data="VISA_ELECTRON" />
        <row key="5100000532" data="VISA_ELECTRON" />
        <row key="5200000532" data="VISA_ELECTRON" />
        <row key="5300000532" data="VISA_ELECTRON" />
        <row key="2002202065" data="SICREDI_DBT" />
        <row key="2002102050" data="CABAL_DBT" />
        <row key="2002212071" data="ELO_DBT" />

        <!-- Emissores tratados pelo FE_DBTM -->
        <row key="3000000532" data="MAESTRO" />
        <row key="9000001618" data="HIPERCARD_DBT" />

        <!-- Emissores tratados pelo FE_HST -->
        <row key="2002102015" data="CONSTRUCARD" />     <!-- DEBITO (vindo do POS) -->
        <row key="2002112015" data="CONSTRUCARD" />     <!-- DEBITO (vindo do PDV) -->
        <row key="2002202030" data="PL_VISIONPLUS" />   <!-- PRIVATE LABEL -->
        <row key="2002202010" data="PL_FININVEST" />    <!-- PRIVATE LABEL --> <!-- TO DO: REMOVER!!! -->
        <row key="2002102010" data="PL_FININVEST" />    <!-- PRIVATE LABEL -->
        <row key="2002102045" data="PL_BRADESCO" />     <!-- PRIVATE LABEL -->
        <row key="2002102031" data="PL_FIC" />          <!-- PRIVATE LABEL -->
        <row key="2002102033" data="PL_ITAU_FAI" />     <!-- PRIVATE LABEL -->
        <row key="2002102049" data="PL_BANCOBRASIL" />  <!-- PRIVATE LABEL -->
        <row key="2002222068" data="PL_CREDSYSTEM" />   <!-- PRIVATE LABEL -->
        <row key="2002202055" data="PL_PORTOSEGURO" />  <!-- PRIVATE LABEL -->
        <row key="2002202047" data="BNB_CLUBE" />       <!-- VOUCHER -->
        <row key="2002202039" data="PLANVALE" />        <!-- VOUCHER -->
        <row key="2002201003" data="GREEN_CARD" />      <!-- VOUCHER -->
        <row key="2002202041" data="TOP_PREMIUM" />     <!-- VOUCHER -->
        <row key="2002202029" data="SODEXO" />          <!-- VOUCHER -->
        <row key="2002202035" data="SMARTNET" />        <!-- VOUCHER -->
        <row key="2002202037" data="NUTRICASH" />       <!-- VOUCHER -->
        <row key="2002202038" data="CABAL" />           <!-- VOUCHER -->
        <row key="2002202042" data="VEROCHEQUE" />      <!-- VOUCHER -->
        <row key="2002202043" data="VCH_SOROCRED" />    <!-- VOUCHER -->
        <row key="2002202053" data="COOPER_CRED" />     <!-- VOUCHER -->
        <row key="2002202034" data="TICKET" />          <!-- VOUCHER -->
        <row key="2002302034" data="TICKET_CHIP" />     <!-- VOUCHER -->
        <row key="2002102000" data="ADM_PB" />          <!-- ADM -->
        <row key="2002202024" data="ADM_RAV" />         <!-- ADM -->
        <row key="2002102027" data="ADM_SERASA" />      <!-- ADM -->

    </mapping>

</mapping-list>
