<!DOCTYPE pluginManager-list SYSTEM "../../../PDV/dtd/fwsw/PluginManager.dtd">

<pluginManager-list>
    <pluginManager label="FEPDV_COMMON_PLUGINS" librarianReferenceLabel="FEPDV_COMMON_LIBRARIAN" >
        <plugin label="ISO8583XPDV_BUILDER"  libraryReferenceLabel="FEPDV_PLUGINS_LIB" creatorFunctionName="createIso8583xPdvBuilder" />
        <plugin label="ISO8583XPDV_PARSER"   libraryReferenceLabel="FEPDV_PLUGINS_LIB" creatorFunctionName="createIso8583xPdvParser" />
        <plugin label="ISO8583INTELLINAC_BUILDER" libraryReferenceLabel="FEPDV_PLUGINS_LIB" creatorFunctionName="createIso8583IntellinacBuilder" />
        <plugin label="ISO8583INTELLINAC_PARSER"  libraryReferenceLabel="FEPDV_PLUGINS_LIB" creatorFunctionName="createIso8583IntellinacParser" />
        <plugin label="TRXROUTING"           libraryReferenceLabel="FEPDV_PLUGINS_LIB" creatorFunctionName="createTrxRouting" />
        <plugin label="TRXPLROUTING"         libraryReferenceLabel="FEPDV_PLUGINS_LIB" creatorFunctionName="createTrxPLRouting" />
        <plugin label="TRXVCHROUTING"        libraryReferenceLabel="FEPDV_PLUGINS_LIB" creatorFunctionName="createTrxVoucherRouting" />
        <plugin label="DEFINE_NOME_TRN"      libraryReferenceLabel="FEPDV_PLUGINS_LIB" creatorFunctionName="createDefineNomeTrn" />
        <plugin label="DESINVALIDOS"         libraryReferenceLabel="FEPDV_PLUGINS_LIB" creatorFunctionName="createDEsInvalidos" />
        <plugin label="DESENVIADOS"          libraryReferenceLabel="FEPDV_PLUGINS_LIB" creatorFunctionName="createDEsEnviados" />
        <plugin label="PEDIDOS_PRE_AUTH"     libraryReferenceLabel="FEPDV_PLUGINS_LIB" creatorFunctionName="createPedidosPreAutorizacao" />
        <plugin label="GETPAN"               libraryReferenceLabel="FEPDV_PLUGINS_LIB" creatorFunctionName="createGetPan" />
        <plugin label="TRX_TRACE"            libraryReferenceLabel="FEPDV_PLUGINS_LIB" creatorFunctionName="createTraceTrx" />
        <plugin label="GETTRACK2SERVICECODE" libraryReferenceLabel="FEPDV_PLUGINS_LIB" creatorFunctionName="createGetTrack2ServiceCode" />
        <plugin label="GETTRACK3SERVICECODE" libraryReferenceLabel="FEPDV_PLUGINS_LIB" creatorFunctionName="createGetTrack3ServiceCode" />
        <plugin label="GETEXPIRYDATE"        libraryReferenceLabel="FEPDV_PLUGINS_LIB" creatorFunctionName="createGetExpiryDate" />
        <plugin label="CONFIRMACAO139"       libraryReferenceLabel="FEPDV_PLUGINS_LIB" creatorFunctionName="createConfirmacaoTBSW0139" />
        <plugin label="TBSW2020_GET_NSU"     libraryReferenceLabel="FEPDV_PLUGINS_LIB" creatorFunctionName="createTBSW2020GetNSU" />
        <!-- FCC [AUTMPDV-273] remover <plugin label="TBSW2020LOADER"       libraryReferenceLabel="FEPDV_PLUGINS_LIB" creatorFunctionName="createTBSW2020Loader" /> -->
        <plugin label="TBSW0034UPDATER"      libraryReferenceLabel="FEPDV_PLUGINS_LIB" creatorFunctionName="createTBSW0034Updater" />
        <plugin label="TBSW0136LOADER"       libraryReferenceLabel="FEPDV_PLUGINS_LIB" creatorFunctionName="createTBSW0136Loader" />
        <plugin label="TBSW0032INSERTER"     libraryReferenceLabel="FEPDV_PLUGINS_LIB" creatorFunctionName="createTBSW0032Inserter" />
        <plugin label="TBSW0032UPDATER"      libraryReferenceLabel="FEPDV_PLUGINS_LIB" creatorFunctionName="createTBSW0032Updater" />
        <plugin label="TBSW0032LOADER"       libraryReferenceLabel="FEPDV_PLUGINS_LIB" creatorFunctionName="createTBSW0032Loader" />
        <plugin label="TBSW0083INSERTER"     libraryReferenceLabel="FEPDV_PLUGINS_LIB" creatorFunctionName="createTBSW0083Inserter" />
        <plugin label="TBSW0083UPDATER"      libraryReferenceLabel="FEPDV_PLUGINS_LIB" creatorFunctionName="createTBSW0083Updater" />
        <plugin label="TBSW0083LOADER"       libraryReferenceLabel="FEPDV_PLUGINS_LIB" creatorFunctionName="createTBSW0083Loader" />
        <plugin label="TBSW0152INSERTER"     libraryReferenceLabel="FEPDV_PLUGINS_LIB" creatorFunctionName="createTBSW0152Inserter" />
        <plugin label="TBSW0152UPDATER"      libraryReferenceLabel="FEPDV_PLUGINS_LIB" creatorFunctionName="createTBSW0152Updater" />
        <plugin label="TBSW0152LOADER"       libraryReferenceLabel="FEPDV_PLUGINS_LIB" creatorFunctionName="createTBSW0152Loader" />
        <plugin label="TBSW0153INSERTER"     libraryReferenceLabel="FEPDV_PLUGINS_LIB" creatorFunctionName="createTBSW0153Inserter" />
        <plugin label="TBSW0153UPDATER"      libraryReferenceLabel="FEPDV_PLUGINS_LIB" creatorFunctionName="createTBSW0153Updater" />
        <plugin label="TBSW0153LOADER"       libraryReferenceLabel="FEPDV_PLUGINS_LIB" creatorFunctionName="createTBSW0153Loader" />
        <plugin label="GETGMTDATE"           libraryReferenceLabel="FEPDV_PLUGINS_LIB" creatorFunctionName="createGetGMTDate" />
        <plugin label="TBSW0040LOADER"       libraryReferenceLabel="FEPDV_PLUGINS_LIB" creatorFunctionName="createTBSW0040Loader" />
        <plugin label="TBSW0041LOADER"       libraryReferenceLabel="FEPDV_PLUGINS_LIB" creatorFunctionName="createTBSW0041Loader" />
        <plugin label="TBSW0042LOADER"       libraryReferenceLabel="FEPDV_PLUGINS_LIB" creatorFunctionName="createTBSW0042Loader" />
        <plugin label="TBSW0043LOADER"       libraryReferenceLabel="FEPDV_PLUGINS_LIB" creatorFunctionName="createTBSW0043Loader" />
        <plugin label="TBSW0044LOADER"       libraryReferenceLabel="FEPDV_PLUGINS_LIB" creatorFunctionName="createTBSW0044Loader" />
        <plugin label="TBSW0071LOADER"       libraryReferenceLabel="FEPDV_PLUGINS_LIB" creatorFunctionName="createTBSW0071Loader" />
        <plugin label="TBSW0073LOADER"       libraryReferenceLabel="FEPDV_PLUGINS_LIB" creatorFunctionName="createTBSW0073Loader" />
        <plugin label="TBSW0113LOADER"       libraryReferenceLabel="FEPDV_PLUGINS_LIB" creatorFunctionName="createTBSW0113Loader" />
        <plugin label="TBSW0030INSERTER"     libraryReferenceLabel="FEPDV_PLUGINS_LIB" creatorFunctionName="createTBSW0030Inserter" />
        <plugin label="TBSW0031INSERTER"     libraryReferenceLabel="FEPDV_PLUGINS_LIB" creatorFunctionName="createTBSW0031Inserter" />
        <plugin label="TBSW0034INSERTER"     libraryReferenceLabel="FEPDV_PLUGINS_LIB" creatorFunctionName="createTBSW0034Inserter" />
        <plugin label="TBSW0036INSERTER"     libraryReferenceLabel="FEPDV_PLUGINS_LIB" creatorFunctionName="createTBSW0036Inserter" />
        <plugin label="TBSW0121INSERTER"     libraryReferenceLabel="FEPDV_PLUGINS_LIB" creatorFunctionName="createTBSW0121Inserter" />
        <plugin label="TBSW0157INSERTER"     libraryReferenceLabel="FEPDV_PLUGINS_LIB" creatorFunctionName="createTBSW0157Inserter" />
        <plugin label="TBSW0087LOADER"       libraryReferenceLabel="FEPDV_PLUGINS_LIB" creatorFunctionName="createTBSW0087Loader" />
        <plugin label="TBSW0058INSERTER"     libraryReferenceLabel="FEPDV_PLUGINS_LIB" creatorFunctionName="createTBSW0058Inserter" />
        <plugin label="TBSW0058UPDATER"      libraryReferenceLabel="FEPDV_PLUGINS_LIB" creatorFunctionName="createTBSW0058Updater" />
        <plugin label="TBSW0058LOADER"       libraryReferenceLabel="FEPDV_PLUGINS_LIB" creatorFunctionName="createTBSW0058Loader" />
        <plugin label="TBSW0030LOADER"       libraryReferenceLabel="FEPDV_PLUGINS_LIB" creatorFunctionName="createTBSW0030Loader" />
        <plugin label="TBSW0031LOADER"       libraryReferenceLabel="FEPDV_PLUGINS_LIB" creatorFunctionName="createTBSW0031Loader" />
        <plugin label="TBSW0030UPDATER"      libraryReferenceLabel="FEPDV_PLUGINS_LIB" creatorFunctionName="createTBSW0030Updater" />
        <plugin label="TBSW0031UPDATER"      libraryReferenceLabel="FEPDV_PLUGINS_LIB" creatorFunctionName="createTBSW0031Updater" />
        <plugin label="TBSW0139INSERTER"     libraryReferenceLabel="FEPDV_PLUGINS_LIB" creatorFunctionName="createTBSW0139Inserter" />
        <plugin label="TBSW0129INSERTER"     libraryReferenceLabel="FEPDV_PLUGINS_LIB" creatorFunctionName="createTBSW0129Inserter" />
        <plugin label="TBSW0139UPDATER"      libraryReferenceLabel="FEPDV_PLUGINS_LIB" creatorFunctionName="createTBSW0139Updater" />
        <plugin label="TBSW0139LOADER"       libraryReferenceLabel="FEPDV_PLUGINS_LIB" creatorFunctionName="createTBSW0139Loader" />
        <plugin label="TBSW0093INSERTER"     libraryReferenceLabel="FEPDV_PLUGINS_LIB" creatorFunctionName="createTBSW0093Inserter" />
        <plugin label="TBSW0093UPDATER"      libraryReferenceLabel="FEPDV_PLUGINS_LIB" creatorFunctionName="createTBSW0093Updater" />
        <plugin label="TBSW0033INSERTER"     libraryReferenceLabel="FEPDV_PLUGINS_LIB" creatorFunctionName="createTBSW0033Inserter" />
        <plugin label="TBSW0033REVINSERTER"  libraryReferenceLabel="FEPDV_PLUGINS_LIB" creatorFunctionName="createTBSW0033RevInserter" />
        <plugin label="TBSW0033UPDATER"      libraryReferenceLabel="FEPDV_PLUGINS_LIB" creatorFunctionName="createTBSW0033Updater" />
        <plugin label="TBSW0030ORIGUPDATER"  libraryReferenceLabel="FEPDV_PLUGINS_LIB" creatorFunctionName="createTBSW0030OrigUpdater" />
        <plugin label="TBSW1039INSERTER"     libraryReferenceLabel="FEPDV_PLUGINS_LIB" creatorFunctionName="createTBSW1039Inserter" />
        <plugin label="TBSW0058ORIGUPDATER"  libraryReferenceLabel="FEPDV_PLUGINS_LIB" creatorFunctionName="createTBSW0058OrigUpdater" />
        <plugin label="TBSW2012LOADER"       libraryReferenceLabel="FEPDV_PLUGINS_LIB" creatorFunctionName="createTBSW2012Loader" />
        <plugin label="TBSW0045UPDATER"      libraryReferenceLabel="FEPDV_PLUGINS_LIB" creatorFunctionName="createTBSW0045Updater" />
        <plugin label="TBSW0047LOADER"       libraryReferenceLabel="FEPDV_PLUGINS_LIB" creatorFunctionName="createTBSW0047Loader" />
        <plugin label="TBSW0035INSERTER"     libraryReferenceLabel="FEPDV_PLUGINS_LIB" creatorFunctionName="createTBSW0035Inserter" />
        <plugin label="TBSW0156LOADER"       libraryReferenceLabel="FEPDV_PLUGINS_LIB" creatorFunctionName="createTBSW0156Loader" />
        <plugin label="TBSW0156INSERTER"     libraryReferenceLabel="FEPDV_PLUGINS_LIB" creatorFunctionName="createTBSW0156Inserter" />  
        <plugin label="TBSW0156UPDATER"      libraryReferenceLabel="FEPDV_PLUGINS_LIB" creatorFunctionName="createTBSW0156Updater" />
        <plugin label="TBSW0160INSERTER"     libraryReferenceLabel="FEPDV_PLUGINS_LIB" creatorFunctionName="createTBSW0160Inserter" />
        <plugin label="TBSW0160ORIGUPDATER"  libraryReferenceLabel="FEPDV_PLUGINS_LIB" creatorFunctionName="createTBSW0160OrigUpdater" />
        <!-- EAN [AUTMPDV-273] <plugin label="REFERRALQUESTIONS"    libraryReferenceLabel="FEPDV_PLUGINS_LIB" creatorFunctionName="createBuildReferralQuestions" /> -->
        <plugin label="PROTOM_SERVER"        libraryReferenceLabel="FEPDV_PLUGINS_LIB" creatorFunctionName="createProtomServer" />
        <plugin label="TRXCUPOM"             libraryReferenceLabel="FEPDV_PLUGINS_LIB" creatorFunctionName="createTrxCupom" />
        <plugin label="TBSW0084LOADER"       libraryReferenceLabel="FEPDV_PLUGINS_LIB" creatorFunctionName="createTBSW0084Loader" />
        <plugin label="TBSW0084INSERTER"     libraryReferenceLabel="FEPDV_PLUGINS_LIB" creatorFunctionName="createTBSW0084Inserter" />
        <plugin label="INITIALIZATION"       libraryReferenceLabel="FEPDV_PLUGINS_LIB" creatorFunctionName="createInicializacao" />
        <plugin label="TRXSALES"             libraryReferenceLabel="FEPDV_PLUGINS_LIB" creatorFunctionName="createTrxSales" />
        <plugin label="SIGNON"               libraryReferenceLabel="FEPDV_PLUGINS_LIB" creatorFunctionName="createSignon" />
        <plugin label="BIT48PARSER"          libraryReferenceLabel="FEPDV_PLUGINS_LIB" creatorFunctionName="createBit48Parser" />
        <plugin label="TBSW0030REVISSUPDATER" libraryReferenceLabel="FEPDV_PLUGINS_LIB" creatorFunctionName="createTBSW0030RevIssUpdater" />
        <plugin label="TBSW0140LOADER"       libraryReferenceLabel="FEPDV_PLUGINS_LIB" creatorFunctionName="createTBSW0140Loader" />
        <plugin label="CHECK_TRAP_IS_ON"     libraryReferenceLabel="FEPDV_PLUGINS_LIB" creatorFunctionName="CreateCheckTrapIsOn" />
        <plugin label="TRACE_TRAP"           libraryReferenceLabel="FEPDV_PLUGINS_LIB" creatorFunctionName="createTraceTrap" />
        <plugin label="TBSW0161LOADER"       libraryReferenceLabel="FEPDV_PLUGINS_LIB" creatorFunctionName="createTBSW0161Loader" />
        <plugin label="TBSW0034LOADER"       libraryReferenceLabel="FEPDV_PLUGINS_LIB" creatorFunctionName="createTbsw0034Loader" />
        <plugin label="TBSW0101INSERTER"     libraryReferenceLabel="FEPDV_PLUGINS_LIB" creatorFunctionName="createTbsw0101Inserter" />
        <plugin label="TBSW0101UPDATER"      libraryReferenceLabel="FEPDV_PLUGINS_LIB" creatorFunctionName="createTbsw0101Updater" />
        <plugin label="TBSW0101LOADER"       libraryReferenceLabel="FEPDV_PLUGINS_LIB" creatorFunctionName="createTbsw0101Loader" />
        <plugin label="TBSW0102INSERTER"     libraryReferenceLabel="FEPDV_PLUGINS_LIB" creatorFunctionName="createTbsw0102Inserter" />
        <plugin label="TBSW0102UPDATER"      libraryReferenceLabel="FEPDV_PLUGINS_LIB" creatorFunctionName="createTbsw0102Updater" />
        <plugin label="TBSW0102LOADER"       libraryReferenceLabel="FEPDV_PLUGINS_LIB" creatorFunctionName="createTbsw0102Loader" />
        <plugin label="TBSW0160LOADER"       libraryReferenceLabel="FEPDV_PLUGINS_LIB" creatorFunctionName="createTbsw0160Loader" />
        <plugin label="TBSW0164INSERTER"     libraryReferenceLabel="FEPDV_PLUGINS_LIB" creatorFunctionName="createTbsw0164Inserter" /> <!-- BRUM - EAK-1657 - 29/08/2019 - MCC Dinamico -->
        <plugin label="TBSW0165INSERTER"     libraryReferenceLabel="FEPDV_PLUGINS_LIB" creatorFunctionName="createTbsw0165Inserter" /> <!-- BRUM - EAK-1657 - 29/08/2019 - MCC Dinamico -->
        <plugin label="TBSW0164LOADER"       libraryReferenceLabel="FEPDV_PLUGINS_LIB" creatorFunctionName="CreateTBSW0164Loader" />
        <plugin label="TBSW0165LOADER"       libraryReferenceLabel="FEPDV_PLUGINS_LIB" creatorFunctionName="CreateTBSW0165Loader" />
        <plugin label="TBSW0268LOADER"       libraryReferenceLabel="FEPDV_PLUGINS_LIB" creatorFunctionName="CreateTBSW0268Loader" />
        <plugin label="STATUSINQREADER"      libraryReferenceLabel="FEPDV_PLUGINS_LIB" creatorFunctionName="createStatusInqReader"/>
    </pluginManager>
</pluginManager-list>


 
