<?xml version="1.0" encoding="iso-8859-1"?>
<!DOCTYPE dataManip-list SYSTEM "../../../PDV/dtd/fwsw/DataManip.dtd">

<dataManip-list>
    <dataManip label="AnalisaGeraCupom" >
    <fieldSetReference reference="arg0" alias="imf"/>
    <fieldSetReference reference="arg0.shc_msg" alias="shc_msg"/>
    <fieldSetReference reference="arg0.segments.common" alias="common"/>
    <fieldSetReference reference="arg0.segments" alias="segments"/>
    <fieldSetReference reference="arg0.segments.acquirer_common" alias="acquirer_common"/>
    <fieldSetReference reference="arg1" alias="LOCAL"/>

        <command label="set_valores_default" objectReferenceLabel="XCOPY">
            <value sourceValue="N"     type="value" targetFieldPath="common.trn_tem_cupom" />
        </command>

        <conditional-block label="CheckGeraCupom">
            <if objectReferenceLabel="EXPR">
            <expr value="( shc_msg.respcode == '0' )                       &amp;&amp;
                           ( common.msg_category == 'ESTORNO'             ||
                             common.msg_category == 'CONF_PREAUT'         ||
                             common.msg_category == 'PRE_AUTORIZACAO'     ||
                             common.msg_category == 'VENDA'               ||
                             ( common.msg_category == 'ADMINISTRATIVA'    &amp;&amp;
                               ( common.msg_name == 'BAIXA_OS'            || 
                                 common.msg_name == 'RES_VEND'        ) ) )" />
								   
                <command label="Dump_resp_txt" objectReferenceLabel="FIELDSET_DUMP2">
                    <sourceFieldPath value = "acquirer_common.resp_txt" />
                </command>

                <!-- Chamar GeraCupom somente resp_txt estiver vazio .. -->
                <conditional-block label="MontaCupom">
                    <if objectReferenceLabel="EXPR">
                        <expr value="acquirer_common.resp_txt == ''" />
                        <command label="SetOrigPanQuandoVazio" objectReferenceLabel="COPY" ><!-- Necessario pois esta dando erro no plugin de cupom que espera que o origpan esteja preenchido...-->
                            <when objectReferenceLabel="EXPR">
                                <expr value="common.orig_pan == ''" />
                            </when>
                            <sourceFieldPath value="shc_msg.pan" />
                            <targetFieldPath value="common.orig_pan" />
                        </command>
                        <call label="geraCupom">
                            <subDataManip objectReferenceLabel="GeraCupom"/>
                            <targetFieldPath value="imf"/>
                            <targetFieldPath value="LOCAL"/>
                        </call>
                    </if>
                     <else-if objectReferenceLabel="EXPR">
                     <expr value="common.msg_name == 'EST_VEND_CRT_GEN' &amp;&amp; 
                                 common.msg_category == 'ESTORNO' &amp;&amp; 
                                 segments.service.cod_service  == '802'" />

                        <call label="geraCupom">
                            <subDataManip objectReferenceLabel="GeraCupom"/>
                            <targetFieldPath value="imf"/>
                            <targetFieldPath value="LOCAL"/>
                        </call>
                    </else-if>
                </conditional-block>
            </if>
            <else-if  objectReferenceLabel="EXPR">
            <expr value="( ( common.msg_name == 'VEND_VCH_FROT' || common.msg_name == 'VEND_VCH' ) &amp;&amp; 
                             imf.segments.common.az_reason_code == '51' ) || common.msg_name == 'CONS_AVS'" />
                <call label="geraMensagemVoucher">
                    <subDataManip objectReferenceLabel="GeraMensagem"/>
                    <targetFieldPath value="imf"/>
                </call>
            </else-if>
            <else>
                <command label="VALORES PASSADOS PARA O CheckCupom" objectReferenceLabel="XDUMP">
                    <sourceFieldPath value = "imf.shc_msg.respcode" />
                    <sourceFieldPath value = "imf.segments.common.msg_category" />
                    <sourceFieldPath value = "imf.segments.common.msg_name" />
                    <sourceFieldPath value = "imf.segments.common.az_reason_code" />
                </command>
            </else>
        </conditional-block>

        <command label="set_gera_cupom" objectReferenceLabel="VALUE" >
            <when objectReferenceLabel="EXPR">
                <expr value="acquirer_common.resp_txt != '' ||
                             (shc_msg.respcode == '0' &amp;&amp;
                              common.msg_name == 'CONS_SERASA')" />					
            </when>
            <sourceValue value = "S" />
            <targetFieldPath value = "common.trn_tem_cupom" />
        </command> 
        <command label="Dump_trn_tem_cupom" objectReferenceLabel="FIELDSET_DUMP2">
            <sourceFieldPath value = "common.trn_tem_cupom" />
        </command>
    </dataManip>

    <!-- @Info: DATAMANIP PARA GERAR O CUPOM -->
    <dataManip label="GeraCupom">
        <fieldSetReference reference="arg0" alias="target"/>
        <fieldSetReference reference="arg0.segments.common" alias="common" />
        <fieldSetReference reference="arg0.segments" alias="segments" />
        <fieldSetReference reference="arg0.segments.acquirer_common" alias="acquirer_common" />
        <fieldSetReference reference="arg1" alias="LOCAL"/>

        <conditional-block label="Verifica DCC">
            <if objectReferenceLabel="EXPR">
            <expr value="(common.msg_category == 'ESTORNO' &amp;&amp; 
                          segments.service.cod_service  == '802') ||
                          acquirer_common.respDcc == '02'"/>
                          
                <declare label="TMP" >
                    <field label="CONVRATE" />
                    <field label="MARKUP" />
                    <field label="posSeparador" />
                    <field label="indiceSeparador" />
                    <field label="first_vlr" />
                    <field label="second_vlr" />
                </declare>

                <command label="map_moeda_alfa" objectReferenceLabel="MAPPING" >
                    <xmlFile filePath="$(FEGEN_XML_DIR)" fileName="MappingMoeda.xml" referenceLabel="MAPA_COD_MOEDA" />
                    <sourceFieldPath value="common.codigoMoedaEstrangeira" />
                    <targetFieldPath value="acquirer_common.codigoMoedaEstrangeiraAlfa" />
                </command>

                <command label="ConvAmt" objectReferenceLabel="SUBSTR" >
                    <sourceFieldPath value="common.valorTaxaConvMoeda" />
                    <targetFieldPath value="TMP.CONVRATE" />
                    <startPosition value="1"/>
                    <length value="7"/>
                </command>

                <command label="recuperaSeparador" objectReferenceLabel="SUBSTR" >
                    <sourceFieldPath value="common.valorTaxaConvMoeda" />
                    <targetFieldPath value="TMP.posSeparador" />
                    <startPosition value="0"/>
                    <length value="1"/>
                </command>

                <conditional-block label="formataValorTaxaMoeda" >
                    <if objectReferenceLabel="EXPR">
                        <expr value="TMP.posSeparador == '7'" />
                           <command label="pegaSeisPosicoes" objectReferenceLabel="SUBSTR" >
                                <sourceFieldPath value="TMP.CONVRATE" />
                                <targetFieldPath value="TMP.CONVRATE" />
                                <startPosition value="0"/>
                                <length value="6"/>
                            </command>
                            
                            <command label="monta_exchage_rate" objectReferenceLabel="CONCAT">
                                <sourceFieldPath value="TMP.CONVRATE"/>
                                <targetFieldPath value="TMP.CONVRATE"/>
                                <concatSide value = "LEFT" />
                                <concatValue value="0." />
                            </command>
                    </if>
                    <else>
                        <command label="identificarPosiVirgula" objectReferenceLabel="MATH" >
                            <value1 value="7" />
                            <value2 value="TMP.posSeparador" />
                            <operator value="-" />
                            <targetFieldPath value="TMP.indiceSeparador" />
                        </command>

                        <command label="primeira_parte_VTM" objectReferenceLabel="SUBSTR" >
                            <sourceFieldPath value="TMP.CONVRATE" />
                            <targetFieldPath value="TMP.first_vlr" />
                            <startPosition value="0"/>
                            <length value="TMP.indiceSeparador"/>
                        </command>

                        <command label="segunda_parte_VTM" objectReferenceLabel="SUBSTR" >
                            <sourceFieldPath value="TMP.CONVRATE" />
                            <targetFieldPath value="TMP.second_vlr" />
                            <startPosition value="TMP.indiceSeparador"/>
                            <length value="6"/>
                        </command>

                        <command label="novo_valor_TCM" objectReferenceLabel="CONCAT">
                            <sourceFieldPath value="TMP.first_vlr"/>
                            <targetFieldPath value="TMP.first_vlr"/>
                            <concatSide value = "RIGHT" />
                            <concatValue value="." />
                        </command>

                        <command label="novo_valor_TCM" objectReferenceLabel="CONCAT">
                            <sourceFieldPath value="TMP.first_vlr"/>
                            <targetFieldPath value="TMP.CONVRATE"/>
                            <concatSide value = "RIGHT" />
                            <concatFieldSetPath value="TMP.second_vlr" />
                        </command>
                    </else>
                </conditional-block>

                <command label="SETMARKUP" objectReferenceLabel="MATH" >
                    <value1 value="common.percentualTaxaMarkup" />
                    <value2 value="100.0000" />
                    <operator value="/" />
                    <targetFieldPath value="LOCAL.MARKUP" />
                </command>

                <command label="Copy" objectReferenceLabel="COPY" >
                    <sourceFieldPath value = "TMP.CONVRATE" />
                    <targetFieldPath value = "LOCAL.CONVRATE" />
                </command>
            </if>
        </conditional-block>

        <command label="SetNullRespTxt" objectReferenceLabel="VALUE">
            <sourceValue value="0"/>
            <targetFieldPath value="acquirer_common.resp_txt"/>
        </command>

        <command label="call_trx_cupom" objectReferenceLabel="TRXCUPOM" >
            <sourceFieldPath value="target"/>
            <sourceFieldPath value="LOCAL"/>
            <targetFieldPath value="target" />
        </command>

        <conditional-block label="CheckCupomGerado">
            <if objectReferenceLabel="EXPR">
                <expr value="acquirer_common.resp_txt != '0'" />

                <command label=" Cupom Gerado(acquirer_common.resp_txt)" objectReferenceLabel="FIELDSET_DUMP">
                    <sourceFieldPath value = "acquirer_common.resp_txt" />
                </command>
            </if>
        </conditional-block>

    </dataManip>

    <dataManip label="GeraMensagem">
        <fieldSetReference reference="arg0" alias="target"/>
        <fieldSetReference reference="arg0.shc_msg" alias="shc_msg" />
        <fieldSetReference reference="arg0.segments.common" alias="common" />
        <fieldSetReference reference="arg0.segments.acquirer_common" alias="acquirer_common" />
        <fieldSetReference reference="arg0.segments.voucher" alias="voucher" />
        <fieldSetReference reference="arg0.segments.credit" alias="credit" />

        <command label="SetNullRespTxt" objectReferenceLabel="VALUE">
            <sourceValue value="0"/>
            <targetFieldPath value="acquirer_common.resp_txt"/>
        </command>

        <conditional-block label="GeraMensagemSaldoVoucher">
            <if objectReferenceLabel="EXPR">
            <expr value="common.msg_name == 'VEND_VCH_FROT' || 
                         common.msg_name == 'VEND_VCH' " />

            <declare label="TMP_CUPOM" >
                <field label="length" value="0" />
                <field label="valor_pad" value=" " />
                <field label="posicao_pad" value="LEFT" />
                <field label="posicao_busca" value="0" />
                <field label="SALDO" value="0" />
                <field label="posicao_busca_virgula" value="2" />
            </declare>
                
            <command label="Copy saldo" objectReferenceLabel="COPY" >
                <sourceFieldPath value = "voucher.saldo_parcial" />
                <targetFieldPath value = "acquirer_common.resp_txt" />
            </command>
            
            <!-- Divide por 100 -->
            <command label="Normaliza_saldo" objectReferenceLabel="MATH" >
                <value1 value = "acquirer_common.resp_txt" />
                <value2 value = "100.00" />
                <operator value = "/" />
                <targetFieldPath value = "acquirer_common.resp_txt" />
            </command>
            
            <command label="tamanho_saldo_disp" objectReferenceLabel="GET_FSPROP" >
                <sourceFieldPath value = "acquirer_common.resp_txt" />
                <targetFieldPath value = "TMP_CUPOM.length" />
                <propertyToGet value = "length" />
            </command>
            
            <command label="centavos_saldo_disp" objectReferenceLabel="MATH" >
                <value1 value = "TMP_CUPOM.length" />
                <value2 value = "3" />
                <operator value = "-" />
                <targetFieldPath value = "TMP_CUPOM.length" />
            </command>
            
            <command label="ajuste_saldo_parcial" objectReferenceLabel="StrFunctions" >
                <action value="SUBSTR"/>
                <sourceFieldPath value="TMP_CUPOM.posicao_busca"/>
                <sourceFieldPath value="TMP_CUPOM.length"/>
                <sourceFieldPath value="acquirer_common.resp_txt"/>
                <targetFieldPath value="TMP_CUPOM.SALDO"/>
            </command>
            
            <command label="centavos_saldo_disp" objectReferenceLabel="MATH" >
                <value1 value = "TMP_CUPOM.length" />
                <value2 value = "1" />
                <operator value = "+" />
                <targetFieldPath value = "TMP_CUPOM.length" />
            </command>
            
            <command label="ajuste_saldo_parcial" objectReferenceLabel="StrFunctions" >
                <action value="SUBSTR"/>
                <sourceFieldPath value="TMP_CUPOM.length"/>
                <sourceFieldPath value="TMP_CUPOM.posicao_busca_virgula"/>
                <sourceFieldPath value="acquirer_common.resp_txt"/>
                <targetFieldPath value="acquirer_common.resp_txt"/>
            </command>
            
            <command label="add_virgual" objectReferenceLabel="CONCAT" >
                <sourceFieldPath value = "TMP_CUPOM.SALDO" />
                <targetFieldPath value = "TMP_CUPOM.SALDO" />
                <concatSide value = "RIGHT" />
                <concatValue value = "," />
            </command>
            
            <command label="append_saldo_parcial" objectReferenceLabel="StrFunctions" >
                <action value="APPEND"/>
                <sourceFieldPath value="acquirer_common.resp_txt"/>
                <targetFieldPath value="TMP_CUPOM.SALDO"/>
            </command>
            
            <command label="set_final_saldo" objectReferenceLabel="COPY" >
                <sourceFieldPath value = "TMP_CUPOM.SALDO" />
                <targetFieldPath value = "acquirer_common.resp_txt" />
            </command>
            
            <command label="tamanho_saldo_disp" objectReferenceLabel="GET_FSPROP" >
                <sourceFieldPath value = "acquirer_common.resp_txt" />
                <targetFieldPath value = "TMP_CUPOM.length" />
                <propertyToGet value = "length" />
            </command>
            
            <conditional-block label="verificacao_para_espaco">
                <if objectReferenceLabel="EXPR">
                    <expr value="TMP_CUPOM.length &lt; '10'" />
                        
                    <command label="set_espacos" objectReferenceLabel="MATH" >
                        <value1 value = "10" />
                        <value2 value = "TMP_CUPOM.length" />
                        <operator value = "-" />
                        <targetFieldPath value = "TMP_CUPOM.length" />
                    </command>

                    <command label="Pad_espacos" objectReferenceLabel="StrFunctions" >
                        <action value="PAD_CHAR"/>
                        <sourceFieldPath value="TMP_CUPOM.valor_pad"/>
                        <sourceFieldPath value="TMP_CUPOM.posicao_pad"/>
                        <sourceFieldPath value="TMP_CUPOM.length"/>
                        <sourceFieldPath value="acquirer_common.resp_txt"/>
                        <targetFieldPath value="acquirer_common.resp_txt"/>
                    </command>
                    
                </if>
            </conditional-block>

            <command label="ConcatLeft" objectReferenceLabel="CONCAT" >
                <sourceFieldPath value = "acquirer_common.resp_txt" />
                <targetFieldPath value = "acquirer_common.resp_txt" />
                <concatSide value = "LEFT" />
                <concatValue value = "Saldo " />
            </command>
            </if>
            <else-if objectReferenceLabel="EXPR">
                <expr value="common.msg_name == 'CONS_AVS' &amp;&amp; credit.avs_respcode != ''" /> 
 
                <conditional-block label="BIT_62">
                    <if objectReferenceLabel="EXPR">
                    <expr value= "target.segments.common.msg_name == 'CONS_AVS' &amp;&amp; target.segments.common.az_reason_code == '00'" />

                        <command label="ajuste_avs_respcode" objectReferenceLabel="VALUE" >
                            <when objectReferenceLabel="EXPR">
                                <expr value="!( target.segments.credit.avs_respcode in ('A, N, S, U, W, X, Y, Z') )" /> 
                            </when>
                            <sourceValue value="R" />
                            <targetFieldPath value="target.segments.credit.avs_respcode" />
                        </command>                     

                        <command label="GET_MSGM" objectReferenceLabel="MAPPING" >
                            <xmlFile filePath="$(COMMON_XML_DIR)" fileName="MappingAVSCode.xml" referenceLabel="MAPA_RESP" />
                            <sourceFieldPath value = "target.segments.credit.avs_respcode" />
                            <targetFieldPath value = "target.segments.acquirer_common.resp_txt" />
                        </command>
                    </if>                   
                </conditional-block>                   
            </else-if>
            <else-if objectReferenceLabel="EXPR">
                <expr value="target.segments.common.msg_name == 'BAIXA_OS'
                         &amp;&amp; target.segments.common.az_reason_code == '00' 
                         &amp;&amp; target.segments.acquirer_common.resp_txt == '' " />            
                <command label="MapBit63toDe062" objectReferenceLabel="COPY" >
                    <sourceFieldPath value = "target.segments.common.bit63" />
                    <targetFieldPath value = "target.segments.acquirer_common.resp_txt" />
                </command>
            </else-if>
        </conditional-block >

        <conditional-block label="CheckMensagemGerada">
            <if objectReferenceLabel="EXPR">
                <expr value="acquirer_common.resp_txt != '0'" />

                <command label=" Cupom Gerado(acquirer_common.resp_txt)" objectReferenceLabel="FIELDSET_DUMP">
                    <sourceFieldPath value = "acquirer_common.resp_txt" />
                </command>
            </if>
        </conditional-block >
    </dataManip>
    
    <dataManip label="TratamentoSaldoDisponivel">
        <fieldSetReference reference="arg0.segments.common" alias="common"/>
        <fieldSetReference reference="arg0.segments.voucher" alias="voucher"/>
        <fieldSetReference reference="arg1" alias="LOCAL"/>

        <!-- @Info: TRATAMENTO DO SALDO DISPONIVEL VOUCHER -->
        <conditional-block label="TRATAMENTO SALDO DISPONIVEL VOUCHER">
            <if objectReferenceLabel="EXPR">
                <expr value="common.bit63 != ''" />

                <declare label="TMP_BIT63" >
                    <field label="valor_busca" value="0" />
                    <field label="posicao_busca" value="0" />
                    <field label="SALDO" value="0" />
                    <field label="length" value="0" />
                    <field label="posicao_busca_virgula" value="2" />
                </declare>

                <command label="find_saldo_parcial" objectReferenceLabel="StrFunctions" >
                    <action value="FIRST_FIND"/>
                    <sourceFieldPath value="TMP_BIT63.valor_busca"/>
                    <sourceFieldPath value="TMP_BIT63.posicao_busca"/>
                    <sourceFieldPath value="common.bit63"/>
                    <targetFieldPath value="TMP_BIT63.SALDO"/>
                </command>

                <command label="trim_TMP_BIT63_SALDO" objectReferenceLabel="TRIM" >
                    <sourceFieldPath value="TMP_BIT63.SALDO" />
                    <targetFieldPath value="LOCAL.saldo_parcial" />
                    <trimmingChar value="0" />
                    <enableLeftTrimming value="true" />
                    <enableRightTrimming value="false" />
                </command>

                <command label="tamanho_saldo_disp" objectReferenceLabel="GET_FSPROP" >
                    <sourceFieldPath value = "LOCAL.saldo_parcial" />
                    <targetFieldPath value = "TMP_BIT63.length" />
                    <propertyToGet value = "length" />
                </command>

                <conditional-block label="verificacao_para_tratamento_virgual">
                    <if objectReferenceLabel="EXPR">
                        <expr value="TMP_BIT63.length &gt; '2'" />

                        <!-- somente quando tamanho maior que 2 pois indica que tem casa antes da virgula -->
                        <command label="centavos_saldo_disp" objectReferenceLabel="MATH" >
                            <value1 value = "TMP_BIT63.length" />
                            <value2 value = "2" />
                            <operator value = "-" />
                            <targetFieldPath value = "TMP_BIT63.length" />
                        </command>

                        <command label="ajuste_saldo_parcial" objectReferenceLabel="StrFunctions" >
                            <action value="SUBSTR"/>
                            <sourceFieldPath value="TMP_BIT63.posicao_busca"/>
                            <sourceFieldPath value="TMP_BIT63.length"/>
                            <sourceFieldPath value="LOCAL.saldo_parcial"/>
                            <targetFieldPath value="TMP_BIT63.SALDO"/>
                        </command>

                        <command label="ajuste_saldo_parcial" objectReferenceLabel="StrFunctions" >
                            <action value="SUBSTR"/>
                            <sourceFieldPath value="TMP_BIT63.length"/>
                            <sourceFieldPath value="TMP_BIT63.posicao_busca_virgula"/>
                            <sourceFieldPath value="LOCAL.saldo_parcial"/>
                            <targetFieldPath value="LOCAL.saldo_parcial"/>
                        </command>

                        <command label="add_virgual" objectReferenceLabel="CONCAT" >
                            <sourceFieldPath value = "TMP_BIT63.SALDO" />
                            <targetFieldPath value = "TMP_BIT63.SALDO" />
                            <concatSide value = "RIGHT" />
                            <concatValue value = "," />
                        </command>

                        <command label="append_saldo_parcial" objectReferenceLabel="StrFunctions" >
                            <action value="APPEND"/>
                            <sourceFieldPath value="LOCAL.saldo_parcial"/>
                            <targetFieldPath value="TMP_BIT63.SALDO"/>
                        </command>

                        <command label="set_final_saldo" objectReferenceLabel="COPY" >
                            <sourceFieldPath value = "TMP_BIT63.SALDO" />
                            <targetFieldPath value = "LOCAL.saldo_parcial" />
                        </command>

                    </if>
                    <else>

                        <command label="ajuste_valor_virgula" objectReferenceLabel="VALUE">
                        <when objectReferenceLabel="EXPR">
                            <expr value="TMP_BIT63.length == '2'"/>
                        </when>
                            <targetFieldPath value="TMP_BIT63.SALDO"/>
                            <sourceValue value="0,"/>
                        </command>

                        <command label="ajuste_valor_virgula" objectReferenceLabel="VALUE">
                        <when objectReferenceLabel="EXPR">
                            <expr value="TMP_BIT63.length == '1'"/>
                        </when>
                            <targetFieldPath value="TMP_BIT63.SALDO"/>
                            <sourceValue value="0,0"/>
                        </command>

                        <command label="ajuste_valor_virgula" objectReferenceLabel="VALUE">
                        <when objectReferenceLabel="EXPR">
                            <expr value="TMP_BIT63.length == '0'"/>
                        </when>
                            <targetFieldPath value="TMP_BIT63.SALDO"/>
                            <sourceValue value="0,00"/>
                        </command>

                        <command label="append_saldo_parcial" objectReferenceLabel="StrFunctions" >
                            <action value="PREPEND"/>
                            <sourceFieldPath value="TMP_BIT63.SALDO"/>
                            <targetFieldPath value="LOCAL.saldo_parcial"/>
                        </command>

                    </else>
                </conditional-block>

            </if>
        </conditional-block>


        <!-- @Info: TRATAMENTO DO SALDO DISPONIVEL VOUCHER VAZIO -->
        <command label="TRATAMENTO DO SALDO DISPONIVEL VOUCHER VAZIO" objectReferenceLabel="VALUE">
        <when objectReferenceLabel="EXPR">
                <expr value="LOCAL.saldo_parcial=='' || LOCAL.saldo_parcial==',00'"/>
        </when>
            <targetFieldPath value="LOCAL.saldo_parcial"/>
            <sourceValue value="0,00"/>
        </command>

    </dataManip>

</dataManip-list>
