<?xml version="1.0" encoding="iso-8859-1"?>
<!DOCTYPE dataManip-list SYSTEM "../../../PDV/dtd/fwsw/DataManip.dtd">

<dataManip-list>

    <!-- @Info: CHAMANDA DO MANIP PRINCIAL   -->
    <dataManip label="REQ_ACQSRV_PL">
        <fieldSetReference reference="fmt_side_msg" alias="source" />
        <fieldSetReference reference="shc_side_msg" alias="target" />
        <fieldSetReference reference="target.shc_msg" alias="shc_msg" />
        <fieldSetReference reference="target.segments.common" alias="common" />

        <command label="CopyMsgFromFormatterToShc" objectReferenceLabel="FIELDSET_COPY">
            <sourceFieldPath value = "source" />
            <targetFieldPath value="target" />
        </command>
        
        <declare label="LOCAL" >
            <field label="network_id_van" />
            <field label="trap_id" />
            <field label="mailboxName" />  <!-- Usado no RegistraTrace* -->
            <field label="isTrxOfflineNegada" value="FALSE"/>
            <field label="tip_dtlh_tran" value="P"/>
            <field label="term_tpk_issuer" />
            <field label="mac_amount_nsu" />
            <field label="mac_amount_val" />
            <field label="COD_STTU_TRAN" />
            <field label="cod_gru_estb" />
            <field label="cod_mtz_estb" />
            <field label="nu_cgc_cpf" />
            <field label="isVAN" value="FALSE"/>
            <field label="ind_modl_cptr" />
            <field label="auto_ini" />
            <field label="L_NUM_CAR" />
            <field label="IND_TRAN_REFD" value = "0" />
            <field label="IND_TERM_LTRO_CHIP" />
            <field label="L_IND_UTLZ_PNPD" />
            <field label="data_tbsw0030" />
            <!-- Campo usado exclusivamente no estorno  -->
            <field label="trn_tem_original" value="FALSE" />
            <field label="txt_da_adic_emsr" />
            <field label="VALUE_COD_SERV_TRK_CAR" />
            <field label="L_COD_TRK_CAR" />
            <field label="L_IND_TRK" />
            <field label="L_COD_SERV" />
            <field label="orig_fmt_mb" />
            <field label="num_mot_rsps" />
            <field label="versao_minima" />
            <field label="termid" />
            <field label="termloc" />
            <field label="tip_vd" value = " " />
            <field label="is_desfz_emissor" value="0" /> <!-- usado no desfazimento -->
            <field label="ind_sttu_tran" value="0" /> <!-- usado no desfazimento -->
            <field label="permiteCompraEmDollar" />
            <field label="nomeEmissorCupom" />    <!-- Campo dummy para coleta do nome do emissor do mapeamento -->
            <field label="swreplic" /> <!-- Utilizado no Negative para poder chamar o datamanip DefineEnderecoTrnCommon -->
            <field label="TBSW_RESULT" />
            <field label="cod_gru_clas_ram" /> <!-- recuperado da TBSW0040 usado salvar na TBSW0030 e TBSW0058 -->
            <field label="orig_ind_da_rlcd_chip" /> <!-- Usado para o insert da tbsw0030 -->
            <field label="ind_da_rlcd_iata" value = "N" /> <!-- usado para reconhecer transacoes iata -->
            <field label="traps_on_file" />
            <!-- Dados Validacao Ordem de Servico - DE48 TAG 80 ..  -->
            <field label="data_baixa" />
            <field label="hora_baixa" />
            <field label="cod_ocorr" />
            <field label="is_desfz_sem_original" value="FALSE" /> <!-- desfazimento sem original -->
            <!-- AUT1-1830 - ELO endereco EC no CV - INICIO -->
            <field label="nom_logr_pdv" />
            <field label="num_logr_pdv" />
            <field label="nom_brr_pdv" />
            <field label="des_cpl_endr_pdv" />
            <!-- AUT1-1830 - ELO endereco EC no CV - FIM -->
            <field label="porta_origem" />
            <field label="COD_TRAN_CAD" />            
            <field label="mac_amount_pdv" />
            <field label="MARKUP" />
            <field label="CONVRATE" />
            <field label="codigoParceiroAdquirente" />
        </declare>       
                        
        <call label="Dump_Recebimento_Msg">
            <dataManipXml filePath="$(FEGEN_XML_DIR)" fileName="DataManipCommon.xml"/>
            <subDataManip objectReferenceLabel="Dump_Recebimento_Msg" />
            <targetFieldPath value="source" />
            <targetFieldPath value="LOCAL" />
            <targetFieldPath value="environment.SENDER_ADDRESS" />
        </call>
        
        <call label="CallPreProcessamento">
            <subDataManip objectReferenceLabel="PreProc" />
            <targetFieldPath value="target" />
            <targetFieldPath value="environment" />
            <targetFieldPath value="LOCAL" />
        </call>        
        
        <call label="CallProcessamento">
            <subDataManip objectReferenceLabel="Proc" />
            <targetFieldPath value="target" />
            <targetFieldPath value="environment" />
            <targetFieldPath value="EVENT_DATA" />
            <targetFieldPath value="LOCAL" />
        </call>                
        
        <call label="CallPosProcessamento">
            <subDataManip objectReferenceLabel="PosProc" />
            <targetFieldPath value="target" />
            <targetFieldPath value="environment" />
            <targetFieldPath value="EVENT_DATA" />
            <targetFieldPath value="LOCAL" />
        </call>            
        
        <call label="Dump_Destino_Msg">
            <dataManipXml filePath="$(FEGEN_XML_DIR)" fileName="DataManipCommon.xml"/>
            <subDataManip objectReferenceLabel="Dump_Destino_Msg" />
            <targetFieldPath value="target" />
            <targetFieldPath value="LOCAL" />
            <targetFieldPath value="environment.FORWARD_ADDRESS" />
        </call>
        
    </dataManip>

    <!-- @Info: MANIP DE PRE PROC -->
    <dataManip label="PreProc">
        <fieldSetReference reference="arg0" alias="target"/>
        <fieldSetReference reference="arg0.shc_msg" alias="shc_msg"/>
        <fieldSetReference reference="arg0.segments.common" alias="common"/>
        <fieldSetReference reference="arg1" alias="environment"/>
        <fieldSetReference reference="arg2" alias="LOCAL"/>

        <!-- TODO: Porque diabos isto estah aqui ? -->
        <call label="CallSalvaTermid">
            <dataManipXml filePath="$(FEGEN_XML_DIR)" fileName="DataManipCommon.xml"/>
            <subDataManip objectReferenceLabel="SalvaTermid"/>
            <targetFieldPath value="target" />
            <targetFieldPath value="LOCAL" />
        </call>

        <!-- @Info: Obtem VERSAOMINIMAPDV e traps_on_file do ISTPARAM -->
        <declare label="TEMP" >
            <field label="nome_parametro1" value="acqsrv2.versaominimapdv"/>
            <field label="nome_parametro2" value="acqsrv2.traps_on_file"/>
        </declare>
        <command label="get_versaominima_istparam" objectReferenceLabel="GETPARAMIST" >
        <sourceFieldPath value="TEMP.nome_parametro1" />
        <targetFieldPath value="LOCAL.versao_minima" />
        </command>
        <command label="get_traps_on_file" objectReferenceLabel="GETPARAMIST" >
        <sourceFieldPath value="TEMP.nome_parametro2" />
        <targetFieldPath value="LOCAL.traps_on_file" />
        </command>
        <command label="  ========== obtendo variavel acqsrv2.versaominimapdv no istparam ==========" objectReferenceLabel="FIELDSET_DUMP2">
            <sourceFieldPath value = "LOCAL.versao_minima" />
        </command>
        <command label="  ========== obtendo variavel acqsrv2.traps_on_file no istparam ==========" objectReferenceLabel="FIELDSET_DUMP2">
            <sourceFieldPath value = "LOCAL.traps_on_file" />
        </command>
    
        <!-- @Info: Chamada do Pre Enriquecimento -->
        <call label="CallPreEnriquecimento">
            <subDataManip objectReferenceLabel="PreEnriquecimento" />
            <targetFieldPath value="target" />
            <targetFieldPath value="environment" />
            <targetFieldPath value="LOCAL" />
        </call>
        
        <!-- @Info: Chamada das travas de Pre Processamento -->
        <call label="CallGrupoTravasPreProcessamento">
            <when objectReferenceLabel="EXPR"> 
                <expr value=" common.msg_category != 'CONFIRMACAO' &amp;&amp; common.msg_category != 'DESFAZIMENTO' &amp;&amp;
                              common.msg_category != 'ADV_NEGADO' " />
            </when>
            <dataManipXml filePath="$(ACQSRV_PL_XML_DIR)" fileName="GrupoTravas.xml"/>
            <subDataManip objectReferenceLabel="GrupoTravasPreProcessamento"/>
            <targetFieldPath value="target" />
            <targetFieldPath value="LOCAL" />
        </call>
        

        <!-- TRAVA 114 | SCSW-7410 / MTS | Validacao Mac Amount | INICIO -->
        <!-- call label="CALL_TRAP114_MAC_AMOUNT">
        <when objectReferenceLabel="EXPR">
            <expr value=" common.msg_category == 'VENDA'" />
        </when>
            <dataManipXml filePath="$(COMMON_XML_DIR)" fileName="BusinessRules.xml" />
            <subDataManip objectReferenceLabel="TRAP114_MAC_AMOUNT" />
            <targetFieldPath value="target" />
            <targetFieldPath value="LOCAL" />
        </call -->
        <!-- TRAVA 114 | SCSW-7410 / MTS | Validacao Mac Amount | FIM -->
        
    
    </dataManip>
    
    <!-- @Info: MANIP DE PROC -->
    <dataManip label="Proc">
        <fieldSetReference reference="arg0" alias="target"/>
        <fieldSetReference reference="arg0.shc_msg" alias="shc_msg"/>
        <fieldSetReference reference="arg0.segments.common" alias="common"/>
        <fieldSetReference reference="arg1" alias="environment"/>
        <fieldSetReference reference="arg2" alias="EVENT_DATA"/>
        <fieldSetReference reference="arg3" alias="LOCAL"/>
        
        <!-- Se trn necessita da original faz aqui para jah definir parametros iniciais: Issuer, bandeira, etc. 
            Estes dados serao usado para nao precisar executar o rotemanto. Algumas transacoes
            nao tem todos os dados necessarios para executa-lo -->
        <conditional-block label="Recupera dados originais para trasacoes relacionadas" >
            <if objectReferenceLabel="EXPR">
            <expr value=" common.msg_category == 'DESFAZIMENTO' || common.msg_category == 'ESTORNO' 
                        || common.msg_category == 'CONFIRMACAO'    " />
                <call label="CallRecuperaDadosTrnOriginal">
                    <subDataManip objectReferenceLabel="RecuperaDadosTrnOriginal" />
                    <targetFieldPath value="target" />
                    <targetFieldPath value="environment" />
                    <targetFieldPath value="LOCAL" />
                </call>
            </if>
        </conditional-block>
        
        <!-- @Info: Chamada do Proceso de Roteamento da transacao -->
        <call label="CallTrataRoteamento">
            <!-- Somente rotear confirmacao se tiver original-->
            <!-- Para DESFAZIMENTO SEM ORIGINAL, nao efetua roteamento .. -->
            <when objectReferenceLabel="EXPR">
                <expr value="LOCAL.is_desfz_sem_original != 'TRUE' &amp;&amp; 
                        (common.msg_category != 'CONFIRMACAO' || (common.msg_category == 'CONFIRMACAO' &amp;&amp; LOCAL.trn_tem_original == 'TRUE'))" /> 
            </when>
            <subDataManip objectReferenceLabel="TrataRoteamento" /> 
            <targetFieldPath value="target" />
            <targetFieldPath value="LOCAL" /> 
        </call>
        
        <!-- @Info: Determina dados especifios do issuer/bandeira. 
             Altera nomes especificos de issuer (HVM e Ticket chip)  -->
        <call label="CallObtemInfoIssuer">
            <!-- Para DESFAZIMENTO SEM ORIGINAL, nao efetua roteamento .. -->
            <when objectReferenceLabel="EXPR">
                <expr value="LOCAL.is_desfz_sem_original != 'TRUE'" />
            </when>
            <dataManipXml filePath="$(FEGEN_XML_DIR)" fileName="DataManipCommon.xml"/>
            <subDataManip objectReferenceLabel="ObtemInfoIssuer" />
            <targetFieldPath value="target" />
            <targetFieldPath value="LOCAL" />
        </call>
        
        <!-- O COD_TRAN do PL depende do iss_name (determinado pelo ObtemInfoIssuer), por isso tem que ser chamado APOS o ObtemInfoIssuer -->
        <conditional-block label="ATRIBUICAO_COD_TRAN_PL" >
            <if objectReferenceLabel="EXPR">
                <!-- COD_TRAN para ESTORNO e DESFAZIMENTO jah foi atribuido no resgate da transacao original -->
                <expr value="common.msg_category != 'ESTORNO' &amp;&amp; common.msg_category != 'DESFAZIMENTO'" />
                <call label="Call_Atribuicao_CodTrans_PL">
                    <dataManipXml filePath="$(FEGEN_XML_DIR)" fileName="CodTransAssign.xml"/>
                    <subDataManip objectReferenceLabel="Atribuicao_CodTrans_PL"/>
                    <targetFieldPath value="target" />
                </call>
            </if>
        </conditional-block>
        
        <!-- Executa estas operacoes se nao for uma confirmacao -->
        <conditional-block label="Executa operacoes se nao for confirmacao (3a_perna)" >
            <if objectReferenceLabel="EXPR">
            <expr value=" common.msg_category != 'CONFIRMACAO' " />
            
                <!-- @Info: Chamada do Travas Pos Roteamento da transacao -->
                <call label="CallGrupoTravasPosRoteamento">
                <when objectReferenceLabel="EXPR">
                    <expr value="common.msg_category != 'DESFAZIMENTO'" />
                </when>
                    <dataManipXml filePath="$(ACQSRV_PL_XML_DIR)" fileName="GrupoTravas.xml"/>
                    <subDataManip objectReferenceLabel="GrupoTravasPosRoteamento"/>
                    <targetFieldPath value="target" />
                    <targetFieldPath value="LOCAL" />
                </call>
                
                <!-- @Info: Chamada Loader das tabelas de Cadastro -->
                <call label="CallLoadTabelasCadastro">
                    <subDataManip objectReferenceLabel="LoadTabelasCadastro" />
                    <targetFieldPath value="target" />
                    <targetFieldPath value="LOCAL" />
                </call>

            </if>
        </conditional-block>
		
		<!-- EAK-1733 -->
        <!-- Registra trace da transacao no arquivo de log -->
        <call label="CallRegistraTraceReq">
            <dataManipXml filePath="$(FEGEN_XML_DIR)" fileName="DataManipCommon.xml"/>
            <subDataManip objectReferenceLabel="RegistraTraceReq"/>
            <targetFieldPath value="target" />
            <targetFieldPath value="environment" />
            <targetFieldPath value="LOCAL" />
        </call>
        
        <!-- @Info: Chamada do Fluxo das transacoes -->
        <conditional-block label="ChamaFluxoTrn" >
            <!-- @Info: Fluxo das transacoes de consulta e Fluxo das transacoes de venda ( ambos sao iguais ) -->
            <if objectReferenceLabel="EXPR">
            <expr value="common.msg_category == 'CONSULTA' || common.msg_category == 'VENDA' || common.msg_category == 'ADV_NEGADO'" />
                <call label="CallFluxoConsulta_FluxoVenda">
                    <subDataManip objectReferenceLabel="FluxoConsulta_FluxoVenda" />
                    <targetFieldPath value="target" />
                    <targetFieldPath value="environment" />
                    <targetFieldPath value="LOCAL" />
                </call>            
            </if>
            <!-- @Info: Fluxo das transacoes de estorno -->
            <else-if objectReferenceLabel="EXPR">
            <expr value="common.msg_category == 'ESTORNO'" />        
                <call label="CallFluxoEstorno">
                    <subDataManip objectReferenceLabel="FluxoEstorno" />
                    <targetFieldPath value="target" />
                    <targetFieldPath value="LOCAL" />
                    <targetFieldPath value="environment" />
                </call>            
            </else-if>
            <!-- @Info: Fluxo das transacoes de desfazimento -->
            <else-if objectReferenceLabel="EXPR">
            <expr value="common.msg_category == 'DESFAZIMENTO'" />            
                <call label="CallFluxoDesfazimento">
                    <subDataManip objectReferenceLabel="FluxoDesfazimento" />
                    <targetFieldPath value="target" />
                    <targetFieldPath value="environment" />
                    <targetFieldPath value="LOCAL" />
                </call>
            </else-if>
            <!-- @Info: Fluxo das transacoes de Confirmacao -->
            <else-if objectReferenceLabel="EXPR">
            <expr value="common.msg_category == 'CONFIRMACAO'" />            
                <call label="CallFluxoConfirmacaoo">
                    <subDataManip objectReferenceLabel="FluxoConfirmacao" />
                    <targetFieldPath value="target" />
                    <targetFieldPath value="environment" />
                    <targetFieldPath value="EVENT_DATA" />
                    <targetFieldPath value="LOCAL" />
                </call>
            </else-if>
            <else>
                <command label=" Parametros determinantes do fluxo desconhecidos: " objectReferenceLabel="XDUMP">
                    <sourceFieldPath value = "common.msg_category" />
                    <sourceFieldPath value = "common.msg_name" />
                </command>
                <command label="  ========= Fluxo nao determinado =========  " objectReferenceLabel="DROP" />
            </else>
        </conditional-block>
        
    </dataManip>
    
    <!-- @Info: MANIP DE POS PROC -->
    <dataManip label="PosProc">
        <fieldSetReference reference="arg0" alias="target"/>
        <fieldSetReference reference="arg0.shc_msg" alias="shc_msg"/>
        <fieldSetReference reference="arg0.segments.common" alias="common"/>
        <fieldSetReference reference="arg1" alias="environment"/>
        <fieldSetReference reference="arg2" alias="EVENT_DATA"/>
        <fieldSetReference reference="arg3" alias="LOCAL"/>
        
        <!-- @Info: Chama funcao de tratamento do DE062-->
        <call label="CallTrataDadosAdicionais">
            <subDataManip objectReferenceLabel="TrataDadosAdicionais" />
            <targetFieldPath value="target" />
            <targetFieldPath value="environment" />
            <targetFieldPath value="LOCAL" />
        </call>  

        <!-- @Info: Salva os dados da transacao em evento -->
        <call label="CallSalvarDadosEvento">
            <subDataManip objectReferenceLabel="SalvarDadosEvento" />
            <targetFieldPath value="target" />
            <targetFieldPath value="environment" />
            <targetFieldPath value="EVENT_DATA" />
            <targetFieldPath value="LOCAL" />
        </call>    
        
        <!-- Emergencial para contornar o problema de estouro de tamanho de mensagem
                   Desliga o segmento "commerce" nao utilizado pelo POS e PDV     -->
        <command label="SetOFF_seg_commerce" objectReferenceLabel="TURN_OFF" >
            <targetFieldPath value="target.segments.commerce" />
        </command>

        <command label="SetOFF_seg_commerce" objectReferenceLabel="TURN_OFF" >
            <targetFieldPath value="target.segments.voucher" />
        </command>

        <command label="SetOFF_seg_pos_acquirer" objectReferenceLabel="TURN_OFF" >
            <targetFieldPath value="target.segments.pos_acquirer" />
        </command>

        <command label="SetOFF_seg_payment" objectReferenceLabel="TURN_OFF" >
            <targetFieldPath value="target.segments.payment" />
        </command>

        <command label="SetOFF_seg_pix" objectReferenceLabel="TURN_OFF" >
            <targetFieldPath value="target.segments.pix" />
        </command>

        <!-- AUT1-3410 - J05/21 - Antifraude Link de Pagamento - INICIO -->
        <command label="SetOFF_seg_web_acquirer" objectReferenceLabel="TURN_OFF" >
            <targetFieldPath value="target.segments.web_acquirer" />
        </command>
        <!-- AUT1-3410 - J05/21 - Antifraude Link de Pagamento - FIM -->
		
	<!-- JPFC - EAK-5604 - Inicio -->
        <command label="SetOFF_seg_pdv_acquirer" objectReferenceLabel="TURN_OFF" >
            <targetFieldPath value="target.segments.pdv_acquirer" />
        </command>		
	<!-- JPFC - EAK-5604 - Fim -->
		
        <!-- AUT1-3543 - Release Bandeira Abril/21 - ELO - ID da Transacao - INICIO -->
        <command label="SetOFF_seg_acquirer_common" objectReferenceLabel="TURN_OFF" >
            <targetFieldPath value="target.segments.acquirer_common" />
        </command>
        <!-- AUT1-3543 - Release Bandeira Abril/21 - ELO - ID da Transacao - FIM -->

    </dataManip>

    <dataManip label="PreEnriquecimento">
        <fieldSetReference reference="arg0" alias="target"/>
        <fieldSetReference reference="arg0.shc_msg" alias="shc_msg"/>
        <fieldSetReference reference="arg0.segments.common" alias="common"/>
        <fieldSetReference reference="arg0.segments.merchant" alias="merchant"/>
        <fieldSetReference reference="arg1" alias="environment"/>
        <fieldSetReference reference="arg2" alias="LOCAL"/>
        
        <call label="CallSet_Valores_Defaults">
            <subDataManip objectReferenceLabel="Set_Valores_Defaults" />
            <targetFieldPath value="target" />
            <targetFieldPath value="environment" />
            <targetFieldPath value="LOCAL" />
        </call>
        
        <call label="Call2ANDGAC">
            <dataManipXml filePath="$(FEGEN_XML_DIR)" fileName="DataManipCommon.xml"/>
            <subDataManip objectReferenceLabel="2NDGAC"/>
            <targetFieldPath value="target" />
            <targetFieldPath value="LOCAL" />
        </call>
        
        <call label="CallAtribuirNSU">
            <dataManipXml filePath="$(FEGEN_XML_DIR)" fileName="DataManipCommon.xml"/>
            <subDataManip objectReferenceLabel="AtribuirNSU" />
            <targetFieldPath value="target" />
            <targetFieldPath value="LOCAL" />
        </call>

      <!-- EAK-4528 - [PDV75] Modulo acqrsrv stalled -->
      <!--
          // TO DO //
          PRECISA SER IMPLEMENTADO CRIPTOGRAFIA indCripto => SP
          NAO CONSTA AINDA PARA FE-PDV 7.5 | 09/2021
          // TO DO //
      -->
      <command label="=== Limpa MAC amount PDV ===" objectReferenceLabel="VALUE">
        <!-- when objectReferenceLabel="EXPR">
          <expr value="common.msg_category != 'VENDA'" />
        </when -->
        <sourceValue value="" />
        <targetFieldPath value="merchant.mac_amount"/>
      </command>
        
        <conditional-block label="CHECK_CRIPTLEGADO">
        <if objectReferenceLabel="EXPR">
            <expr value="( merchant.tipoCriptLegado != '3' )" />
            <call label="CallDecriptografia">
                <dataManipXml filePath="$(FEGEN_XML_DIR)" fileName="DataManipCommon.xml"/>
                <subDataManip objectReferenceLabel="Decriptografia" />
                <targetFieldPath value="target" />
                <targetFieldPath value="LOCAL" />
            </call>
            
            <call label="CallTrataTrilha">
                <dataManipXml filePath="$(FEGEN_XML_DIR)" fileName="DataManipCommon.xml"/>
                <subDataManip objectReferenceLabel="TrataTrilha" />
                <targetFieldPath value="target" />
                <targetFieldPath value="LOCAL" />
            </call>
        </if>
        </conditional-block>
 
        <!-- Info: CallCodTrans - movido para depois da definicao de issuer. Pois necessita desta informacao -->
    
    </dataManip>
    
    <dataManip label="Set_Valores_Defaults">
        <fieldSetReference reference="arg0" alias="target"/>
        <fieldSetReference reference="arg0.shc_msg" alias="shc_msg"/>
        <fieldSetReference reference="arg0.segments.common" alias="common"/>
        <fieldSetReference reference="arg1" alias="environment"/>
        <fieldSetReference reference="arg2" alias="LOCAL"/>
        
        <command label="Forward_Address" objectReferenceLabel="MAILBOXLOCATOR" >
            <mailboxName value="SharedCash" />
            <targetFieldPath value="environment.FORWARD_ADDRESS" />
        </command>
        
        <command label="set_formatador_origem" objectReferenceLabel="COPY" >
            <sourceFieldPath value="environment.SENDER_ADDRESS" />
            <targetFieldPath value="common.orig_fmt_mb" />
        </command>
        
        <call label="CallSet_Valores_1">
            <dataManipXml filePath="$(FEGEN_XML_DIR)" fileName="DataManipCommon.xml"/>
            <subDataManip objectReferenceLabel="Set_Valores_1"/>
            <targetFieldPath value="target" />
            <targetFieldPath value="LOCAL" />
        </call>
        
    </dataManip>  
    
    <dataManip label="TrataRoteamento">
        <fieldSetReference reference="arg0" alias="target"/>
        <fieldSetReference reference="arg0.shc_msg" alias="shc_msg"/>
        <fieldSetReference reference="arg0.segments.common" alias="common"/>
        <fieldSetReference reference="arg1" alias="LOCAL"/>

        <!-- ROTEAMENTO DO ISSUER    -->
        <declare label="TrxRoutingData" >
            <field label="NUM_PDV"/>
            <field label="NUM_BIN_INI"/>
            <field label="NUM_BIN_FIM"/>
            <field label="COD_EMSR"/>
            <field label="COD_STTU_TRAN"/>
            <field label="DAT_ATLZ_REG"/>
            <field label="COD_USR_ATLZ_REG"/>
            <field label="IND_STTU_REG"/>
            <field label="COD_ISSR_SW"/>
            <field label="NOM_EMSR_SW"/>
            <field label="COD_EMSR_SW"/>
            <field label="COD_BNDR"/>
            <field label="COD_FE_EMSR"/>
            <field label="COD_ROTA_PRVT_LBEL"/>
            <field label="NETWORK_ID"/>
            <field label="NOM_FE_ACQR"/>
            <field label="NOM_HOST_ACQR"/>
            <field label="result"/>
        </declare>  

        <declare label="bkpPan" >
            <field label="pan" value="0"/>
        </declare> 
        
        <!-- Se transacao recuperou issuer da original, nao necessita re-executar roteamento -->
        <conditional-block label="Executa_roteamente_se_necessario" >
            <if objectReferenceLabel="EXPR">
            <expr value=" shc_msg.issuer == '' " />
            
                <command label="backup_shc_msg_pan" objectReferenceLabel="COPY" >
                    <sourceFieldPath value="shc_msg.pan" />
                    <targetFieldPath value="bkpPan.pan" />
                </command>
        
                <command label="Trim_temp_pan" objectReferenceLabel="TRIM"> <!-- TODO: *MMS* rever o por que de ser necessario fazer este trim...-->
                    <sourceFieldPath value="shc_msg.pan"/>
                    <targetFieldPath value="shc_msg.pan"/>
                    <trimmingChar value="0"/>
                    <enableLeftTrimming value="true"/>
                    <enableRightTrimming value="false"/>
                </command>
                
                <command label="COMPLETA_PAN_ZERO_DIREITA" objectReferenceLabel="PAD" ><!-- TODO: *MMS* retirar esta parte depois....-->
                    <sourceFieldPath value="shc_msg.pan" />
                    <targetFieldPath value="shc_msg.pan" />
                    <paddingChar value="0" />
                    <mode value="right" />
                    <length value="19" />
                </command>
        
                <command label="  ========= COMPLETA_PAN_ZERO_DIREITA =========" objectReferenceLabel="FIELDSET_DUMP2">
                    <sourceFieldPath value = "shc_msg.pan"/>
                </command> 
                
                <command label="Roteamento_Issuer" objectReferenceLabel="TRXPLROUTING" >
                    <sourceFieldPath value="target"/>
                    <targetFieldPath value="TrxRoutingData"/>
                </command>
                
                <command label="  ========= Roteamento do Issuer =========" objectReferenceLabel="FIELDSET_DUMP2">
                    <sourceFieldPath value = "TrxRoutingData"/>
                </command>
                
                <call label="CallGrupoTravasRoteamento">
                    <when objectReferenceLabel="EXPR">
                        <expr value="common.msg_category != 'ADV_NEGADO' " />
                    </when>
                    <dataManipXml filePath="$(ACQSRV_PL_XML_DIR)" fileName="GrupoTravas.xml"/>
                    <subDataManip objectReferenceLabel="GrupoTravasRoteamento"/>
                    <targetFieldPath value="target" />
                    <targetFieldPath value="LOCAL" />
                    <targetFieldPath value="TrxRoutingData" />
                </call>
        
                <command label="restore_backup_pan" objectReferenceLabel="COPY" >
                    <sourceFieldPath value="bkpPan.pan" />
                    <targetFieldPath value="shc_msg.pan" />
                </command>
                
                <command label="  ========= restore_backup_pan =========" objectReferenceLabel="FIELDSET_DUMP2">
                    <sourceFieldPath value = "shc_msg.pan"/>
                </command>
                
                <command label="xcopy_TrxRoutingData" objectReferenceLabel="XCOPY">
                    <value sourceField="TrxRoutingData.COD_EMSR_SW"   type="value" targetFieldPath="common.cd_ems" />            
                    <value sourceField="TrxRoutingData.COD_BNDR"      type="value" targetFieldPath="common.cod_bndr" />
                    <value sourceField="TrxRoutingData.NETWORK_ID"    type="value" targetFieldPath="shc_msg.issuer" />
                    <value sourceField="TrxRoutingData.COD_STTU_TRAN" type="value" targetFieldPath="LOCAL.COD_STTU_TRAN" />
                </command>
                
            </if>
        </conditional-block>

    </dataManip>
        
    <dataManip label="LoadTabelasCadastro">
        <fieldSetReference reference="arg0" alias="target"/>
        <fieldSetReference reference="arg0.shc_msg" alias="shc_msg"/>
        <fieldSetReference reference="arg0.segments.common" alias="common"/>
        <fieldSetReference reference="arg0.segments.acq_common" alias="acq_common"/>
        <fieldSetReference reference="arg1" alias="LOCAL"/>
        
        <declare label="TBSW0040" >
            <field label="NUM_PDV"/>
            <field label="COD_TIP_ESTB_PDV"/>
            <field label="COD_CTGR"/>
            <field label="NOM_RZAO_SCLA_ESTB"/>
            <field label="NOM_FAT_PDV"/>
            <field label="COD_CEP_PDV"/>
            <field label="COD_CEP_CPL_PDV"/>
            <field label="NOM_CID_PDV"/>
            <field label="NOM_ESTB_PDV"/>
            <field label="COD_PAIS"/>
            <field label="COD_RAM_ATVD"/>
            <field label="COD_RAM_ATVD_MTC"/>
            <field label="COD_CTGR_TRAN_MTC"/>
            <field label="COD_RAM_ATVD_MTC_DNRS"/>
            <field label="COD_MTZ_ESTB"/>
            <field label="COD_GRU_ESTB"/>
            <field label="NUM_CNPJ"/>
            <field label="COD_STTU_REG"/>
            <field label="DAT_ATLZ_REG"/>
            <field label="COD_ID_DSTR"/>
            <field label="IND_PDV_CART_DGTL"/>
            <field label="COD_TIP_PES"/>
            <field label="COD_GRU_CLAS_RAM"/>
            <field label="COD_TIP_FACR"/>
            <field label="COD_MVV"/>                <!-- J10_2020 - Release Outubro -->
            <field label="COD_PRCR_PSP"/>           <!-- AUT1-2121 - Codigo da Chave PIX -->
            <field label="COD_TIP_CHAV_PIX"/>       <!-- AUT1-2121 - Codigo do Parceiro PSP - PIX -->
            <field label="COD_CHAV_PIX"/>           <!-- AUT1-2320 - Codigo do tipo da Chave PIX -->
            <field label="NUM_CNPJ_PIX_OWN_CHAV"/>  <!-- AUT1-2821 - PIX CNPJ Owner -->

            <field label="MER_POST"/>
            <field label="COD_RAM_ATVD_INTER"/>
            <field label="POS_GEO_LOC"/>
            <field label="RESULT_DSTR"/>
            <field label="COD_RAM_ATVD_DSTR"/>

            <field label="NOM_LOGR_PDV"/>           <!-- AUT1-1830 - ELO endereco EC no CV -->
            <field label="NUM_LOGR_PDV"/>           <!-- AUT1-1830 - ELO endereco EC no CV -->
            <field label="NOM_BRR_PDV"/>            <!-- AUT1-1830 - ELO endereco EC no CV -->
            <field label="DES_CPL_ENDR_PDV"/>       <!-- AUT1-1830 - ELO endereco EC no CV -->

            <field label="COD_CNL"/>
            <field label="COD_CEL"/>

            <field label="RESULT"/>
        </declare>
    
        <declare label="TBSW0041" >
            <field label="RESULT"/>
            <field label="NUM_PDV"/>
            <field label="COD_BNDR"/>
            <field label="QTD_MXO_PRCL"/>
            <field label="COD_STTU_REG"/>
            <field label="DAT_ATLZ_REG"/>
            <field label="COD_BCO_CMPS"/>
            <field label="COD_AGE"/>
            <field label="NUM_CTA_BNCR"/>
            <field label="DAT_INI_COB_ANT"/>
            <field label="DAT_INI_COB_ATU"/>
            <field label="TIP_COB_TRAN_ANT"/>
            <field label="TIP_COB_TRAN_ATU"/>
            <field label="VAL_COB_TRAN_ANT"/>
            <field label="VAL_COB_TRAN_ATU"/>
            <field label="COD_TRAN"/>
            <field label="IND_PERM_TRAN_DGTD_EMSR"/>
            <field label="IND_MODL_CPTR"/>
        </declare>
    
        <declare label="TBSW0042" >
            <field label="RESULT"/>
            <field label="NUM_PDV"/>
            <field label="COD_TERM"/>
            <field label="COD_STTU_REG"/>
            <field label="DAT_ATLZ_REG"/>
            <field label="COD_PSSE_TERM"/>
            <field label="COD_SIT_TERM"/>
            <field label="COD_PRDC_TERM"/>
            <field label="IND_ATIN"/>
            <field label="IND_ATCG"/>
            <field label="IND_UTLZ_PNPD"/>
            <field label="IND_TRAN_DGTD"/>
            <field label="COD_VERS_SFTW"/>
            <field label="COD_VERS_DLL"/>
            <field label="COD_TCNL"/>
            <field label="SGL_TCNL"/>
            <field label="TIP_LGCO"/>
            <field label="IND_TERM_BLQD"/>
            <field label="TIP_TERM"/>
            <field label="TIP_EQPM"/>
            <field label="IND_TRAN_CHIP"/>
            <field label="IND_TERM_LTRO_CHIP"/>
            <field label="DAT_ATCG"/>
            <field label="IND_TERM_FATR_EXPS"/>
            <field label="QTD_HOR_INTV"/>
        </declare>
    
        <declare label="TBSW0043" >
            <field label="RESULT"/>
            <field label="COD_TERM"/>
            <field label="COD_STTU_REG"/>
            <field label="DAT_ATLZ_REG"/>
            <field label="COD_FUN" value="1"/>
        </declare>
        
        <declare label="TBSW0140" >
            <field label="RESULT"/>
            <field label="COD_MCC"/>
        </declare>

        <call label="CallLOADER_TBSW0040">
            <dataManipXml filePath="$(FEGEN_XML_DIR)" fileName="DataBaseCommon.xml"/>
            <subDataManip objectReferenceLabel="LOADER_TBSW0040"/>
            <targetFieldPath value="target" />
            <targetFieldPath value="LOCAL" />
            <targetFieldPath value="TBSW0040" />
        </call>
        
        <call label="CallEnriquecimentoTBSW0040">
            <dataManipXml filePath="$(FEGEN_XML_DIR)" fileName="Enriquecimento.xml"/>
            <subDataManip objectReferenceLabel="EnriquecimentoTBSW0040"/>
            <targetFieldPath value="target" />
            <targetFieldPath value="LOCAL" />
            <targetFieldPath value="TBSW0040" />
        </call>
        
        <call label="CallGrupoTravasTBSW0040">
            <when objectReferenceLabel="EXPR">
                <expr value="common.msg_category != 'ADV_NEGADO' " />
            </when>
            <dataManipXml filePath="$(ACQSRV_PL_XML_DIR)" fileName="GrupoTravas.xml"/>
            <subDataManip objectReferenceLabel="GrupoTravasTBSW0040"/>
            <targetFieldPath value="target" />
            <targetFieldPath value="LOCAL" />
            <targetFieldPath value="TBSW0040" />
        </call>
        
        <call label="CallLOADER_TBSW0140">
            <dataManipXml filePath="$(FEGEN_XML_DIR)" fileName="DataBaseCommon.xml"/>
            <subDataManip objectReferenceLabel="LOADER_TBSW0140"/>
            <targetFieldPath value="target" />
            <targetFieldPath value="LOCAL" />
            <targetFieldPath value="TBSW0140" />
        </call>

        <call label="CallEnriquecimentoTBSW0140">
            <dataManipXml filePath="$(FEGEN_XML_DIR)" fileName="Enriquecimento.xml"/>
            <subDataManip objectReferenceLabel="EnriquecimentoTBSW0140"/>
            <targetFieldPath value="target" />
            <targetFieldPath value="LOCAL" />
            <targetFieldPath value="TBSW0140" />
        </call>

        <conditional-block label="TBSW0041: LOAD, ENRIQUECIMENTO E TRAVAS" >
            <if objectReferenceLabel="EXPR">
                <expr value="common.cod_trans != '0' &amp;&amp; common.msg_category != 'ESTORNO' &amp;&amp; common.msg_category != 'DESFAZIMENTO'" />
                
                <call label="CallLOADER_TBSW0041">
                    <dataManipXml filePath="$(FEGEN_XML_DIR)" fileName="DataBaseCommon.xml"/>
                    <subDataManip objectReferenceLabel="LOADER_TBSW0041"/>
                    <targetFieldPath value="target" />
                    <targetFieldPath value="LOCAL" />
                    <targetFieldPath value="TBSW0041" />
                </call>
                
                <call label="CallEnriquecimentoTBSW0041">
                    <dataManipXml filePath="$(FEGEN_XML_DIR)" fileName="Enriquecimento.xml"/>
                    <subDataManip objectReferenceLabel="EnriquecimentoTBSW0041"/>
                    <targetFieldPath value="target" />
                    <targetFieldPath value="LOCAL" />
                    <targetFieldPath value="TBSW0041" />
                </call>      
                <call label="CallGrupoTravasTBSW0041">
                    <when objectReferenceLabel="EXPR">
                        <expr value="common.msg_category != 'ADV_NEGADO' " />
                    </when>
                    <dataManipXml filePath="$(ACQSRV_PL_XML_DIR)" fileName="GrupoTravas.xml"/>
                    <subDataManip objectReferenceLabel="GrupoTravasTBSW0041"/>
                    <targetFieldPath value="target" />
                    <targetFieldPath value="LOCAL" />
                    <targetFieldPath value="TBSW0041" />
                </call>
                
            </if>
        </conditional-block>
        
        <call label="CallLOADER_TBSW0042">
            <dataManipXml filePath="$(FEGEN_XML_DIR)" fileName="DataBaseCommon.xml"/>
            <subDataManip objectReferenceLabel="LOADER_TBSW0042"/>
            <targetFieldPath value="target" />
            <targetFieldPath value="LOCAL" />
            <targetFieldPath value="TBSW0042" />
        </call>
        
        <call label="CallEnriquecimentoTBSW0042">
            <dataManipXml filePath="$(FEGEN_XML_DIR)" fileName="Enriquecimento.xml"/>
            <subDataManip objectReferenceLabel="EnriquecimentoTBSW0042"/>
            <targetFieldPath value="target" />
            <targetFieldPath value="LOCAL" />
            <targetFieldPath value="TBSW0042" />
        </call>
        
        <call label="CallGrupoTravasTBSW0042">
            <when objectReferenceLabel="EXPR">
                <expr value="common.msg_category != 'ADV_NEGADO' " />
            </when>
            <dataManipXml filePath="$(ACQSRV_PL_XML_DIR)" fileName="GrupoTravas.xml"/>
            <subDataManip objectReferenceLabel="GrupoTravasTBSW0042"/>
            <targetFieldPath value="target" />
            <targetFieldPath value="LOCAL" />
            <targetFieldPath value="TBSW0042" />
        </call>
        
        <call label="CallLOADER_TBSW0043">
            <dataManipXml filePath="$(FEGEN_XML_DIR)" fileName="DataBaseCommon.xml"/>
            <subDataManip objectReferenceLabel="LOADER_TBSW0043"/>
            <targetFieldPath value="target" />
            <targetFieldPath value="LOCAL" />
            <targetFieldPath value="TBSW0043" />
        </call>
        
        <call label="CallGrupoTravasTBSW0043">
            <when objectReferenceLabel="EXPR">
                <expr value="common.msg_category != 'ADV_NEGADO'" />
            </when>
            <dataManipXml filePath="$(ACQSRV_PL_XML_DIR)" fileName="GrupoTravas.xml"/>
            <subDataManip objectReferenceLabel="GrupoTravasTBSW0043"/>
            <targetFieldPath value="target" />
            <targetFieldPath value="LOCAL" />
            <targetFieldPath value="TBSW0043" />
        </call>
        
        <conditional-block label="Valida_Trava_Estorno_Fraude" >
        <if objectReferenceLabel="EXPR">
            <expr value="(common.msg_name == 'EST_VEND_CRT_GEN' ||
                          common.msg_name == 'EST_VEND_DBT_GEN' ) "/>

            <declare label="TMP" >
                <field label="COD_FUN_ANT" />
                <field label="COD_FUN_99" value="99" />
            </declare>

            <command label="copia_cod_fun" objectReferenceLabel="COPY" >
                <sourceFieldPath value="TBSW0043.COD_FUN" />
                <targetFieldPath value="TMP.COD_FUN_ANT" />
            </command>

            <command label="set_cod_fun_99" objectReferenceLabel="COPY" >
                <sourceFieldPath value="TMP.COD_FUN_99" />
                <targetFieldPath value="TBSW0043.COD_FUN" />
            </command>

            <call label="CallLOADER_TBSW0043">
                <dataManipXml filePath="$(FEGEN_XML_DIR)" fileName="DataBaseCommon.xml"/>
                <subDataManip objectReferenceLabel="LOADER_TBSW0043"/>
                <targetFieldPath value="target" />
                <targetFieldPath value="LOCAL" />
                <targetFieldPath value="TBSW0043" />
            </call>

            <call label="CallEnriquecimentoTBSW0043">
                <dataManipXml filePath="$(FEGEN_XML_DIR)" fileName="Enriquecimento.xml"/>
                <subDataManip objectReferenceLabel="EnriquecimentoTBSW0043"/>
                <targetFieldPath value="target" />
                <targetFieldPath value="LOCAL" />
                <targetFieldPath value="TBSW0043" />
            </call>

            <call label="CallGrupoTravasTBSW0043_ESTORNO">
                <when objectReferenceLabel="EXPR">
                    <expr value="common.msg_category != 'ADV_NEGADO'" />
                </when>
                <dataManipXml filePath="$(ACQSRV_PL_XML_DIR)" fileName="GrupoTravas.xml"/>
                <subDataManip objectReferenceLabel="GrupoTravasTBSW0043_ESTORNO"/>
                <targetFieldPath value="target" />
                <targetFieldPath value="LOCAL" />
                <targetFieldPath value="TBSW0043" />
            </call>

            <command label="set_cod_fun_ant" objectReferenceLabel="COPY" >
                <sourceFieldPath value="TMP.COD_FUN_ANT" />
                <targetFieldPath value="TBSW0043.COD_FUN" />
            </command>
        </if>
        </conditional-block>        
        
        
        <!-- @Info: Travas que dependem de mais de uma tabela -->
        <call label="CallGrupoTravasTabelasCadastro">
            <when objectReferenceLabel="EXPR">
                <expr value="common.msg_category != 'ADV_NEGADO' " />
            </when>
            <dataManipXml filePath="$(ACQSRV_PL_XML_DIR)" fileName="GrupoTravas.xml"/>
            <subDataManip objectReferenceLabel="GrupoTravasTabelasCadastro"/>
            <targetFieldPath value="target" />
            <targetFieldPath value="LOCAL" />
            <targetFieldPath value="TBSW0040" />
            <targetFieldPath value="TBSW0041" />
            <targetFieldPath value="TBSW0042" />
            <targetFieldPath value="TBSW0043" />
        </call>
    
    </dataManip>    
    
    <dataManip label="FluxoConsulta_FluxoVenda">
        <fieldSetReference reference="arg0" alias="target"/>
        <fieldSetReference reference="arg0.shc_msg" alias="shc_msg"/>
        <fieldSetReference reference="arg0.segments.common" alias="common"/> 
        <fieldSetReference reference="arg0.segments.acq_common" alias="acq_common"/>
        <fieldSetReference reference="arg0.segments.private_label" alias="private_label" />
        <fieldSetReference reference="arg1" alias="environment"/>
        <fieldSetReference reference="arg2" alias="LOCAL"/>
        <call label="INSERT_TBSW0030">
            <subDataManip objectReferenceLabel="INSERT_TBSW0030" />
            <dataManipXml filePath="$(FEGEN_XML_DIR)" fileName="DataBaseCommon.xml"/>
            <targetFieldPath value="target" />
            <targetFieldPath value="LOCAL" />
        </call>    
        
        <call label="INSERT_TBSW0093">
            <subDataManip objectReferenceLabel="INSERT_TBSW0093" />
            <dataManipXml filePath="$(FEGEN_XML_DIR)" fileName="DataBaseCommon.xml"/>
            <targetFieldPath value="target" />
            <targetFieldPath value="LOCAL" />
        </call>
        
        <call label="INSERT_TBSW0034">
            <subDataManip objectReferenceLabel="INSERT_TBSW0034" />
            <dataManipXml filePath="$(FEGEN_XML_DIR)" fileName="DataBaseCommon.xml"/>
            <targetFieldPath value="target" />
            <targetFieldPath value="LOCAL" />
        </call>
        
        <call label="INSERT_TBSW0121">
            <subDataManip objectReferenceLabel="INSERT_TBSW0121" />
            <dataManipXml filePath="$(FEGEN_XML_DIR)" fileName="DataBaseCommon.xml"/>
            <targetFieldPath value="target" />
            <targetFieldPath value="LOCAL" />
        </call>
        

        <conditional-block label="Recupera dados originais para trasacoes relacionadas" >
            <if objectReferenceLabel="EXPR">
            <expr value="private_label.numero_parcelas &gt; '1'" />

                <command label="set_numero_parcelas" objectReferenceLabel="COPY" >
                    <sourceFieldPath value="private_label.numero_parcelas" />
                    <targetFieldPath value="common.install_num" />
                </command>

                <call label="INSERT_TBSW0152">
                    <subDataManip objectReferenceLabel="INSERT_TBSW0152" />
                    <dataManipXml filePath="$(FEGEN_XML_DIR)" fileName="DataBaseCommon.xml"/>
                    <targetFieldPath value="target" />
                    <targetFieldPath value="LOCAL" />
                </call>
            </if>
        </conditional-block>

        <call label="CallTrataMsgRetAoResp">
            <when objectReferenceLabel="EXPR">
                <expr value="common.msg_category == 'ADV_NEGADO'" />
            </when>
            <dataManipXml filePath="$(FEGEN_XML_DIR)" fileName="DataManipCommon.xml"/>
            <subDataManip objectReferenceLabel="TrataMsgRetAoResp"/>
            <targetFieldPath value="target" />
            <targetFieldPath value="environment" />
            <targetFieldPath value="LOCAL" />
        </call>

        <conditional-block label="CHECK_CARD_SEQNO" >
            <if objectReferenceLabel="EXPR">
                <expr value="shc_msg.card_seqno != '0' "/>  
                <command label="atribuindo_valor_card_seqno_para_cd_seq_car" objectReferenceLabel="COPY" >
                    <sourceFieldPath value = "shc_msg.card_seqno" />
                    <targetFieldPath value="common.cd_seq_car" />
                </command>    
            </if>
            <else>					
                <command label="atribuindo_valor_padrao_cd_seq_car" objectReferenceLabel="VALUE" >
                    <sourceValue value = "999" />
                    <targetFieldPath value="common.cd_seq_car" />
                </command>
            </else>
        </conditional-block>
            
    </dataManip>
    
    <dataManip label="FluxoEstorno">
        <fieldSetReference reference="arg0" alias="target"/>
        <fieldSetReference reference="arg0.shc_msg" alias="shc_msg"/>
        <fieldSetReference reference="arg0.segments.common" alias="common"/>
        <fieldSetReference reference="arg1" alias="LOCAL"/>
        <fieldSetReference reference="arg2" alias="environment"/>
        
        <command label="set_flag_to_skip_reversal_void_treatement_in_SHC" objectReferenceLabel="IST_FLAG">
            <targetFieldPath value="shc_msg.device_cap"/>
            <flagName value="SH_DEVCAP_FROM_REPLAY"/>
            <enableFlag value="true"/>
        </command>
        <call label="INSERT_TBSW0030">
            <subDataManip objectReferenceLabel="INSERT_TBSW0030" />
            <dataManipXml filePath="$(FEGEN_XML_DIR)" fileName="DataBaseCommon.xml"/>
            <targetFieldPath value="target" />
            <targetFieldPath value="LOCAL" />
        </call>
       
        <call label="INSERT_TBSW0121">
            <subDataManip objectReferenceLabel="INSERT_TBSW0121" />
            <dataManipXml filePath="$(FEGEN_XML_DIR)" fileName="DataBaseCommon.xml"/>
            <targetFieldPath value="target" />
            <targetFieldPath value="LOCAL" />
        </call>

        <call label="CallTrataMsgRetAoResp">
        <when objectReferenceLabel="EXPR">
            <expr value="common.status_trn_orig == '4'" />
        </when>
            <dataManipXml filePath="$(FEGEN_XML_DIR)" fileName="DataManipCommon.xml"/>
            <subDataManip objectReferenceLabel="TrataMsgRetAoResp"/>
            <targetFieldPath value="target" />
            <targetFieldPath value="environment" />
            <targetFieldPath value="LOCAL" />
        </call>

    </dataManip>
    
    <dataManip label="FluxoDesfazimento">
        <fieldSetReference reference="arg0" alias="target"/>
        <fieldSetReference reference="arg0.shc_msg" alias="shc_msg"/>
        <fieldSetReference reference="arg0.segments.common" alias="common"/> 
        <fieldSetReference reference="arg0.segments.acq_common" alias="acq_common"/>
        <fieldSetReference reference="arg1" alias="environment"/>
        <fieldSetReference reference="arg2" alias="LOCAL"/>
        
        <command label="set_flag_to_skip_reversal_void_treatement_in_SHC" objectReferenceLabel="IST_FLAG">
            <targetFieldPath value="shc_msg.device_cap"/>
            <flagName value="SH_DEVCAP_FROM_REPLAY"/>
            <enableFlag value="true"/>
        </command>
    
        <call label="INSERT_TBSW0030">
            <subDataManip objectReferenceLabel="INSERT_TBSW0030" />
            <dataManipXml filePath="$(FEGEN_XML_DIR)" fileName="DataBaseCommon.xml"/>
            <targetFieldPath value="target" />
            <targetFieldPath value="LOCAL" />
        </call>
        
        <call label="INSERT_TBSW1039">
        <when objectReferenceLabel="EXPR">
            <expr value="LOCAL.trn_tem_original == 'FALSE'" />
        </when>
            <subDataManip objectReferenceLabel="INSERT_TBSW1039" />
            <dataManipXml filePath="$(FEGEN_XML_DIR)" fileName="DataBaseCommon.xml"/>
            <targetFieldPath value="target" />
            <targetFieldPath value="LOCAL" />
        </call>

        <conditional-block label="VerificaInsertTBSW0121">
             <if objectReferenceLabel="EXPR">
             <expr value="common.is_desfaz_estorno == 'FALSE'" />
                <call label="INSERT_TBSW0121">
                    <subDataManip objectReferenceLabel="INSERT_TBSW0121" />
                    <dataManipXml filePath="$(FEGEN_XML_DIR)" fileName="DataBaseCommon.xml"/>
                    <targetFieldPath value="target" />
                    <targetFieldPath value="LOCAL" />
                </call>
            </if>
        </conditional-block>
    
        <call label="CallTrataRetornoDesfazimento">
            <dataManipXml filePath="$(FEGEN_XML_DIR)" fileName="DataManipCommon.xml"/>
            <subDataManip objectReferenceLabel="TrataRetornoDesfazimento" />
            <targetFieldPath value="target" />
            <targetFieldPath value="environment" />
            <targetFieldPath value="LOCAL" />
        </call>   
    </dataManip>    
            
    <dataManip label="FluxoConfirmacao" >
        <fieldSetReference reference="arg0" alias="target"/>
        <fieldSetReference reference="arg0.shc_msg" alias="shc_msg"/>
        <fieldSetReference reference="arg0.segments.common" alias="common"/>
        <fieldSetReference reference="arg1" alias="environment"/>
        <fieldSetReference reference="arg2" alias="EVENT_DATA"/>
        <fieldSetReference reference="arg3" alias="LOCAL"/>
    
        <conditional-block label="TesteConfirmacaoDeNegada" >
            <if objectReferenceLabel="EXPR">
            <expr value="common.status_trn_orig == '2'" />
                <command label="  ========= Confirmacao de Transacao Negada =========  " objectReferenceLabel="DROP">
                    <disableLog value = "TRUE" />
                </command>
            </if>
        </conditional-block>

        <call label="CallTerceiraPernaCommon">
            <dataManipXml filePath="$(FEGEN_XML_DIR)" fileName="DataManipCommon.xml"/>
            <subDataManip objectReferenceLabel="TerceiraPernaCommon"/>
            <targetFieldPath value="target" />
            <targetFieldPath value="environment" />
            <targetFieldPath value="LOCAL" />
        </call>
    
        <call label="CallSalvarDadosEvento">
            <subDataManip objectReferenceLabel="SalvarDadosEvento" />
            <targetFieldPath value="target" />
            <targetFieldPath value="environment" />
            <targetFieldPath value="EVENT_DATA" />
            <targetFieldPath value="LOCAL" />
        </call>  
    
        <!-- Emergencial para contornar o problema de estouro de tamanho de mensagem
                   Desliga o segmento "commerce" nao utilizado pelo POS e PDV     -->
        <command label="SetOFF_seg_commerce" objectReferenceLabel="TURN_OFF" >
            <targetFieldPath value="target.segments.commerce" />
        </command>

        <!-- AUT1-3410 - J05/21 - Antifraude Link de Pagamento - INICIO -->
        <command label="SetOFF_seg_web_acquirer" objectReferenceLabel="TURN_OFF" >
            <targetFieldPath value="target.segments.web_acquirer" />
        </command>
        <!-- AUT1-3410 - J05/21 - Antifraude Link de Pagamento - INICIO -->

        <command label="  ========= Enviando trn para o response =========" objectReferenceLabel="FIELDSET_DUMP">
            <sourceFieldPath value = "target" />
        </command>
    
        <command label="GERA_RESPOSTA_3A_PERNA" objectReferenceLabel="EXIT" />
    
    </dataManip>
    
    <dataManip label="SalvarDadosEvento">
        <fieldSetReference reference="arg0" alias="target"/>
        <fieldSetReference reference="arg0.shc_msg" alias="shc_msg"/>
        <fieldSetReference reference="arg0.segments.common" alias="common"/>
        <fieldSetReference reference="arg0.segments.merchant" alias="merchant"/>
        <fieldSetReference reference="arg0.segments.adm" alias="adm"/>
		<fieldSetReference reference="arg0.segments.private_label" alias="private_label" />
        <fieldSetReference reference="arg1" alias="environment"/>
        <fieldSetReference reference="arg2" alias="EVENT_DATA"/>             
        <fieldSetReference reference="arg3" alias="LOCAL"/>             
        
        <command label="set_event_timeout" objectReferenceLabel="VALUE">
            <targetFieldPath value="EVENT_DATA.event_timeout"/>
            <sourceValue value="50"/>
        </command>
        <command label="set_event_action" objectReferenceLabel="VALUE">
            <targetFieldPath value="EVENT_DATA.event_action"/>
            <sourceValue value="TM_NOTIFY_ONCE"/>
        </command>

        <call label="CallSetValuesEventDefault">
            <dataManipXml filePath="$(FEGEN_XML_DIR)" fileName="DataManipCommon.xml"/>
            <subDataManip objectReferenceLabel="SetValuesEventDefault" />
            <targetFieldPath value="target" />
            <targetFieldPath value="LOCAL" />
            <targetFieldPath value="EVENT_DATA" />
        </call>            
        
        <command label="copy_event_data_comum" objectReferenceLabel="XCOPY">
            <!-- Campos usados no desfazimento-->
            <value sourceField="common.origrefnum"       type="value" targetFieldPath="EVENT_DATA.origrefnum"/>
            <value sourceField="LOCAL.data_tbsw0030"     type="value" targetFieldPath="EVENT_DATA.data_tbsw0030"/>
            <!-- Campos usados na venda e consulta -->
            <value sourceField="common.termid_type"      type="value" targetFieldPath="EVENT_DATA.termid_type"/>
            <value sourceField="shc_msg.termid"          type="value" targetFieldPath="EVENT_DATA.termid"/>
            <!-- Campos usados para o fluxo e update de db na volta da trn -->
            <value sourceField="common.is_pre_auth"      type="value" targetFieldPath="EVENT_DATA.is_pre_auth" />
            <value sourceField="LOCAL.termid"            type="value" targetFieldPath="EVENT_DATA.termid" />
            <value sourceField="LOCAL.termloc"           type="value" targetFieldPath="EVENT_DATA.termloc" />
            <value sourceField="LOCAL.is_desfz_emissor"  type="value" targetFieldPath="EVENT_DATA.is_desfz_emissor" />
            <value sourceField="adm.num_sre_term"        type="value" targetFieldPath="EVENT_DATA.num_sre_term" />
            <value sourceField="common.terminal_pdv"     type="value" targetFieldPath="EVENT_DATA.terminal_pdv" />
            <value sourceField="merchant.indCripto"      type="value" targetFieldPath="EVENT_DATA.indCripto" />
            <value sourceField="adm.id_pinpad"           type="value" targetFieldPath="EVENT_DATA.id_pinpad" />
            <value sourceField="merchant.cd_tpo_trm"     type="value" targetFieldPath="EVENT_DATA.cd_tpo_trm" />
            <value sourceField="merchant.in_tpo_tcn"     type="value" targetFieldPath="EVENT_DATA.in_tpo_tcn" />
            <value sourceField="merchant.load_program"   type="value" targetFieldPath="EVENT_DATA.load_program" />
            <value sourceField="merchant.load_init"      type="value" targetFieldPath="EVENT_DATA.load_init" />
            <value sourceField="LOCAL.L_IND_UTLZ_PNPD"   type="value" targetFieldPath="EVENT_DATA.IND_UTLZ_PNPD" />
            <value sourceField="common.is_fallback"      type="value" targetFieldPath="EVENT_DATA.is_fallback" />
            <value sourceField="common.is_nfc"           type="value" targetFieldPath="EVENT_DATA.is_nfc" />
            <value sourceField="merchant.num_cnpj"       type="value" targetFieldPath="EVENT_DATA.num_cnpj" />
            <value sourceField="common.ecr_fabr_id"      type="value" targetFieldPath="EVENT_DATA.ecr_fabr_id" />
            <value sourceField="merchant.versSotfwBiblCompartPinpad" type="value" targetFieldPath="EVENT_DATA.versSotfwBiblCompartPinpad" />
            <value sourceField="merchant.versEspecBiblCompartPinpad" type="value" targetFieldPath="EVENT_DATA.versEspecBiblCompartPinpad" />
            <value sourceField="common.cvm_code"         type="value" targetFieldPath="EVENT_DATA.cvm_code" />
			<value sourceField="merchant.mer_name"      type="value" targetFieldPath="EVENT_DATA.mer_name" />
            <value sourceField="common.reversal_type"       type="value" targetFieldPath="EVENT_DATA.reversalType" />
            <value sourceField="merchant.tpdu"              type="value" targetFieldPath="EVENT_DATA.tpdu" />
			<value sourceField="common.pay_code"         type="value" targetFieldPath="EVENT_DATA.pay_code" />			
			<value sourceField="private_label.numero_parcelas"         type="value" targetFieldPath="EVENT_DATA.numero_parcelas" />
			<value sourceField="private_label.plano_pagamento"         type="value" targetFieldPath="EVENT_DATA.plano_pagamento" />
			<value sourceField="private_label.numero_ciclos"         type="value" targetFieldPath="EVENT_DATA.numero_ciclos" />
			<value sourceField="shc_msg.pan"               type="value" targetFieldPath="EVENT_DATA.pan" />
			<value sourceField="common.ecr_pcode"         type="value" targetFieldPath="EVENT_DATA.ecr_pcode" />
			<value sourceField="common.is_void"           type="value" targetFieldPath="EVENT_DATA.is_void" />

            <!-- AUT1-1830 - ELO endereco EC no CV - INICIO -->
            <value sourceField="LOCAL.nom_logr_pdv"     type="value" targetFieldPath="EVENT_DATA.nom_logr_pdv" />
            <value sourceField="LOCAL.num_logr_pdv"     type="value" targetFieldPath="EVENT_DATA.num_logr_pdv" />
            <value sourceField="LOCAL.nom_brr_pdv"      type="value" targetFieldPath="EVENT_DATA.nom_brr_pdv" />
            <value sourceField="LOCAL.des_cpl_endr_pdv" type="value" targetFieldPath="EVENT_DATA.des_cpl_endr_pdv" />
            <value sourceField="merchant.mer_city"      type="value" targetFieldPath="EVENT_DATA.mer_city" />
            <value sourceField="merchant.mer_state"     type="value" targetFieldPath="EVENT_DATA.mer_state" />
            <!-- AUT1-1830 - ELO endereco EC no CV - FIM -->
            <value sourceField="LOCAL.mailboxName"      type="value" targetFieldPath="EVENT_DATA.porta_origem" />
            <value sourceField="target.segments.acq_common.COD_TRAN_CAD" type="value" targetFieldPath="EVENT_DATA.COD_TRAN_CAD" />
   </command>      
            
        <command label="  ========= Dados a ser enviado para o EVENTMANAGER =========  " objectReferenceLabel="FIELDSET_DUMP2">
            <sourceFieldPath value = "EVENT_DATA" />
        </command> 
        
        <command label="create_event" objectReferenceLabel="EVENTMANAGER" >
            <operation value = "create" />
            <mailBoxId value = "environment.RETURN_ADDRESS" />
            <timeout value = "EVENT_DATA.event_timeout" />
            <action value = "EVENT_DATA.event_action" />
            <key value = "target.shc_msg.refnum" />
            <sourceFieldPath value = "EVENT_DATA" />
        </command>
    
    </dataManip>  
    
    <dataManip label="TrataDadosAdicionais">
        <fieldSetReference reference="arg0" alias="target"/>
        <fieldSetReference reference="arg0.shc_msg" alias="shc_msg"/>
        <fieldSetReference reference="arg0.segments.common" alias="common"/>
        <fieldSetReference reference="arg0.segments.merchant" alias="merchant"/>
        <fieldSetReference reference="arg0.segments.private_label" alias="private_label" />
        <fieldSetReference reference="arg1" alias="environment"/>
        <fieldSetReference reference="arg2" alias="LOCAL"/>
        
        <command label="set_numero_parcelas" objectReferenceLabel="COPY" >
            <targetFieldPath value="common.install_num" />
            <sourceFieldPath value="private_label.numero_parcelas" />
        </command>
    
        <!-- ===== PADs nos campos dos dados_adicionais inicio ===== -->
        <command label="Pad_numero_parcelas" objectReferenceLabel="PAD" >
            <sourceFieldPath value="private_label.numero_parcelas" />
            <targetFieldPath value="private_label.numero_parcelas" />
            <paddingChar value="0" />
            <mode value="LEFT" />
            <length value="2" />
        </command>
        
        <command label="Pad_plano_pagamento" objectReferenceLabel="PAD" >
            <sourceFieldPath value="private_label.plano_pagamento" />
            <targetFieldPath value="private_label.plano_pagamento" />
            <paddingChar value="0" />
            <mode value="LEFT" />
            <length value="2" />
        </command>
        
        <command label="Pad_numero_ciclos" objectReferenceLabel="PAD" >
            <sourceFieldPath value="private_label.numero_ciclos" />
            <targetFieldPath value="private_label.numero_ciclos" />
            <paddingChar value="0" />
            <mode value="LEFT" />
            <length value="2" />
        </command>        
        
        <!-- BT0000110 Conforme a documentacao, nao deve truncar 1 digito a esquerda!
        <declare label="TEMP" >
            <field label="cod_item" value=""/>
        </declare>
        <command label="set_cod_item" objectReferenceLabel="SUBSTR" >
            <sourceFieldPath value = "private_label.cod_item" />
            <targetFieldPath value = "TEMP.cod_item" />
            <startPosition value = "1" />
            <length value = "10" />
        </command>
        -->

        <!-- ===== PADs nos campos dos dados_adicionais fim ===== -->
        
        <!-- t689049@FIS_BEGIN - Data: 15.02.2014 - BT 55629 -->
        <!-- Acertando conteudo de avs_cep para envio do DE62 no emissor .. -->
        <command label="set_avs_cep" objectReferenceLabel="VALUE" >
            <when objectReferenceLabel="EXPR">
                <expr value="common.msg_category == 'VENDA'" />
            </when>
            <targetFieldPath value="private_label.dados_adicionais" />
            <sourceValue value="30" />
        </command>
        <!-- t689049@FIS - Data: 22.04.2014 - BT 60.671 -->
        <!-- Consulta PL pcode 399000 : 31 -->
        <command label="set_avs_cep" objectReferenceLabel="VALUE" >
            <when objectReferenceLabel="EXPR">
                <expr value="common.msg_category == 'CONSULTA'" />
            </when>
            <targetFieldPath value="private_label.dados_adicionais" />
            <sourceValue value="31" />
        </command>
        <command label="concat_numero_parcelas" objectReferenceLabel="CONCAT" >
            <sourceFieldPath value = "private_label.dados_adicionais" />
            <targetFieldPath value = "private_label.dados_adicionais" />
            <concatSide value = "RIGHT" />
            <concatFieldSetPath value = "private_label.numero_parcelas" />
        </command>
        <command label="concat_plano_pagamento" objectReferenceLabel="CONCAT" >
            <sourceFieldPath value = "private_label.dados_adicionais" />
            <targetFieldPath value = "private_label.dados_adicionais" />
            <concatSide value = "RIGHT" />
            <concatFieldSetPath value = "private_label.plano_pagamento" />
        </command>
        <command label="concat_numero_ciclos" objectReferenceLabel="CONCAT" >
            <sourceFieldPath value = "private_label.dados_adicionais" />
            <targetFieldPath value = "private_label.dados_adicionais" />
            <concatSide value = "RIGHT" />
            <concatFieldSetPath value = "private_label.numero_ciclos" />
        </command>
        <command label="concat_cod_item" objectReferenceLabel="CONCAT" >
            <sourceFieldPath value = "private_label.dados_adicionais" />
            <targetFieldPath value = "private_label.dados_adicionais" />
            <concatSide value = "RIGHT" />
            <!-- concatFieldSetPath value = "TEMP.cod_item" / --> <!-- Conforme documentacao(acima) -->
            <concatFieldSetPath value = "private_label.cod_item" />
        </command>
        <!-- t689049@FIS_END - Data: 15.02.2014 - BT 55629 -->
    
    </dataManip>
    
    <!-- @Info:Recupera dados das transacoes originais -->
    <dataManip label="RecuperaDadosTrnOriginal">
        <fieldSetReference reference="arg0" alias="target"/>
        <fieldSetReference reference="arg0.shc_msg" alias="shc_msg"/>
        <fieldSetReference reference="arg0.segments.common" alias="common"/>
        <fieldSetReference reference="arg1" alias="environment"/>
        <fieldSetReference reference="arg2" alias="LOCAL"/>
        
        <!-- @Info: estrutura para armazenar os dados da original -->
        <declare label="TBSW0030_ORIG">
            <field label="DAT_MOV_TRAN"/>
            <field label="NUM_SEQ_UNC"/>
            <field label="DTH_GMT"/>
            <field label="DTH_INI_TRAN"/>
            <field label="DAT_CTB_TRAN"/>
            <field label="COD_MSG_ISO"/>
            <field label="COD_PCM_ISO"/>
            <field label="TIP_TRAN"/>
            <field label="TIP_DTLH_TRAN"/>
            <field label="TIP_VD"/>
            <field label="TIP_PLN_PGMN"/>
            <field label="COD_CTGR_TRAN"/>
            <field label="COD_CMPM_TRAN"/>
            <field label="NUM_RD_ORG"/>
            <field label="NUM_ESTB"/>
            <field label="COD_TERM"/>
            <field label="NUM_STAN"/>
            <field label="TIP_TCNL"/>
            <field label="TIP_TERM"/>
            <field label="COD_RAM_ATVD"/>
            <field label="COD_POS_ENTR_MODO"/>
            <field label="COD_BNDR"/>
            <field label="COD_EMSR"/>
            <field label="NUM_EMSR"/>
            <field label="NUM_ID_CAR"/>
            <field label="COD_PAIS_CAR"/>
            <field label="NUM_CAR"/>
            <field label="DAT_VLD_CAR"/>
            <field label="IND_TRK"/>
            <field label="IND_CPTR_CVC_2"/>
            <field label="NUM_CVC_2"/>
            <field label="COD_TRK_CAR"/>
            <field label="COD_SERV"/>
            <field label="COD_SERV_SNHA"/>
            <field label="IND_ID_PREV"/>
            <field label="VAL_TRAN"/>
            <field label="VAL_TOTL_TRAN"/>
            <field label="COD_MOED"/>
            <field label="NUM_CV"/>
            <field label="NUM_AUT"/>
            <field label="COD_MOT_AUT"/>
            <field label="NUM_MOT_RSPS"/>
            <field label="COD_MOT_RSPS_EXT"/>
            <field label="COD_MOT_SW"/>
            <field label="IND_STTU_TRAN"/>
            <field label="DTH_STTU_TRAN"/>
            <field label="COD_PROD"/>
            <field label="NUM_RSMO_VD"/>
            <field label="DAT_RSMO_VD"/>
            <field label="NOM_LOC_ESTB"/>
            <field label="IND_TERM_RLCD_CHIP"/>
            <field label="IND_DFZM"/>
            <field label="IND_ESTR"/>
            <field label="IND_CPTRDO"/>
            <field label="IND_AGND_TRAN"/>
            <field label="IND_IMPR_CPOM"/>
            <field label="IND_EMSR_MTC"/>
            <field label="IND_DA_RLCD_CHIP"/>
            <field label="IND_DA_RLCD_IATA"/>
            <field label="IND_TRAN_REFD"/>
            <field label="TIP_TRAN_ORGL"/>
            <field label="DAT_EXPC_TRAN"/>
            <field label="VAL_TRAN_DLR"/>
            <field label="VAL_COT_DLR"/>
            <field label="COD_CTR"/>
            <field label="VAL_TX"/>
            <field label="COD_REF_RESTANTE"/>
            <field label="COD_CNDC_CPTR_PAUZ"/>
            <field label="TIP_ENT_PAUZ"/>
            <field label="COD_OPER_CNFR"/>
            <field label="PRCN_TX_RISC"/>
            <field label="VAL_TX_RISC"/>
            <field label="COD_CNDC_CPTR"/>
            <field label="NOM_SITE_ACQR_ORGL"/>
            <field label="NOM_HOST_ACQR_ORGL"/>
            <field label="NOM_FE_ACQR_ORGL"/>
            <field label="NOM_SITE_ISSR"/>
            <field label="NOM_HOST_ISSR"/>
            <field label="NOM_FE_ISSR"/>
            <field label="NOM_SITE_ACQR_ATLZ"/>
            <field label="NOM_HOST_ACQR_ATLZ"/>
            <field label="NOM_FE_ACQR_ATLZ"/>
            <field label="TXT_DA_ADIC_EMSR"/>
            <field label="TIP_MODL_CPTR"/>
            <field label="DTH_TRAN_EMSR"/>
            <field label="DAT_LQDC_EMSR"/>
            <field label="COD_ISTT_ACQR"/>
            <field label="COD_ISTT_FRWD"/>
            <field label="COD_RSPS_DTLH_EMSR"/>
            <field label="COD_RSTD_NUM_CVC_2"/>
            <field label="COD_SERV_TRK_CAR"/>
            <field label="COD_VLDC_EMSR"/>
            <field label="IND_AUT"/>
            <field label="IND_DA_RLCD_KMRC"/>
            <field label="IND_TRAN_SEM_ORGL"/>
            <field label="DAT_PAUZ"/>
            <field label="NUM_SEQ_UNC_PAUZ"/>
            <field label="COD_TRAN_CAD"/>
            <field label="COD_AUT_EMSR"/>
            <field label="COD_NTWK_ID_ACQR_ATLZ"/>
            <field label="COD_NTWK_ID_ACQR_ORGL"/>
            <field label="COD_NTWK_ID_ROUT_ATLZ"/>
            <field label="COD_NTWK_ID_ROUT_ORGL"/>
            <field label="COD_NTWK_ID_ISSR_ATLZ"/>
            <field label="COD_NTWK_ID_ISSR_ORGL"/>
            <field label="COD_RAM_MCC"/>
            <field label="COD_CNDC_CPTR_EMSR"/>
            <field label="COD_PROD_CDST"/>
            <field label="COD_SERV_CORP"/>
            <field label="COD_EMP_ADQT"/>
            <field label="NUM_PDV_EXT"/>
            <field label="NUM_PDV_VAN"/>
            <field label="COD_DSPO_NFC"/>
            <field label="IND_TRAN_TKN"/>
            <field label="COD_ORG_APRV"/>
            <field label="RESULT"/>
			<field label="COD_PORT_PRES_VLDC_BNDR" />
			<field label="COD_CPCD_TERM_VLDC_BNDR" />			
        </declare>
        
        <call label="CallRecuperaDadosOriginal">
            <dataManipXml filePath="$(FEGEN_XML_DIR)" fileName="DataManipCommon.xml"/>
            <subDataManip objectReferenceLabel="RecuperaDadosOriginal" />
            <targetFieldPath value="target" />
            <targetFieldPath value="LOCAL" />
            <targetFieldPath value="TBSW0030_ORIG" />
        </call>
        
        <!-- Acerta flag de DESFAZIMENTO SEM ORIGINAL .. -->
        <conditional-block label="check_is_find_original_data_from_tbsw0030">
        <if objectReferenceLabel="EXPR">
        <expr value="TBSW0030_ORIG.RESULT == 'NO ROWS' &amp;&amp; 
                     common.msg_category == 'DESFAZIMENTO'"/>
            <command label="set_is_desfz_sem_original" objectReferenceLabel="VALUE" >
                <sourceValue value="TRUE" />
                <targetFieldPath value="LOCAL.is_desfz_sem_original" />
            </command>
        </if>
        </conditional-block>

        <!-- @Info: Travas Estorno -->
        <call label="CallGrupoTravasEstorno">
        <when objectReferenceLabel="EXPR">
            <expr value="common.msg_category == 'ESTORNO'" />
        </when>
            <dataManipXml filePath="$(ACQSRV_PL_XML_DIR)" fileName="GrupoTravas.xml"/>
            <subDataManip objectReferenceLabel="GrupoTravasEstorno"/>
            <targetFieldPath value="target" />
            <targetFieldPath value="LOCAL" />
            <targetFieldPath value="TBSW0030_ORIG" />
        </call>
        
        <!-- Chamar aqui a trava para negar desfazimento de transacao confirmada -->
        <call label="CallGrupoTravasDesfazimento">
            <when objectReferenceLabel="EXPR">
                <expr value="common.msg_category == 'DESFAZIMENTO' " />
            </when>
            <dataManipXml filePath="$(ACQSRV_PL_XML_DIR)" fileName="GrupoTravas.xml"/>
            <subDataManip objectReferenceLabel="GrupoTravasDesfazimento"/>
            <targetFieldPath value="target" />
            <targetFieldPath value="LOCAL" />
            <targetFieldPath value="TBSW0030_ORIG" />
        </call>
        
    </dataManip>
        
</dataManip-list>
