{
	"id": "fcc02e00-d962-4720-aa69-faea613eecb1",
	"name": "Copycat RebatedorIso Iti",
	"values": [
		{
			"key": "base_path_scenarios",
			"value": "https://app.copycatmock.com",
			"type": "default",
			"enabled": true
		},
		{
			"key": "base_path_iso",
			"value": "https://app.copycatmock.com/iso-connector",
			"type": "default",
			"enabled": true
		},
		{
			"key": "x_api_key",
			"value": "4833C41C-4F41-412C-B68F-DA868C7F6AEE",
			"enabled": true
		},
		{
			"key": "x_api_key_read",
			"value": "db672b2224954b9086b5bf23da71fe3b",
			"enabled": true
		}
	],
	"_postman_variable_scope": "environment",
	"_postman_exported_at": "2022-04-13T14:20:05.378Z",
	"_postman_exported_using": "Postman/8.12.2"
}