<!DOCTYPE engine-list SYSTEM "../../../../PDV/dtd/fwsw/Engine.dtd">

<engine-list>	
	<engine label="swreplic_cr" >
		<xmlFiles>
			<librarianXml filePath="$(FWSW_XML_DIR)" fileName="StandardLibrarian.xml" />
			<pluginManagerXml filePath="$(FWSW_XML_DIR)" fileName="StandardPlugins.xml" />
			<fieldSetXml filePath="$(FWSW_XML_DIR)" fileName="ShcMsg.xml" />
			<librarianXml filePath="$(SWREPLIC_CR_XML_DIR)" fileName="Librarian.xml" />
			<pluginManagerXml filePath="$(SWREPLIC_CR_XML_DIR)" fileName="PluginManager.xml" />
			<fieldSetXml filePath="$(SWREPLIC_CR_XML_DIR)" fileName="FieldSetSWR.xml" />
			<dataManipXml filePath="$(SWREPLIC_CR_XML_DIR)" fileName="DataManip.xml" />
		</xmlFiles>

		<librarian referenceLabel="STANDARD_LIBRARIAN" /> 
		<librarian referenceLabel="SWREPLIC_CR_LIBRARIAN" />
		<pluginManager referenceLabel="STANDARD_PLUGINS" />
		<pluginManager referenceLabel="SW_REPLIC_PLUGINS" />
		<xmfFieldSet referenceLabel="IMF_FIELDSET" symbol="source"/>
		<imfFieldSet referenceLabel="SWR_FIELDSET" symbol="target"/>
		<internalEnvironment symbol="environment" />
		<dataManipRequest referenceLabel="swreplic_cr" />
		<dataManipResponse referenceLabel="DUMMY" />
		<dataManipNegative referenceLabel="DUMMY" />
		
		<converter inboundType="SHC" outboundType="CUSTOM">
			<outboundCustomLoader referenceLabel="SW_REPLIC_PARSER" />
			<outboundCustomExtractor referenceLabel="SW_REPLIC_BUILDER" />
		</converter>
		
		<trxEngine objectReferenceLabel="STDTRXENGINE" />
		<inputMailboxName value="$(SWREPLIC_CR_MBNAME)" />
	</engine>
</engine-list>

