<?xml version="1.0" encoding="iso-8859-1"?>
<!DOCTYPE dataManip-list SYSTEM "../../../../PDV/dtd/fwsw/DataManip.dtd">
<dataManip-list>
  <dataManip label="PDVREVERSAL_2_SHC">   
  
    <command label="  ========= PDVREVERSAL =========&gt;&gt;" objectReferenceLabel="FIELDSET_DUMP">
      <sourceFieldPath value = "PDVREVERSAL" />
    </command>
      
<!--tocheck: gravar na 30 e 88?      
    <command label="MapAcqMsgtype" objectReferenceLabel="COPY" >
      <sourceFieldPath value="PDVREVERSAL.COD_MSG_ISO"/>
      <targetFieldPath value="imf.segments.common.acq_msgtype"/>
    </command>       
    <command label="set_pcode" objectReferenceLabel="COPY">
      <targetFieldPath value="imf.shc_msg.pcode" />
      <sourceFieldPath value="PDVREVERSAL.COD_PCM_ISO"/>
    </command>    

    gravar aqui
-->

    <declare label="LOCAL" >
        <field label="trnMagChip" />
        <field label="trnDigNone" />
    </declare>

    <command label="MapMsgtype" objectReferenceLabel="VALUE">
        <targetFieldPath value="imf.shc_msg.msgtype"/>
        <sourceValue value="420"/>
    </command>    
    
    <command label="MapOrigMsg" objectReferenceLabel="COPY" >
        <targetFieldPath value="imf.shc_msg.origmsg"/>
        <sourceFieldPath value="PDVREVERSAL.COD_MSG_ISO"/>
    </command>     
    
    <command label="MapAcqMsgType" objectReferenceLabel="VALUE" >
        <targetFieldPath value="imf.segments.common.acq_msgtype"/>
        <sourceValue value="420"/>
    </command>      
    
    <command label="MapPcode" objectReferenceLabel="VALUE" >
        <targetFieldPath value="imf.shc_msg.pcode" />
        <sourceValue value="022000"/>
    </command>  
    
    <command label="MapTxnType" objectReferenceLabel="VALUE" >
        <targetFieldPath value="imf.shc_msg.txntype"/>
        <sourceValue value="1"/>
    </command>      
    
    <command label="MapIsReversal" objectReferenceLabel="VALUE">
        <targetFieldPath value="imf.segments.common.is_reversal"/>
        <sourceValue value="TRUE"/>
    </command>     
    
    <command label="MapReversalType" objectReferenceLabel="VALUE">
        <targetFieldPath value="imf.segments.common.reversal_type"/>
        <sourceValue value="1"/>
    </command>     
    
    <command label="MapTranscode" objectReferenceLabel="COPY">
        <targetFieldPath value="imf.segments.common.transcode" />
        <sourceFieldPath value="PDVREVERSAL.TIP_TRAN"/>
    </command>    
    
    <command label="set_trandate" objectReferenceLabel="COPY" >
        <sourceFieldPath value = "PDVREVERSAL.TRANDATE" />
        <targetFieldPath value = "imf.shc_msg.trandate" />
    </command>     
    
    <command label="set_trantime" objectReferenceLabel="COPY" >
        <sourceFieldPath value = "PDVREVERSAL.TRANTIME" />
        <targetFieldPath value = "imf.shc_msg.trantime" />
    </command>      
    
    <command label="set_origrefnum" objectReferenceLabel="COPY" >
        <sourceFieldPath value = "PDVREVERSAL.NUM_SEQ_UNC" />
        <targetFieldPath value="imf.segments.common.origrefnum"/>
    </command>
    
    <command label="set_acquirer" objectReferenceLabel="VALUE" >
        <sourceValue value = "7032360001" />
        <targetFieldPath value="imf.shc_msg.acquirer"/>
    </command>   
    
    <command label="MapOrigTrace" objectReferenceLabel="COPY" >
        <sourceFieldPath value = "PDVREVERSAL.NUM_STAN" />
        <targetFieldPath value="imf.shc_msg.origtrace"/>
    </command>
    
    <command label="MapTerm" objectReferenceLabel="COPY" >
        <sourceFieldPath value = "PDVREVERSAL.COD_TERM" />
        <targetFieldPath value="imf.segments.common.terminal_pdv"/>
    </command>
    
    <command label="MapAcqCurrencyCode" objectReferenceLabel="COPY" >
        <sourceFieldPath value = "PDVREVERSAL.COD_MOED" />
        <targetFieldPath value="imf.shc_msg.acq_currency_code"/>
    </command>
    
    <command label="MapOrigDate" objectReferenceLabel="COPY" >
        <sourceFieldPath value = "PDVREVERSAL.DAT_MOV_TRAN" />
        <targetFieldPath value="imf.shc_msg.origdate"/>
    </command>        
    
    <command label="MapOrigTime" objectReferenceLabel="COPY" >
        <sourceFieldPath value = "PDVREVERSAL.ORIGTIME" />
        <targetFieldPath value="imf.shc_msg.origtime"/>
    </command>    
    
    <command label="MapTermLoc" objectReferenceLabel="COPY" >
        <sourceFieldPath value = "PDVREVERSAL.NUM_ESTB" />
        <targetFieldPath value="imf.shc_msg.termloc"/>
    </command>    
    
    <command label="MapLocalDate" objectReferenceLabel="COPY" >
        <sourceFieldPath value = "PDVREVERSAL.LOCALDATE" />
        <targetFieldPath value="imf.shc_msg.local_date"/>
    </command>        
    
    <command label="MapLocalTime" objectReferenceLabel="COPY" >
        <sourceFieldPath value = "PDVREVERSAL.LOCALTIME" />
        <targetFieldPath value="imf.shc_msg.local_time"/>
    </command>      
    
    <conditional-block label="MapAmount">
        <if objectReferenceLabel="EXPR">
            <expr value="PDVREVERSAL.COD_MOED == '840' "/>
            <command label="MapAmount1" objectReferenceLabel="COPY" >
                <sourceFieldPath value = "PDVREVERSAL.VAL_TRAN_DLR" />
                <targetFieldPath value="imf.shc_msg.amount"/>
            </command>      
        </if>
        <else>
            <command label="MapAmount2" objectReferenceLabel="COPY" >
                <sourceFieldPath value = "PDVREVERSAL.VAL_TRAN" />
                <targetFieldPath value="imf.shc_msg.amount"/>
            </command>             
        </else>
    </conditional-block>        
    
    <command label="MapPdvEntryCode" objectReferenceLabel="COPY" >
        <sourceFieldPath value = "PDVREVERSAL.COD_PDV_ENTR_MODO" />
        <targetFieldPath value="imf.shc_msg.pos_entry_code"/>
    </command>      
    
    <command label="MapIssuerFe" objectReferenceLabel="COPY" >
        <sourceFieldPath value = "PDVREVERSAL.ISSUER_FE" />
        <targetFieldPath value="imf.segments.common.issuer_fe"/>
    </command>          

    <command label="MapIssuerFe" objectReferenceLabel="VALUE" >
        <sourceValue value = "PDVREVERSAL.ISSUER_FE" />
        <targetFieldPath value="imf.segments.common.msg_name"/>
    </command>          
    
    <command label="Define nome Trn" objectReferenceLabel="VALUE" >
        <sourceValue value="DESF_VEND_DBT_GEN"/>
        <targetFieldPath value="imf.segments.common.msg_name" />
    </command>

    <command label="map_trn" objectReferenceLabel="MAPPING" >
        <xmlFile filePath="$(COMMON_XML_DIR)" fileName="MappingTrn.xml" referenceLabel="MAPA_TRANSACOES" />
        <sourceFieldPath value = "imf.segments.common.msg_name" />
        <targetFieldPath value = "LOCAL.trnMagChip|LOCAL.trnDigNone|imf.segments.common.subtranscode|imf.segments.common.cod_fun|imf.segments.common.msg_category|imf.segments.common.acq_name|imf.segments.common.is_void|imf.segments.common.is_reversal|imf.segments.common.is_3a_perna|imf.segments.common.is_pre_auth|imf.segments.common.status_proc" />
    </command>

        <!--command label="Forward_Address" objectReferenceLabel="MAILBOXLOCATOR" >
        <mailboxName value = "ACQSRV_CRT" />
        <targetFieldPath value="environment.FORWARD_ADDRESS" />
    </command-->

    <!--command label="SetIsCredit" objectReferenceLabel="COPY" >
        <sourceFieldPath value = "PDVREVERSAL.IND_DEB_CRED" />
        <targetFieldPath value = "imf.segments.credit.in_dbt_cre_ete" />
    </command-->
    
    <command label="SetIsCredit" objectReferenceLabel="COPY" >
        <sourceFieldPath value = "PDVREVERSAL.VERSAO_APLICATIVO" />
        <targetFieldPath value = "imf.segments.common.versao_aplicativo" />
    </command>
    
    <command label="Set mailbox do formatador como destino" objectReferenceLabel="MBLOCATORGERAL" >
        <operation value="GERAL" />
        <propertyToGet value="inbound" />
        <networkIdFieldPath value = "PDVREVERSAL.NETWORKID" />
        <targetFieldPath value="environment.FORWARD_ADDRESS" />
    </command>

    <command label="  ========= environment =========&gt;&gt;" objectReferenceLabel="FIELDSET_DUMP">
      <sourceFieldPath value = "environment" />
    </command>    

    <command label="  ========= IMF =========&gt;&gt;" objectReferenceLabel="FIELDSET_DUMP">
      <sourceFieldPath value = "imf" />
    </command>    
    
  </dataManip>
 </dataManip-list>
