<!DOCTYPE dispatcher-list SYSTEM "../../../../PDV/dtd/fwsw/Dispatcher.dtd">

<dispatcher-list>	
	<dispatcher label="pdv_reversal" >
		<xmlFiles>
			<librarianXml filePath="$(FWSW_XML_DIR)" fileName="StandardLibrarian.xml" />
			<librarianXml filePath="$(ADVPDV_XML_DIR)" fileName="Librarian.xml" />
            <librarianXml filePath="$(COMMON_XML_DIR)" fileName="Librarian.xml" />
			<pluginManagerXml filePath="$(FWSW_XML_DIR)" fileName="StandardPlugins.xml" />
			<pluginManagerXml filePath="$(ADVPDV_XML_DIR)" fileName="PluginManager.xml" />
			<pluginManagerXml filePath="$(COMMON_XML_DIR)" fileName="PluginManager.xml" />
			<fieldSetXml filePath="$(FWSW_XML_DIR)" fileName="ShcMsg.xml" />
			<fieldSetXml filePath="$(ADVPDV_XML_DIR)" fileName="FieldSetPdvReversal.xml" />
			<dataManipXml filePath="$(ADVPDV_XML_DIR)" fileName="DataManip.xml" />
		</xmlFiles>

		<librarian referenceLabel="STANDARD_LIBRARIAN" />
		<librarian referenceLabel="ADV_LIBRARIAN" />
        <librarian referenceLabel="FEPDV_COMMON_LIBRARIAN" />
		<pluginManager referenceLabel="STANDARD_PLUGINS" />
		<pluginManager referenceLabel="ADV_PLUGINS" />
        <pluginManager referenceLabel="FEPDV_COMMON_PLUGINS" />
		<xmfFieldSet referenceLabel="PDVREVERSAL_FIELDSET" symbol="PDVREVERSAL"/>
		<imfFieldSet referenceLabel="IMF_FIELDSET" symbol="imf"/>
		<internalEnvironment symbol="environment" />
		<dataManipDispatch referenceLabel="PDVREVERSAL_2_SHC" />	
        <reader referenceLabel="PDVREVERSALREADER">
            <startInterval value="0" />
            <endInterval value="14400" /> <!--4 horas-->
            <endIntervalOnFirstRun value="86400" /> <!--1 dia-->
            <maxTrxForSleep value="50" />
            <sleep value="5" />
        </reader>
        <intervalSeconds value="7200" /> <!--2 horas-->
		<converter outboundType="SHC" />
	</dispatcher>
</dispatcher-list>

