<?xml version="1.0" encoding="iso-8859-1"?>
<!DOCTYPE fieldSet-list SYSTEM "../../../../PDV/dtd/fwsw/FieldSet.dtd">
<fieldSet-list>
	<fieldSet label="PDVREVERSAL_FIELDSET">
        <field label="TIP_TRAN">
            <type value="simple" />
            <mask value="DT_SHORT" />
            <securityMask value="" />
            <isOn value="true" />
            <isSecure value="false" />
        </field>
        <field label="COD_MOED">
            <type value="simple" />
            <mask value="DT_CHAR:3" />
            <securityMask value="" />
            <isOn value="true" />
            <isSecure value="false" />
        </field>		
        <field label="COD_PCM_ISO">
            <type value="simple" />
            <mask value="DT_LONG" />
            <securityMask value="" />
            <isOn value="true" />
            <isSecure value="false" />
        </field>
        <field label="COD_PDV_ENTR_MODO">
            <type value="simple" />
            <mask value="DT_SHORT" />
            <securityMask value="" />
            <isOn value="true" />
            <isSecure value="false" />
        </field>        
        <field label="VAL_TRAN_DLR">
            <type value="simple" />
            <mask value="DT_AMOUNT" />
            <securityMask value="" />
            <isOn value="true" />
            <isSecure value="false" />
        </field>        
        <field label="VAL_TRAN">
            <type value="simple" />
            <mask value="DT_AMOUNT" />
            <securityMask value="" />
            <isOn value="true" />
            <isSecure value="false" />
        </field>                     
        <field label="TRANDATE">
            <type value="simple" />
            <mask value="DT_CHAR:8" />
            <securityMask value="" />
            <isOn value="true" />
            <isSecure value="false" />
        </field>
        <field label="TRANTIME">
            <type value="simple" />
            <mask value="DT_CHAR:6" />
            <securityMask value="" />
            <isOn value="true" />
            <isSecure value="false" />
        </field>
        <field label="NUM_STAN">
            <type value="simple" />
            <mask value="DT_LONG" />
            <securityMask value="" />
            <isOn value="true" />
            <isSecure value="false" />
        </field>        
        <field label="LOCALDATE">
            <type value="simple" />
            <mask value="DT_CHAR:8" />
            <securityMask value="" />
            <isOn value="true" />
            <isSecure value="false" />
        </field>        
        <field label="LOCALTIME">
            <type value="simple" />
            <mask value="DT_CHAR:6" />
            <securityMask value="" />
            <isOn value="true" />
            <isSecure value="false" />
        </field>
        <field label="NUM_SEQ_UNC">
            <type value="simple" />
            <mask value="DT_CHAR:12" />
            <securityMask value="" />
            <isOn value="true" />
            <isSecure value="false" />
        </field>       
		<field label="NUM_ESTB">
            <type value="simple" />
            <mask value="DT_CHAR:26" />
            <securityMask value="" />
            <isOn value="true" /> 
            <isSecure value="false" />
        </field>
        <field label="COD_MSG_ISO">
            <type value="simple" />
            <mask value="DT_INT" />
            <securityMask value="" />
            <isOn value="true" />
            <isSecure value="false" />
        </field>        
        <field label="ORIGDATE">
            <type value="simple" />
            <mask value="DT_CHAR:8" />
            <securityMask value="" />
            <isOn value="true" />
            <isSecure value="false" />
        </field>
        <field label="ORIGTIME">
            <type value="simple" />
            <mask value="DT_CHAR:6" />
            <securityMask value="" />
            <isOn value="true" />
            <isSecure value="false" />
        </field>     
        <field label="NUM_CAR">
            <type value="simple" />
            <mask value="DT_CHAR:19" />
            <securityMask value="4:4" />
            <isOn value="true" />
            <isSecure value="true" />
        </field> 
        <field label="ISSUER_FE">
            <type value="simple" />
            <mask value="DT_CHAR:12" />
            <securityMask value="" />
            <isOn value="true" />
            <isSecure value="false" />
        </field>        
        <field label="NETWORKID">
            <type value="simple" />
            <mask value="DT_CHAR:10" />
            <securityMask value="" />
            <isOn value="true" />
            <isSecure value="false" />
        </field>        
        <field label="IND_DEB_CRED">
            <type value="simple" />
            <mask value="DT_CHAR:1" />
            <securityMask value="" />
            <isOn value="true" />
            <isSecure value="false" />
        </field>
        <field label="VERSAO_APLICATIVO">
            <type value="simple" />
            <mask value="DT_CHAR:3" />
            <securityMask value="" />
            <isOn value="true" />
            <isSecure value="false" />
        </field>
        <field label="COD_TERM">
            <type value="simple" />
            <mask value="DT_CHAR:8" />
            <securityMask value="" />
            <isOn value="true" />
            <isSecure value="false" />
        </field>
        <field label="DAT_MOV_TRAN">
            <type value="simple" />
            <mask value="DT_LONG" />
            <securityMask value="" />
            <isOn value="true" />
            <isSecure value="false" />
        </field>        
	</fieldSet>
</fieldSet-list>

