<!DOCTYPE pluginManager-list SYSTEM "../../../PDV/dtd/fwsw/PluginManager.dtd">

<pluginManager-list>
	<pluginManager label="STANDARD_PLUGINS" librarianReferenceLabel="STANDARD_LIBRARIAN" >
		<plugin label="COPY" libraryReferenceLabel="STANDARDLIB" creatorFunctionName="createCopy" />
		<plugin label="XCOPY" libraryReferenceLabel="STANDARDLIB" creatorFunctionName="createXCopy" />
        <plugin label="XDUMP" libraryReferenceLabel="STANDARDLIB" creatorFunctionName="createXDump" />
		<plugin label="TRIM" libraryReferenceLabel="STANDARDLIB" creatorFunctionName="createTrim" />
		<plugin label="PAD" libraryReferenceLabel="STANDARDLIB" creatorFunctionName="createPad" />
		<plugin label="VALUE" libraryReferenceLabel="STANDARDLIB" creatorFunctionName="createValue" />
		<plugin label="STRINGCASE" libraryReferenceLabel="STANDARDLIB" creatorFunctionName="createStringCase" />
		<plugin label="STRSTR" libraryReferenceLabel="STANDARDLIB" creatorFunctionName="createStrStr" />
		<plugin label="SUBSTR" libraryReferenceLabel="STANDARDLIB" creatorFunctionName="createSubstring" />
    <plugin label="HASH" libraryReferenceLabel="STANDARDLIB" creatorFunctionName="createHash" />
		<plugin label="ALWAYS" libraryReferenceLabel="STANDARDLIB" creatorFunctionName="createAlways" />
		<plugin label="VALUEEQUALSFIELD" libraryReferenceLabel="STANDARDLIB" creatorFunctionName="createValueEqualsField" />
		<plugin label="TURN_ON" libraryReferenceLabel="STANDARDLIB" creatorFunctionName="createTurnOn" />
		<plugin label="TURN_OFF" libraryReferenceLabel="STANDARDLIB" creatorFunctionName="createTurnOff" />
		<plugin label="GET_FSPROP" libraryReferenceLabel="STANDARDLIB" creatorFunctionName="createFieldPropertyAccess" />
		<plugin label="GET_MBPROP" libraryReferenceLabel="STANDARDLIB" creatorFunctionName="createMailboxPropertiesLoader" />
		<plugin label="STDTRXENGINE" libraryReferenceLabel="STANDARDLIB" creatorFunctionName="createStandardTrxEngine" />
		<plugin label="DATETIME" libraryReferenceLabel="STANDARDLIB" creatorFunctionName="createDateTime" />
        <plugin label="DATETIME2" libraryReferenceLabel="STANDARDLIB" creatorFunctionName="createDateTime2" />
		<plugin label="CONCAT" libraryReferenceLabel="STANDARDLIB" creatorFunctionName="createConcat" />
		<plugin label="EXPR" libraryReferenceLabel="STANDARDLIB" creatorFunctionName="createExpr" />
		<plugin label="MAILBOXLOCATOR" libraryReferenceLabel="STANDARDLIB" creatorFunctionName="createMailboxLocator" />
		<plugin label="FIELDSET_DUMP" libraryReferenceLabel="STANDARDLIB" creatorFunctionName="createFieldSetDump" />
		<plugin label="FIELDSET_DUMP2" libraryReferenceLabel="STANDARDLIB" creatorFunctionName="createFieldSetDump2" />
		<plugin label="GETOSENV" libraryReferenceLabel="STANDARDLIB" creatorFunctionName="createGetOSEnv" />
		<plugin label="FIELDSET_COPY" libraryReferenceLabel="STANDARDLIB" creatorFunctionName="createFieldSetCopy" />
		<plugin label="TRAP" libraryReferenceLabel="STANDARDLIB" creatorFunctionName="createTrap" />
		<plugin label="EXIT" libraryReferenceLabel="STANDARDLIB" creatorFunctionName="createExit" />
		<plugin label="RETURN" libraryReferenceLabel="STANDARDLIB" creatorFunctionName="createReturn" />
		<plugin label="EVENTMANAGER" libraryReferenceLabel="STANDARDLIB" creatorFunctionName="createEventManager" />
		<plugin label="MATH" libraryReferenceLabel="STANDARDLIB" creatorFunctionName="createMath" />
		<plugin label="MAPPING" libraryReferenceLabel="STANDARDLIB" creatorFunctionName="createMapping" />
		<plugin label="THROTTLE" libraryReferenceLabel="STANDARDLIB" creatorFunctionName="createThrottle" />
		<plugin label="COUNT_TPS" libraryReferenceLabel="STANDARDLIB" creatorFunctionName="createCountTPS" />
		<plugin label="IST_FLAG" libraryReferenceLabel="STANDARDLIB" creatorFunctionName="createISTFlags" />
		<plugin label="STATS" libraryReferenceLabel="STANDARDLIB" creatorFunctionName="createStats" />
		<plugin label="KEYGEN" libraryReferenceLabel="STANDARDLIB" creatorFunctionName="createKeyGen" />
		<plugin label="TAGPARSER" libraryReferenceLabel="STANDARDLIB" creatorFunctionName="createTagParser" />
		<plugin label="CHECKBITS" libraryReferenceLabel="STANDARDLIB" creatorFunctionName="createCheckBits" />
		<plugin label="DROP" libraryReferenceLabel="STANDARDLIB" creatorFunctionName="createDrop" />
        <plugin label="CHECKTYPE" libraryReferenceLabel="STANDARDLIB" creatorFunctionName="createCheckType" />
        <plugin label="REPLACE" libraryReferenceLabel="STANDARDLIB" creatorFunctionName="createReplace" />
		<plugin label="TAGBUILDER" libraryReferenceLabel="STANDARDLIB" creatorFunctionName="createTagBuilder" />
		<plugin label="CONVERT" libraryReferenceLabel="STANDARDLIB" creatorFunctionName="createConvert" />
		<plugin label="CHECKPORT" libraryReferenceLabel="STANDARDLIB" creatorFunctionName="createCheckPort" />
		<plugin label="MBLOCATORGERAL" libraryReferenceLabel="STANDARDLIB" creatorFunctionName="createMBLocatorGeral" />
        <plugin label="SETBITS" libraryReferenceLabel="STANDARDLIB" creatorFunctionName="createSetBits" />
        <plugin label="STDDECR" libraryReferenceLabel="STANDARDLIB" creatorFunctionName="createDecriptografia" />
        <plugin label="FIND_DE55" libraryReferenceLabel="STANDARDLIB" creatorFunctionName="createFindTagDE55" />
        <plugin label="REMOVE_DE55" libraryReferenceLabel="STANDARDLIB" creatorFunctionName="createRemoveTagDE55" />
        <plugin label="GETPARAMIST" libraryReferenceLabel="STANDARDLIB" creatorFunctionName="createGetParamIstparam" />
        <plugin label="StrFunctions" libraryReferenceLabel="STANDARDLIB" creatorFunctionName="createStrFunctions" />
        <plugin label="CODECBASE64" libraryReferenceLabel="STANDARDLIB" creatorFunctionName="CreateCodecBase64" />
		<plugin label="PORTCONNECTED" libraryReferenceLabel="STANDARDLIB" creatorFunctionName="createPortConnected" />
		<plugin label="REDIRECT" libraryReferenceLabel="STANDARDLIB" creatorFunctionName="createRedirect" />
		<plugin label="TIMEOUT_THRESHOLD" libraryReferenceLabel="STANDARDLIB" creatorFunctionName="createTimeoutThreshold" />
		<plugin label="MONEY" libraryReferenceLabel="STANDARDLIB" creatorFunctionName="CreateMoney" />
        <plugin label="COPYTYPEPRINT" libraryReferenceLabel="STANDARDLIB" creatorFunctionName="createCopyTypePrint" />
		</pluginManager>
</pluginManager-list>
