<?xml version="1.0" encoding="iso-8859-1"?>
<!DOCTYPE dataManip-list SYSTEM "../../../PDV/dtd/fwsw/DataManip.dtd">

<dataManip-list>

    <dataManip label="SetCryptoAlgoNew" >
        <fieldSetReference reference="arg0" alias="xmf"/>
        <fieldSetReference reference="arg1" alias="imf"/>
        <fieldSetReference reference="arg2" alias="LOCAL"/>
        
        <declare label="DE48" >
            <field label="PinAlgo0" value="0" />
            <field label="PinAlgo1" value="N" />
        </declare>
        
        <conditional-block label="IATATxns">
            <if objectReferenceLabel="EXPR">
<!--t689066@FIS-BEGIN - Data:08/08/2013 - Alteracao logica de pcode 3900 com de48 igual a R1 ou R2 -->                         
            <expr value="( imf.segments.common.ecr_pcode == '3009' ||  
                           imf.segments.common.ecr_pcode == '3900' ) " />                        
<!--t689066@FIS-END - Data:08/08/2013 - Alteracao logica de pcode 3900 com de48 igual a R1 ou R2 -->                                        
                <command label="GetPinAlgo0" objectReferenceLabel="SUBSTR" >
                    <when objectReferenceLabel="EXPR">
                        <expr value="LOCAL.ident_bit48_2_pos == 'R1' || LOCAL.ident_bit48_2_pos == 'R2' " />
                    </when>		                
                    <sourceFieldPath value="xmf.DE048" />
                    <targetFieldPath value="DE48.PinAlgo0" />
                    <startPosition value="30" />
                    <length value="1" />
                </command>                                          
            </if>
            <else>
<!--t689066@FIS-BEGIN - Data:07/08/2013 - ReAlteracao na regra do cryptoalgo. PA eh pos 3 e P eh pos 6. A ordem dos tratores altera o viaduto. -->                   
                <command label="GetPinAlgo0" objectReferenceLabel="SUBSTR" >
                    <when objectReferenceLabel="EXPR">
                        <expr value="LOCAL.ident_bit48_2_pos == 'AD' || LOCAL.ident_bit48_2_pos == 'VO' ||
                                     LOCAL.ident_bit48_2_pos == 'VF' || LOCAL.ident_bit48_2_pos == 'PA' ||
                                     LOCAL.ident_bit48_2_pos == 'CP' " />
                    </when>		                
                    <sourceFieldPath value="xmf.DE048" />
                    <targetFieldPath value="DE48.PinAlgo0" />
                    <startPosition value="3" />
                    <length value="1" />
                </command>                  
                <command label="GetPinAlgo0" objectReferenceLabel="SUBSTR" >
                    <when objectReferenceLabel="EXPR">
                        <expr value="( LOCAL.ident_bit48_1_pos == 'P' &amp;&amp; LOCAL.ident_bit48_2_pos != 'PA' ) || 
                                     LOCAL.ident_bit48_2_pos == 'R1' || LOCAL.ident_bit48_2_pos == 'R2' " />
                    </when>		                
                    <sourceFieldPath value="xmf.DE048" />
                    <targetFieldPath value="DE48.PinAlgo0" />
                    <startPosition value="6" />
                    <length value="1" />
                </command>                                
<!--t689066@FIS-END - Data:07/08/2013 - ReAlteracao na regra do cryptoalgo. PA eh pos 3 e P eh pos 6. A ordem dos tratores altera o viaduto. --> 
                <command label="GetPinAlgo0" objectReferenceLabel="SUBSTR" >
                    <when objectReferenceLabel="EXPR">
                        <expr value="LOCAL.ident_bit48_3_pos == 'AUT' " />
                    </when>		                
                    <sourceFieldPath value="xmf.DE048" />
                    <targetFieldPath value="DE48.PinAlgo0" />
                    <startPosition value="9" />
                    <length value="1" />
                </command>
                <!-- cr689721@FIS - Data: 22/04/2014 - Ref. BT58.825 -->
                <!-- Alterado o startPosition de 34 para 33 -->
                <command label="GetPinAlgo0" objectReferenceLabel="SUBSTR" >
                    <when objectReferenceLabel="EXPR">
                        <expr value="LOCAL.ident_bit48_3_pos == 'AVS' " />
                    </when>		                
                    <sourceFieldPath value="xmf.DE048" />
                    <targetFieldPath value="DE48.PinAlgo0" />
                    <startPosition value="33" />
                    <length value="1" />
                </command>   
                <command label="GetPinAlgo0" objectReferenceLabel="SUBSTR" >
                    <when objectReferenceLabel="EXPR">
                        <expr value="LOCAL.ident_bit48_2_pos == 'CO' " />
                    </when>		                
                    <sourceFieldPath value="xmf.DE048" />
                    <targetFieldPath value="DE48.PinAlgo0" />
                    <startPosition value="10" />
                    <length value="1" />
                </command>                                
                <command label="GetPinAlgo0" objectReferenceLabel="SUBSTR" >
                    <when objectReferenceLabel="EXPR">
                        <expr value="LOCAL.ident_bit48_2_pos == 'DO' || LOCAL.ident_bit48_2_pos == 'NE' || LOCAL.ident_bit48_2_pos == 'TS' || LOCAL.ident_bit48_2_pos == 'PC' " />
                    </when>		                
                    <sourceFieldPath value="xmf.DE048" />
                    <targetFieldPath value="DE48.PinAlgo0" />
                    <startPosition value="7" />
                    <length value="1" />
                </command>                
                <command label="GetPinAlgo0" objectReferenceLabel="SUBSTR" >
                    <when objectReferenceLabel="EXPR">
                        <expr value="LOCAL.ident_bit48_2_pos == 'PM' " />
                    </when>		                
                    <sourceFieldPath value="xmf.DE048" />
                    <targetFieldPath value="DE48.PinAlgo0" />
                    <startPosition value="21" />
                    <length value="1" />
                </command>                            
            </else>
        </conditional-block>          
        
        <command label="GetPinAlgo1" objectReferenceLabel="VALUE" >
            <when objectReferenceLabel="EXPR">
                <expr value="LOCAL.ident_bit48_2_pos == 'R2' " />
            </when>
            <sourceValue value = "S" />
            <targetFieldPath value = "DE48.PinAlgo1" />
        </command>          
        
        <command label="ReplacePinAlgo0" objectReferenceLabel="VALUE" >
            <when objectReferenceLabel="EXPR">
                <expr value="DE48.PinAlgo0 == 'N' " />
            </when>
            <sourceValue value = "0" />
            <targetFieldPath value = "DE48.PinAlgo0" />
        </command>                  
        
        <command label="SetTermTpkDES" objectReferenceLabel="VALUE" >
            <when objectReferenceLabel="EXPR">
                <expr value="DE48.PinAlgo0 == '1' ||
                             DE48.PinAlgo0 == '5' ||
                             DE48.PinAlgo0 == '7' ||
                             DE48.PinAlgo0 == '8'" />
            </when>
            <sourceValue value = "4" />
            <targetFieldPath value = "imf.segments.merchant.termTPK" />
        </command>
        
        <command label="SetTermTpk3DES" objectReferenceLabel="VALUE" >
            <when objectReferenceLabel="EXPR">
                <expr value="DE48.PinAlgo0 == '2' ||
                             DE48.PinAlgo0 == '3' ||
                             DE48.PinAlgo0 == '4' ||
                             DE48.PinAlgo0 == '6'" />
            </when>
            <sourceValue value = "104" />
            <targetFieldPath value = "imf.segments.merchant.termTPK" />
        </command>
        <command label="SetPinAlgo" objectReferenceLabel="CONCAT" >
            <concatSide value = "LEFT" />
            <concatFieldSetPath value = "DE48.PinAlgo0" />
            <sourceFieldPath value = "DE48.PinAlgo1" />
            <targetFieldPath value = "imf.shc_msg.pin_algo" />
        </command>        
    
        <command label=" ========= SetCryptoAlgoNew == DE48 ========= " objectReferenceLabel="FIELDSET_DUMP">
            <sourceFieldPath value = "DE48" />
        </command>

    </dataManip>

    <dataManip label="SetCryptoAlgoOld" >
        <fieldSetReference reference="arg0" alias="xmf"/>
        <fieldSetReference reference="arg1" alias="imf"/>
        <fieldSetReference reference="arg2" alias="LOCAL"/>
        
        <declare label="DE48" >
            <field label="PinAlgo0" value="0" />
            <field label="PinAlgo1" value="N" />
        </declare>
        
        <conditional-block label="IATATxns">
            <if objectReferenceLabel="EXPR">
<!--t689066@FIS-BEGIN - Data:08/08/2013 - Alteracao logica de pcode 3900 com de48 igual a R1 ou R2 -->             
            <expr value="( imf.segments.common.ecr_pcode == '3009' || 
                           imf.segments.common.ecr_pcode == '3900' ) " />                        
<!--t689066@FIS-END - Data:08/08/2013 - Alteracao logica de pcode 3900 com de48 igual a R1 ou R2 -->             
                <command label="GetPinAlgo0" objectReferenceLabel="SUBSTR" >
                    <when objectReferenceLabel="EXPR">
                        <expr value="LOCAL.ident_bit48_2_pos == 'R1' || LOCAL.ident_bit48_2_pos == 'R2' " />
                    </when>		                
                    <sourceFieldPath value="xmf.DE048" />
                    <targetFieldPath value="DE48.PinAlgo0" />
                    <startPosition value="29" />
                    <length value="1" />
                </command>                                          
            </if>
            <else>
<!--t689066@FIS-BEGIN - Data:07/08/2013 - ReAlteracao na regra do cryptoalgo. PA eh pos 3 e P eh pos 6. A ordem dos tratores altera o viaduto. -->                 
                <command label="GetPinAlgo0" objectReferenceLabel="SUBSTR" >
                    <when objectReferenceLabel="EXPR">
                        <expr value="LOCAL.ident_bit48_2_pos == 'AD' || LOCAL.ident_bit48_2_pos == 'VO' ||
                                     LOCAL.ident_bit48_2_pos == 'VF' || LOCAL.ident_bit48_2_pos == 'PA' ||
                                     LOCAL.ident_bit48_2_pos == 'CP' " />
                    </when>		                
                    <sourceFieldPath value="xmf.DE048" />
                    <targetFieldPath value="DE48.PinAlgo0" />
                    <startPosition value="2" />
                    <length value="1" />
                </command>                 
                <command label="GetPinAlgo0" objectReferenceLabel="SUBSTR" >
                    <when objectReferenceLabel="EXPR">
                        <expr value="( LOCAL.ident_bit48_1_pos == 'P' &amp;&amp; LOCAL.ident_bit48_2_pos != 'PA' ) || 
                                     LOCAL.ident_bit48_2_pos == 'R1' || LOCAL.ident_bit48_2_pos == 'R2' " />
                    </when>		                
                    <sourceFieldPath value="xmf.DE048" />
                    <targetFieldPath value="DE48.PinAlgo0" />
                    <startPosition value="5" />
                    <length value="1" />
                </command>                
<!--t689066@FIS-END - Data:07/08/2013 - ReAlteracao na regra do cryptoalgo. PA eh pos 3 e P eh pos 6. A ordem dos tratores altera o viaduto. --> 
                <command label="GetPinAlgo0" objectReferenceLabel="SUBSTR" >
                    <when objectReferenceLabel="EXPR">
                        <expr value="LOCAL.ident_bit48_3_pos == 'AUT' " />
                    </when>		                
                    <sourceFieldPath value="xmf.DE048" />
                    <targetFieldPath value="DE48.PinAlgo0" />
                    <startPosition value="8" />
                    <length value="1" />
                </command>                       
                <command label="GetPinAlgo0" objectReferenceLabel="SUBSTR" >
                    <when objectReferenceLabel="EXPR">
                        <expr value="LOCAL.ident_bit48_3_pos == 'AVS' " />
                    </when>		                
                    <sourceFieldPath value="xmf.DE048" />
                    <targetFieldPath value="DE48.PinAlgo0" />
                    <startPosition value="12" />
                    <length value="1" />
                </command>                
                <command label="GetPinAlgo0" objectReferenceLabel="SUBSTR" >
                    <when objectReferenceLabel="EXPR">
                        <expr value="LOCAL.ident_bit48_2_pos == 'CO' " />
                    </when>		                
                    <sourceFieldPath value="xmf.DE048" />
                    <targetFieldPath value="DE48.PinAlgo0" />
                    <startPosition value="9" />
                    <length value="1" />
                </command>                                
                <command label="GetPinAlgo0" objectReferenceLabel="SUBSTR" >
                    <when objectReferenceLabel="EXPR">
                        <expr value="LOCAL.ident_bit48_2_pos == 'DO' || LOCAL.ident_bit48_2_pos == 'NE' " />
                    </when>		                
                    <sourceFieldPath value="xmf.DE048" />
                    <targetFieldPath value="DE48.PinAlgo0" />
                    <startPosition value="6" />
                    <length value="1" />
                </command>
                <command label="GetPinAlgo0" objectReferenceLabel="SUBSTR" >
                    <when objectReferenceLabel="EXPR">
                        <expr value="LOCAL.ident_bit48_2_pos == 'PM' " />
                    </when>		                
                    <sourceFieldPath value="xmf.DE048" />
                    <targetFieldPath value="DE48.PinAlgo0" />
                    <startPosition value="20" />
                    <length value="1" />
                </command>                            
            </else>
        </conditional-block>          
        
        <command label="GetPinAlgo1" objectReferenceLabel="VALUE" >
            <when objectReferenceLabel="EXPR">
                <expr value="LOCAL.ident_bit48_2_pos == 'R2' " />
            </when>
            <sourceValue value = "S" />
            <targetFieldPath value = "DE48.PinAlgo1" />
        </command>
        
        <!-- set termTPK begin-->
        
        <command label="SetTermTpkDES" objectReferenceLabel="VALUE" >
            <when objectReferenceLabel="EXPR">
                <expr value="DE48.PinAlgo0 == '1' ||
                             DE48.PinAlgo0 == '5' ||
                             DE48.PinAlgo0 == '7' ||
                             DE48.PinAlgo0 == '8'" />
            </when>
            <sourceValue value = "4" />
            <targetFieldPath value = "imf.segments.merchant.termTPK" />
        </command>
        
        <command label="SetTermTpk3DES" objectReferenceLabel="VALUE" >
            <when objectReferenceLabel="EXPR">
                <expr value="DE48.PinAlgo0 == '2' ||
                             DE48.PinAlgo0 == '3' ||
                             DE48.PinAlgo0 == '4' ||
                             DE48.PinAlgo0 == '6'" />
            </when>
            <sourceValue value = "104" />
            <targetFieldPath value = "imf.segments.merchant.termTPK" />
        </command>
        
        <!-- set termTPK end -->
        <command label="SetPinAlgo" objectReferenceLabel="CONCAT" >
            <concatSide value = "LEFT" />
            <concatFieldSetPath value = "DE48.PinAlgo0" />
            <sourceFieldPath value = "DE48.PinAlgo1" />
            <targetFieldPath value = "imf.shc_msg.pin_algo" />
        </command>        
    
        <command label=" ========= SetCryptoAlgoOld == DE48 ========= " objectReferenceLabel="FIELDSET_DUMP">
            <sourceFieldPath value = "DE48" />
        </command>
    </dataManip>
    
</dataManip-list>

