<?xml version="1.0" encoding="iso-8859-1"?>
<!DOCTYPE dataManip-list SYSTEM "../../../PDV/dtd/fwsw/DataManip.dtd">

<dataManip-list>

    <!-- CHAMANDA DO MANIP PRINCIAL -->
    <dataManip label="SHC_2_ECR_NEG">

        <command label="  ========= Recebendo mensagem do Acquirer =========  " objectReferenceLabel="FIELDSET_DUMP">
            <sourceFieldPath value = "imf" />
        </command>        
        
        <declare label="LOCAL" >
            <field label="isPort" />
            <field label="mailboxName" />
        </declare>    
        
        <call label="CallPreProcessamento">
            <subDataManip objectReferenceLabel="PreProc" />
            <targetFieldPath value="xmf" />
            <targetFieldPath value="imf" />
            <targetFieldPath value="LOCAL" />
        </call>        
        
        <call label="CallProcessamento">
            <subDataManip objectReferenceLabel="Proc" />
            <targetFieldPath value="xmf" />
            <targetFieldPath value="imf" />
            <targetFieldPath value="LOCAL" />
        </call>                
        
        <call label="CallPosProcessamento">
            <subDataManip objectReferenceLabel="PosProc" />
            <targetFieldPath value="xmf" />
            <targetFieldPath value="imf" />
            <targetFieldPath value="LOCAL" />
            <targetFieldPath value="environment" />
        </call>            
        
    </dataManip>

    <!-- ===================================================================== -->
    <!-- ================        BLOCOS DE DEFINICAO      ==================== -->
    <!-- ===================================================================== -->
    <!-- MANIP DE PRE PROC -->
    <dataManip label="PreProc">
        <fieldSetReference reference="arg0" alias="xmf"/>
        <fieldSetReference reference="arg1" alias="imf"/>
        <fieldSetReference reference="arg2" alias="LOCAL"/>
   
        <command label="ModifyMsgType" objectReferenceLabel="MATH" >                        
            <value1 value = "xmf.MSG_TYPE" />
            <value2 value = "10" />
            <operator value = "+" />
            <targetFieldPath value = "xmf.MSG_TYPE" />
        </command>
        <command label="CopyMsgType" objectReferenceLabel="COPY" >
            <sourceFieldPath value="xmf.MSG_TYPE" />
            <targetFieldPath value="imf.shc_msg.msgtype" />
        </command>    
        <command label="MSG_TYPE" objectReferenceLabel="PAD" >
            <sourceFieldPath value="xmf.MSG_TYPE" />
            <targetFieldPath value="xmf.MSG_TYPE" />
            <paddingChar value="0" />
            <mode value="left" />
            <length value="4" />
        </command>                  
    
        <command label="SetBit39On" objectReferenceLabel="TURN_ON" >
          <targetFieldPath value="xmf.DE039" />
        </command>    
        <command label="set_default_respcode" objectReferenceLabel="VALUE" >
            <targetFieldPath value="xmf.DE039" />
            <sourceValue value="96" />
        </command>    
    
        <command label="SetRespcodeForStatistics" objectReferenceLabel="COPY" >
            <sourceFieldPath value = "xmf.DE039" />
            <targetFieldPath value = "imf.shc_msg.respcode" />
        </command>    
		
		<declare label="IMF_MON">
			<field label="DE032"  />
			<field label="DE033"  />
			<field label="DE003"     />
			<field label="MSG_TYPE"   />
			<field label="DE039"  />
        </declare>
		
        <declare label="MAQ">
            <field label="MAQUINA"  value="$(_SERVER_ALIAS)"/>
        </declare>	

		<command label="getMSGTYPE" objectReferenceLabel="COPY">
            <sourceFieldPath value="xmf.MSG_TYPE" />
            <targetFieldPath value="IMF_MON.MSG_TYPE" />		
		</command>
		
		<command label="getPCODE" objectReferenceLabel="COPY">
			<sourceFieldPath value="imf.shc_msg.pcode"/>
			<targetFieldPath value="IMF_MON.DE003"/>
		</command>
		
		<command label="getRESPCODE" objectReferenceLabel="COPY">
			<sourceFieldPath value="imf.shc_msg.respcode"/>
			<targetFieldPath value="IMF_MON.DE039"/>
		</command>

		<command label="getNETWORKID" objectReferenceLabel="VALUE">
			<sourceValue value="$(NETWORKID)"/>
			<targetFieldPath value="IMF_MON.DE033"/>
		</command>
		
		<command label="cutMAQUINA" objectReferenceLabel="SUBSTR">
			<sourceFieldPath value="MAQ.MAQUINA" />
			<targetFieldPath value="MAQ.MAQUINA" />
			<startPosition value="0"/>
			<length value="3"/>
		</command>
		

		<command label="getACQUIRERID" objectReferenceLabel="CONCAT">
			<sourceFieldPath value="IMF_MON.DE032"/>
			<targetFieldPath value="IMF_MON.DE032"/>
			<concatSide value = "RIGHT" />
            <concatValue value = '7' />			
		</command>

		<conditional-block label="CheckSite">
			<if objectReferenceLabel="EXPR">
				<expr value="'$(SITE)' == 'POS'" /> 
				<command label="getSITE" objectReferenceLabel="CONCAT">                
					<sourceFieldPath value="IMF_MON.DE032"/>
					<targetFieldPath value="IMF_MON.DE032"/>
					<concatSide value = "RIGHT" />
					<concatValue value='01' />
				</command>
			</if>
		</conditional-block>

		<command label="getACQMAQ" objectReferenceLabel="CONCAT">
			<sourceFieldPath value="IMF_MON.DE032"/>
			<targetFieldPath value="IMF_MON.DE032"/>
			<concatSide value = "RIGHT" />
			<concatFieldSetPath value="MAQ.MAQUINA" />			
		</command>

		<command label="getACQINDEX" objectReferenceLabel="CONCAT">
			<sourceFieldPath value="IMF_MON.DE032"/>
			<targetFieldPath value="IMF_MON.DE032"/>
			<concatSide value = "RIGHT" />
			<concatValue value='1000' />
		</command>
		
		<command label="QTDE_RESP_REC" objectReferenceLabel="STATS" >
            <vertice value="QTDE_RESP_REC" /> <!-- QTDE_REQ_REC, QTDE_REQ_ENV,QTDE_RESP_REC, QTDE_RESP_ENV, NETC_INDEF-->
            <sourceFieldPath value="IMF_MON" />
            <inputFile value="$(GEN_ROOT)/bin/stats_util" />
        </command>    
        
    </dataManip>
    
    <!-- MANIP DE PROC -->
    <dataManip label="Proc">
        <fieldSetReference reference="arg0" alias="xmf"/>
        <fieldSetReference reference="arg1" alias="imf"/>
        <fieldSetReference reference="arg2" alias="LOCAL"/>
        
       <command label="SetBit63On" objectReferenceLabel="TURN_ON" >
          <targetFieldPath value="xmf.DE063" />
        </command> 
        <command label="set_default_bit63" objectReferenceLabel="VALUE" >
            <targetFieldPath value="xmf.DE063" />
            <sourceValue value="ERRO DE SISTEMA" />
        </command>    
        
    </dataManip>
    
    <!-- MANIP DE POS PROC -->
    <dataManip label="PosProc">
        <fieldSetReference reference="arg0" alias="xmf"/>
        <fieldSetReference reference="arg1" alias="imf"/>
        <fieldSetReference reference="arg1.shc_msg" alias="shc_msg"/>
        <fieldSetReference reference="arg1.segments.common" alias="common"/>
        <fieldSetReference reference="arg2" alias="LOCAL"/>
        <fieldSetReference reference="arg3" alias="environment"/>

        <command label="GET_PORT_NAME" objectReferenceLabel="GET_MBPROP" >
            <mailboxAddressPath value = "environment.FORWARD_ADDRESS" />
            <targetFieldPath value = "LOCAL" />
        </command>     

        <command label="TRX_TRACE_LOG" objectReferenceLabel="TRX_TRACE" >
            <sourceFieldPath value = "imf" />
            <engineFieldPath value = "environment" />
            <portNamePath value = "LOCAL.mailboxName" />
        </command>     
		
		<declare label="IMF_MON">
			<field label="DE032"  />
			<field label="DE033"  />
			<field label="DE003"     />
			<field label="MSG_TYPE"   />
			<field label="DE039"  />
        </declare>
		
        <declare label="MAQ">
            <field label="MAQUINA"  value="$(_SERVER_ALIAS)"/>
        </declare>	

		<command label="getMSGTYPE" objectReferenceLabel="COPY">
            <sourceFieldPath value="xmf.MSG_TYPE" />
            <targetFieldPath value="IMF_MON.MSG_TYPE" />		
		</command>
		
		<command label="getPCODE" objectReferenceLabel="COPY">
			<sourceFieldPath value="imf.shc_msg.pcode"/>
			<targetFieldPath value="IMF_MON.DE003"/>
		</command>
		
		<command label="getRESPCODE" objectReferenceLabel="COPY">
			<sourceFieldPath value="imf.shc_msg.respcode"/>
			<targetFieldPath value="IMF_MON.DE039"/>
		</command>

		<command label="getNETWORKID" objectReferenceLabel="VALUE">
			<sourceValue value="$(NETWORKID)"/>
			<targetFieldPath value="IMF_MON.DE033"/>
		</command>
		
		<command label="cutMAQUINA" objectReferenceLabel="SUBSTR">
			<sourceFieldPath value="MAQ.MAQUINA" />
			<targetFieldPath value="MAQ.MAQUINA" />
			<startPosition value="0"/>
			<length value="3"/>
		</command>
		

		<command label="getACQUIRERID" objectReferenceLabel="CONCAT">
			<sourceFieldPath value="IMF_MON.DE032"/>
			<targetFieldPath value="IMF_MON.DE032"/>
			<concatSide value = "RIGHT" />
            <concatValue value = '7' />			
		</command>

		<conditional-block label="CheckSite">
			<if objectReferenceLabel="EXPR">
				<expr value="'$(SITE)' == 'POS'" /> 
				<command label="getSITE" objectReferenceLabel="CONCAT">                
					<sourceFieldPath value="IMF_MON.DE032"/>
					<targetFieldPath value="IMF_MON.DE032"/>
					<concatSide value = "RIGHT" />
					<concatValue value='01' />
				</command>
			</if>
		</conditional-block>

		<command label="getACQMAQ" objectReferenceLabel="CONCAT">
			<sourceFieldPath value="IMF_MON.DE032"/>
			<targetFieldPath value="IMF_MON.DE032"/>
			<concatSide value = "RIGHT" />
			<concatFieldSetPath value="MAQ.MAQUINA" />			
		</command>

		<command label="getACQINDEX" objectReferenceLabel="CONCAT">
			<sourceFieldPath value="IMF_MON.DE032"/>
			<targetFieldPath value="IMF_MON.DE032"/>
			<concatSide value = "RIGHT" />
			<concatValue value='1000' />
		</command>
		
		<command label="NETC_INDEF" objectReferenceLabel="STATS" >
            <vertice value="NETC_INDEF" /> <!-- QTDE_REQ_REC, QTDE_REQ_ENV,QTDE_RESP_REC, QTDE_RESP_ENV, NETC_INDEF-->
            <sourceFieldPath value="IMF_MON" />
            <inputFile value="$(GEN_ROOT)/bin/stats_util" />
        </command>
		
        <command label="QTDE_RESP_ENV" objectReferenceLabel="STATS" >
            <vertice value="QTDE_RESP_ENV" /> <!-- QTDE_REQ_REC, QTDE_REQ_ENV,QTDE_RESP_REC, QTDE_RESP_ENV, NETC_INDEF-->
            <sourceFieldPath value="IMF_MON" />
            <inputFile value="$(GEN_ROOT)/bin/stats_util" />
        </command>    
        
        <command label="  ========= Enviando mensagem para o Driver =========  " objectReferenceLabel="FIELDSET_DUMP">
            <sourceFieldPath value = "xmf" />
        </command>        
    </dataManip>
    
    <!-- ===================================================================== -->
    <!-- ===================================================================== -->
    <!-- ===================================================================== -->
    
    <!-- ===================================================================== -->
    <!-- =================    BLOCOS PRE PROCESSAMENTO    ==================== -->
    <!-- ===================================================================== -->    
    
    <!-- ===================================================================== -->
    <!-- ===================================================================== -->
    <!-- ===================================================================== -->    
    
    <!-- ===================================================================== -->
    <!-- ===================    BLOCOS PROCESSAMENTO    ====================== -->
    <!-- ===================================================================== -->    

    <!-- ===================================================================== -->
    <!-- ===================================================================== -->
    <!-- ===================================================================== -->    
    
    <!-- ===================================================================== -->
    <!-- =================    BLOCOS POS PROCESSAMENTO    ==================== -->
    <!-- ===================================================================== -->

    <!-- ===================================================================== -->
    <!-- ===================================================================== -->
    <!-- ===================================================================== -->    
    
</dataManip-list>
