<?xml version="1.0" encoding="iso-8859-1"?>
<!DOCTYPE dataManip-list SYSTEM "../../../PDV/dtd/fwsw/DataManip.dtd">

<dataManip-list>

    <!-- ===================================== >
    <    @Info: CHAMANDA DO MANIP PRINCIAL     >
    <    =================================== -->
    <dataManip label="EV_2_NOTHING">

        <declare label="LOCAL">
            <field label="vazio" value="" />
        </declare>

        <command label="  &lt;&lt;==== xmf DUMP =====" objectReferenceLabel="FIELDSET_DUMP">
            <sourceFieldPath value = "xmf" />
        </command>

        <command label="restore_expired_buffer" objectReferenceLabel="EVENTMANAGER" >
             <operation value = "expired" />
             <sourceFieldPath value = "environment.EVENT_DATA_BUFFER" />
             <targetFieldPath value = "xmf" />
        </command>

        <command label="  ========= Recebendo Evento Expirado =========  " objectReferenceLabel="FIELDSET_DUMP">
            <sourceFieldPath value = "xmf" />
        </command>

        <command label="set_mailbox_resposta_sender_addres" objectReferenceLabel="COPY" >
            <sourceFieldPath value="LOCAL.vazio" />
            <targetFieldPath value="environment.SENDER_ADDRESS" />
        </command>

    </dataManip>

</dataManip-list>
