<?xml version="1.0" encoding="iso-8859-1"?>
<!DOCTYPE dataManip-list SYSTEM "../../../PDV/dtd/fwsw/DataManip.dtd">

<dataManip-list>

    <!-- CHAMANDA DO MANIP PRINCIAL -->
    <dataManip label="ECR_2_SHC">

        <command label="ValidaIso8583" objectReferenceLabel="DROP">
            <when objectReferenceLabel="EXPR">
                <expr value="xmf.IS_ISO8583 != 'TRUE'" />
            </when>
        </command>
    
        <declare label="LOCAL" >
            <field label="isPort" />
            <field label="mailboxName" />
            <field label="Tmp" />
            <field label="termid" />
            <field label="termloc" />
            <field label="Track3Length" />

            <field label="LoadInit" />
            <field label="bit63Prefix2"/>
            <field label="PosEntryCodeDiv10" />
            <field label="ecrSftwVeridLast4" />
			<field label="ident_bit48_1_pos" value="" /> <!-- ID com 1 caracter   -->
			<field label="ident_bit48_2_pos" value="" /> <!-- ID com 2 caracteres -->
			<field label="ident_bit48_3_pos" value="" /> <!-- ID com 3 caracteres -->
            <field label="DE090origdatetime" />
            <field label="bit48cvc2" />

            <field label="DE002Length" value="0"/>
            <field label="DE032Length" value="0"/>
            <field label="DE035Length" value="0"/>
            <field label="DE054Length" value="0"/>
            <field label="DE055Length" value="0"/>
            <field label="DE061Length" value="0"/>
            <field label="DE062Length" value="0"/>
            <field label="DE063Length" value="0"/>
            <field label="DE123Length" value="0"/>
            <field label="DE124Length" value="0"/>
            <field label="DE125Length" value="0"/>
            <field label="DE127Length" value="0"/>

            <field label="DE002isOn" value= "false" />
            <field label="DE003isOn" value= "false" />
            <field label="DE004isOn" value= "false" />
            <field label="DE006isOn" value= "false" />
            <field label="DE007isOn" value= "false" />
            <field label="DE010isOn" value= "false" />
            <field label="DE011isOn" value= "false" />
            <field label="DE012isOn" value= "false" />
            <field label="DE013isOn" value= "false" />
            <field label="DE014isOn" value= "false" />
            <field label="DE015isOn" value= "false" />
            <field label="DE018isOn" value= "false" /> <!-- BRUM - EAK-1656 - 27/08/2019 - MCC Dinamico -->
            <field label="DE022isOn" value= "false" />
            <field label="DE023isOn" value= "false" />
            <field label="DE032isOn" value= "false" />
            <field label="DE033isOn" value= "false" />
            <field label="DE035isOn" value= "false" />
            <field label="DE038isOn" value= "false" />
            <field label="DE039isOn" value= "false" />
            <field label="DE041isOn" value= "false" />
            <field label="DE042isOn" value= "false" />
            <field label="DE043isOn" value= "false" />
            <field label="DE045isOn" value= "false" />
            <field label="DE047isOn" value= "false" />
            <field label="DE048isOn" value= "false" />
            <field label="DE049isOn" value= "false" />
            <field label="DE051isOn" value= "false" />
            <field label="DE052isOn" value= "false" />
            <field label="DE054isOn" value= "false" />
            <field label="DE055isOn" value= "false" />
            <field label="DE056isOn" value= "false" />
            <field label="DE060isOn" value= "false" />
            <field label="DE061isOn" value= "false" />
            <field label="DE062isOn" value= "false" />
            <field label="DE063isOn" value= "false" />
            <field label="DE067isOn" value= "false" />
            <field label="DE070isOn" value= "false" />
            <field label="DE090isOn" value= "false" />
            <field label="DE104isOn" value= "false" />
            <field label="DE123isOn" value= "false" />
            <field label="DE124isOn" value= "false" />
            <field label="DE125isOn" value= "false" />
            <field label="DE127isOn" value= "false" />
            
            <field label="headerSize" />
            <field label="acqsrv" />
            <field label="xmf_DE055" />

            <field label="flip_pcode" />
            <field label="flip_msgtype" />
        </declare>
        
        <call label="Dump_Recebimento_Xmf">
            <dataManipXml filePath="$(FEGEN_XML_DIR)" fileName="DataManipCommon.xml"/>
            <subDataManip objectReferenceLabel="Dump_Recebimento_Xmf" />
            <targetFieldPath value="xmf" />
            <targetFieldPath value="LOCAL" />
            <targetFieldPath value="environment.SENDER_ADDRESS" />
        </call>
    
        <call label="CallPreProcessamento">
            <subDataManip objectReferenceLabel="PreProc" />
            <targetFieldPath value="xmf" />
            <targetFieldPath value="imf" />
            <targetFieldPath value="LOCAL" />
            <targetFieldPath value="environment" />
        </call>        
        
        <call label="CallProcessamento">
            <subDataManip objectReferenceLabel="Proc" />
            <targetFieldPath value="xmf" />
            <targetFieldPath value="imf" />
            <targetFieldPath value="LOCAL" />
            <targetFieldPath value="environment" />
        </call>                
        
        <call label="CallPosProcessamento">
            <subDataManip objectReferenceLabel="PosProc" />
            <targetFieldPath value="xmf" />
            <targetFieldPath value="imf" />
            <targetFieldPath value="LOCAL" />
            <targetFieldPath value="environment" />
        </call>            
        
        <call label="Dump_Destino_Msg">
            <dataManipXml filePath="$(FEGEN_XML_DIR)" fileName="DataManipCommon.xml"/>
            <subDataManip objectReferenceLabel="Dump_Destino_Msg" />
            <targetFieldPath value="imf" />
            <targetFieldPath value="LOCAL" />
            <targetFieldPath value="environment.FORWARD_ADDRESS" />
        </call>
 
    </dataManip>

    <!-- ===================================================================== -->
    <!-- ================        BLOCOS DE DEFINICAO      ==================== -->
    <!-- ===================================================================== -->
    <!-- MANIP DE PRE PROC -->
    <dataManip label="PreProc">
        <fieldSetReference reference="arg0" alias="xmf"/>
        <fieldSetReference reference="arg1" alias="imf"/>
        <fieldSetReference reference="arg2" alias="LOCAL"/>
        <fieldSetReference reference="arg3" alias="environment"/>
   
        <call label="Call_InicioFmt">
            <dataManipXml filePath="$(FEGEN_XML_DIR)" fileName="DataManipCommon.xml"/>
            <subDataManip objectReferenceLabel="InicioFmt"/>
            <targetFieldPath value="xmf"/>
            <targetFieldPath value="imf"/>
            <targetFieldPath value="LOCAL"/>
            <targetFieldPath value="environment"/>
        </call>

        <command label="set_install_num" objectReferenceLabel="VALUE" >
            <targetFieldPath value="imf.segments.common.install_num" />
            <sourceValue value="0" />
        </command>
        
        <command label="initialize_ecr_sftw_verix" objectReferenceLabel="VALUE" >
            <targetFieldPath value="imf.segments.common.ecr_sftw_verix" />
            <sourceValue value="0" />
        </command>
        
        <command label="SetOriginalForwardAddress" objectReferenceLabel="COPY" >
            <sourceFieldPath value="environment.SENDER_ADDRESS" />
            <targetFieldPath value="imf.segments.common.ecr_orig_sender_id" />
        </command>
        
        <call label="CallCheckIsOn">
            <subDataManip objectReferenceLabel="CheckIsOn" />
            <targetFieldPath value="xmf" />
            <targetFieldPath value="imf" />
            <targetFieldPath value="LOCAL" />
        </call>  
        
        <call label="CallTrataHeader">
            <subDataManip objectReferenceLabel="TrataHeader" />
            <targetFieldPath value="xmf" />
            <targetFieldPath value="imf" />
            <targetFieldPath value="LOCAL" />
            <targetFieldPath value="environment" />
        </call>    
    
        <command label="set_default_values" objectReferenceLabel="XCOPY">
            <value sourceValue="1" targetFieldPath="imf.shc_msg.txntype" />
            <value sourceField="imf.shc_msg.msgtype" type="value" targetFieldPath="imf.segments.common.ecr_msgtype" />
        </command>        
		
		<declare label="IMF_MON">
			<field label="DE032"  />
			<field label="DE033"  />
			<field label="DE003"     />
			<field label="MSG_TYPE"   />
			<field label="DE039"  />
        </declare>
		
        <declare label="MAQ">
            <field label="MAQUINA"  value="$(_SERVER_ALIAS)"/>
        </declare>	

		<command label="getMSGTYPE" objectReferenceLabel="COPY">
            <sourceFieldPath value="imf.shc_msg.msgtype" />
            <targetFieldPath value="IMF_MON.MSG_TYPE" />		
		</command>
		
		<command label="getPCODE" objectReferenceLabel="COPY">
			<sourceFieldPath value="xmf.DE003"/>
			<targetFieldPath value="IMF_MON.DE003"/>
		</command>
		
		<command label="getRESPCODE" objectReferenceLabel="COPY">
			<sourceFieldPath value="imf.shc_msg.respcode"/>
			<targetFieldPath value="IMF_MON.DE039"/>
		</command>

		<command label="getNETWORKID" objectReferenceLabel="VALUE">
			<sourceValue value="$(NETWORKID)"/>
			<targetFieldPath value="IMF_MON.DE033"/>
		</command>
		
		<command label="cutMAQUINA" objectReferenceLabel="SUBSTR">
			<sourceFieldPath value="MAQ.MAQUINA" />
			<targetFieldPath value="MAQ.MAQUINA" />
			<startPosition value="0"/>
			<length value="3"/>
		</command>
		

		<command label="getACQUIRERID" objectReferenceLabel="CONCAT">
			<sourceFieldPath value="IMF_MON.DE032"/>
			<targetFieldPath value="IMF_MON.DE032"/>
			<concatSide value = "RIGHT" />
            <concatValue value = '7' />			
		</command>

		<conditional-block label="CheckSite">
			<if objectReferenceLabel="EXPR">
				<expr value="'$(SITE)' == 'PDV'" /> 
				<command label="getSITE" objectReferenceLabel="CONCAT">                
					<sourceFieldPath value="IMF_MON.DE032"/>
					<targetFieldPath value="IMF_MON.DE032"/>
					<concatSide value = "RIGHT" />
					<concatValue value='03' />
				</command>
			</if>
		</conditional-block>

		<command label="getACQMAQ" objectReferenceLabel="CONCAT">
			<sourceFieldPath value="IMF_MON.DE032"/>
			<targetFieldPath value="IMF_MON.DE032"/>
			<concatSide value = "RIGHT" />
			<concatFieldSetPath value="MAQ.MAQUINA" />			
		</command>

		<command label="getACQINDEX" objectReferenceLabel="CONCAT">
			<sourceFieldPath value="IMF_MON.DE032"/>
			<targetFieldPath value="IMF_MON.DE032"/>
			<concatSide value = "RIGHT" />
			<concatValue value='1000' />
		</command>
		
		<command label="NETC_INDEF" objectReferenceLabel="STATS" >
            <vertice value="NETC_INDEF" /> <!-- QTDE_REQ_REC, QTDE_REQ_ENV,QTDE_RESP_REC, QTDE_RESP_ENV, NETC_INDEF-->
            <sourceFieldPath value="IMF_MON" />
            <inputFile value="$(GEN_ROOT)/bin/stats_util" />
        </command>
		
        <command label="QTDE_REQ_REC" objectReferenceLabel="STATS" >
            <vertice value="QTDE_REQ_REC" /> <!-- QTDE_REQ_REC, QTDE_REQ_ENV,QTDE_RESP_REC, QTDE_RESP_ENV, NETC_INDEF-->
            <sourceFieldPath value="IMF_MON" />
            <inputFile value="$(GEN_ROOT)/bin/stats_util" />
        </command>

        <!-- Colocado temporariamente, deve ser analisado o melhor lugar para colocar isto, antes essas e outras
             regras eram feitas dentro do BusinessRules.xml no DROP_CHECK -->
        <command label="getDe045Length" objectReferenceLabel="GET_FSPROP" >
            <sourceFieldPath value="xmf.DE045" />
            <targetFieldPath value="LOCAL.Track3Length" />
            <propertyToGet value="length" />
        </command>
        
<!-- *MMS* comentado o ManipCheckBits, ate que seja feita a mudanca do DefineNomesTrn e dos maps necessarios 
        <call label="DROP_CHECK">
            <dataManipXml filePath="$(COMMON_XML_DIR)" fileName="BusinessRules.xml" />
            <subDataManip objectReferenceLabel="DROP_CHECK" />
            <targetFieldPath value="xmf" />
            <targetFieldPath value="LOCAL" />
        </call >
-->



    </dataManip>
    
    <!-- MANIP DE PROC -->
    <dataManip label="Proc">
        <fieldSetReference reference="arg0" alias="xmf"/>
        <fieldSetReference reference="arg1" alias="imf"/>
        <fieldSetReference reference="arg2" alias="LOCAL"/>
        <fieldSetReference reference="arg3" alias="environment"/>

        <!-- Colocado aqui para identificar a versao do PDV primeiro, 
             pois o parse de outros campos dependera da versao do PDV -->
        <call label="CallParseDE123">
            <dataManipXml filePath="$(FMTECR_XML_DIR)" fileName="ParseDEs_ECR.xml"/>
            <subDataManip objectReferenceLabel="ParseDE123"/>
            <targetFieldPath value="xmf" />
            <targetFieldPath value="imf" />
            <targetFieldPath value="LOCAL" />
        </call>
        
        <call label="CallParseDE002">
            <dataManipXml filePath="$(FEGEN_XML_DIR)" fileName="ParseDEs.xml"/>
            <subDataManip objectReferenceLabel="ParseDE002"/>
            <targetFieldPath value="xmf" />
            <targetFieldPath value="imf" />
            <targetFieldPath value="LOCAL" />
        </call>

        <call label="CallParseDE003">
            <dataManipXml filePath="$(FEGEN_XML_DIR)" fileName="ParseDEs.xml"/>
            <subDataManip objectReferenceLabel="ParseDE003"/>
            <targetFieldPath value="xmf" />
            <targetFieldPath value="imf" />
            <targetFieldPath value="LOCAL" />
        </call>
        
        <call label="CallParseDE004">
            <dataManipXml filePath="$(FEGEN_XML_DIR)" fileName="ParseDEs.xml"/>
            <subDataManip objectReferenceLabel="ParseDE004"/>
            <targetFieldPath value="xmf" />
            <targetFieldPath value="imf" />
            <targetFieldPath value="LOCAL" />
        </call>
        
        <call label="CallParseDE006">
            <dataManipXml filePath="$(FEGEN_XML_DIR)" fileName="ParseDEs.xml"/>
            <subDataManip objectReferenceLabel="ParseDE006"/>
            <targetFieldPath value="xmf" />
            <targetFieldPath value="imf" />
            <targetFieldPath value="LOCAL" />
        </call>

        <call label="CallParseDE007">
            <dataManipXml filePath="$(FEGEN_XML_DIR)" fileName="ParseDEs.xml"/>
            <subDataManip objectReferenceLabel="ParseDE007"/>
            <targetFieldPath value="xmf" />
            <targetFieldPath value="imf" />
            <targetFieldPath value="LOCAL" />
        </call>
        
        <call label="CallParseDE010">
            <dataManipXml filePath="$(FEGEN_XML_DIR)" fileName="ParseDEs.xml"/>
            <subDataManip objectReferenceLabel="ParseDE010"/>
            <targetFieldPath value="xmf" />
            <targetFieldPath value="imf" />
            <targetFieldPath value="LOCAL" />
        </call>

        <call label="CallParseDE011">
            <dataManipXml filePath="$(FEGEN_XML_DIR)" fileName="ParseDEs.xml"/>
            <subDataManip objectReferenceLabel="ParseDE011"/>
            <targetFieldPath value="xmf" />
            <targetFieldPath value="imf" />
            <targetFieldPath value="LOCAL" />
        </call>
        
        <call label="CallParseDE012">
            <dataManipXml filePath="$(FMTECR_XML_DIR)" fileName="ParseDEs_ECR.xml"/>
            <subDataManip objectReferenceLabel="ParseDE012"/>
            <targetFieldPath value="xmf" />
            <targetFieldPath value="imf" />
            <targetFieldPath value="LOCAL" />
            <targetFieldPath value="environment" />
        </call>
        
        <call label="CallParseDE013">
            <dataManipXml filePath="$(FMTECR_XML_DIR)" fileName="ParseDEs_ECR.xml"/>
            <subDataManip objectReferenceLabel="ParseDE013"/>
            <targetFieldPath value="xmf" />
            <targetFieldPath value="imf" />
            <targetFieldPath value="LOCAL" />
            <targetFieldPath value="environment" />
        </call>
        
        <call label="CallParseDE014">
            <dataManipXml filePath="$(FEGEN_XML_DIR)" fileName="ParseDEs.xml"/>
            <subDataManip objectReferenceLabel="ParseDE014"/>
            <targetFieldPath value="xmf" />
            <targetFieldPath value="imf" />
            <targetFieldPath value="LOCAL" />
        </call>
        
        <call label="CallParseDE015">
            <dataManipXml filePath="$(FEGEN_XML_DIR)" fileName="ParseDEs.xml"/>
            <subDataManip objectReferenceLabel="ParseDE015"/>
            <targetFieldPath value="xmf" />
            <targetFieldPath value="imf" />
            <targetFieldPath value="LOCAL" />
        </call>

        <conditional-block label="DE015_MAIOR_QUE_HOJE">
            <if objectReferenceLabel="EXPR">
                <expr value="LOCAL.DE015isOn == 'true' &amp;&amp; xmf.MSG_TYPE == '0202' &amp;&amp; imf.shc_msg.settlement_date &gt; imf.shc_msg.local_date"/>
                <command label="Map_DE015_date" objectReferenceLabel="MATH" >
                    <value1 value = "imf.shc_msg.settlement_date" />
                    <value2 value = "10000" />
                    <operator value = "-" />
                    <targetFieldPath value = "imf.shc_msg.settlement_date" />
                </command>
            </if>
        </conditional-block>

        <command label="BIT 015 PDV" objectReferenceLabel="FIELDSET_DUMP2">
            <sourceFieldPath value = "imf.shc_msg.settlement_date" />
        </command>

        <!-- BRUM - EAK-1656 - 27/08/2019 - MCC Dinamico - Inicio -->
        <call label="CallParseDE018">
            <dataManipXml filePath="$(FMTECR_XML_DIR)" fileName="ParseDEs_ECR.xml"/>
            <subDataManip objectReferenceLabel="ParseDE018"/>
            <targetFieldPath value="xmf" />
            <targetFieldPath value="imf" />
            <targetFieldPath value="LOCAL" />
        </call>
        <!-- BRUM - EAK-1656 - Fim -->
        
        <call label="CallParseDE022">
            <dataManipXml filePath="$(FEGEN_XML_DIR)" fileName="ParseDEs.xml"/>
            <subDataManip objectReferenceLabel="ParseDE022"/>
            <targetFieldPath value="xmf" />
            <targetFieldPath value="imf" />
            <targetFieldPath value="LOCAL" />
        </call>
        
        <call label="CallParseDE023">
            <dataManipXml filePath="$(FEGEN_XML_DIR)" fileName="ParseDEs.xml"/>
            <subDataManip objectReferenceLabel="ParseDE023"/>
            <targetFieldPath value="xmf" />
            <targetFieldPath value="imf" />
            <targetFieldPath value="LOCAL" />
        </call>

        <call label="CallParseDE032">
            <dataManipXml filePath="$(FMTECR_XML_DIR)" fileName="ParseDEs_ECR.xml"/>
            <subDataManip objectReferenceLabel="ParseDE032"/>
            <targetFieldPath value="xmf" />
            <targetFieldPath value="imf" />
            <targetFieldPath value="LOCAL" />
        </call>

        <call label="CallParseDE035">
            <dataManipXml filePath="$(FEGEN_XML_DIR)" fileName="ParseDEs.xml"/>
            <subDataManip objectReferenceLabel="ParseDE035"/>
            <targetFieldPath value="xmf" />
            <targetFieldPath value="imf" />
            <targetFieldPath value="LOCAL" />
        </call>

        <call label="CallParseDE038">
            <dataManipXml filePath="$(FEGEN_XML_DIR)" fileName="ParseDEs.xml"/>
            <subDataManip objectReferenceLabel="ParseDE038"/>
            <targetFieldPath value="xmf" />
            <targetFieldPath value="imf" />
            <targetFieldPath value="LOCAL" />
        </call>

        <call label="CallParseDE039">
            <dataManipXml filePath="$(FEGEN_XML_DIR)" fileName="ParseDEs.xml"/>
            <subDataManip objectReferenceLabel="ParseDE039"/>
            <targetFieldPath value="xmf" />
            <targetFieldPath value="imf" />
            <targetFieldPath value="LOCAL" />
        </call>

        <call label="CallParseDE041">
            <dataManipXml filePath="$(FMTECR_XML_DIR)" fileName="ParseDEs_ECR.xml"/>
            <subDataManip objectReferenceLabel="ParseDE041"/>
            <targetFieldPath value="xmf" />
            <targetFieldPath value="imf" />
            <targetFieldPath value="LOCAL" />
        </call>

        <call label="CallParseDE042">
            <dataManipXml filePath="$(FMTECR_XML_DIR)" fileName="ParseDEs_ECR.xml"/>
            <subDataManip objectReferenceLabel="ParseDE042"/>
            <targetFieldPath value="xmf" />
            <targetFieldPath value="imf" />
            <targetFieldPath value="LOCAL" />
        </call>

        <call label="CallParseDE043">
            <dataManipXml filePath="$(FMTECR_XML_DIR)" fileName="ParseDEs_ECR.xml"/>
            <subDataManip objectReferenceLabel="ParseDE043"/>
            <targetFieldPath value="xmf" />
            <targetFieldPath value="imf" />
            <targetFieldPath value="LOCAL" />
        </call>
        
        <call label="CallParseDE045">
            <dataManipXml filePath="$(FMTECR_XML_DIR)" fileName="ParseDEs_ECR.xml"/>
            <subDataManip objectReferenceLabel="ParseDE045"/>
            <targetFieldPath value="xmf" />
            <targetFieldPath value="imf" />
            <targetFieldPath value="LOCAL" />
        </call>

        <call label="CallParseDE047">
            <dataManipXml filePath="$(FMTECR_XML_DIR)" fileName="ParseDEs_ECR.xml"/>
            <subDataManip objectReferenceLabel="ParseDE047"/>
            <targetFieldPath value="xmf" />
            <targetFieldPath value="imf" />
            <targetFieldPath value="LOCAL" />
        </call>

        <call label="CallParseDE048">
            <dataManipXml filePath="$(FMTECR_XML_DIR)" fileName="ParseDEs_ECR.xml"/>
            <subDataManip objectReferenceLabel="ParseDE048"/>
            <targetFieldPath value="xmf" />
            <targetFieldPath value="imf" />
            <targetFieldPath value="LOCAL" />
        </call>
        
        <call label="CallParseDE049">
            <dataManipXml filePath="$(FMTECR_XML_DIR)" fileName="ParseDEs_ECR.xml"/>
            <subDataManip objectReferenceLabel="ParseDE049"/>
            <targetFieldPath value="xmf" />
            <targetFieldPath value="imf" />
            <targetFieldPath value="LOCAL" />
        </call>
        
        <call label="CallParseDE051">
            <dataManipXml filePath="$(FMTECR_XML_DIR)" fileName="ParseDEs_ECR.xml"/>
            <subDataManip objectReferenceLabel="ParseDE051"/>
            <targetFieldPath value="xmf" />
            <targetFieldPath value="imf" />
            <targetFieldPath value="LOCAL" />
        </call>
        
        <call label="CallParseDE052">
            <dataManipXml filePath="$(FMTECR_XML_DIR)" fileName="ParseDEs_ECR.xml"/>
            <subDataManip objectReferenceLabel="ParseDE052"/>
            <targetFieldPath value="xmf" />
            <targetFieldPath value="imf" />
            <targetFieldPath value="LOCAL" />
        </call>

        <call label="CallParseDE054">
            <dataManipXml filePath="$(FMTECR_XML_DIR)" fileName="ParseDEs_ECR.xml"/>
            <subDataManip objectReferenceLabel="ParseDE054"/>
            <targetFieldPath value="xmf" />
            <targetFieldPath value="imf" />
            <targetFieldPath value="LOCAL" />
        </call>

        <call label="CallParseDE055">
            <dataManipXml filePath="$(FMTECR_XML_DIR)" fileName="ParseDEs_ECR.xml"/>
            <subDataManip objectReferenceLabel="ParseDE055"/>
            <targetFieldPath value="xmf" />
            <targetFieldPath value="imf" />
            <targetFieldPath value="LOCAL" />
        </call>

        <call label="CallParseDE056">
            <dataManipXml filePath="$(FMTECR_XML_DIR)" fileName="ParseDEs_ECR.xml"/>
            <subDataManip objectReferenceLabel="ParseDE056"/>
            <targetFieldPath value="xmf" />
            <targetFieldPath value="imf" />
            <targetFieldPath value="LOCAL" />
        </call>

        <call label="CallParseDE061">
            <dataManipXml filePath="$(FMTECR_XML_DIR)" fileName="ParseDEs_ECR.xml"/>
            <subDataManip objectReferenceLabel="ParseDE061"/>
            <targetFieldPath value="xmf" />
            <targetFieldPath value="imf" />
            <targetFieldPath value="LOCAL" />
        </call>

        <call label="CallParseDE062">
            <dataManipXml filePath="$(FMTECR_XML_DIR)" fileName="ParseDEs_ECR.xml"/>
            <subDataManip objectReferenceLabel="ParseDE062"/>
            <targetFieldPath value="xmf" />
            <targetFieldPath value="imf" />
            <targetFieldPath value="LOCAL" />
        </call>

        <call label="CallParseDE063">
            <dataManipXml filePath="$(FMTECR_XML_DIR)" fileName="ParseDEs_ECR.xml"/>
            <subDataManip objectReferenceLabel="ParseDE063"/>
            <targetFieldPath value="xmf" />
            <targetFieldPath value="imf" />
            <targetFieldPath value="LOCAL" />
        </call>

        <call label="CallParseDE067">
            <dataManipXml filePath="$(FMTECR_XML_DIR)" fileName="ParseDEs_ECR.xml"/>
            <subDataManip objectReferenceLabel="ParseDE067"/>
            <targetFieldPath value="xmf" />
            <targetFieldPath value="imf" />
            <targetFieldPath value="LOCAL" />
        </call>

        <call label="CallParseDE070">
            <dataManipXml filePath="$(FMTECR_XML_DIR)" fileName="ParseDEs_ECR.xml"/>
            <subDataManip objectReferenceLabel="ParseDE070"/>
            <targetFieldPath value="xmf" />
            <targetFieldPath value="imf" />
            <targetFieldPath value="LOCAL" />
        </call>

        <call label="CallParseDE090">
            <dataManipXml filePath="$(FMTECR_XML_DIR)" fileName="ParseDEs_ECR.xml"/>
            <subDataManip objectReferenceLabel="ParseDE090"/>
            <targetFieldPath value="xmf" />
            <targetFieldPath value="imf" />
            <targetFieldPath value="LOCAL" />
        </call>

        <call label="CallParseDE124">
            <dataManipXml filePath="$(FMTECR_XML_DIR)" fileName="ParseDEs_ECR.xml"/>
            <subDataManip objectReferenceLabel="ParseDE124"/>
            <targetFieldPath value="xmf" />
            <targetFieldPath value="imf" />
            <targetFieldPath value="LOCAL" />
        </call>
    
        <call label="CallParseDE125">
            <dataManipXml filePath="$(FMTECR_XML_DIR)" fileName="ParseDEs_ECR.xml"/>
            <subDataManip objectReferenceLabel="ParseDE125"/>
            <targetFieldPath value="xmf" />
            <targetFieldPath value="imf" />
            <targetFieldPath value="LOCAL" />
        </call>
    
        <call label="CallParseDE127">
            <dataManipXml filePath="$(FMTECR_XML_DIR)" fileName="ParseDEs_ECR.xml"/>
            <subDataManip objectReferenceLabel="ParseDE127"/>
            <targetFieldPath value="xmf" />
            <targetFieldPath value="imf" />
            <targetFieldPath value="LOCAL" />
        </call>
    
    </dataManip>
    
    <!-- MANIP DE POS PROC -->
    <dataManip label="PosProc">
        <fieldSetReference reference="arg0" alias="xmf"/>
        <fieldSetReference reference="arg1" alias="imf"/>
        <fieldSetReference reference="arg1.shc_msg" alias="shc_msg"/>
        <fieldSetReference reference="arg1.segments.common" alias="common"/>
        <fieldSetReference reference="arg2" alias="LOCAL"/>
        <fieldSetReference reference="arg3" alias="environment"/>
        
        <!-- Release Bandeiras PDV - Abril 2019 - INICIO -->
        <conditional-block label="DE022_FALLBACK_CHIP">
            <if objectReferenceLabel="EXPR">
                <expr value="shc_msg.pos_entry_code == '861' "/>

                <command label="set_indicadorModoEntrada" objectReferenceLabel="VALUE" >
                    <sourceValue value="1" />
                    <targetFieldPath value="common.indicadorModoEntrada" />
                </command>

                <command label="set_pos_entry_code" objectReferenceLabel="VALUE" >
                    <sourceValue value="51" />
                    <targetFieldPath value="shc_msg.pos_entry_code" />
                </command>
                
            </if>
        </conditional-block>
        <!-- Release Bandeiras PDV - Abril 2019 - FIM -->
        
        <conditional-block label="DE035_ESTA_PRESENTE">
            <if objectReferenceLabel="EXPR">
            <expr value="shc_msg.origmsg == '400' &amp;&amp; shc_msg.msgtype == '420'" />
                <command label="SetDesfazimentoDeEstorno" objectReferenceLabel="VALUE" >
                    <sourceValue value="TRUE" />
                    <targetFieldPath value="common.is_desfaz_estorno" />
                </command>
            </if>
            <else>
                <command label="SetDesfazimentoDeEstorno" objectReferenceLabel="VALUE" >
                    <sourceValue value="FALSE" />
                    <targetFieldPath value="common.is_desfaz_estorno" />
                </command>
            </else>
        </conditional-block> 

        <command label="Map_Pcode_Ecr_code" objectReferenceLabel="COPY" >
            <sourceFieldPath value = "shc_msg.pcode" />
            <targetFieldPath value = "common.ecr_pcode" />
        </command>

        <conditional-block label="DE035_ESTA_PRESENTE">
            <if objectReferenceLabel="EXPR">
                <expr value="LOCAL.DE035isOn == 'true' "/>
                <command label="Map_DE035_batch_id" objectReferenceLabel="COPY" >
                    <sourceFieldPath value = "LOCAL.DE035Length" />
                    <targetFieldPath value = "shc_msg.batch_id" />
                </command>
            </if>
        </conditional-block>
        
        <command label="Map_DE041_ecr_acqterm_id" objectReferenceLabel="COPY" >
            <sourceFieldPath value = "shc_msg.termid" />
            <targetFieldPath value = "common.ecr_acqterm_id" />
        </command>

        <command label="Map_DE042_termid" objectReferenceLabel="COPY" >
            <sourceFieldPath value = "common.terminal_pdv" />
            <targetFieldPath value = "shc_msg.termid" />
        </command>

        <conditional-block label="DE039_ESTA_PRESENTE">
            <if objectReferenceLabel="EXPR">
            <expr value="LOCAL.DE039isOn == 'true' "/>
                <command label="Map_DE039_respcode" objectReferenceLabel="COPY" >
                <when objectReferenceLabel="EXPR">
                    <expr value="common.ecr_msgtype == '420' "/>
                </when>
                    <sourceFieldPath value = "shc_msg.respcode" />
                    <targetFieldPath value = "shc_msg.revcode" />
                </command>
                <!-- cr689721@FIS.BEGIN - Data: 30/04/2014 - Ref. BT59.168 -->
                <!-- Mapeamento do respcode a ser enviado ao emissor -->
                <command label="Pad_Zero_to_cvm_code" objectReferenceLabel="PAD" >
                    <sourceFieldPath value="common.sw_pos_data" />
                    <targetFieldPath value="common.sw_pos_data" />
                    <paddingChar value=" " />
                    <mode value="right" />
                    <length value="39" />
                </command>
                <command label="Map_DE039_respcode_to_sw_pos_data" objectReferenceLabel="REPLACE" >
                    <sourceFieldPath value = "shc_msg.respcode" />
                    <targetFieldPath value = "common.sw_pos_data" />
                    <startPosition value = "38" />
                </command>
                <!-- cr689721@FIS.END - Data: 30/04/2014 - Ref. BT59.168 -->
            </if>
        </conditional-block>
        
        <command label="HardCodePcode970000" objectReferenceLabel="VALUE" >
        <when objectReferenceLabel="EXPR" >
            <expr value="xmf.MSG_TYPE == '9060'" />
        </when>
            <sourceValue value="970000" />
            <targetFieldPath value="shc_msg.pcode" />
        </command>
                
        <call label="Call_CHECK_INDICADOR_MOTIVO_APROVACAO_OFFLINE" >
            <when objectReferenceLabel="EXPR">
                <expr value="xmf.MSG_TYPE == '0220' &amp;&amp; xmf.DE003 == '183000'" />
            </when>
            <subDataManip objectReferenceLabel="CHECK_INDICADOR_MOTIVO_APROVACAO_OFFLINE" />
            <targetFieldPath value="xmf" />
            <targetFieldPath value="imf" />
        </call>
        
        <command label="set_respcode" objectReferenceLabel="VALUE" >
            <when objectReferenceLabel="EXPR">
                <expr value="common.ecr_msgtype == '100' ||
                             common.ecr_msgtype == '200' ||
                             common.ecr_msgtype == '400' ||
                             common.ecr_msgtype == '420' ||
                             common.ecr_msgtype == '800' ||
                             common.ecr_msgtype == '9060' ||
                             common.ecr_msgtype == '9100' ||
                             common.ecr_msgtype == '9200' ||
                             common.ecr_msgtype == '9500' ||
                             common.ecr_msgtype == '9600' " />
            </when>
            <targetFieldPath value="shc_msg.respcode" />
            <sourceValue value="0" />
        </command>

        <command label="Map_Trace_Terminal_Trace" objectReferenceLabel="COPY" >
            <when objectReferenceLabel="EXPR">
                <expr value="common.ecr_msgtype == '420' " />
            </when>
            <sourceFieldPath value = "shc_msg.trace" />
            <targetFieldPath value = "shc_msg.terminal_trace" />
        </command>
        
        <conditional-block label="VrfCryptoAlgo" >
	    <if objectReferenceLabel="EXPR">
            <expr value="LOCAL.ident_bit48_3_pos != '' "/>
            <conditional-block label="SetCryptoAlgo" >
	        <if objectReferenceLabel="EXPR">
                <expr value="common.versao_aplicativo &gt;= '500' "/>
                <call label="CallSetCryptoAlgoNew">
                    <dataManipXml filePath="$(FMTECR_XML_DIR)" fileName="CryptoAlgo.xml" />
                    <subDataManip objectReferenceLabel="SetCryptoAlgoNew" />
                    <targetFieldPath value="xmf" />
                    <targetFieldPath value="imf" />
                    <targetFieldPath value="LOCAL" />
                </call>
		    </if>
		    <else>
                <call label="CallSetCryptoAlgoOld">
                    <dataManipXml filePath="$(FMTECR_XML_DIR)" fileName="CryptoAlgo.xml" />
                    <subDataManip objectReferenceLabel="SetCryptoAlgoOld" />
                    <targetFieldPath value="xmf" />
                    <targetFieldPath value="imf" />
                    <targetFieldPath value="LOCAL" />
                </call>
		    </else>
            </conditional-block>
	    </if>
        </conditional-block>
        
        <call label="CallTrataPreRoteamento">
            <subDataManip objectReferenceLabel="TrataPreRoteamento" />
            <targetFieldPath value="xmf" />
            <targetFieldPath value="imf" />
            <targetFieldPath value="LOCAL" />
            <targetFieldPath value="environment" />
        </call>
        
        <call label="CallCheckBits">
            <dataManipXml filePath="$(COMMON_XML_DIR)" fileName="CheckBits.xml"/>
            <subDataManip objectReferenceLabel="CheckBits"/>
            <targetFieldPath value="xmf" />
            <targetFieldPath value="imf" />
            <targetFieldPath value="LOCAL" />
        </call>
 
        <command label="DROPPING_TRANS_STATUS_PROC_DROPADA" objectReferenceLabel="DROP" >
            <when objectReferenceLabel="EXPR">
                <expr value="common.status_proc == 'Dropada'"/>
            </when>
        </command>
                
        <command label="set_origdate_for_confirmations" objectReferenceLabel="COPY">
          <when objectReferenceLabel="EXPR" >
<!--t689066@FIS-BEGIN - Data:04/08/2013 - Setar origdate como local_date para toda 3a perna, para recuperar a trx original. -->
            <expr value="common.is_3a_perna == 'TRUE' ||
                         shc_msg.msgtype == '610'"/>
<!--t689066@FIS-END - Data:04/08/2013 - Setar origdate como local_date para toda 3a perna, para recuperar a trx original. -->
          </when>
          <sourceFieldPath value="shc_msg.local_date"/>
          <targetFieldPath value="shc_msg.origdate"/>
        </command>
        
        <call label="CallCheckThrottle">
            <dataManipXml filePath="$(FEGEN_XML_DIR)" fileName="DataManipCommon.xml"/>
            <subDataManip objectReferenceLabel="CheckThrottle" />
            <targetFieldPath value="xmf" />
            <targetFieldPath value="imf" />
            <targetFieldPath value="LOCAL" />
        </call>

        <command label="copy_niip_to_netcode" objectReferenceLabel="COPY" >
            <when objectReferenceLabel="EXPR">
                <expr value="xmf.NIIP != ''" />
            </when>
            <sourceFieldPath value="xmf.NIIP"/>
            <targetFieldPath value="imf.shc_msg.netcode"/>
        </command>

        <!-- SALVA OS DADOS NO EVENTO -->
        <call label="CallSalvarDadosEvento">
            <subDataManip objectReferenceLabel="SalvarDadosEvento" />
            <targetFieldPath value="xmf" />
            <targetFieldPath value="imf" />
            <targetFieldPath value="LOCAL" />
            <targetFieldPath value="environment" />
        </call>    

        <command label="TRX_TRACE_LOG" objectReferenceLabel="TRX_TRACE" >
            <sourceFieldPath value = "imf" />
            <engineFieldPath value = "environment" />
            <portNamePath value = "LOCAL.mailboxName" />
        </command>
		
		<declare label="IMF_MON">
			<field label="DE032"  />
			<field label="DE033"  />
			<field label="DE003"     />
			<field label="MSG_TYPE"   />
			<field label="DE039"  />
        </declare>
		
        <declare label="MAQ">
            <field label="MAQUINA"  value="$(_SERVER_ALIAS)"/>
        </declare>	

		<command label="getMSGTYPE" objectReferenceLabel="COPY">
            <sourceFieldPath value="imf.shc_msg.msgtype" />
            <targetFieldPath value="IMF_MON.MSG_TYPE" />		
		</command>
		
		<command label="getPCODE" objectReferenceLabel="COPY">
			<sourceFieldPath value="imf.shc_msg.pcode"/>
			<targetFieldPath value="IMF_MON.DE003"/>
		</command>
		
		<command label="getRESPCODE" objectReferenceLabel="COPY">
			<sourceFieldPath value="imf.shc_msg.respcode"/>
			<targetFieldPath value="IMF_MON.DE039"/>
		</command>

		<command label="getNETWORKID" objectReferenceLabel="VALUE">
			<sourceValue value="$(NETWORKID)"/>
			<targetFieldPath value="IMF_MON.DE033"/>
		</command>
		
		<command label="cutMAQUINA" objectReferenceLabel="SUBSTR">
			<sourceFieldPath value="MAQ.MAQUINA" />
			<targetFieldPath value="MAQ.MAQUINA" />
			<startPosition value="0"/>
			<length value="3"/>
		</command>
		

		<command label="getACQUIRERID" objectReferenceLabel="CONCAT">
			<sourceFieldPath value="IMF_MON.DE032"/>
			<targetFieldPath value="IMF_MON.DE032"/>
			<concatSide value = "RIGHT" />
            <concatValue value = '7' />			
		</command>

		<conditional-block label="CheckSite">
			<if objectReferenceLabel="EXPR">
				<expr value="'$(SITE)' == 'PDV'" /> 
				<command label="getSITE" objectReferenceLabel="CONCAT">                
					<sourceFieldPath value="IMF_MON.DE032"/>
					<targetFieldPath value="IMF_MON.DE032"/>
					<concatSide value = "RIGHT" />
					<concatValue value='03' />
				</command>
			</if>
		</conditional-block>

		<command label="getACQMAQ" objectReferenceLabel="CONCAT">
			<sourceFieldPath value="IMF_MON.DE032"/>
			<targetFieldPath value="IMF_MON.DE032"/>
			<concatSide value = "RIGHT" />
			<concatFieldSetPath value="MAQ.MAQUINA" />			
		</command>

		<command label="getACQINDEX" objectReferenceLabel="CONCAT">
			<sourceFieldPath value="IMF_MON.DE032"/>
			<targetFieldPath value="IMF_MON.DE032"/>
			<concatSide value = "RIGHT" />
			<concatValue value='1000' />
		</command>

        <command label="QTDE_REQ_ENV" objectReferenceLabel="STATS" >
            <vertice value="QTDE_REQ_ENV" /> <!-- QTDE_REQ_REC, QTDE_REQ_ENV,QTDE_RESP_REC, QTDE_RESP_ENV, NETC_INDEF-->
            <sourceFieldPath value="IMF_MON" />
            <inputFile value="$(GEN_ROOT)/bin/stats_util" />
        </command>
        
    </dataManip>
    
    <!-- ===================================================================== -->
    <!-- ===================================================================== -->
    <!-- ===================================================================== -->
    
    <!-- ===================================================================== -->
    <!-- =================    BLOCOS PRE PROCESSAMENTO    ==================== -->
    <!-- ===================================================================== -->    
    
    <dataManip label="TrataHeader">
        <fieldSetReference reference="arg0" alias="xmf"/>
        <fieldSetReference reference="arg1" alias="imf"/>
        <fieldSetReference reference="arg2" alias="LOCAL"/>
        <fieldSetReference reference="arg3" alias="environment"/>

        <command label="SetHeaderSize" objectReferenceLabel="GETOSENV" >
            <OSVarName value = "MSG_HEADER_SIZE" />
            <targetFieldPath value = "LOCAL.headerSize" />
        </command>
        
        <conditional-block label="CheckHeaderSize">
            <if objectReferenceLabel="EXPR">
                <expr value="LOCAL.headerSize == '20'" /> <!--PROTOM, HEADER ==20 -->

                <command label="GetNetcodex" objectReferenceLabel="SUBSTR" >
                    <sourceFieldPath value = "xmf.HEADER" />
                    <targetFieldPath value = "imf.segments.common.netcodex" />
                    <startPosition value = "6" />
                    <length value = "4" />
                </command>

            </if>
        </conditional-block>
    </dataManip>
    
    <dataManip label="CheckIsOn" >
        <fieldSetReference reference="arg0" alias="xmf"/>
        <fieldSetReference reference="arg1" alias="imf"/>
        <fieldSetReference reference="arg1.shc_msg" alias="shc_msg"/>
        <fieldSetReference reference="arg1.segments.common" alias="common"/>
        <fieldSetReference reference="arg1.segments" alias="segments"/>
        <fieldSetReference reference="arg2" alias="LOCAL"/>
        
        <command label="Get_DE002isOn" objectReferenceLabel="GET_FSPROP" >
            <sourceFieldPath value="xmf.DE002" />
            <targetFieldPath value="LOCAL.DE002isOn" />
            <propertyToGet value="isOn" />
        </command>
        <command label="Get_DE003isOn" objectReferenceLabel="GET_FSPROP" >
            <sourceFieldPath value="xmf.DE003" />
            <targetFieldPath value="LOCAL.DE003isOn" />
            <propertyToGet value="isOn" />
        </command>
        <command label="Get_DE004isOn" objectReferenceLabel="GET_FSPROP" >
            <sourceFieldPath value="xmf.DE004" />
            <targetFieldPath value="LOCAL.DE004isOn" />
            <propertyToGet value="isOn" />
        </command>
        <command label="Get_DE006isOn" objectReferenceLabel="GET_FSPROP" >
            <sourceFieldPath value="xmf.DE006" />
            <targetFieldPath value="LOCAL.DE006isOn" />
            <propertyToGet value="isOn" />
        </command>
        <command label="Get_DE007isOn" objectReferenceLabel="GET_FSPROP" >
            <sourceFieldPath value="xmf.DE007" />
            <targetFieldPath value="LOCAL.DE007isOn" />
            <propertyToGet value="isOn" />
        </command>
        <command label="Get_DE010isOn" objectReferenceLabel="GET_FSPROP" >
            <sourceFieldPath value="xmf.DE010" />
            <targetFieldPath value="LOCAL.DE010isOn" />
            <propertyToGet value="isOn" />
        </command>
        <command label="Get_DE011isOn" objectReferenceLabel="GET_FSPROP" >
            <sourceFieldPath value="xmf.DE011" />
            <targetFieldPath value="LOCAL.DE011isOn" />
            <propertyToGet value="isOn" />
        </command>
        <command label="Get_DE012isOn" objectReferenceLabel="GET_FSPROP" >
            <sourceFieldPath value="xmf.DE012" />
            <targetFieldPath value="LOCAL.DE012isOn" />
            <propertyToGet value="isOn" />
        </command>
        <command label="Get_DE013isOn" objectReferenceLabel="GET_FSPROP" >
            <sourceFieldPath value="xmf.DE013" />
            <targetFieldPath value="LOCAL.DE013isOn" />
            <propertyToGet value="isOn" />
        </command>
        <command label="Get_DE014isOn" objectReferenceLabel="GET_FSPROP" >
            <sourceFieldPath value="xmf.DE014" />
            <targetFieldPath value="LOCAL.DE014isOn" />
            <propertyToGet value="isOn" />
        </command>
        <command label="Get_DE015isOn" objectReferenceLabel="GET_FSPROP" >
            <sourceFieldPath value="xmf.DE015" />
            <targetFieldPath value="LOCAL.DE015isOn" />
            <propertyToGet value="isOn" />
        </command>
        <!-- BRUM - EAK-1656 - 27/08/2019 - MCC Dinamico - Inicio -->
        <command label="Get_DE018isOn" objectReferenceLabel="GET_FSPROP" >
            <sourceFieldPath value="xmf.DE018" />
            <targetFieldPath value="LOCAL.DE018isOn" />
            <propertyToGet value="isOn" />
        </command>
        <!-- BRUM - EAK-1656 - Fim -->
        <command label="Get_DE022isOn" objectReferenceLabel="GET_FSPROP" >
            <sourceFieldPath value="xmf.DE022" />
            <targetFieldPath value="LOCAL.DE022isOn" />
            <propertyToGet value="isOn" />
        </command>
        <command label="Get_DE023isOn" objectReferenceLabel="GET_FSPROP" >
            <sourceFieldPath value="xmf.DE023" />
            <targetFieldPath value="LOCAL.DE023isOn" />
            <propertyToGet value="isOn" />
        </command>
        <command label="Get_DE032isOn" objectReferenceLabel="GET_FSPROP" >
            <sourceFieldPath value="xmf.DE032" />
            <targetFieldPath value="LOCAL.DE032isOn" />
            <propertyToGet value="isOn" />
        </command>
        <command label="Get_DE033isOn" objectReferenceLabel="GET_FSPROP" >
            <sourceFieldPath value="xmf.DE033" />
            <targetFieldPath value="LOCAL.DE033isOn" />
            <propertyToGet value="isOn" />
        </command>
        <command label="Get_DE035isOn" objectReferenceLabel="GET_FSPROP" >
            <sourceFieldPath value="xmf.DE035" />
            <targetFieldPath value="LOCAL.DE035isOn" />
            <propertyToGet value="isOn" />
        </command>
        <command label="Get_DE038isOn" objectReferenceLabel="GET_FSPROP" >
            <sourceFieldPath value="xmf.DE038" />
            <targetFieldPath value="LOCAL.DE038isOn" />
            <propertyToGet value="isOn" />
        </command>
        <command label="Get_DE039isOn" objectReferenceLabel="GET_FSPROP" >
            <sourceFieldPath value="xmf.DE039" />
            <targetFieldPath value="LOCAL.DE039isOn" />
            <propertyToGet value="isOn" />
        </command>
        <command label="Get_DE041isOn" objectReferenceLabel="GET_FSPROP" >
            <sourceFieldPath value="xmf.DE041" />
            <targetFieldPath value="LOCAL.DE041isOn" />
            <propertyToGet value="isOn" />
        </command>
        <command label="Get_DE042isOn" objectReferenceLabel="GET_FSPROP" >
            <sourceFieldPath value="xmf.DE042" />
            <targetFieldPath value="LOCAL.DE042isOn" />
            <propertyToGet value="isOn" />
        </command>
        <command label="Get_DE043isOn" objectReferenceLabel="GET_FSPROP" >
            <sourceFieldPath value="xmf.DE043" />
            <targetFieldPath value="LOCAL.DE043isOn" />
            <propertyToGet value="isOn" />
        </command>
        <command label="Get_DE045isOn" objectReferenceLabel="GET_FSPROP" >
            <sourceFieldPath value="xmf.DE045" />
            <targetFieldPath value="LOCAL.DE045isOn" />
            <propertyToGet value="isOn" />
        </command>
        <command label="Get_DE047isOn" objectReferenceLabel="GET_FSPROP" >
            <sourceFieldPath value="xmf.DE047" />
            <targetFieldPath value="LOCAL.DE047isOn" />
            <propertyToGet value="isOn" />
        </command>
        <command label="Get_DE048isOn" objectReferenceLabel="GET_FSPROP" >
            <sourceFieldPath value="xmf.DE048" />
            <targetFieldPath value="LOCAL.DE048isOn" />
            <propertyToGet value="isOn" />
        </command>
        <command label="Get_DE049isOn" objectReferenceLabel="GET_FSPROP" >
            <sourceFieldPath value="xmf.DE049" />
            <targetFieldPath value="LOCAL.DE049isOn" />
            <propertyToGet value="isOn" />
        </command>
        <command label="Get_DE051isOn" objectReferenceLabel="GET_FSPROP" >
            <sourceFieldPath value="xmf.DE051" />
            <targetFieldPath value="LOCAL.DE051isOn" />
            <propertyToGet value="isOn" />
        </command>
        <command label="Get_DE052isOn" objectReferenceLabel="GET_FSPROP" >
            <sourceFieldPath value="xmf.DE052" />
            <targetFieldPath value="LOCAL.DE052isOn" />
            <propertyToGet value="isOn" />
        </command>
        <command label="Get_DE054isOn" objectReferenceLabel="GET_FSPROP" >
            <sourceFieldPath value="xmf.DE054" />
            <targetFieldPath value="LOCAL.DE054isOn" />
            <propertyToGet value="isOn" />
        </command>
        <command label="Get_DE055isOn" objectReferenceLabel="GET_FSPROP" >
            <sourceFieldPath value="xmf.DE055" />
            <targetFieldPath value="LOCAL.DE055isOn" />
            <propertyToGet value="isOn" />
        </command>
        <command label="Get_DE056isOn" objectReferenceLabel="GET_FSPROP" >
            <sourceFieldPath value="xmf.DE056" />
            <targetFieldPath value="LOCAL.DE056isOn" />
            <propertyToGet value="isOn" />
        </command>
        <command label="Get_DE060isOn" objectReferenceLabel="GET_FSPROP" >
            <sourceFieldPath value="xmf.DE060" />
            <targetFieldPath value="LOCAL.DE060isOn" />
            <propertyToGet value="isOn" />
        </command>
        <command label="Get_DE061isOn" objectReferenceLabel="GET_FSPROP" >
            <sourceFieldPath value="xmf.DE061" />
            <targetFieldPath value="LOCAL.DE061isOn" />
            <propertyToGet value="isOn" />
        </command>
        <command label="Get_DE062isOn" objectReferenceLabel="GET_FSPROP" >
            <sourceFieldPath value="xmf.DE062" />
            <targetFieldPath value="LOCAL.DE062isOn" />
            <propertyToGet value="isOn" />
        </command>
        <command label="Get_DE063isOn" objectReferenceLabel="GET_FSPROP" >
            <sourceFieldPath value="xmf.DE063" />
            <targetFieldPath value="LOCAL.DE063isOn" />
            <propertyToGet value="isOn" />
        </command>
        <command label="Get_DE067isOn" objectReferenceLabel="GET_FSPROP" >
            <sourceFieldPath value="xmf.DE067" />
            <targetFieldPath value="LOCAL.DE067isOn" />
            <propertyToGet value="isOn" />
        </command>
        <command label="Get_DE070isOn" objectReferenceLabel="GET_FSPROP" >
            <sourceFieldPath value="xmf.DE070" />
            <targetFieldPath value="LOCAL.DE070isOn" />
            <propertyToGet value="isOn" />
        </command>
        <command label="Get_DE090isOn" objectReferenceLabel="GET_FSPROP" >
            <sourceFieldPath value="xmf.DE090" />
            <targetFieldPath value="LOCAL.DE090isOn" />
            <propertyToGet value="isOn" />
        </command>
        <command label="Get_DE104isOn" objectReferenceLabel="GET_FSPROP" >
            <sourceFieldPath value="xmf.DE104" />
            <targetFieldPath value="LOCAL.DE104isOn" />
            <propertyToGet value="isOn" />
        </command>
        <command label="Get_DE123isOn" objectReferenceLabel="GET_FSPROP" >
            <sourceFieldPath value="xmf.DE123" />
            <targetFieldPath value="LOCAL.DE123isOn" />
            <propertyToGet value="isOn" />
        </command>
        <command label="Get_DE124isOn" objectReferenceLabel="GET_FSPROP" >
            <sourceFieldPath value="xmf.DE124" />
            <targetFieldPath value="LOCAL.DE124isOn" />
            <propertyToGet value="isOn" />
        </command>
        <command label="Get_DE125isOn" objectReferenceLabel="GET_FSPROP" >
            <sourceFieldPath value="xmf.DE125" />
            <targetFieldPath value="LOCAL.DE125isOn" />
            <propertyToGet value="isOn" />
        </command>
        <command label="Get_DE127isOn" objectReferenceLabel="GET_FSPROP" >
            <sourceFieldPath value="xmf.DE127" />
            <targetFieldPath value="LOCAL.DE127isOn" />
            <propertyToGet value="isOn" />
        </command>
        
        <command label="  ========= LOCAL - isOn =========  " objectReferenceLabel="FIELDSET_DUMP">
            <sourceFieldPath value = "LOCAL" />
        </command>
    </dataManip>
    
    <!-- ===================================================================== -->
    <!-- ===================================================================== -->
    <!-- ===================================================================== -->    
    
    <!-- ===================================================================== -->
    <!-- ===================    BLOCOS PROCESSAMENTO    ====================== -->
    <!-- ===================================================================== -->    

    <!-- Verifica o indicador do motivo de aprovacao offline  -->
    <dataManip label="CHECK_INDICADOR_MOTIVO_APROVACAO_OFFLINE" >
        <fieldSetReference reference="arg0" alias="xmf"/>
        <fieldSetReference reference="arg1" alias="imf"/>

        <declare label="TMP">
            <field label="AdviceReasonCode" />
            <field label="AdviceReasonDetailCode" />
        </declare>

        <command label="set_default_value" objectReferenceLabel="VALUE">
            <sourceValue value=" "/>
            <targetFieldPath value="imf.segments.voucher.ind_mot_aprov_chip"/>
        </command>

        <command label="set_AdviceReasonCode" objectReferenceLabel="SUBSTR">
            <sourceFieldPath value = "xmf.DE060" />
            <targetFieldPath value = "TMP.AdviceReasonCode" />
            <startPosition value = "0" />
            <length value = "3" />
        </command>

        <command label="set_AdviceReasonDetailCode" objectReferenceLabel="SUBSTR">
            <sourceFieldPath value = "xmf.DE060" />
            <targetFieldPath value = "TMP.AdviceReasonDetailCode" />
            <startPosition value = "3" />
            <length value = "4" />
        </command>

        <conditional-block label="set_ind_mot_aprov_chip">
        <if objectReferenceLabel="EXPR">
            <expr value="imf.shc_msg.respcode == '0'"/>
            <!-- BT 86.562 - Inicio -->        
            <command label="set_value_1" objectReferenceLabel="VALUE">
                <sourceValue value="1"/>
                <targetFieldPath value="imf.segments.voucher.ind_mot_aprov_chip"/>
            </command>
            <!-- BT 86.562 - Fim -->

            <conditional-block label="set_ind_mot_aprov_chip">
            <if objectReferenceLabel="EXPR">
                <expr value="TMP.AdviceReasonCode == '201'"/>
                <command label="set_value_0009" objectReferenceLabel="VALUE">
                    <when objectReferenceLabel="EXPR" >
                        <expr value="TMP.AdviceReasonDetailCode == '0009'" />
                    </when>
                    <sourceValue value="2"/>
                    <targetFieldPath value="imf.segments.voucher.ind_mot_aprov_chip"/>
                </command>

                <command label="set_value_0010" objectReferenceLabel="VALUE">
                    <when objectReferenceLabel="EXPR" >
                        <expr value="TMP.AdviceReasonDetailCode == '0010'" />
                    </when>
                    <sourceValue value="3"/>
                    <targetFieldPath value="imf.segments.voucher.ind_mot_aprov_chip"/>
                </command>
            </if>
            </conditional-block>
        </if>
        </conditional-block>

    </dataManip>

    <!-- ===================================================================== -->
    <!-- ===================================================================== -->
    <!-- ===================================================================== -->    
    
    <!-- ===================================================================== -->
    <!-- =================    BLOCOS POS PROCESSAMENTO    ==================== -->
    <!-- ===================================================================== -->
    
    <dataManip label="SalvarDadosEvento">
        <fieldSetReference reference="arg0" alias="xmf"/>
        <fieldSetReference reference="arg1" alias="imf"/>
        <fieldSetReference reference="arg1.shc_msg" alias="shc_msg"/>
        <fieldSetReference reference="arg1.segments.common" alias="common"/>
        <fieldSetReference reference="arg2" alias="LOCAL"/>
        <fieldSetReference reference="arg3" alias="environment"/>

        <declare label="EVENT" >
          <field label="event_timeout" value="50"/>
          <field label="event_action" value="TM_NOTIFY_ONCE" />
          <field label="event_key" />
        </declare>

        <conditional-block label="CREATE_EVENT">
        <if objectReferenceLabel="EXPR">
<!--t689066@FIS-BEGIN - Data:01/08/2013 - 3a perna nao precisa de criar nem recuperar evento -->
            <expr value="imf.segments.common.is_3a_perna != 'TRUE' &amp;&amp; imf.segments.common.msg_name != 'SONDA'" />
<!--t689066@FIS-END - Data:01/08/2013 - 3a perna nao precisa de criar nem recuperar evento -->

            <!-- t689049@FIS - Data 06/06/2014 - Acertando montagem de Event Key -->
            <declare label="TMP_EVENT" >
                <field label="hash" />
                <field label="trace" />
                <field label="unit" />
            </declare>
            <conditional-block label="CheckTestComunicacao">
            <if objectReferenceLabel="EXPR">
                <expr value="imf.segments.common.msg_name == 'TEST_COMUNICACAO'" />
                <command label="HardCodetermid" objectReferenceLabel="VALUE" >
                    <sourceValue value="3" />
                    <targetFieldPath value="TMP_EVENT.hash" />
                </command>
                <command label="substr_unit" objectReferenceLabel="SUBSTR">
                    <sourceFieldPath value = "imf.shc_msg.unit" />
                    <targetFieldPath value = "TMP_EVENT.trace" />
                    <startPosition value = "0" />
                    <length value = "2" />
                    <mode value = "right" />
                </command>
                <!-- para CONCAT, concatSide deve ser em maiusculo .. -->
                <command label="set_termid" objectReferenceLabel="CONCAT" >
                    <sourceFieldPath value = "TMP_EVENT.hash" />
                    <targetFieldPath value = "TMP_EVENT.hash" />
                    <concatSide value = "RIGHT" />
                    <concatFieldSetPath value = "TMP_EVENT.trace" />
                </command>
            </if>
            <else>
                <!-- EVO1-257 criando o hash com os 6 ultimos digitos do terminal -->	
                <conditional-block label="CheckPcodeEvent">
                <if objectReferenceLabel="EXPR">
                    <expr value="shc_msg.pcode == '640000'" />
                    <command label="substr_hash" objectReferenceLabel="SUBSTR">
                        <sourceFieldPath value = "imf.shc_msg.termid" />
                        <targetFieldPath value = "TMP_EVENT.hash" />
                        <startPosition value = "0" />
                        <length value = "6" />
                        <mode value = "right" />
                    </command>
                </if>
                <else>
                    <command label="substr_hash" objectReferenceLabel="SUBSTR">
                        <sourceFieldPath value = "common.terminal_pdv" />
                        <targetFieldPath value = "TMP_EVENT.hash" />
                        <startPosition value = "0" />
                        <length value = "6" />
                        <mode value = "right" />
                    </command>
                </else>
                </conditional-block>
            </else>
            </conditional-block>
            <command label="lpad_trace" objectReferenceLabel="PAD">
                <sourceFieldPath value="imf.shc_msg.trace" />
                <targetFieldPath value="TMP_EVENT.trace" />
                <paddingChar value="0" />
                <mode value="left" />
                <length value="10" />
            </command>
            <command label="substr_trace" objectReferenceLabel="SUBSTR">
                <sourceFieldPath value = "TMP_EVENT.trace" />
                <targetFieldPath value = "TMP_EVENT.trace" />
                <startPosition value = "0" />
                <length value = "6" />
                <mode value = "right" />
            </command>
            <!-- EVO1-257 sera usado MATH para somar o trace com termid -->
            <command label="set_event_key" objectReferenceLabel="MATH" >
                <value1 value = "TMP_EVENT.trace" />
                <value2 value = "TMP_EVENT.hash" />
                <operator value = "+" />
                <targetFieldPath value = "EVENT.event_key" />
            </command>

            <command label="EVENT.event_key" objectReferenceLabel="FIELDSET_DUMP">
                <sourceFieldPath value = "EVENT.event_key" />
            </command>
            <command label="TMP_EVENT" objectReferenceLabel="FIELDSET_DUMP">
                <sourceFieldPath value = "TMP_EVENT" />
            </command>

            <command label="create_event" objectReferenceLabel="EVENTMANAGER" >
              <operation value = "create" />
              <mailBoxId value = "environment.RETURN_ADDRESS" />
              <timeout value = "EVENT.event_timeout" />
              <action value = "EVENT.event_action" />
              <key value = "EVENT.event_key" />
              <sourceFieldPath value = "xmf" />
            </command>

            <command label="  ========= create_event DUMP =========" objectReferenceLabel="FIELDSET_DUMP">
                <sourceFieldPath value = "EVENT" />
            </command>
        </if>
        </conditional-block>

    </dataManip>    
    
    <!-- ===================================================================== -->
    <!-- ===================================================================== -->
    <!-- ===================================================================== -->    
    
    <dataManip label="TrataPreRoteamento">
        <fieldSetReference reference="arg0" alias="xmf"/>
        <fieldSetReference reference="arg1" alias="imf"/>
        <fieldSetReference reference="arg2" alias="LOCAL"/>
        <fieldSetReference reference="arg3" alias="environment"/>
        
        <!-- @Info: DEFINE_NOME_TRN -->
        <call label="CallDefineNomeTrn">
            <subDataManip objectReferenceLabel="DefineNomeTrn" />
            <targetFieldPath value="imf" />
            <targetFieldPath value="LOCAL" />
            <targetFieldPath value="environment" />
        </call> 

        <declare label="TMP" >
            <field label="trnMagChip" />
            <field label="trnDigNone" />
        </declare>
        
        <command label="map_trn" objectReferenceLabel="MAPPING" >
            <xmlFile filePath="$(COMMON_XML_DIR)" fileName="MappingTrn.xml" referenceLabel="MAPA_TRANSACOES" />
            <sourceFieldPath value = "imf.segments.common.msg_name" />
            <targetFieldPath value = "TMP.trnMagChip|TMP.trnDigNone|imf.segments.common.subtranscode|imf.segments.common.cod_fun|imf.segments.common.msg_category|imf.segments.common.acq_name|imf.segments.common.is_void|imf.segments.common.is_reversal|imf.segments.common.is_3a_perna|imf.segments.common.is_pre_auth|imf.segments.common.status_proc" />
        </command>

        <call label="CallSet_Modo_Entrada">
            <dataManipXml filePath="$(FEGEN_XML_DIR)" fileName="DataManipCommon.xml"/>
            <subDataManip objectReferenceLabel="Set_Modo_Entrada"/>
            <targetFieldPath value="imf" />
        </call>

        <conditional-block label="TrataTranscode">
            <if objectReferenceLabel="EXPR">
                <expr value="imf.segments.common.msg_entrymode == 'MAG' || imf.segments.common.msg_entrymode == 'CHIP'" />
                <command label="set_transcode" objectReferenceLabel="COPY" >
                    <sourceFieldPath value = "TMP.trnMagChip" />
                    <targetFieldPath value = "imf.segments.common.transcode" />
                </command>
            </if>
            <else>
                <command label="set_transcode" objectReferenceLabel="COPY" >
                    <sourceFieldPath value = "TMP.trnDigNone" />
                    <targetFieldPath value = "imf.segments.common.transcode" />
                </command>
            </else>
        </conditional-block>
        
        <call label="CallTrata_FORWARD_ADDRESS">
            <dataManipXml filePath="$(FEGEN_XML_DIR)" fileName="DataManipCommon.xml"/>
            <subDataManip objectReferenceLabel="Trata_FORWARD_ADDRESS"/>
            <targetFieldPath value="imf" />
            <targetFieldPath value="environment" />
        </call>
        
    </dataManip>
    
    
    <dataManip label="DefineNomeTrn">
        <fieldSetReference reference="arg0" alias="imf"/>
        <fieldSetReference reference="arg1" alias="LOCAL"/>
        <fieldSetReference reference="arg2" alias="environment"/>
        
        
        <command label="Define nome Trn" objectReferenceLabel="DEFINE_NOME_TRN" >
            <sourceFieldPath value="imf"/>
            <sourceFieldPath value="LOCAL"/>
            <targetFieldPath value="imf" />
        </command>
        
        <conditional-block label="Check_PluginDefineNomesTrn">
            <if objectReferenceLabel="EXPR">
                <expr value="imf.segments.common.msg_name == '' || imf.segments.common.msg_name == 'TRANSACAO_INVALIDA'" />
                <command label="###############ERRO NO Plugin DefineNomesTrn####################" objectReferenceLabel="FIELDSET_DUMP2">
                    <sourceFieldPath value = "imf.segments.common.msg_name" />
                </command>
                <command label="NO Mapped Transaction" objectReferenceLabel="DROP" />
            </if>
            <else>
                <command label="imf.segments.common.msg_name" objectReferenceLabel="FIELDSET_DUMP2">
                    <sourceFieldPath value = "imf.segments.common.msg_name" />
                </command>
            </else>
        </conditional-block>
        
        <!--DAVI EVO1-36 - Valida Status no Advice de Transacao Negada Localmente (DE39!=0) -->
        <call label="DROP_CHECK_DE048IgualCOeDE39Diferente00">
            <dataManipXml filePath="$(COMMON_XML_DIR)" fileName="BusinessRules.xml" />
            <subDataManip objectReferenceLabel="DROP_CHECK_DE048IgualCOeDE39Diferente00" />
            <targetFieldPath value="imf" />
            <targetFieldPath value="LOCAL" />
        </call>
        
    </dataManip>
    
</dataManip-list>
