<?xml version="1.0" encoding="iso-8859-1"?>
<!DOCTYPE dataManip-list SYSTEM "../../../PDV/dtd/fwsw/DataManip.dtd">

<dataManip-list>	
	<dataManip label="SHC_2_ECR_NEG">	
        <conditional-block label="MsgTypeResponse">
            <if objectReferenceLabel="EXPR">
			<expr value="xmf.MSG_TYPE == '0100' || xmf.MSG_TYPE == '0120' || xmf.MSG_TYPE == '0400' || xmf.MSG_TYPE == '0420'" />
				<command label="ModifyMsgType" objectReferenceLabel="MATH" >                        
					<value1 value = "xmf.MSG_TYPE" />
					<value2 value = "10" />
					<operator value = "+" />
					<targetFieldPath value = "xmf.MSG_TYPE" />
				</command>
                <command label="CopyMsgType" objectReferenceLabel="COPY" >
                    <sourceFieldPath value="xmf.MSG_TYPE" />
                    <targetFieldPath value="imf.shc_msg.msgtype" />
                </command>    
				<command label="MSG_TYPE" objectReferenceLabel="PAD" >
				  <sourceFieldPath value="xmf.MSG_TYPE" />
				  <targetFieldPath value="xmf.MSG_TYPE" />
				  <paddingChar value="0" />
				  <mode value="left" />
				  <length value="4" />
				</command>  				
			</if>
		</conditional-block>	
		
        <command label="SetBit39On" objectReferenceLabel="TURN_ON" >
          <targetFieldPath value="xmf.DE039" />
        </command>    
		<command label="set_default_respcode" objectReferenceLabel="VALUE" >
			<targetFieldPath value="xmf.DE039" />
			<sourceValue value="05" />
		</command>			
        
        <command label="SetRespcodeForStatistics" objectReferenceLabel="COPY" >
			<sourceFieldPath value = "xmf.DE039" />
			<targetFieldPath value = "imf.shc_msg.respcode" />
		</command>				

		<command label="QTDE_RESP_REC" objectReferenceLabel="STATS" >
			<vertice value="QTDE_RESP_REC" /> <!-- QTDE_REQ_REC, QTDE_REQ_ENV,QTDE_RESP_REC, QTDE_RESP_ENV, NETC_INDEF-->
			<sourceFieldPath value="imf" />
			<inputFile value="$(DEFAULT_PREFIX)/bin/stats_util" />
		</command>	        
        
        <command label="SetBit63On" objectReferenceLabel="TURN_ON" >
          <targetFieldPath value="xmf.DE063" />
        </command> 
		<command label="set_default_bit63" objectReferenceLabel="VALUE" >
			<targetFieldPath value="xmf.DE063" />
			<sourceValue value="AUTORIZACAO NEGADA" />
		</command>		
        
        <declare label="LOCAL" >
			<field label="isPort" />
			<field label="mailboxName" />
		</declare>		
        
		<command label="GET_PORT_NAME" objectReferenceLabel="GET_MBPROP" >
			<mailboxAddressPath value = "environment.FORWARD_ADDRESS" />
			<targetFieldPath value = "LOCAL" />
		</command>     

		<command label="TRX_TRACE_LOG" objectReferenceLabel="TRX_TRACE" >
			<sourceFieldPath value = "imf" />
			<engineFieldPath value = "environment" />
			<portNamePath value = "LOCAL.mailboxName" />
		</command>     

		<command label="QTDE_RESP_ENV" objectReferenceLabel="STATS" >
			<vertice value="QTDE_RESP_ENV" /> <!-- QTDE_REQ_REC, QTDE_REQ_ENV,QTDE_RESP_REC, QTDE_RESP_ENV, NETC_INDEF-->
			<sourceFieldPath value="imf" />
			<inputFile value="$(DEFAULT_PREFIX)/bin/stats_util" />
		</command>			        
        
		<command label="  ========= Message sent to Driver =========" objectReferenceLabel="FIELDSET_DUMP">
		  <sourceFieldPath value = "xmf" />
		</command>    
    
	</dataManip>
</dataManip-list>

