<?xml version="1.0" encoding="iso-8859-1"?>
<!DOCTYPE dataManip-list SYSTEM "../../../PDV/dtd/fwsw/DataManip.dtd">

<dataManip-list>

    <!-- CHAMANDA DO MANIP PRINCIAL -->
    <dataManip label="SHC_2_ECR">

        <declare label="LOCAL" >
            <field label="isPort" />
            <field label="mailboxName" />        
            <field label="eventKey" />
            <field label="tmpLength" />
            <field label="portStatus" />
            <field label="msgheader" value="false" />
            <field label="niipLength" value="0" />
            <field label="headerSize" />
            <field label="verIdPos2" value="0" />
            <field label="codPrdcTerm"/>
        </declare>
        
        <call label="Dump_Recebimento_Msg">
            <dataManipXml filePath="$(FEGEN_XML_DIR)" fileName="DataManipCommon.xml"/>
            <subDataManip objectReferenceLabel="Dump_Recebimento_Msg" />
            <targetFieldPath value="imf" />
            <targetFieldPath value="LOCAL" />
            <targetFieldPath value="environment.SENDER_ADDRESS" />
        </call>
        
        <conditional-block label="CheckDoNotSendToDriver">
            <if objectReferenceLabel="EXPR">
            <expr value="imf.segments.common.is_3a_perna == 'TRUE'" />
                <command label="DoNotSendToDriver" objectReferenceLabel="VALUE" >
                     <sourceValue value="0" />
                    <targetFieldPath value="environment.SENDER_ADDRESS" />
                </command>
                <command label="DoNotSendToDriverReturn" objectReferenceLabel="RETURN" />
            </if>
        </conditional-block>        
    
        <call label="CallPreProcessamento">
            <subDataManip objectReferenceLabel="PreProc" />
            <targetFieldPath value="xmf" />
            <targetFieldPath value="imf" />
            <targetFieldPath value="LOCAL" />
            <targetFieldPath value="environment" />
        </call>        
        
        <call label="CallProcessamento">
            <subDataManip objectReferenceLabel="Proc" />
            <targetFieldPath value="xmf" />
            <targetFieldPath value="imf" />
            <targetFieldPath value="LOCAL" />
        </call>                
        
        <call label="CallPosProcessamento">
            <subDataManip objectReferenceLabel="PosProc" />
            <targetFieldPath value="xmf" />
            <targetFieldPath value="imf" />
            <targetFieldPath value="LOCAL" />
            <targetFieldPath value="environment" />
        </call>            
       
        <call label="Dump_Destino_Xmf">
            <dataManipXml filePath="$(FEGEN_XML_DIR)" fileName="DataManipCommon.xml"/>
            <subDataManip objectReferenceLabel="Dump_Destino_Xmf" />
            <targetFieldPath value="xmf" />
            <targetFieldPath value="LOCAL" />
            <targetFieldPath value="environment.RETURN_ADDRESS" />
        </call>
 
    </dataManip>

    <!-- ===================================================================== -->
    <!-- ================        BLOCOS DE DEFINICAO      ==================== -->
    <!-- ===================================================================== -->
    <!-- MANIP DE PRE PROC -->
    <dataManip label="PreProc">
        <fieldSetReference reference="arg0" alias="xmf"/>
        <fieldSetReference reference="arg1" alias="imf"/>
        <fieldSetReference reference="arg2" alias="LOCAL"/>
        <fieldSetReference reference="arg3" alias="environment"/>
   
        <command label="SetMsgRetorno" objectReferenceLabel="COPY" >
        <when objectReferenceLabel="EXPR">
            <expr value="(imf.segments.acquirer_common.resp_txt == '' || imf.segments.acquirer_common.resp_txt == '0') &amp;&amp; imf.segments.common.bit63 != ''" />
        </when>
            <sourceFieldPath value = "imf.segments.common.bit63" />
            <targetFieldPath value = "imf.segments.acquirer_common.resp_txt" />
        </command>
   
        <command label="  ========= imf.segments.common.bit63 =========  " objectReferenceLabel="FIELDSET_DUMP">
            <sourceFieldPath value = "imf.segments.common.bit63" />
        </command> 
        <command label="  ========= imf.segments.acquirer_common.resp_txt =========  " objectReferenceLabel="FIELDSET_DUMP">
            <sourceFieldPath value = "imf.segments.acquirer_common.resp_txt" />
        </command> 
		
		<declare label="IMF_MON">
			<field label="DE032"  />
			<field label="DE033"  />
			<field label="DE003"     />
			<field label="MSG_TYPE"   />
			<field label="DE039"  />
        </declare>
		
        <declare label="MAQ">
            <field label="MAQUINA"  value="$(_SERVER_ALIAS)"/>
        </declare>	

		<command label="getMSGTYPE" objectReferenceLabel="COPY">
            <sourceFieldPath value="imf.shc_msg.msgtype" />
            <targetFieldPath value="IMF_MON.MSG_TYPE" />		
		</command>
		
		<command label="getPCODE" objectReferenceLabel="COPY">
			<sourceFieldPath value="imf.shc_msg.pcode"/>
			<targetFieldPath value="IMF_MON.DE003"/>
		</command>
		
		<command label="getRESPCODE" objectReferenceLabel="COPY">
			<sourceFieldPath value="imf.shc_msg.respcode"/>
			<targetFieldPath value="IMF_MON.DE039"/>
		</command>

		<command label="getNETWORKID" objectReferenceLabel="VALUE">
			<sourceValue value="$(NETWORKID)"/>
			<targetFieldPath value="IMF_MON.DE033"/>
		</command>
		
		<command label="cutMAQUINA" objectReferenceLabel="SUBSTR">
			<sourceFieldPath value="MAQ.MAQUINA" />
			<targetFieldPath value="MAQ.MAQUINA" />
			<startPosition value="0"/>
			<length value="3"/>
		</command>
		

		<command label="getACQUIRERID" objectReferenceLabel="CONCAT">
			<sourceFieldPath value="IMF_MON.DE032"/>
			<targetFieldPath value="IMF_MON.DE032"/>
			<concatSide value = "RIGHT" />
            <concatValue value = '7' />			
		</command>

		<conditional-block label="CheckSite">
			<if objectReferenceLabel="EXPR">
				<expr value="'$(SITE)' == 'PDV'" /> 
				<command label="getSITE" objectReferenceLabel="CONCAT">                
					<sourceFieldPath value="IMF_MON.DE032"/>
					<targetFieldPath value="IMF_MON.DE032"/>
					<concatSide value = "RIGHT" />
					<concatValue value='03' />
				</command>
			</if>
		</conditional-block>

		<command label="getACQMAQ" objectReferenceLabel="CONCAT">
			<sourceFieldPath value="IMF_MON.DE032"/>
			<targetFieldPath value="IMF_MON.DE032"/>
			<concatSide value = "RIGHT" />
			<concatFieldSetPath value="MAQ.MAQUINA" />			
		</command>

		<command label="getACQINDEX" objectReferenceLabel="CONCAT">
			<sourceFieldPath value="IMF_MON.DE032"/>
			<targetFieldPath value="IMF_MON.DE032"/>
			<concatSide value = "RIGHT" />
			<concatValue value='1000' />
		</command>
		
		<command label="QTDE_RESP_REC" objectReferenceLabel="STATS" >
            <vertice value="QTDE_RESP_REC" /> <!-- QTDE_REQ_REC, QTDE_REQ_ENV,QTDE_RESP_REC, QTDE_RESP_ENV, NETC_INDEF-->
            <sourceFieldPath value="IMF_MON" />
            <inputFile value="$(GEN_ROOT)/bin/stats_util" />
        </command>
        
        <command label="  ========= imf.shc_msg.termid =========  " objectReferenceLabel="FIELDSET_DUMP">
            <sourceFieldPath value = "imf.shc_msg.termid" />
        </command> 
        <command label="  ========= imf.shc_msg.termloc =========  " objectReferenceLabel="FIELDSET_DUMP">
            <sourceFieldPath value = "imf.shc_msg.termloc" />
        </command> 
        
        <!-- RECUPERA OS DADOS DO EVENTO -->
        <call label="CallRecuperaDadosEvento">
            <subDataManip objectReferenceLabel="RecuperaDadosEvento" />
            <targetFieldPath value="xmf" />
            <targetFieldPath value="imf" />
            <targetFieldPath value="LOCAL" />
        </call>            
   
        <call label="CallTrataHeader">
            <subDataManip objectReferenceLabel="TrataHeader" />
            <targetFieldPath value="xmf" />
            <targetFieldPath value="imf" />
            <targetFieldPath value="LOCAL" />
            <targetFieldPath value="environment" />
        </call>
        
        <conditional-block label="MSG_INVALIDA_DROP_RESPONSE">
            <if objectReferenceLabel="EXPR">
            <expr value= "!(imf.shc_msg.msgtype in ('110,210,230,410,430,600,610,810,9070,9090,9110,9210,9310,9510,9610'))"/>
                <command label="MSG_INVALIDA_MSG_RESPONSE_DROPPING" objectReferenceLabel="DROP" />
            </if>
        </conditional-block>

        <conditional-block label="DE055_TAMANHO_INVALIDO">
            <if objectReferenceLabel="EXPR">
            <expr value= "xmf.DE055 != '' &amp;&amp; ( imf.segments.chip.chip_full_data_len &gt; '255' )" />
                <command label="MSG_DE055_TAMANHO_INVALIDO_DROPPING" objectReferenceLabel="DROP" />
            </if>
        </conditional-block>
		
        <command label="TRIM_OrigPan" objectReferenceLabel="TRIM" >
            <sourceFieldPath value="imf.segments.common.orig_pan" />
            <targetFieldPath value="imf.segments.common.orig_pan" />
            <trimmingChar value="0" />
            <enableLeftTrimming value="true" />
            <enableRightTrimming value="false" />
        </command>   

        <!--conditional-block label="SetLocalTime">
            <if objectReferenceLabel="EXPR">
            <expr value= "imf.shc_msg.msgtype == '600'" />
                    <command label="HardCodeCurrentDate" objectReferenceLabel="SUBSTR" >
                      <sourceFieldPath value="environment.MESSAGE_ARRIVAL_TIMESTAMP" />
                      <targetFieldPath value="imf.shc_msg.local_date" />
                      <startPosition value="0" />
                      <length value="8" />
                    </command>			
            <command label="HardCodeCurrentTime" objectReferenceLabel="SUBSTR" >
              <sourceFieldPath value="environment.MESSAGE_ARRIVAL_TIMESTAMP" />
              <targetFieldPath value="imf.shc_msg.local_time" />
              <startPosition value="8" />
              <length value="6" />
                </command>
            <command label="TrimCurrentTime" objectReferenceLabel="TRIM" >
              <sourceFieldPath value="imf.shc_msg.local_time" />
              <targetFieldPath value="imf.shc_msg.local_time" />
              <trimmingChar value="0" />
              <enableLeftTrimming value="true" />
              <enableRightTrimming value="false" />
            </command>
           </if>
        </conditional-block-->
		
        <!-- desligar todos -->
        <command label="SetBitsOff" objectReferenceLabel="TURN_OFF" >
            <targetFieldPath value="xmf" />
        </command>

        <command label="SetMsgTypeOn" objectReferenceLabel="TURN_ON" >
            <targetFieldPath value="xmf.MSG_TYPE" />
        </command>
        
        <command label="MapMsgType" objectReferenceLabel="PAD" >
            <sourceFieldPath value="imf.shc_msg.msgtype" />
            <targetFieldPath value="xmf.MSG_TYPE" />
            <paddingChar value="0" />
            <mode value="left" />
            <length value="4" />
        </command>

        <command label="SetHeaderOn" objectReferenceLabel="TURN_ON" >
            <when objectReferenceLabel="EXPR" >
                <expr value="LOCAL.msgheader == 'true'"/>
            </when>
            <targetFieldPath value="xmf.HEADER" />
        </command>

        <command label="GetNiipLength" objectReferenceLabel="GET_FSPROP" >
            <sourceFieldPath value = "xmf.NIIP" />
            <targetFieldPath value = "LOCAL.niipLength" />
            <propertyToGet value = "length" />
        </command>

        <command label="SetNiipOn" objectReferenceLabel="TURN_ON" >
            <when objectReferenceLabel="EXPR" >
                <expr value="LOCAL.niipLength != '0'" />
            </when>
            <targetFieldPath value="xmf.NIIP" />
        </command>

        <!-- @INI - Apenas para o INTELLINAC -->
        <declare label="AUX" >
                <field label="fmt_env_source"/>
        </declare>
        <command label="GetFmtEnvSource" objectReferenceLabel="GETOSENV" >
            <OSVarName value = "FMT_ENV_SOURCE" />
            <targetFieldPath value = "AUX.fmt_env_source" />
        </command>
        <command label="SetTpduOn" objectReferenceLabel="TURN_ON" >
            <when objectReferenceLabel="EXPR" >
                <expr value="AUX.fmt_env_source == 'INAC'"/>
            </when>
            <targetFieldPath value="xmf.TPDU" />
        </command>
        <!-- @FIM - Apenas para o INTELLINAC -->            
        
        <command label="  ========= DUMP LOCAL =========" objectReferenceLabel="FIELDSET_DUMP">
            <sourceFieldPath value = "LOCAL" />
        </command>
        
    </dataManip>
    
    <!-- MANIP DE PROC -->
    <dataManip label="Proc">
        <fieldSetReference reference="arg0" alias="xmf"/>
        <fieldSetReference reference="arg1" alias="imf"/>
        <fieldSetReference reference="arg2" alias="LOCAL"/>
        
        <!-- O build dos DEs esta dentro do dataManip Build, ele sera chamado dentro do SetBits  -->
        <call label="CALL_SetBits">
            <dataManipXml filePath="$(COMMON_XML_DIR)" fileName="SetBits.xml" />
            <subDataManip objectReferenceLabel="SetBits" />
            <targetFieldPath value="xmf" />
            <targetFieldPath value="imf" />
            <targetFieldPath value="LOCAL" />
        </call>           

    </dataManip>
    
    <dataManip label="Build">
        <fieldSetReference reference="arg0" alias="xmf"/>
        <fieldSetReference reference="arg1" alias="imf"/>
        <fieldSetReference reference="arg2" alias="LOCAL"/>
        <fieldSetReference reference="arg3" alias="ENVIATAGS_DE047"/>
        <fieldSetReference reference="arg4" alias="ENVIATAGS_DE056"/>
        
        <call label="CallBuildDE004">
            <dataManipXml filePath="$(FMTECR_XML_DIR)" fileName="BuildDEs_ECR.xml"/>
            <subDataManip objectReferenceLabel="BuildDE004"/>
            <targetFieldPath value="xmf" />
            <targetFieldPath value="imf" />
            <targetFieldPath value="LOCAL" />
        </call>

        <call label="CallBuildDE006">
            <dataManipXml filePath="$(FMTECR_XML_DIR)" fileName="BuildDEs_ECR.xml"/>
            <subDataManip objectReferenceLabel="BuildDE006"/>
            <targetFieldPath value="xmf" />
            <targetFieldPath value="imf" />
            <targetFieldPath value="LOCAL" />
        </call>

        <call label="CallBuildDE007">
            <dataManipXml filePath="$(FMTECR_XML_DIR)" fileName="BuildDEs_ECR.xml"/>
            <subDataManip objectReferenceLabel="BuildDE007"/>
            <targetFieldPath value="xmf" />
            <targetFieldPath value="imf" />
            <targetFieldPath value="LOCAL" />
        </call>

        <call label="CallBuildDE010">
            <dataManipXml filePath="$(FMTECR_XML_DIR)" fileName="BuildDEs_ECR.xml"/>
            <subDataManip objectReferenceLabel="BuildDE010"/>
            <targetFieldPath value="xmf" />
            <targetFieldPath value="imf" />
            <targetFieldPath value="LOCAL" />
        </call>

        <call label="CallBuildDE011">
            <dataManipXml filePath="$(FMTECR_XML_DIR)" fileName="BuildDEs_ECR.xml"/>
            <subDataManip objectReferenceLabel="BuildDE011"/>
            <targetFieldPath value="xmf" />
            <targetFieldPath value="imf" />
            <targetFieldPath value="LOCAL" />
        </call>

        <call label="CallBuildDE012">
            <dataManipXml filePath="$(FMTECR_XML_DIR)" fileName="BuildDEs_ECR.xml"/>
            <subDataManip objectReferenceLabel="BuildDE012"/>
            <targetFieldPath value="xmf" />
            <targetFieldPath value="imf" />
            <targetFieldPath value="LOCAL" />
        </call>

        <call label="CallBuildDE013">
            <dataManipXml filePath="$(FMTECR_XML_DIR)" fileName="BuildDEs_ECR.xml"/>
            <subDataManip objectReferenceLabel="BuildDE013"/>
            <targetFieldPath value="xmf" />
            <targetFieldPath value="imf" />
            <targetFieldPath value="LOCAL" />
        </call>

        <call label="CallBuildDE015">
            <dataManipXml filePath="$(FMTECR_XML_DIR)" fileName="BuildDEs_ECR.xml"/>
            <subDataManip objectReferenceLabel="BuildDE015"/>
            <targetFieldPath value="xmf" />
            <targetFieldPath value="imf" />
            <targetFieldPath value="LOCAL" />
        </call>

        <call label="CallBuildDE032">
            <dataManipXml filePath="$(FMTECR_XML_DIR)" fileName="BuildDEs_ECR.xml"/>
            <subDataManip objectReferenceLabel="BuildDE032"/>
            <targetFieldPath value="xmf" />
            <targetFieldPath value="imf" />
            <targetFieldPath value="LOCAL" />
        </call>

        <call label="CallBuildDE038">
            <dataManipXml filePath="$(FMTECR_XML_DIR)" fileName="BuildDEs_ECR.xml"/>
            <subDataManip objectReferenceLabel="BuildDE038"/>
            <targetFieldPath value="xmf" />
            <targetFieldPath value="imf" />
            <targetFieldPath value="LOCAL" />
        </call>

        <call label="CallBuildDE039">
            <dataManipXml filePath="$(FMTECR_XML_DIR)" fileName="BuildDEs_ECR.xml"/>
            <subDataManip objectReferenceLabel="BuildDE039"/>
            <targetFieldPath value="xmf" />
            <targetFieldPath value="imf" />
            <targetFieldPath value="LOCAL" />
        </call>

        <call label="CallBuildDE042">
            <dataManipXml filePath="$(FMTECR_XML_DIR)" fileName="BuildDEs_ECR.xml"/>
            <subDataManip objectReferenceLabel="BuildDE042"/>
            <targetFieldPath value="xmf" />
            <targetFieldPath value="imf" />
            <targetFieldPath value="LOCAL" />
        </call>
        
        <call label="CallBuildDE047">
            <dataManipXml filePath="$(FMTECR_XML_DIR)" fileName="BuildDEs_ECR.xml"/>
            <subDataManip objectReferenceLabel="BuildDE047"/>
            <targetFieldPath value="xmf" />
            <targetFieldPath value="imf" />
            <targetFieldPath value="LOCAL" />
            <targetFieldPath value="ENVIATAGS_DE047" />            
        </call>

        <call label="CallBuildDE048">
            <dataManipXml filePath="$(FMTECR_XML_DIR)" fileName="BuildDEs_ECR.xml"/>
            <subDataManip objectReferenceLabel="BuildDE048"/>
            <targetFieldPath value="xmf" />
            <targetFieldPath value="imf" />
            <targetFieldPath value="LOCAL" />
        </call>

        <call label="CallBuildDE051">
            <dataManipXml filePath="$(FMTECR_XML_DIR)" fileName="BuildDEs_ECR.xml"/>
            <subDataManip objectReferenceLabel="BuildDE051"/>
            <targetFieldPath value="xmf" />
            <targetFieldPath value="imf" />
            <targetFieldPath value="LOCAL" />
        </call>

        <call label="CallBuildDE054">
            <dataManipXml filePath="$(FMTECR_XML_DIR)" fileName="BuildDEs_ECR.xml"/>
            <subDataManip objectReferenceLabel="BuildDE054"/>
            <targetFieldPath value="xmf" />
            <targetFieldPath value="imf" />
            <targetFieldPath value="LOCAL" />
        </call>

        <call label="CallBuildDE055">
            <dataManipXml filePath="$(FMTECR_XML_DIR)" fileName="BuildDEs_ECR.xml"/>
            <subDataManip objectReferenceLabel="BuildDE055"/>
            <targetFieldPath value="xmf" />
            <targetFieldPath value="imf" />
            <targetFieldPath value="LOCAL" />
        </call>

        <call label="CallBuildDE056">
            <dataManipXml filePath="$(FMTECR_XML_DIR)" fileName="BuildDEs_ECR.xml"/>
            <subDataManip objectReferenceLabel="BuildDE056"/>
            <targetFieldPath value="xmf" />
            <targetFieldPath value="imf" />
            <targetFieldPath value="LOCAL" />
            <targetFieldPath value="ENVIATAGS_DE056" />
        </call>

        <call label="CallBuildDE062">
            <dataManipXml filePath="$(FMTECR_XML_DIR)" fileName="BuildDEs_ECR.xml"/>
            <subDataManip objectReferenceLabel="BuildDE062"/>
            <targetFieldPath value="xmf" />
            <targetFieldPath value="imf" />
            <targetFieldPath value="LOCAL" />
        </call>

        <call label="CallBuildDE124">
            <dataManipXml filePath="$(FMTECR_XML_DIR)" fileName="BuildDEs_ECR.xml"/>
            <subDataManip objectReferenceLabel="BuildDE124"/>
            <targetFieldPath value="xmf" />
            <targetFieldPath value="imf" />
            <targetFieldPath value="LOCAL" />
        </call>

        <call label="CallBuildDE125">
            <dataManipXml filePath="$(FMTECR_XML_DIR)" fileName="BuildDEs_ECR.xml"/>
            <subDataManip objectReferenceLabel="BuildDE125"/>
            <targetFieldPath value="xmf" />
            <targetFieldPath value="imf" />
            <targetFieldPath value="LOCAL" />
        </call>

        <call label="CallBuildDE127">
            <dataManipXml filePath="$(FMTECR_XML_DIR)" fileName="BuildDEs_ECR.xml"/>
            <subDataManip objectReferenceLabel="BuildDE127"/>
            <targetFieldPath value="xmf" />
            <targetFieldPath value="imf" />
            <targetFieldPath value="LOCAL" />
        </call>    
    </dataManip>
    
    <!-- MANIP DE POS PROC -->
    <dataManip label="PosProc">
        <fieldSetReference reference="arg0" alias="xmf"/>
        <fieldSetReference reference="arg1" alias="imf"/>
        <fieldSetReference reference="arg1.shc_msg" alias="shc_msg"/>
        <fieldSetReference reference="arg1.segments.common" alias="common"/>
        <fieldSetReference reference="arg2" alias="LOCAL"/>
        <fieldSetReference reference="arg3" alias="environment"/>

        <command label="GET_PORT_NAME" objectReferenceLabel="GET_MBPROP" >
            <mailboxAddressPath value = "environment.SENDER_ADDRESS" />
            <targetFieldPath value = "LOCAL" />
        </command>

        <call label="CallVerificaPortaParaSonda">
            <when objectReferenceLabel="EXPR" >
                <expr value="common.msg_name == 'SONDA'"/>
            </when>
            <subDataManip objectReferenceLabel="VerificaPortaParaSonda" />
            <targetFieldPath value="imf" />
            <targetFieldPath value="LOCAL" />
            <targetFieldPath value="environment" />
        </call>

        <command label="TRX_TRACE_LOG" objectReferenceLabel="TRX_TRACE" >
            <sourceFieldPath value = "imf" />
            <engineFieldPath value = "environment" />
            <portNamePath value = "LOCAL.mailboxName" />
        </command>

        <command label="SetRespcodeForStatistics" objectReferenceLabel="COPY" >
            <sourceFieldPath value = "imf.segments.common.az_reason_code" />
            <targetFieldPath value = "imf.shc_msg.respcode" />
        </command>
		
		<declare label="IMF_MON">
			<field label="DE032"  />
			<field label="DE033"  />
			<field label="DE003"     />
			<field label="MSG_TYPE"   />
			<field label="DE039"  />
        </declare>
		
        <declare label="MAQ">
            <field label="MAQUINA"  value="$(_SERVER_ALIAS)"/>
        </declare>	

		<command label="getMSGTYPE" objectReferenceLabel="COPY">
            <sourceFieldPath value="imf.shc_msg.msgtype" />
            <targetFieldPath value="IMF_MON.MSG_TYPE" />		
		</command>
		
		<command label="getPCODE" objectReferenceLabel="COPY">
			<sourceFieldPath value="imf.shc_msg.pcode"/>
			<targetFieldPath value="IMF_MON.DE003"/>
		</command>
		
		<command label="getRESPCODE" objectReferenceLabel="COPY">
			<sourceFieldPath value="imf.shc_msg.respcode"/>
			<targetFieldPath value="IMF_MON.DE039"/>
		</command>

		<command label="getNETWORKID" objectReferenceLabel="VALUE">
			<sourceValue value="$(NETWORKID)"/>
			<targetFieldPath value="IMF_MON.DE033"/>
		</command>
		
		<command label="cutMAQUINA" objectReferenceLabel="SUBSTR">
			<sourceFieldPath value="MAQ.MAQUINA" />
			<targetFieldPath value="MAQ.MAQUINA" />
			<startPosition value="0"/>
			<length value="3"/>
		</command>
		

		<command label="getACQUIRERID" objectReferenceLabel="CONCAT">
			<sourceFieldPath value="IMF_MON.DE032"/>
			<targetFieldPath value="IMF_MON.DE032"/>
			<concatSide value = "RIGHT" />
            <concatValue value = '7' />			
		</command>

		<conditional-block label="CheckSite">
			<if objectReferenceLabel="EXPR">
				<expr value="'$(SITE)' == 'PDV'" /> 
				<command label="getSITE" objectReferenceLabel="CONCAT">                
					<sourceFieldPath value="IMF_MON.DE032"/>
					<targetFieldPath value="IMF_MON.DE032"/>
					<concatSide value = "RIGHT" />
					<concatValue value='03' />
				</command>
			</if>
		</conditional-block>

		<command label="getACQMAQ" objectReferenceLabel="CONCAT">
			<sourceFieldPath value="IMF_MON.DE032"/>
			<targetFieldPath value="IMF_MON.DE032"/>
			<concatSide value = "RIGHT" />
			<concatFieldSetPath value="MAQ.MAQUINA" />			
		</command>

		<command label="getACQINDEX" objectReferenceLabel="CONCAT">
			<sourceFieldPath value="IMF_MON.DE032"/>
			<targetFieldPath value="IMF_MON.DE032"/>
			<concatSide value = "RIGHT" />
			<concatValue value='1000' />
		</command>
		
		<command label="NETC_INDEF" objectReferenceLabel="STATS" >
            <vertice value="NETC_INDEF" /> <!-- QTDE_REQ_REC, QTDE_REQ_ENV,QTDE_RESP_REC, QTDE_RESP_ENV, NETC_INDEF-->
            <sourceFieldPath value="IMF_MON" />
            <inputFile value="$(GEN_ROOT)/bin/stats_util" />
        </command>
				
        <command label="QTDE_RESP_ENV" objectReferenceLabel="STATS" >
            <vertice value="QTDE_RESP_ENV" /> <!-- QTDE_REQ_REC, QTDE_REQ_ENV,QTDE_RESP_REC, QTDE_RESP_ENV, NETC_INDEF-->
            <sourceFieldPath value="IMF_MON" />
            <inputFile value="$(GEN_ROOT)/bin/stats_util" />
        </command>

    </dataManip>
    
    <!-- ===================================================================== -->
    <!-- ===================================================================== -->
    <!-- ===================================================================== -->
    
    <!-- ===================================================================== -->
    <!-- =================    BLOCOS PRE PROCESSAMENTO    ==================== -->
    <!-- ===================================================================== -->    
    
    <dataManip label="RecuperaDadosEvento">
        <fieldSetReference reference="arg0" alias="xmf"/>
        <fieldSetReference reference="arg1" alias="imf"/>
        <fieldSetReference reference="arg1.shc_msg" alias="shc_msg"/>
        <fieldSetReference reference="arg1.segments.common" alias="common"/>
        <fieldSetReference reference="arg2" alias="LOCAL"/>

        <conditional-block label="CheckRecuperaEvento">
            <if objectReferenceLabel="EXPR">
<!--t689066@FIS-BEGIN - Data:01/08/2013 - 3a perna nao precisa de criar nem recuperar evento -->
            <expr value="imf.segments.common.msg_name != 'SONDA' &amp;&amp;
                         imf.segments.common.is_3a_perna != 'TRUE' "/>
<!--t689066@FIS-END - Data:01/08/2013 - 3a perna nao precisa de criar nem recuperar evento -->

                <!-- t689049@FIS - Data 06/06/2014 - Acertando montagem de Event Key -->
                <declare label="TMP_EVENT" >
                    <field label="hash" />
                    <field label="trace" />
                    <field label="unit" />
                </declare>
                <conditional-block label="CheckTestComunicacao">
                <if objectReferenceLabel="EXPR">
                    <expr value="imf.segments.common.msg_name == 'TEST_COMUNICACAO'" />
                    <command label="HardCodetermid" objectReferenceLabel="VALUE" >
                        <sourceValue value="3" />
                        <targetFieldPath value="TMP_EVENT.hash" />
                    </command>
                    <command label="substr_unit" objectReferenceLabel="SUBSTR">
                        <sourceFieldPath value = "imf.shc_msg.unit" />
                        <targetFieldPath value = "TMP_EVENT.trace" />
                        <startPosition value = "0" />
                        <length value = "2" />
                        <mode value = "right" />
                    </command>
                    <!-- para CONCAT, concatSide deve ser em maiusculo .. -->
                    <command label="set_termid" objectReferenceLabel="CONCAT" >
                        <sourceFieldPath value = "TMP_EVENT.hash" />
                        <targetFieldPath value = "TMP_EVENT.hash" />
                        <concatSide value = "RIGHT" />
                        <concatFieldSetPath value = "TMP_EVENT.trace" />
                    </command>
                </if>
                <else>
                    <!-- EVO1-257 criando o hash com os 6 ultimos digitos do terminal -->
                    <conditional-block label="CheckPcodeEvent">
                    <if objectReferenceLabel="EXPR">
                        <expr value="shc_msg.pcode == '640000'" />
                        <command label="substr_hash" objectReferenceLabel="SUBSTR">
                            <sourceFieldPath value = "imf.shc_msg.termid" />
						<targetFieldPath value = "TMP_EVENT.hash" />
						<startPosition value = "0" />
                            <length value = "6" />
						<mode value = "right" />
					</command>
                    </if>
                    <else>
						<command label="substr_hash" objectReferenceLabel="SUBSTR">
                            <sourceFieldPath value = "imf.segments.common.terminal_pdv" />
							<targetFieldPath value = "TMP_EVENT.hash" />
							<startPosition value = "0" />
                            <length value = "6" />
							<mode value = "right" />
						</command>	
                	</else>
                	</conditional-block>
                </else>
                </conditional-block>
                <command label="lpad_trace" objectReferenceLabel="PAD">
                    <sourceFieldPath value="imf.shc_msg.trace" />
                    <targetFieldPath value="TMP_EVENT.trace" />
                    <paddingChar value="0" />
                    <mode value="left" />
                    <length value="10" />
                </command>
                <command label="substr_trace" objectReferenceLabel="SUBSTR">
                    <sourceFieldPath value = "TMP_EVENT.trace" />
                    <targetFieldPath value = "TMP_EVENT.trace" />
                    <startPosition value = "0" />
                    <length value = "6" />
                    <mode value = "right" />
                </command>
                <!-- EVO1-257 sera usado MATH para somar o trace com termid -->
                <command label="set_event_key" objectReferenceLabel="MATH" >
                    <value1 value = "TMP_EVENT.trace" />
                    <value2 value = "TMP_EVENT.hash" />
                    <operator value = "+" />
                    <targetFieldPath value = "LOCAL.eventKey" />
                </command>

                <command label="restore_event" objectReferenceLabel="EVENTMANAGER" >
                    <operation value = "recover" />
                    <key value = "LOCAL.eventKey" />
                    <targetFieldPath value = "xmf" />
                </command>
            </if>
        </conditional-block >

    </dataManip>    
    
    <dataManip label="TrataHeader">
        <fieldSetReference reference="arg0" alias="xmf"/>
        <fieldSetReference reference="arg1" alias="imf"/>
        <fieldSetReference reference="arg2" alias="LOCAL"/>
        <fieldSetReference reference="arg3" alias="environment"/>

        <!-- PROTOM INIT -->
        <command label="SetHeaderSize" objectReferenceLabel="GETOSENV" >
            <OSVarName value = "MSG_HEADER_SIZE" />
            <targetFieldPath value = "LOCAL.headerSize" />
        </command>

        <command label="GetMsgHeader" objectReferenceLabel="GETOSENV" >
            <OSVarName value = "MSGHEADER" />
            <targetFieldPath value = "LOCAL.msgheader" />
        </command>

        <!-- EAK-2009 - HEADER QH -->
        <declare label="AUX" >
                <field label="fmt_env_source"/>
        </declare>
        <command label="GetFmtEnvSource" objectReferenceLabel="GETOSENV" >
            <OSVarName value = "FMT_ENV_SOURCE" />
            <targetFieldPath value = "AUX.fmt_env_source" />
        </command>
        <!-- EAK-2009 - HEADER QH -->        
        
        <!-- EAK-2009 - HEADER QH -->
        <conditional-block label="HeaderQHOFF">
            <if objectReferenceLabel="EXPR">
            <expr value="(imf.segments.common.msg_name == 'SONDA') &amp;&amp;
                         (AUX.fmt_env_source == 'QHD') "/>
                <command label="SetNullRespTxt" objectReferenceLabel="VALUE">
                    <sourceValue value="QHD"/>
                    <targetFieldPath value="imf.segments.common.termid_type"/>
                </command>
            </if>
        </conditional-block>
        <!-- EAK-2009 - HEADER QH -->

        <command label="MapProtomHeaderFrom600" objectReferenceLabel="SUBSTR">
            <when objectReferenceLabel="EXPR" >
                <expr value="imf.shc_msg.msgtype == '600' &amp;&amp;
                             LOCAL.headerSize == '20'"/>
            </when>
            <sourceFieldPath value = "imf.shc_msg.formatter_use" />
            <targetFieldPath value = "xmf.HEADER" />
            <startPosition value = "0" />
            <length value = "20" />
        </command>

        <command label="GetVerIdPos2" objectReferenceLabel="SUBSTR">
            <when objectReferenceLabel="EXPR" >
                <expr value="imf.shc_msg.msgtype == '600'"/>
            </when>
            <sourceFieldPath value = "imf.segments.common.ecr_sftw_verid" />
            <targetFieldPath value = "LOCAL.verIdPos2" />
            <startPosition value = "2" />
            <length value = "1" />
        </command>

        <!-- EAK-2782 - EMS - PREENCHE O NIIP PARA MENSAGEM DE SONDA DO FORMATADOR INTELLINAC -->
        <conditional-block label="IfIsSondaAndIntellinac">
            <if objectReferenceLabel="EXPR">
                <expr value="imf.shc_msg.msgtype == '600' &amp;&amp; imf.segments.common.termid_type == 'INAC'"/>
                    <!-- EAK-3087 - Envio do NIIP original da transacao -->
                    <conditional-block label="CheckNIIPOriginal">
                        <if objectReferenceLabel="EXPR">
                            <expr value="imf.shc_msg.netcode != '0' &amp;&amp; imf.shc_msg.netcode != '' "/>
                                <command label="SetHardNiip" objectReferenceLabel="VALUE">
                                    <sourceValue value="000100"/>
                                    <targetFieldPath value="xmf.NIIP" />
                                </command>
                        </if>
                        <else>
                            <conditional-block label="IfIsNIIPgtv5">
                                <if objectReferenceLabel="EXPR">
                                    <expr value="LOCAL.verIdPos2 &gt;= '5'"/>
                                    <command label="SetHardNiip" objectReferenceLabel="VALUE">
                                        <sourceValue value="111050"/>
                                        <targetFieldPath value="xmf.NIIP"/>
                                    </command>
                                </if>
                                <else>
                                    <command label="IfIsNIIPltv5" objectReferenceLabel="VALUE">
                                        <sourceValue value="000071"/>
                                        <targetFieldPath value="xmf.NIIP"/>
                                    </command>
                                </else>
                            </conditional-block> 
                        </else>
                    </conditional-block> 
            </if>
        </conditional-block>
        <!-- FIM - NIIP -->
        <!-- EAK-2782 - EMS -->   

        <!-- PREENCHE O TPDU PARA MENSAGEM DE SONDA DO FORMATADOR INTELLINAC -->
        <conditional-block label="IfIsIntellinac">
            <if objectReferenceLabel="EXPR">
                <expr value="imf.shc_msg.msgtype == '600' &amp;&amp; imf.segments.common.termid_type == 'INAC'"/>
                <command label="MapTpduFrom600" objectReferenceLabel="VALUE">
                    <sourceValue value="60FFFFFFFF"/>
                    <targetFieldPath value="xmf.TPDU"/>
                </command>
                <command label="DE055_CHIP_converte_to_hex" objectReferenceLabel="CONVERT">
                    <sourceFieldPath value="xmf.TPDU"/>
                    <targetFieldPath value="xmf.TPDU"/>
                    <from value="ASCII"/>
                    <to value="HEX"/>
                </command>                
                <command label="cp_termid_MERCHANT_TYPE" objectReferenceLabel="SUBSTR">
                  <sourceFieldPath value = "imf.shc_msg.termid" />
                  <targetFieldPath value = "xmf.MERCHANT_TYPE" />
                  <startPosition value = "2" />
                  <length value = "6" />
                </command>
                <command label="Concat_MERCHANT_TYPE" objectReferenceLabel="CONCAT" >
                    <sourceFieldPath value="xmf.MERCHANT_TYPE"/>
                    <targetFieldPath value="xmf.MERCHANT_TYPE"/>
                    <concatSide value="RIGHT"/>
                    <concatFieldSetPath value="imf.shc_msg.termloc"/>                    
                </command>                
            </if>
        </conditional-block>
        <!-- FIM - TPDU -->            

        <command label="SetOriginalForwardAddress" objectReferenceLabel="COPY" >
            <sourceFieldPath value="imf.shc_msg.unit" />
            <targetFieldPath value="environment.SENDER_ADDRESS" />
        </command>
        
    </dataManip>


    <!-- ===================================================================== -->
    <!-- ===================================================================== -->
    <!-- ===================================================================== -->    
    
    <!-- ===================================================================== -->
    <!-- ===================    BLOCOS PROCESSAMENTO    ====================== -->
    <!-- ===================================================================== -->    

    <dataManip label="GeraCupom">
        <fieldSetReference reference="arg0" alias="target"/>
        <fieldSetReference reference="arg0.segments.common" alias="common" />
        <fieldSetReference reference="arg0.segments.acquirer_common" alias="acquirer_common" />

        <command label="SetNullRespTxt" objectReferenceLabel="VALUE">
            <sourceValue value="0"/>
            <targetFieldPath value="acquirer_common.resp_txt"/>
        </command>

        <command label="call_trx_cupom" objectReferenceLabel="TRXCUPOM" >
            <sourceFieldPath value="target"/>
            <targetFieldPath value="target" />
        </command>

        <conditional-block label="CheckCupomGerado">
            <if objectReferenceLabel="EXPR">
                <expr value="acquirer_common.resp_txt != '0'" />

                <command label=" Cupom Gerado(acquirer_common.resp_txt)" objectReferenceLabel="FIELDSET_DUMP">
                    <sourceFieldPath value = "acquirer_common.resp_txt" />
                </command>
            </if>
        </conditional-block >

    </dataManip>

    <dataManip label="GeraMensagem">
        <fieldSetReference reference="arg0" alias="target"/>
        <fieldSetReference reference="arg0.shc_msg" alias="shc_msg" />
        <fieldSetReference reference="arg0.segments.common" alias="common" />
        <fieldSetReference reference="arg0.segments.acquirer_common" alias="acquirer_common" />
        <fieldSetReference reference="arg0.segments.voucher" alias="voucher" />
        <fieldSetReference reference="arg0.segments.credit" alias="credit" />

        <command label="SetNullRespTxt" objectReferenceLabel="VALUE">
            <sourceValue value="0"/>
            <targetFieldPath value="acquirer_common.resp_txt"/>
        </command>


        <conditional-block label="GeraMensagemSaldoVoucher">
            <if objectReferenceLabel="EXPR">
            <expr value="shc_msg.pcode == '182000'" />
                <command label="Copy saldo" objectReferenceLabel="COPY" >
                    <sourceFieldPath value = "voucher.saldo_parcial" />
                    <targetFieldPath value = "acquirer_common.resp_txt" />
                </command>

                <!-- Divide por 100 -->
                <command label="Normaliza_saldo" objectReferenceLabel="MATH" >
                    <value1 value = "acquirer_common.resp_txt" />
                    <value2 value = "100.00" />
                    <operator value = "/" />
                    <targetFieldPath value = "acquirer_common.resp_txt" />
                </command>

                <command label="ConcatLeft" objectReferenceLabel="CONCAT" >
                    <sourceFieldPath value = "acquirer_common.resp_txt" />
                    <targetFieldPath value = "acquirer_common.resp_txt" />
                    <concatSide value = "LEFT" />
                    <concatValue value = "Saldo " />
                </command>
            </if>
        </conditional-block>

        <conditional-block label="CheckMensagemGerada">
            <if objectReferenceLabel="EXPR">
                <expr value="acquirer_common.resp_txt != '0'" />

                <command label=" Cupom Gerado(acquirer_common.resp_txt)" objectReferenceLabel="FIELDSET_DUMP">
                    <sourceFieldPath value = "acquirer_common.resp_txt" />
                </command>
            </if>
        </conditional-block>
    </dataManip>

    
    <!-- ===================================================================== -->
    <!-- ===================================================================== -->
    <!-- ===================================================================== -->    
    
    <!-- ===================================================================== -->
    <!-- =================    BLOCOS POS PROCESSAMENTO    ==================== -->
    <!-- ===================================================================== -->

    <dataManip label="VerificaPortaParaSonda">
        <fieldSetReference reference="arg0" alias="target"/>
        <fieldSetReference reference="arg0.shc_msg" alias="shc_msg" />
        <fieldSetReference reference="arg0.segments.common" alias="common" />
        <fieldSetReference reference="arg1" alias="LOCAL"/>
        <fieldSetReference reference="arg2" alias="environment"/>

        <conditional-block label="TratamentoEnvioSondaPortaConectada" >
        <if objectReferenceLabel="EXPR">
        <expr value="LOCAL.isPort == 'true' &amp;&amp; LOCAL.mailboxName != ''" />
            <declare label="SONDA_TEMP" >
                <field label="PORTNAME" />
                <field label="PORTRESULT" />
            </declare>

            <command label="CopiaNomeMailbox" objectReferenceLabel="COPY" >
                <sourceFieldPath value="LOCAL.mailboxName" />
                <targetFieldPath value="SONDA_TEMP.PORTNAME" />
            </command>

            <command label="VerificaStatusPorta" objectReferenceLabel="PORTCONNECTED">
                <sourceFieldPath value="SONDA_TEMP.PORTNAME" />
                <targetFieldPath value="SONDA_TEMP.PORTRESULT" />
            </command>

            <command label="DropaSondaPortaNaoConectada" objectReferenceLabel="DROP">
                <when objectReferenceLabel="EXPR">
                    <expr value="SONDA_TEMP.PORTRESULT != 'CONNECTED'"/>
                </when>
                <disableLog value = "TRUE" />
            </command>
        </if>
        </conditional-block>
    </dataManip>

    <!-- ===================================================================== -->
    <!-- ===================================================================== -->
    <!-- ===================================================================== -->    
    
</dataManip-list>
