<!DOCTYPE engine-list SYSTEM "../../../PDV/dtd/fwsw/Engine.dtd">

<engine-list> 
	<!-- FORMATADOR ECR -->
	<engine label="fmt_ecr" >
		<xmlFiles>
			<librarianXml         filePath="$(FWSW_XML_DIR)"    fileName="StandardLibrarian.xml" />
			<librarianXml         filePath="$(COMMON_XML_DIR)"  fileName="Librarian.xml"         />
			<pluginManagerXml     filePath="$(FWSW_XML_DIR)"    fileName="StandardPlugins.xml"   />
			<pluginManagerXml     filePath="$(COMMON_XML_DIR)"  fileName="PluginManager.xml"     />
			<fieldSetXml          filePath="$(FWSW_XML_DIR)"    fileName="ShcMsg.xml"            />
			<fieldSetXml          filePath="$(FMTECR_XML_DIR)"  fileName="Iso8583xPdvMsg.xml"    />
			<dataManipXml         filePath="$(FMTECR_XML_DIR)"  fileName="DataManipRequest.xml"  />
			<dataManipXml         filePath="$(FMTECR_XML_DIR)"  fileName="DataManipResponse.xml" />
			<dataManipXml         filePath="$(FMTECR_XML_DIR)"  fileName="DataManipNegative.xml" />
			<dataManipXml         filePath="$(FMTECR_XML_DIR)"  fileName="DataManipEvent.xml"    />
			<iso8583PropertiesXml filePath="$(FMTECR_XML_DIR)"  fileName="Iso8583xPdvProperties.xml" />
		</xmlFiles>

		<librarian           referenceLabel="STANDARD_LIBRARIAN"                />
		<librarian           referenceLabel="FEPDV_COMMON_LIBRARIAN"            />
		<pluginManager       referenceLabel="STANDARD_PLUGINS"                  />
		<pluginManager       referenceLabel="FEPDV_COMMON_PLUGINS"              />
		<xmfFieldSet         referenceLabel="ISO8583XPDV_FIELDSET" symbol="xmf" />
		<imfFieldSet         referenceLabel="IMF_FIELDSET"         symbol="imf" />
		<internalEnvironment symbol="environment"                               />
		<dataManipRequest    referenceLabel="ECR_2_SHC"                         />
		<dataManipResponse   referenceLabel="SHC_2_ECR"                         />
		<dataManipNegative   referenceLabel="SHC_2_ECR_NEG"                     />
		<dataManipEvent      referenceLabel="EV_2_NOTHING"                      />

        <converter inboundType="CUSTOM" outboundType="SHC">
			<inboundCustomLoader referenceLabel="ISO8583XPDV_PARSER">
                <iso8583PropertiesXml filePath="$(FMTECR_XML_DIR)" fileName="Iso8583xPdvProperties.xml" />
            </inboundCustomLoader>
			<inboundCustomExtractor referenceLabel="ISO8583XPDV_BUILDER">
                <iso8583PropertiesXml filePath="$(FMTECR_XML_DIR)" fileName="Iso8583xPdvProperties.xml" />
            </inboundCustomExtractor>
		</converter>

		<trxEngine objectReferenceLabel="STDTRXENGINE" />
	</engine>
	<!-- FORMATADOR INTELINAC -->
	<engine label="fmt_inac" >
		<xmlFiles>
			<librarianXml         filePath="$(FWSW_XML_DIR)"    fileName="StandardLibrarian.xml" />
			<librarianXml         filePath="$(COMMON_XML_DIR)"  fileName="Librarian.xml"         />
			<pluginManagerXml     filePath="$(FWSW_XML_DIR)"    fileName="StandardPlugins.xml"   />
			<pluginManagerXml     filePath="$(COMMON_XML_DIR)"  fileName="PluginManager.xml"     />
			<fieldSetXml          filePath="$(FWSW_XML_DIR)"    fileName="ShcMsg.xml"            />
			<fieldSetXml          filePath="$(FMTECR_XML_DIR)"  fileName="Iso8583xPdvMsg.xml"    />
			<dataManipXml         filePath="$(FMTECR_XML_DIR)"  fileName="DataManipRequest.xml"  />
			<dataManipXml         filePath="$(FMTECR_XML_DIR)"  fileName="DataManipResponse.xml" />
			<dataManipXml         filePath="$(FMTECR_XML_DIR)"  fileName="DataManipNegative.xml" />
			<dataManipXml         filePath="$(FMTECR_XML_DIR)"  fileName="DataManipEvent.xml"    />
			<iso8583PropertiesXml filePath="$(FMTECR_XML_DIR)"  fileName="Iso8583xPdvProperties.xml" />
		</xmlFiles>

		<librarian           referenceLabel="STANDARD_LIBRARIAN"                />
		<librarian           referenceLabel="FEPDV_COMMON_LIBRARIAN"            />
		<pluginManager       referenceLabel="STANDARD_PLUGINS"                  />
		<pluginManager       referenceLabel="FEPDV_COMMON_PLUGINS"              />
		<xmfFieldSet         referenceLabel="ISO8583XPDV_FIELDSET" symbol="xmf" />
		<imfFieldSet         referenceLabel="IMF_FIELDSET"         symbol="imf" />
		<internalEnvironment symbol="environment"                               />
		<dataManipRequest    referenceLabel="ECR_2_SHC"                         />
		<dataManipResponse   referenceLabel="SHC_2_ECR"                         />
		<dataManipNegative   referenceLabel="SHC_2_ECR_NEG"                     />
		<dataManipEvent      referenceLabel="EV_2_NOTHING"                      />

        <converter inboundType="CUSTOM" outboundType="SHC">
			<inboundCustomLoader referenceLabel="ISO8583INTELLINAC_PARSER">
                <iso8583PropertiesXml filePath="$(FMTECR_XML_DIR)" fileName="Iso8583xPdvProperties.xml" />
            </inboundCustomLoader>
			<inboundCustomExtractor referenceLabel="ISO8583INTELLINAC_BUILDER">
                <iso8583PropertiesXml filePath="$(FMTECR_XML_DIR)" fileName="Iso8583xPdvProperties.xml" />
            </inboundCustomExtractor>
		</converter>

		<trxEngine objectReferenceLabel="STDTRXENGINE" />
	</engine>
</engine-list>
