<?xml version="1.0" encoding="iso-8859-1"?>
<!DOCTYPE Iso8583Properties-list SYSTEM "../../../PDV/dtd/fwsw/Iso8583properties.dtd">

<Iso8583Properties-list>
    <Iso8583Properties label="Iso8583Msg" headerSize="$(MSG_HEADER_SIZE)" headerDataType="HEX" messageTypeDataType="EBCDIC" bitmapDataType="EBCDIC" >
        <dataElement deNumber="002" dataType="EBCDIC" isLVar="TRUE"  size="2"  lvarDataType="EBCDIC" />        
        <dataElement deNumber="003" dataType="EBCDIC" isLVar="FALSE" size="6"  lvarDataType="ASCII" />
        <dataElement deNumber="004" dataType="EBCDIC" isLVar="FALSE" size="12" lvarDataType="ASCII" />
        <dataElement deNumber="006" dataType="EBCDIC" isLVar="FALSE" size="12" lvarDataType="ASCII" />
        <dataElement deNumber="007" dataType="EBCDIC" isLVar="FALSE" size="10" lvarDataType="ASCII" />
        <dataElement deNumber="010" dataType="EBCDIC" isLVar="FALSE" size="8"  lvarDataType="ASCII" />
        <dataElement deNumber="011" dataType="EBCDIC" isLVar="FALSE" size="6"  lvarDataType="ASCII" />
        <dataElement deNumber="012" dataType="EBCDIC" isLVar="FALSE" size="6"  lvarDataType="ASCII" />
        <dataElement deNumber="013" dataType="EBCDIC" isLVar="FALSE" size="4"  lvarDataType="ASCII" />
        <dataElement deNumber="014" dataType="EBCDIC" isLVar="FALSE" size="4"  lvarDataType="ASCII" />
        <dataElement deNumber="015" dataType="EBCDIC" isLVar="FALSE" size="4"  lvarDataType="ASCII" />
        <dataElement deNumber="018" dataType="EBCDIC" isLVar="FALSE" size="4"  lvarDataType="ASCII" /> <!-- BRUM - EAK-1656 - 27/08/2019 - MCC Dinamico -->
        <dataElement deNumber="022" dataType="EBCDIC" isLVar="FALSE" size="3"  lvarDataType="ASCII" />
        <dataElement deNumber="023" dataType="EBCDIC" isLVar="FALSE" size="3"  lvarDataType="ASCII" />
        <dataElement deNumber="032" dataType="EBCDIC" isLVar="TRUE"  size="2"  lvarDataType="EBCDIC" />
        <dataElement deNumber="033" dataType="EBCDIC" isLVar="TRUE"  size="2"  lvarDataType="EBCDIC" />
        <dataElement deNumber="035" dataType="EBCDIC" isLVar="TRUE"  size="2"  lvarDataType="EBCDIC" />
        <dataElement deNumber="038" dataType="EBCDIC" isLVar="FALSE" size="6"  lvarDataType="ASCII" />
        <dataElement deNumber="039" dataType="EBCDIC" isLVar="FALSE" size="2"  lvarDataType="ASCII" />
        <dataElement deNumber="041" dataType="EBCDIC" isLVar="FALSE" size="8"  lvarDataType="ASCII" />
        <dataElement deNumber="042" dataType="EBCDIC" isLVar="FALSE" size="15" lvarDataType="ASCII" />
        <dataElement deNumber="043" dataType="EBCDIC" isLVar="FALSE" size="40" lvarDataType="ASCII" />
        <dataElement deNumber="045" dataType="EBCDIC" isLVar="TRUE"  size="2"  lvarDataType="EBCDIC" />
        <dataElement deNumber="047" dataType="EBCDIC" isLVar="TRUE"  size="3"  lvarDataType="EBCDIC" />
        <dataElement deNumber="048" dataType="EBCDIC" isLVar="TRUE"  size="3"  lvarDataType="EBCDIC" />
        <dataElement deNumber="049" dataType="EBCDIC" isLVar="FALSE" size="3"  lvarDataType="ASCII" />
        <dataElement deNumber="051" dataType="EBCDIC" isLVar="FALSE" size="3"  lvarDataType="ASCII" />
        <dataElement deNumber="052" dataType="EBCDIC" isLVar="FALSE" size="16" lvarDataType="ASCII" />
        <dataElement deNumber="054" dataType="EBCDIC" isLVar="TRUE"  size="2"  lvarDataType="EBCDIC" />
        <dataElement deNumber="055" dataType="EBCDIC" isLVar="TRUE"  size="3"  lvarDataType="EBCDIC" />
        <dataElement deNumber="056" dataType="EBCDIC_UNICODE" isLVar="TRUE"  size="3"  lvarDataType="EBCDIC" />
        <dataElement deNumber="060" dataType="EBCDIC" isLVar="TRUE"  size="3"  lvarDataType="EBCDIC" />
        <dataElement deNumber="061" dataType="EBCDIC" isLVar="TRUE"  size="3"  lvarDataType="EBCDIC" />
        <dataElement deNumber="062" dataType="EBCDIC" isLVar="TRUE"  size="3"  lvarDataType="EBCDIC" />
        <dataElement deNumber="063" dataType="EBCDIC" isLVar="TRUE"  size="3"  lvarDataType="EBCDIC" />
        <dataElement deNumber="067" dataType="EBCDIC" isLVar="FALSE" size="2"  lvarDataType="EBCDIC" />
        <dataElement deNumber="070" dataType="EBCDIC" isLVar="FALSE" size="3"  lvarDataType="EBCDIC" />
        <dataElement deNumber="090" dataType="EBCDIC" isLVar="FALSE" size="42" lvarDataType="EBCDIC" />
        <dataElement deNumber="104" dataType="EBCDIC" isLVar="TRUE"  size="3"  lvarDataType="EBCDIC" />
        <dataElement deNumber="123" dataType="EBCDIC" isLVar="TRUE"  size="3"  lvarDataType="EBCDIC" />
        <dataElement deNumber="124" dataType="EBCDIC" isLVar="TRUE"  size="3"  lvarDataType="EBCDIC" />
        <dataElement deNumber="125" dataType="EBCDIC" isLVar="TRUE"  size="3"  lvarDataType="EBCDIC" />
        <dataElement deNumber="127" dataType="EBCDIC" isLVar="TRUE"  size="3"  lvarDataType="EBCDIC" />       
    </Iso8583Properties> 
</Iso8583Properties-list>
