<?xml version="1.0" encoding="iso-8859-1"?>
<!DOCTYPE mapping-list SYSTEM "../../../PDV/dtd/fwsw/Mapping.dtd">

<mapping-list>
	<mapping label="MAPA_RESP">
        <row key="A" data="O CPF COINCIDE, CEP E ENDERECO NAO COINCIDEM." />
        <row key="N" data="NADA COINCIDE." />
        <row key="R" data="PROBLEMAS DE CONEXAO DO EMISSOR/TENTE NOVAMENTE." />
        <row key="S" data="O CEP E ENDERECO COINCIDEM, CPF NAO COINCIDE." />
        <row key="U" data="O CEP E CPF NAO COINCIDEM, ENDERECO COINCIDE." />
        <row key="W" data="SIM, TODOS OS DIGITOS COINCIDEM." />
        <row key="X" data="O CEP E CPF COINCIDEM, ENDERECO NAO COINCIDE." />
        <row key="Y" data="O CEP COINCIDE, CPF E ENDERECO NAO COINCIDEM." />
        <row key="Z" data="O CPF E ENDERECO COINCIDEM, CEP NAO COINCIDE." />
	</mapping>
</mapping-list>
