<?xml version="1.0" encoding="iso-8859-1"?>
<!DOCTYPE mapping-list SYSTEM "../../../PDV/dtd/fwsw/Mapping.dtd">

<mapping-list>
    <mapping label="PROTOM_NETCODEX_X_MBNAME">    
        <row key="0" data="MAILBOXNAME_0" />
        <row key="1" data="MAILBOXNAME_1" />
        <row key="2" data="MAILBOXNAME_2" />
        <row key="3" data="MAILBOXNAME_3" />
        <row key="4" data="MAILBOXNAME_4" />
        <row key="5" data="MAILBOXNAME_5" />
        <row key="6" data="MAILBOXNAME_6" />
        <row key="7" data="MAILBOXNAME_7" />
        <row key="8" data="MAILBOXNAME_8" />
        <row key="9" data="MAILBOXNAME_9" />
    </mapping>
</mapping-list>
