<!DOCTYPE pluginManager-list SYSTEM "../../../PDV/dtd/fwsw/PluginManager.dtd">

<pluginManager-list>
    <pluginManager label="FMTECR_PLUGINS" librarianReferenceLabel="FMTECR_LIBRARIAN" >
        <plugin label="PROTOM_SERVER"       libraryReferenceLabel="FEPDV_PLUGINS_LIB" creatorFunctionName="createProtomServer" /> 
        <plugin label="ISO8583XPDV_BUILDER" libraryReferenceLabel="FEPDV_PLUGINS_LIB" creatorFunctionName="createIso8583xPdvBuilder" />
        <plugin label="ISO8583XPDV_PARSER"  libraryReferenceLabel="FEPDV_PLUGINS_LIB" creatorFunctionName="createIso8583xPdvParser" />
        <plugin label="ISO8583INTELLINAC_BUILDER" libraryReferenceLabel="FEPDV_PLUGINS_LIB" creatorFunctionName="createIso8583IntellinacBuilder" />
        <plugin label="ISO8583INTELLINAC_PARSER"  libraryReferenceLabel="FEPDV_PLUGINS_LIB" creatorFunctionName="createIso8583IntellinacParser" />				
        <plugin label="GETSRVCODE"          libraryReferenceLabel="FEPDV_PLUGINS_LIB" creatorFunctionName="createGetServiceCode" />
        <plugin label="GETEXPIRYDATE"       libraryReferenceLabel="FEPDV_PLUGINS_LIB" creatorFunctionName="createGetExpiryDate" />
        <plugin label="TRX_TRACE"           libraryReferenceLabel="FEPDV_PLUGINS_LIB" creatorFunctionName="createTraceTrx" />
        <plugin label="TRXCUPOM"            libraryReferenceLabel="FEPDV_PLUGINS_LIB" creatorFunctionName="createTrxCupom" />
		<plugin label="GETGMTDATE"          libraryReferenceLabel="FEPDV_PLUGINS_LIB" creatorFunctionName="createGetGMTDate" />
    </pluginManager>
</pluginManager-list>

