<?xml version="1.0" encoding="iso-8859-1"?>
<!DOCTYPE dataManip-list SYSTEM "../../dtd/fwsw/DataManip.dtd">

<dataManip-list>
  <dataManip label="UNDOING_DEALS">
  
	<command label="  ========= THROTTLE_FILE =========" objectReferenceLabel="FIELDSET_DUMP">
		<sourceFieldPath value = "throttlefile" />
	</command>
	
	<command label="Assign message buffer to send to the formatter" objectReferenceLabel="FIELDSET_COPY">
		<sourceFieldPath value="throttlefile.buffer_msg" />
		<targetFieldPath value="outbound.buffer_out" />
	</command>	
	
	<command label="  ========= OUTBOUND =========" objectReferenceLabel="FIELDSET_DUMP">
		<sourceFieldPath value = "outbound" />
	</command>	
  
    <command label="Set mailbox do formatador como destino" objectReferenceLabel="MAILBOXLOCATOR_BY_NETWORKID" >
        <networkIdFieldPath value = "throttlefile.networkid" />
        <targetFieldPath value="environment.FORWARD_ADDRESS" />
    </command>

  </dataManip>
</dataManip-list>

