<!DOCTYPE dispatcher-list SYSTEM "../../dtd/fwsw/Dispatcher.dtd">

<dispatcher-list>	
	<dispatcher label="undoing_deals" >
		<xmlFiles>
			<librarianXml     filePath="$(FWSW_XML_DIR)"          fileName="StandardLibrarian.xml" />
			<librarianXml     filePath="$(UNDOING_DEALS_XML_DIR)" fileName="Librarian.xml" />
			<pluginManagerXml filePath="$(FWSW_XML_DIR)"          fileName="StandardPlugins.xml" />
			<pluginManagerXml filePath="$(UNDOING_DEALS_XML_DIR)" fileName="PluginManager.xml" />
			<fieldSetXml      filePath="$(UNDOING_DEALS_XML_DIR)" fileName="FieldSet.xml" />
			<dataManipXml     filePath="$(UNDOING_DEALS_XML_DIR)" fileName="DataManip.xml" />
		</xmlFiles>

		<librarian           referenceLabel="STANDARD_LIBRARIAN" />
		<librarian           referenceLabel="UNDOING_DEALS_LIBRARIAN" />
		<pluginManager       referenceLabel="STANDARD_PLUGINS" />
		<pluginManager       referenceLabel="UNDOING_DEALS_PLUGINS" />
		<xmfFieldSet         referenceLabel="THROTTLE_FILE"   symbol="throttlefile"/>
		<imfFieldSet         referenceLabel="OUTBOUND_BUFFER" symbol="outbound"/>
		<internalEnvironment symbol="environment" />
		<dataManipDispatch   referenceLabel="UNDOING_DEALS" />
        <reader referenceLabel="UNDOING_DEALS_READER">
            <endInterval    value="$(FIM_JANELA)" />
            <maxTrxForSleep value="$(RAJADA)" />
            <sleep          value="$(SLEEP)" />
			<maxRetries     value="$(MAX_RETRIES)" />
        </reader>
        <intervalSeconds value="15" />
		<converter outboundType="CUSTOM" >
            <outboundCustomLoader    referenceLabel="BY_PASS_PARSER" />
			<outboundCustomExtractor referenceLabel="BY_PASS_BUILDER" />
		</converter>
	</dispatcher>
</dispatcher-list>

