<?xml version="1.0" encoding="iso-8859-1"?>
<!DOCTYPE fieldSet-list SYSTEM "../../dtd/fwsw/FieldSet.dtd">
<fieldSet-list>
	<fieldSet label="THROTTLE_FILE">
        <field label="status">
            <type value="simple" />
            <mask value="DT_CHAR:2" />
            <securityMask value="" />
            <isOn value="true" />
            <isSecure value="false" />
        </field>
        <field label="retries">
            <type value="simple" />
            <mask value="DT_CHAR:2" />
            <securityMask value="" />
            <isOn value="true" />
            <isSecure value="false" />
        </field>
        <field label="networkid">
            <type value="simple" />
            <mask value="DT_CHAR:11" />
            <securityMask value="" />
            <isOn value="true" />
            <isSecure value="false" />
        </field>
        <field label="termid">
            <type value="simple" />
            <mask value="DT_CHAR:9" />
            <securityMask value="" />
            <isOn value="true" />
            <isSecure value="false" />
        </field>
        <field label="origtrace">
            <type value="simple" />
            <mask value="DT_CHAR:7" />
            <securityMask value="" />
            <isOn value="true" />
            <isSecure value="false" />
        </field>
        <field label="origdate">
            <type value="simple" />
            <mask value="DT_CHAR:9" />
            <securityMask value="" />
            <isOn value="true" />
            <isSecure value="false" />
        </field>
        <field label="origtime">
            <type value="simple" />
            <mask value="DT_CHAR:7" />
            <securityMask value="" />
            <isOn value="true" />
            <isSecure value="false" />
        </field>
        <field label="amount">
            <type value="simple" />
            <mask value="DT_CHAR:13" />
            <securityMask value="" />
            <isOn value="true" />
            <isSecure value="false" />
        </field>
        <field label="transcode">
            <type value="simple" />
            <mask value="DT_CHAR:3" />
            <securityMask value="" />
            <isOn value="true" />
            <isSecure value="false" />
        </field>
        <field label="revtrace">
            <type value="simple" />
            <mask value="DT_CHAR:7" />
            <securityMask value="" />
            <isOn value="true" />
            <isSecure value="false" />
        </field>
        <field label="revdate">
            <type value="simple" />
            <mask value="DT_CHAR:9" />
            <securityMask value="" />
            <isOn value="true" />
            <isSecure value="false" />
        </field>
        <field label="revtime">
            <type value="simple" />
            <mask value="DT_CHAR:7" />
            <securityMask value="" />
            <isOn value="true" />
            <isSecure value="false" />
        </field>		
        <field label="length_msg">
            <type value="simple" />
            <mask value="DT_ULONG" />
            <securityMask value="" />
            <isOn value="true" />
            <isSecure value="false" />
        </field>		
        <field label="buffer_msg">
            <type value="simple" />
            <mask value="DT_UCHAR:65535:HEX" />
            <securityMask value="" />
            <isOn value="true" />
            <isSecure value="false" />
        </field>
	</fieldSet>
	
	<fieldSet label="OUTBOUND_BUFFER">
        <field label="buffer_out">
            <type value="simple" />
            <mask value="DT_UCHAR:65535:HEX" />
            <securityMask value="" />
            <isOn value="true" />
            <isSecure value="false" />
        </field>
	</fieldSet>	
</fieldSet-list>

