<?xml version="1.0" encoding="iso-8859-1"?>
<!DOCTYPE dataManip-list SYSTEM "../../dtd/fwsw/DataManip.dtd">

<dataManip-list>

    <!-- ==================== CRT e DBT ==================== -->
    <dataManip label="Atribuicao_CodTrans_CRT_DBT" >
        <fieldSetReference reference="arg0.segments.common" alias="common"/>
        <fieldSetReference reference="arg0.segments.merchant" alias="merchant"/>

		<!-- EAK-1471
        <command label="  ========== Inspect ==========" objectReferenceLabel="XDUMP" >
            <sourceFieldPath value = "merchant.mer_cat_code" />
            <sourceFieldPath value = "common.msg_name" />
        </command>
		-->

        <command label="set_cod_trans_0" objectReferenceLabel="VALUE" >
            <targetFieldPath value="common.cod_trans" />
            <sourceValue value="0" />
        </command>

        <command label="map_cod_tran" objectReferenceLabel="MAPPING" >
            <xmlFile filePath="$(COMMON_XML_DIR)" fileName="MappingCodTran.xml" referenceLabel="MAPA_COD_TRAN" />
            <sourceFieldPath value = "common.msg_name" />
            <targetFieldPath value = "common.cod_trans" />
        </command>

		<!-- EAK-1471
        <command label="  ========== COD_TRAN atribuido: ==========" objectReferenceLabel="XDUMP" >
            <sourceFieldPath value = "common.cod_trans" />
        </command>
		-->

    </dataManip>

    <!-- ==================== PL ==================== -->
    <dataManip label="Atribuicao_CodTrans_PL" >
        <fieldSetReference reference="arg0" alias="imf"/>
        <fieldSetReference reference="arg0.shc_msg" alias="shc_msg"/>
        <fieldSetReference reference="arg0.segments.common" alias="common"/>

		<!-- EAK-1471
        <command label="  ========== Inspect ==========" objectReferenceLabel="XDUMP" >
            <sourceFieldPath value = "common.iss_name" />
            <sourceFieldPath value = "common.msg_name" />
        </command>
		-->

        <command label="set_cod_trans_0" objectReferenceLabel="VALUE" >
            <targetFieldPath value="common.cod_trans" />
            <sourceValue value="0" />
        </command>

        <conditional-block label="set_cod_trans_pl" >
            <if objectReferenceLabel="EXPR">
                <expr value="common.iss_name == 'PL_FININVEST'" />
                <command label="set_cod_trans_plfininvest" objectReferenceLabel="VALUE" >
                    <targetFieldPath value="common.cod_trans" />
                    <sourceValue value="23" />
                </command>
            </if>
            <else-if objectReferenceLabel="EXPR">
                <expr value="common.iss_name == 'PL_BRADESCO'" />
                <command label="set_cod_trans_plbradesco" objectReferenceLabel="VALUE" >
                    <targetFieldPath value="common.cod_trans" />
                    <sourceValue value="81" />
                </command>
            </else-if>
            <else-if objectReferenceLabel="EXPR">
                <expr value="common.iss_name == 'PL_BANCOBRASIL'" />
                <command label="set_cod_trans_plbancobrasil" objectReferenceLabel="VALUE" >
                    <targetFieldPath value="common.cod_trans" />
                    <sourceValue value="82" />
                </command>
            </else-if>
            <else-if objectReferenceLabel="EXPR">
                <expr value="common.iss_name == 'PL_CREDSYSTEM'" />
                <command label="set_cod_trans_plcredsystem" objectReferenceLabel="VALUE" >
                    <targetFieldPath value="common.cod_trans" />
                    <sourceValue value="110" />
                </command>
            </else-if>
            <else-if objectReferenceLabel="EXPR">
                <expr value="common.iss_name == 'PL_PORTOSEGURO'" />
                <command label="set_cod_trans_plportoseguro" objectReferenceLabel="VALUE" >
                    <targetFieldPath value="common.cod_trans" />
                    <sourceValue value="119" />
                </command>
            </else-if>
        </conditional-block>

		<!-- EAK-1471
        <command label="  ========== COD_TRAN atribuido: ==========" objectReferenceLabel="XDUMP" >
            <sourceFieldPath value = "common.cod_trans" />
        </command>
		-->

    </dataManip>

</dataManip-list>
