<?xml version="1.0" encoding="iso-8859-1"?>
<!DOCTYPE dataManip-list SYSTEM "../../dtd/fwsw/DataManip.dtd">

<dataManip-list>

    <!-- @Info: INSERT_TBSW0030 -->
    <dataManip label="INSERT_TBSW0030" >
        <fieldSetReference reference="arg0" alias="target"/>
        <fieldSetReference reference="arg1" alias="LOCAL"/>

        <declare label="TBSW0030">
            <field label="RESULT"/>
        </declare>
        <command label="insert_tbsw0030_record" objectReferenceLabel="TBSW0030INSERTER" >
            <sourceFieldPath value="target"/>
            <sourceFieldPath value="LOCAL"/>
            <targetFieldPath value="TBSW0030" />
        </command>
        <call label="CHECK_DB_ERROR_TBSW0030">
            <dataManipXml filePath="$(FEGEN_XML_DIR)" fileName="DataManipCommon.xml"/>
            <subDataManip objectReferenceLabel="DB_ERROR" />
            <targetFieldPath value="target" />
            <targetFieldPath value="LOCAL" />
            <targetFieldPath value="TBSW0030"/>
        </call>
        <command label=" ========== TRANSACAO INSERIDA NA TBSW0030 =========" objectReferenceLabel="FIELDSET_DUMP2">
            <sourceFieldPath value = "TBSW0030.RESULT" />
        </command>
        <command label="COPY_TBSW_RESULT" objectReferenceLabel="COPY">
            <sourceFieldPath value="TBSW0030.RESULT"/>
            <targetFieldPath value="LOCAL.TBSW_RESULT"/>
        </command>

    </dataManip>
    
    <!-- @Info: UPDATE_TBSW0030 -->
    <dataManip label="UPDATE_TBSW0030" >
        <fieldSetReference reference="arg0" alias="target"/>
        <fieldSetReference reference="arg1" alias="LOCAL"/>

        <declare label="TBSW0030">
            <field label="RESULT"/>
        </declare>
        <command label="update_tbsw0030_record" objectReferenceLabel="TBSW0030UPDATER" >
            <sourceFieldPath value="target"/>
            <sourceFieldPath value="LOCAL"/>
            <targetFieldPath value="TBSW0030" />
        </command>
        <call label="CHECK_DB_ERROR_TBSW0030">
            <dataManipXml filePath="$(FEGEN_XML_DIR)" fileName="DataManipCommon.xml"/>
            <subDataManip objectReferenceLabel="DB_ERROR" />
            <targetFieldPath value="target" />
            <targetFieldPath value="LOCAL" />
            <targetFieldPath value="TBSW0030"/>
        </call>
        <command label=" ========== UPDATE NA TBSW0030 =========" objectReferenceLabel="FIELDSET_DUMP2">
            <sourceFieldPath value = "TBSW0030.RESULT" />
        </command>
    </dataManip>
    
    <!-- @Info: UPDATE_TBSW0030 -->
    <dataManip label="UPDATE_TBSW0030_REV_ISS" >
        <fieldSetReference reference="arg0" alias="target"/>
        <fieldSetReference reference="arg1" alias="LOCAL"/>

        <declare label="TBSW0030">
            <field label="RESULT"/>
        </declare>
        <command label="update_tbsw0030_rev_iss_record" objectReferenceLabel="TBSW0030REVISSUPDATER" >
            <sourceFieldPath value="target"/>
            <sourceFieldPath value="LOCAL"/>
            <targetFieldPath value="TBSW0030" />
        </command>
        <call label="CHECK_DB_ERROR_TBSW0030">
            <dataManipXml filePath="$(FEGEN_XML_DIR)" fileName="DataManipCommon.xml"/>
            <subDataManip objectReferenceLabel="DB_ERROR" />
            <targetFieldPath value="target" />
            <targetFieldPath value="LOCAL" />
            <targetFieldPath value="TBSW0030"/>
        </call>
        <command label=" ========== UPDATE REV ISS NA TBSW0030 =========" objectReferenceLabel="FIELDSET_DUMP2">
            <sourceFieldPath value = "TBSW0030.RESULT" />
        </command>
    </dataManip>
    
    <!-- @Info: INSERT_TBSW0031 -->
    <dataManip label="INSERT_TBSW0031" >
        <fieldSetReference reference="arg0" alias="target"/>
        <fieldSetReference reference="arg1" alias="LOCAL"/>

        <declare label="TBSW0031">
            <field label="RESULT"/>
        </declare>
        <command label="insert_tbsw0031_record" objectReferenceLabel="TBSW0031INSERTER" >
            <sourceFieldPath value="target"/>
            <sourceFieldPath value="LOCAL"/>
            <targetFieldPath value="TBSW0031" />
        </command>
        <call label="CHECK_DB_ERROR_TBSW0031">
            <dataManipXml filePath="$(FEGEN_XML_DIR)" fileName="DataManipCommon.xml"/>
            <subDataManip objectReferenceLabel="DB_ERROR" />
            <targetFieldPath value="target" />
            <targetFieldPath value="LOCAL" />
            <targetFieldPath value="TBSW0031"/>
        </call>
        <command label=" ========== TRANSACAO INSERIDA NA TBSW0031 =========" objectReferenceLabel="FIELDSET_DUMP2">
            <sourceFieldPath value = "TBSW0031.RESULT" />
        </command>
    </dataManip>
    
    <!-- @Info: UPDATE_TBSW0031 -->
    <dataManip label="UPDATE_TBSW0031" >
        <fieldSetReference reference="arg0" alias="target"/>
        <fieldSetReference reference="arg1" alias="LOCAL"/>

        <declare label="TBSW0031">
            <field label="RESULT"/>
        </declare>
        <command label="update_tbsw0031_record" objectReferenceLabel="TBSW0031UPDATER" >
            <sourceFieldPath value="target"/>
            <sourceFieldPath value="LOCAL"/>
            <targetFieldPath value="TBSW0031" />
        </command>
        <call label="CHECK_DB_ERROR_TBSW0031">
            <dataManipXml filePath="$(FEGEN_XML_DIR)" fileName="DataManipCommon.xml"/>
            <subDataManip objectReferenceLabel="DB_ERROR" />
            <targetFieldPath value="target" />
            <targetFieldPath value="LOCAL" />
            <targetFieldPath value="TBSW0031"/>
        </call>
        <command label=" ========== UPDATE NA TBSW0031 =========" objectReferenceLabel="FIELDSET_DUMP2">
            <sourceFieldPath value = "TBSW0031.RESULT" />
        </command>
    </dataManip>
    
    <!-- @Info: INSERT_TBSW0032 -->
    <dataManip label="INSERT_TBSW0032" >
        <fieldSetReference reference="arg0" alias="target"/>
        <fieldSetReference reference="arg1" alias="LOCAL"/>

        <declare label="TBSW0032">
            <field label="RESULT"/>
        </declare>
        <command label="insert_tbsw0032_record" objectReferenceLabel="TBSW0032INSERTER" >
            <sourceFieldPath value="target"/>
            <sourceFieldPath value="LOCAL"/>
            <targetFieldPath value="TBSW0032" />
        </command>
        <call label="CHECK_DB_ERROR_TBSW0032">
            <dataManipXml filePath="$(FEGEN_XML_DIR)" fileName="DataManipCommon.xml"/>
            <subDataManip objectReferenceLabel="DB_ERROR" />
            <targetFieldPath value="target" />
            <targetFieldPath value="LOCAL" />
            <targetFieldPath value="TBSW0032"/>
        </call>
        <command label=" ========== TRANSACAO INSERIDA NA TBSW0032 =========" objectReferenceLabel="FIELDSET_DUMP2">
            <sourceFieldPath value = "TBSW0032.RESULT" />
        </command>
    </dataManip>
    
    <!-- @Info: UPDATE_TBSW0032 -->
    <dataManip label="UPDATE_TBSW0032" >
        <fieldSetReference reference="arg0" alias="target"/>
        <fieldSetReference reference="arg1" alias="LOCAL"/>

        <declare label="TBSW0032">
            <field label="RESULT"/>
        </declare>
        <command label="update_tbsw0032_record" objectReferenceLabel="TBSW0032UPDATER" >
            <sourceFieldPath value="target"/>
            <sourceFieldPath value="LOCAL"/>
            <targetFieldPath value="TBSW0032" />
        </command>
        <call label="CHECK_DB_ERROR_TBSW0032">
            <dataManipXml filePath="$(FEGEN_XML_DIR)" fileName="DataManipCommon.xml"/>
            <subDataManip objectReferenceLabel="DB_ERROR" />
            <targetFieldPath value="target" />
            <targetFieldPath value="LOCAL" />
            <targetFieldPath value="TBSW0032"/>
        </call>
        <command label=" ========== UPDATE NA TBSW0032 =========" objectReferenceLabel="FIELDSET_DUMP2">
            <sourceFieldPath value = "TBSW0032.RESULT" />
        </command>
    </dataManip>

    <!-- @Info: INSERTER_TBSW0033 -->
    <dataManip label="INSERT_TBSW0033" >
        <fieldSetReference reference="arg0" alias="target"/>
        <fieldSetReference reference="arg0.segments.common" alias="common"/>
        <fieldSetReference reference="arg1" alias="LOCAL"/>

        <declare label="TBSW0033">
            <field label="RESULT"/>
        </declare>
        <command label="insert_tbsw0033_record" objectReferenceLabel="TBSW0033INSERTER" >
            <sourceFieldPath value="target"/>
            <sourceFieldPath value="LOCAL"/>
            <targetFieldPath value="TBSW0033" />
        </command>
        <call label="CHECK_DB_ERROR_TBSW0033">
            <dataManipXml filePath="$(FEGEN_XML_DIR)" fileName="DataManipCommon.xml"/>
            <subDataManip objectReferenceLabel="DB_ERROR" />
            <targetFieldPath value="target" />
            <targetFieldPath value="LOCAL" />
            <targetFieldPath value="TBSW0033"/>
        </call>
        <command label=" ========== TRANSACAO INSERIDA NA TBSW0033 =========" objectReferenceLabel="FIELDSET_DUMP2">
            <sourceFieldPath value = "TBSW0033.RESULT" />
        </command>

    </dataManip>

    <!-- @Info: REVINSERTER_TBSW0033 -->
    <dataManip label="REVINSERTER_TBSW0033" >
        <fieldSetReference reference="arg0" alias="target"/>
        <fieldSetReference reference="arg0.segments.common" alias="common"/>
        <fieldSetReference reference="arg1" alias="LOCAL"/>
        
        <declare label="TBSW0033">
            <field label="RESULT"/>
        </declare>
        <command label="revinsert_tbsw0033_record" objectReferenceLabel="TBSW0033REVINSERTER" >
            <sourceFieldPath value="target"/>
            <sourceFieldPath value="LOCAL"/>
            <targetFieldPath value="TBSW0033" />
        </command>
        <call label="CHECK_DB_ERROR_TBSW0033">
            <dataManipXml filePath="$(FEGEN_XML_DIR)" fileName="DataManipCommon.xml"/>
            <subDataManip objectReferenceLabel="DB_ERROR" />
            <targetFieldPath value="target" />
            <targetFieldPath value="LOCAL" />
            <targetFieldPath value="TBSW0033"/>
        </call>
        <command label=" ========== TRANSACAO INSERIDA NA TBSW0033 (REV) =========" objectReferenceLabel="FIELDSET_DUMP2">
            <sourceFieldPath value = "TBSW0033.RESULT" />
        </command>

    </dataManip>
    
    <!-- @Info: INSERTER_TBSW0034 -->
    <dataManip label="INSERT_TBSW0034" >
        <fieldSetReference reference="arg0" alias="target"/>
        <fieldSetReference reference="arg0.segments.common" alias="common"/>
        <fieldSetReference reference="arg1" alias="LOCAL"/>
        
        <declare label="TBSW0034">
            <field label="RESULT"/>
        </declare>
        
        <conditional-block label="insert_in_tbsw0034" >
            <if objectReferenceLabel="EXPR">
            <expr value="LOCAL.IND_TERM_LTRO_CHIP == 'S' &amp;&amp; common.msg_entrymode == 'CHIP' &amp;&amp; 
                         common.msg_category != 'ESTORNO' &amp;&amp; common.msg_category != 'DESFAZIMENTO' &amp;&amp; 
                         common.msg_category != 'PRE_AUTORIZACAO'" />
                         <!-- common.msg_category != 'CONF_PREAUT' &amp;&amp; common.msg_category != 'PRE_AUTORIZACAO'" / -->
                <command label="insert_tbsw0034_record" objectReferenceLabel="TBSW0034INSERTER" >
                    <sourceFieldPath value="LOCAL"/>
                    <sourceFieldPath value="target"/>
                    <targetFieldPath value="TBSW0034" />
                </command>
                <call label="CHECK_DB_ERROR_TBSW0034">
                    <dataManipXml filePath="$(FEGEN_XML_DIR)" fileName="DataManipCommon.xml"/>
                    <subDataManip objectReferenceLabel="DB_ERROR" />
                    <targetFieldPath value="target" />
                    <targetFieldPath value="LOCAL" />
                    <targetFieldPath value="TBSW0034"/>
                </call>
                <command label=" ========== TRANSACAO INSERIDA NA TBSW0034 =========" objectReferenceLabel="FIELDSET_DUMP2">
                    <sourceFieldPath value = "TBSW0034.RESULT" />
                </command>
            </if>
        </conditional-block>
    </dataManip>    
    
    <!-- @Info: UPDATE_TBSW0034 -->
    <dataManip label="UPDATE_TBSW0034" >
        <fieldSetReference reference="arg0" alias="target"/>
        <fieldSetReference reference="arg1" alias="LOCAL"/>

        <declare label="TBSW0034">
            <field label="RESULT"/>
        </declare>
        <command label="update_tbsw0034_record" objectReferenceLabel="TBSW0034UPDATER" >
            <sourceFieldPath value="target"/>
            <!--sourceFieldPath value="LOCAL"/-->
            <targetFieldPath value="TBSW0034" />
        </command>
        <call label="CHECK_DB_ERROR_TBSW0034">
            <dataManipXml filePath="$(FEGEN_XML_DIR)" fileName="DataManipCommon.xml"/>
            <subDataManip objectReferenceLabel="DB_ERROR" />
            <targetFieldPath value="target" />
            <targetFieldPath value="LOCAL" />
            <targetFieldPath value="TBSW0034"/>
        </call>
        <command label=" ========== UPDATE NA TBSW0034 =========" objectReferenceLabel="FIELDSET_DUMP2">
            <sourceFieldPath value = "TBSW0034.RESULT" />
        </command>
    </dataManip>

    <!-- @Info: INSERT_TBSW0058 -->
    <dataManip label="INSERT_TBSW0058" >
        <fieldSetReference reference="arg0" alias="target"/>
        <fieldSetReference reference="arg1" alias="LOCAL"/>

        <declare label="TBSW0058">
            <field label="RESULT"/>
        </declare>
        <command label="insert_tbsw0058_record" objectReferenceLabel="TBSW0058INSERTER" >
            <sourceFieldPath value="target"/>
            <sourceFieldPath value="LOCAL"/>
            <targetFieldPath value="TBSW0058" />
        </command>
        <call label="CHECK_DB_ERROR_TBSW0058">
            <dataManipXml filePath="$(FEGEN_XML_DIR)" fileName="DataManipCommon.xml"/>
            <subDataManip objectReferenceLabel="DB_ERROR" />
            <targetFieldPath value="target" />
            <targetFieldPath value="LOCAL" />
            <targetFieldPath value="TBSW0058"/>
        </call>
        <command label=" ========== TRANSACAO INSERIDA NA TBSW0058 =========" objectReferenceLabel="FIELDSET_DUMP2">
            <sourceFieldPath value = "TBSW0058.RESULT" />
        </command>
    </dataManip>
    
    <!-- @Info: UPDATE_TBSW0058 -->
    <dataManip label="UPDATE_TBSW0058" >
        <fieldSetReference reference="arg0" alias="target"/>
        <fieldSetReference reference="arg1" alias="LOCAL"/>

        <declare label="TBSW0058">
            <field label="RESULT"/>
        </declare>
        <command label="update_tbsw0058_record" objectReferenceLabel="TBSW0058UPDATER" >
            <sourceFieldPath value="target"/>
            <sourceFieldPath value="LOCAL"/>
            <targetFieldPath value="TBSW0058" />
        </command>
        <call label="CHECK_DB_ERROR_TBSW0058">
            <dataManipXml filePath="$(FEGEN_XML_DIR)" fileName="DataManipCommon.xml"/>
            <subDataManip objectReferenceLabel="DB_ERROR" />
            <targetFieldPath value="target" />
            <targetFieldPath value="LOCAL" />
            <targetFieldPath value="TBSW0058"/>
        </call>
        <command label=" ========== UPDATE NA TBSW0058 =========" objectReferenceLabel="FIELDSET_DUMP2">
            <sourceFieldPath value = "TBSW0058.RESULT" />
        </command>
    </dataManip>

    <!-- @Info: INSERT_TBSW0084 -->
    <dataManip label="INSERT_TBSW0084" >
        <fieldSetReference reference="arg0" alias="target"/>
        <fieldSetReference reference="arg1" alias="LOCAL"/>

        <declare label="TBSW0084">
            <field label="RESULT"/>
        </declare>
        <command label="insert_tbsw0084_record" objectReferenceLabel="TBSW0084INSERTER" >
            <sourceFieldPath value="target"/>
            <sourceFieldPath value="LOCAL"/>
            <targetFieldPath value="TBSW0084" />
        </command>
        <call label="CHECK_DB_ERROR_TBSW0084">
            <dataManipXml filePath="$(FEGEN_XML_DIR)" fileName="DataManipCommon.xml"/>
            <subDataManip objectReferenceLabel="DB_ERROR" />
            <targetFieldPath value="target" />
            <targetFieldPath value="LOCAL" />
            <targetFieldPath value="TBSW0084"/>
        </call>
        <command label=" ========== TRANSACAO INSERIDA NA TBSW0084 =========" objectReferenceLabel="FIELDSET_DUMP2">
            <sourceFieldPath value = "TBSW0084.RESULT" />
        </command>
    </dataManip>

    <!-- @Info: INSERT_TBSW0093 -->
    <dataManip label="INSERT_TBSW0093" >
        <fieldSetReference reference="arg0" alias="target"/>
        <fieldSetReference reference="arg1" alias="LOCAL"/>

        <declare label="TBSW0093">
            <field label="RESULT"/>
        </declare>
        <command label="insert_tbsw0093_record" objectReferenceLabel="TBSW0093INSERTER" >
            <sourceFieldPath value="target"/>
            <sourceFieldPath value="LOCAL"/>
            <targetFieldPath value="TBSW0093" />
        </command>
        <call label="CHECK_DB_ERROR_TBSW0093">
            <dataManipXml filePath="$(FEGEN_XML_DIR)" fileName="DataManipCommon.xml"/>
            <subDataManip objectReferenceLabel="DB_ERROR" />
            <targetFieldPath value="target" />
            <targetFieldPath value="LOCAL" />
            <targetFieldPath value="TBSW0093"/>
        </call>
        <command label=" ========== TRANSACAO INSERIDA NA TBSW0093 =========" objectReferenceLabel="FIELDSET_DUMP2">
            <sourceFieldPath value = "TBSW0093.RESULT" />
        </command>
    </dataManip>
    
    <!-- @Info: UPDATE_TBSW0093 -->
    <dataManip label="UPDATE_TBSW0093" >
        <fieldSetReference reference="arg0" alias="target"/>
        <fieldSetReference reference="arg1" alias="LOCAL"/>

        <declare label="TBSW0093">
            <field label="RESULT"/>
        </declare>
        <command label="update_tbsw0093_record" objectReferenceLabel="TBSW0093UPDATER" >
            <sourceFieldPath value="target"/>
            <sourceFieldPath value="LOCAL"/>
            <targetFieldPath value="TBSW0093" />
        </command>
        <call label="CHECK_DB_ERROR_TBSW0093">
            <dataManipXml filePath="$(FEGEN_XML_DIR)" fileName="DataManipCommon.xml"/>
            <subDataManip objectReferenceLabel="DB_ERROR" />
            <targetFieldPath value="target" />
            <targetFieldPath value="LOCAL" />
            <targetFieldPath value="TBSW0093"/>
        </call>
        <command label=" ========== UPDATE NA TBSW0093 =========" objectReferenceLabel="FIELDSET_DUMP2">
            <sourceFieldPath value = "TBSW0093.RESULT" />
        </command>
    </dataManip>

    <!-- @Info: INSERT_TBSW0121 -->
    <dataManip label="INSERT_TBSW0121" >
        <fieldSetReference reference="arg0" alias="target"/>
        <fieldSetReference reference="arg0.segments.common" alias="common"/>
        <fieldSetReference reference="arg1" alias="LOCAL"/>
        
        <declare label="TBSW0121">
            <field label="RESULT"/>
        </declare>
        <conditional-block label="insert_TBSW0121" >
            <if objectReferenceLabel="EXPR">
            <expr value="common.termid_type != 'HY8583'" />
                <command label="insert_tbsw0121_record" objectReferenceLabel="TBSW0121INSERTER" >
                    <sourceFieldPath value="target"/>
                    <targetFieldPath value="TBSW0121" />
                </command>
                <call label="CHECK_DB_ERROR_TBSW0121">
                    <dataManipXml filePath="$(FEGEN_XML_DIR)" fileName="DataManipCommon.xml"/>
                    <subDataManip objectReferenceLabel="DB_ERROR" />
                    <targetFieldPath value="target" />
                    <targetFieldPath value="LOCAL" />
                    <targetFieldPath value="TBSW0121"/>
                </call>
                <command label=" ========== TRANSACAO INSERIDA NA TBSW0121 =========" objectReferenceLabel="FIELDSET_DUMP2">
                    <sourceFieldPath value = "TBSW0121.RESULT" />
                </command>
            </if>
        </conditional-block> 
    </dataManip>
        
    <!-- @Info: INSERT_TBSW0152 -->
    <dataManip label="INSERT_TBSW0152" >
        <fieldSetReference reference="arg0" alias="target"/>
        <fieldSetReference reference="arg0.segments.common" alias="common"/>
        <fieldSetReference reference="arg1" alias="LOCAL"/>
        
        <!-- Tabela TBSW0152 -->
        <declare label="TBSW0152">
            <field label="RESULT"/>
        </declare> 
        
        <!-- @Info: TBSW0152 -->
        <conditional-block label="insert_tbsw0152_record" >
            <if objectReferenceLabel="EXPR">
            <expr value="common.msg_name == 'VEND_CRT_PARC_CJURO' || 
                         common.msg_name == 'VEND_IATA_PARC_CJURO' || 
                         common.msg_name == 'CONF_VEND_CRT_PARC_CJURO' || 
                         common.msg_name == 'CONF_VEND_IATA_PARC_CJURO' || 
                         common.msg_name == 'VEND_CRT_PARC_SJURO' || 
                         common.msg_name == 'VEND_IATA_PARC_SJURO' || 
                         common.msg_name == 'CONF_PREAUT_PARC_SJURO' || 
                         common.msg_name == 'CONTRA_CRED' || 
                         common.msg_name == 'VEND_CRT_PARC_CJURO_ZOLKIN' || 
                         common.msg_name == 'CONF_VEND_CRT_PARC_CJURO_ZOLKIN' || 
                         common.msg_name == 'VEND_CRT_PARC_SJURO_ZOLKIN' || 
                         common.msg_name == 'CONF_VEND_CRT_PARC_SJURO_ZOLKIN' || 
                         common.msg_name == 'CREDIARIO_VENDA' || 
                         common.msg_name == 'CREDIARIO_SIMUL' || 
                         common.msg_name == 'VEND_PL' || 
                         common.msg_name == 'VEND_PL_ZOLKIN'" />
                <command label="insert_tbsw0152_record" objectReferenceLabel="TBSW0152INSERTER" >
                    <sourceFieldPath value="target"/>
                    <targetFieldPath value="TBSW0152" />
                </command>
                <call label="CHECK_DB_ERROR_TBSW0152">
                    <dataManipXml filePath="$(FEGEN_XML_DIR)" fileName="DataManipCommon.xml"/>
                    <subDataManip objectReferenceLabel="DB_ERROR" />
                    <targetFieldPath value="target" />
                    <targetFieldPath value="LOCAL" />
                    <targetFieldPath value="TBSW0152"/>
                </call>
                <command label=" ========== TRANSACAO INSERIDA NA TBSW0152 =========" objectReferenceLabel="FIELDSET_DUMP2">
                    <sourceFieldPath value = "TBSW0152.RESULT" />
                </command>
            </if>
        </conditional-block> 
    </dataManip>
    
    <!-- @Info: UPDATE_TBSW0152 -->
    <dataManip label="UPDATE_TBSW0152" >
        <fieldSetReference reference="arg0" alias="target"/>
        <fieldSetReference reference="arg0.segments.common" alias="common"/>
        <fieldSetReference reference="arg1" alias="LOCAL"/>
        
        <!-- Tabela TBSW0152 -->
        <declare label="TBSW0152">
            <field label="RESULT"/>
        </declare> 
        
        <!-- @Info: TBSW0152 -->
        <!-- Padronizacao Crediario PDV - Inclusao do CREDIARIO_VENDA -->
        <conditional-block label="update_tbsw0152_record" >
            <if objectReferenceLabel="EXPR">
            <expr value="common.msg_name == 'VEND_CRT_PARC_CJURO' || 
                         common.msg_name == 'VEND_IATA_PARC_CJURO' || 
                         common.msg_name == 'CONF_VEND_CRT_PARC_CJURO' || 
                         common.msg_name == 'CONF_VEND_IATA_PARC_CJURO' || 
                         common.msg_name == 'VEND_CRT_PARC_SJURO' || 
                         common.msg_name == 'VEND_IATA_PARC_SJURO' || 
                         common.msg_name == 'CONF_PREAUT_PARC_SJURO' || 
                         common.msg_name == 'CONTRA_CRED' || 
                         common.msg_name == 'VEND_CRT_PARC_CJURO_ZOLKIN' || 
                         common.msg_name == 'CONF_VEND_CRT_PARC_CJURO_ZOLKIN' || 
                         common.msg_name == 'VEND_CRT_PARC_SJURO_ZOLKIN' || 
                         common.msg_name == 'CONF_VEND_CRT_PARC_SJURO_ZOLKIN' || 
                         common.msg_name == 'CREDIARIO_VENDA' || 
                         common.msg_name == 'CREDIARIO_SIMUL' || 
                         common.msg_name == 'VEND_PL' || 
                         common.msg_name == 'VEND_PL_ZOLKIN' ||
                         common.msg_name == 'CREDIARIO_VENDA'" />
                <command label="update_tbsw0152_record" objectReferenceLabel="TBSW0152UPDATER" >
                    <sourceFieldPath value="target"/>
                    <targetFieldPath value="TBSW0152" />
                </command>
                <call label="CHECK_DB_ERROR_TBSW0152">
                    <dataManipXml filePath="$(FEGEN_XML_DIR)" fileName="DataManipCommon.xml"/>
                    <subDataManip objectReferenceLabel="DB_ERROR" />
                    <targetFieldPath value="target" />
                    <targetFieldPath value="LOCAL" />
                    <targetFieldPath value="TBSW0152"/>
                </call>
                <command label=" ========== UPDATE NA TBSW0152 =========" objectReferenceLabel="FIELDSET_DUMP2">
                    <sourceFieldPath value = "TBSW0152.RESULT" />
                </command>
            </if>
        </conditional-block> 
    </dataManip>

    <!-- @Info: INSERT_TBSW0153 -->
    <dataManip label="INSERT_TBSW0153" >
        <fieldSetReference reference="arg0" alias="target"/>
        <fieldSetReference reference="arg1" alias="LOCAL"/>

        <declare label="TBSW0153">
            <field label="RESULT"/>
        </declare>
        <command label="insert_tbsw0153_record" objectReferenceLabel="TBSW0153INSERTER" >
            <sourceFieldPath value="target"/>
            <sourceFieldPath value="LOCAL"/>
            <targetFieldPath value="TBSW0153" />
        </command>
        <call label="CHECK_DB_ERROR_TBSW0153">
            <dataManipXml filePath="$(FEGEN_XML_DIR)" fileName="DataManipCommon.xml"/>
            <subDataManip objectReferenceLabel="DB_ERROR" />
            <targetFieldPath value="target" />
            <targetFieldPath value="LOCAL" />
            <targetFieldPath value="TBSW0153"/>
        </call>
        <command label=" ========== TRANSACAO INSERIDA NA TBSW0153 =========" objectReferenceLabel="FIELDSET_DUMP2">
            <sourceFieldPath value = "TBSW0153.RESULT" />
        </command>
    </dataManip>
    
    <!-- @Info: UPDATE_TBSW0153 -->
    <dataManip label="UPDATE_TBSW0153" >
        <fieldSetReference reference="arg0" alias="target"/>
        <fieldSetReference reference="arg1" alias="LOCAL"/>

        <declare label="TBSW0153">
            <field label="RESULT"/>
        </declare>
        <command label="update_tbsw0153_record" objectReferenceLabel="TBSW0153UPDATER" >
            <sourceFieldPath value="target"/>
            <sourceFieldPath value="LOCAL"/>
            <targetFieldPath value="TBSW0153" />
        </command>
        <call label="CHECK_DB_ERROR_TBSW0153">
            <dataManipXml filePath="$(FEGEN_XML_DIR)" fileName="DataManipCommon.xml"/>
            <subDataManip objectReferenceLabel="DB_ERROR" />
            <targetFieldPath value="target" />
            <targetFieldPath value="LOCAL" />
            <targetFieldPath value="TBSW0153"/>
        </call>
        <command label=" ========== UPDATE NA TBSW0153 =========" objectReferenceLabel="FIELDSET_DUMP2">
            <sourceFieldPath value = "TBSW0153.RESULT" />
        </command>
    </dataManip>    
    
    <!-- @Info: INSERT_TBSW0160 -->
    <dataManip label="INSERT_TBSW0160" >
        <fieldSetReference reference="arg0" alias="target"/>
        <fieldSetReference reference="arg0.segments.common" alias="common"/>
        <fieldSetReference reference="arg1" alias="LOCAL"/>
        
        <declare label="TBSW0160">
            <field label="RESULT"/>
        </declare>
        
        <conditional-block label="insert_in_TBSW0160" >
            <if objectReferenceLabel="EXPR">
            <expr value="LOCAL.IND_TERM_LTRO_CHIP == 'S' &amp;&amp; common.msg_entrymode == 'CHIP' &amp;&amp; 
                         common.msg_category == 'PRE_AUTORIZACAO'" />
                <command label="insert_TBSW0160_record" objectReferenceLabel="TBSW0160INSERTER" >
                    <sourceFieldPath value="LOCAL"/>
                    <sourceFieldPath value="target"/>
                    <targetFieldPath value="TBSW0160" />
                </command>
                <call label="CHECK_DB_ERROR_TBSW0160">
                    <dataManipXml filePath="$(FEGEN_XML_DIR)" fileName="DataManipCommon.xml"/>
                    <subDataManip objectReferenceLabel="DB_ERROR" />
                    <targetFieldPath value="target" />
                    <targetFieldPath value="LOCAL" />
                    <targetFieldPath value="TBSW0160"/>
                </call>
                <command label=" ========== TRANSACAO INSERIDA NA TBSW0160 =========" objectReferenceLabel="FIELDSET_DUMP2">
                    <sourceFieldPath value = "TBSW0160.RESULT" />
                </command>
            </if>
        </conditional-block>
    </dataManip>    
    
    <!-- @Info: UPDATE_ORIG_TBSW0160 -->
    <dataManip label="UPDATE_ORIG_TBSW0160" >
        <fieldSetReference reference="arg0" alias="target"/>
        <fieldSetReference reference="arg0.segments.common" alias="common"/>
        <fieldSetReference reference="arg1" alias="LOCAL"/>

        <declare label="TBSW0160_ORIG">
            <field label="RESULT"/>
        </declare>

        <conditional-block label="update_orig_TBSW0160_record" >
            <if objectReferenceLabel="EXPR">
            <expr value="common.msg_entrymode == 'CHIP'" />
                <command label="update_orig_TBSW0160_record" objectReferenceLabel="TBSW0160ORIGUPDATER" >
                    <sourceFieldPath value="target"/>
                    <!--sourceFieldPath value="LOCAL"/-->
                    <targetFieldPath value="TBSW0160_ORIG" />
                </command>
                <call label="CHECK_DB_ERROR_TBSW0160">
                    <dataManipXml filePath="$(FEGEN_XML_DIR)" fileName="DataManipCommon.xml"/>
                    <subDataManip objectReferenceLabel="DB_ERROR" />
                    <targetFieldPath value="target" />
                    <targetFieldPath value="LOCAL" />
                    <targetFieldPath value="TBSW0160_ORIG"/>
                </call>
                <command label=" ========== TRANSACAO ORIGINAL ATUALIZADA NA TBSW0160 =========" objectReferenceLabel="FIELDSET_DUMP2">
                    <sourceFieldPath value = "TBSW0160_ORIG.RESULT" />
                </command>
            </if>
        </conditional-block>
    </dataManip>
        
    <!-- @Info: INSERT_TBSW0157 -->
    <dataManip label="INSERT_TBSW0157" >
        <fieldSetReference reference="arg0" alias="target"/>
        <fieldSetReference reference="arg0.segments.common" alias="common"/>
        <fieldSetReference reference="arg1" alias="LOCAL"/>

        <declare label="TBSW0157">
            <field label="RESULT"/>
        </declare>
        <conditional-block label="insert_tbsw0157_record" >
            <if objectReferenceLabel="EXPR">
            <expr value="common.msg_name == 'VEND_CRT_RECARGA' || 
                         common.msg_name == 'ADV_VEND_CRT_RECARGA_NEG' || 
                         common.msg_name == 'VEND_DBT_RECARGA' || 
                         common.msg_name == 'ADV_VEND_DBT_RECARGA_NEG'" />
                <command label="insert_tbsw0157_record" objectReferenceLabel="TBSW0157INSERTER" >
                    <sourceFieldPath value="target"/>
                    <targetFieldPath value="TBSW0157" />
                </command>
                <call label="CHECK_DB_ERROR_TBSW0157">
                    <dataManipXml filePath="$(FEGEN_XML_DIR)" fileName="DataManipCommon.xml"/>
                    <subDataManip objectReferenceLabel="DB_ERROR" />
                    <targetFieldPath value="target" />
                    <targetFieldPath value="LOCAL" />
                    <targetFieldPath value="TBSW0157"/>
                </call>
                <command label=" ========== TRANSACAO INSERIDA NA TBSW0157 =========" objectReferenceLabel="FIELDSET_DUMP2">
                    <sourceFieldPath value = "TBSW0157.RESULT" />
                </command>
            </if>
        </conditional-block>
    </dataManip>
    
    <!-- @Info: UPDATE_ORIG_TBSW0030 -->
    <dataManip label="UPDATE_ORIG_TBSW0030" >
        <fieldSetReference reference="arg0" alias="target"/>
        <fieldSetReference reference="arg0.segments.common" alias="common"/>
        <fieldSetReference reference="arg1" alias="LOCAL"/>

        <declare label="TBSW0030_ORIG">
            <field label="RESULT"/>
        </declare>
        <command label="update_original_tbsw0030_record" objectReferenceLabel="TBSW0030ORIGUPDATER" >
            <sourceFieldPath value="target"/>
            <sourceFieldPath value="LOCAL"/>
            <targetFieldPath value="TBSW0030_ORIG" />
        </command>
        <call label="CHECK_DB_ERROR_TBSW0030">
            <dataManipXml filePath="$(FEGEN_XML_DIR)" fileName="DataManipCommon.xml"/>
            <subDataManip objectReferenceLabel="DB_ERROR" />
            <targetFieldPath value="target" />
            <targetFieldPath value="LOCAL" />
            <targetFieldPath value="TBSW0030_ORIG"/>
        </call>
        <command label=" ========== TRANSACAO ORIGINAL ATUALIZADA NA TBSW0030 =========" objectReferenceLabel="FIELDSET_DUMP2">
            <sourceFieldPath value = "TBSW0030_ORIG.RESULT" />
        </command>
        <command label="COPY_TBSW_RESULT" objectReferenceLabel="COPY">
            <sourceFieldPath value="TBSW0030_ORIG.RESULT"/>
            <targetFieldPath value="LOCAL.TBSW_RESULT"/>
        </command>
    </dataManip>

    <!-- @Info: UPDATE_ORIG_TBSW058 -->
    <dataManip label="UPDATE_ORIG_TBSW0058" >
        <fieldSetReference reference="arg0" alias="target"/>
        <fieldSetReference reference="arg0.segments.common" alias="common"/>
        <fieldSetReference reference="arg1" alias="LOCAL"/>

        <declare label="TBSW0058_ORIG">
            <field label="RESULT"/>
        </declare>
        <command label="update_original_tbsw0058_record" objectReferenceLabel="TBSW0058ORIGUPDATER" >
            <sourceFieldPath value="target"/>
            <sourceFieldPath value="LOCAL"/>
            <targetFieldPath value="TBSW0058_ORIG" />
        </command>
        <call label="CHECK_DB_ERROR_TBSW0058">
            <dataManipXml filePath="$(FEGEN_XML_DIR)" fileName="DataManipCommon.xml"/>
            <subDataManip objectReferenceLabel="DB_ERROR" />
            <targetFieldPath value="target" />
            <targetFieldPath value="LOCAL" />
            <targetFieldPath value="TBSW0058_ORIG"/>
        </call>
        <command label=" ========== TRANSACAO ORIGINAL ATUALIZADA NA TBSW0058 =========" objectReferenceLabel="FIELDSET_DUMP2">
            <sourceFieldPath value = "TBSW0058_ORIG.RESULT" />
        </command>
    </dataManip>  
    
    <!-- @Info: INSERT_TBSW1039 -->
    <dataManip label="INSERT_TBSW1039" >
        <fieldSetReference reference="arg0" alias="target"/>
        <fieldSetReference reference="arg1" alias="LOCAL"/>

        <declare label="TBSW1039">
            <field label="RESULT"/>
        </declare>
        <command label="insert_tbsw1039_record" objectReferenceLabel="TBSW1039INSERTER" >
            <sourceFieldPath value="target"/>
            <sourceFieldPath value="LOCAL"/>
            <targetFieldPath value="TBSW1039" />
        </command>
        <call label="CHECK_DB_ERROR_TBSW1039">
            <dataManipXml filePath="$(FEGEN_XML_DIR)" fileName="DataManipCommon.xml"/>
            <subDataManip objectReferenceLabel="DB_ERROR" />
            <targetFieldPath value="target" />
            <targetFieldPath value="LOCAL" />
            <targetFieldPath value="TBSW1039"/>
        </call>
        <command label=" ========== TRANSACAO INSERIDA NA TBSW1039 =========" objectReferenceLabel="FIELDSET_DUMP2">
            <sourceFieldPath value = "TBSW1039.RESULT" />
        </command>
    </dataManip>
    
    <!-- @Info: LOADER_TBSW0030 -->
    <dataManip label="LOADER_TBSW0030" >
        <fieldSetReference reference="arg0" alias="target"/>
        <fieldSetReference reference="arg1" alias="LOCAL"/>
        <fieldSetReference reference="arg2" alias="TABELA"/>
        
        <command label="load_tbsw0030_record" objectReferenceLabel="TBSW0030LOADER" >
            <sourceFieldPath value="target"/>
            <sourceFieldPath value="LOCAL"/>
            <targetFieldPath value="TABELA"/>
        </command>
        <call label="CHECK_DB_ERROR">
            <dataManipXml filePath="$(FEGEN_XML_DIR)" fileName="DataManipCommon.xml"/>
            <subDataManip objectReferenceLabel="DB_ERROR" />
            <targetFieldPath value="target" />
            <targetFieldPath value="LOCAL" />
            <targetFieldPath value="TABELA"/>
        </call>
        <command label="  ========= Loader tabela TBSW0030 =========  " objectReferenceLabel="FIELDSET_DUMP2">
            <sourceFieldPath value = "TABELA" />
        </command>
    </dataManip>
    
    <!-- @Info: LOADER_TBSW0034 -->
    <dataManip label="LOADER_TBSW0034" >
        <fieldSetReference reference="arg0" alias="target"/>
        <fieldSetReference reference="arg1" alias="LOCAL"/>
        <fieldSetReference reference="arg2" alias="TABELA"/>
        
        <command label="load_tbsw0034_record" objectReferenceLabel="TBSW0034LOADER" >
            <sourceFieldPath value="target"/>
            <targetFieldPath value="TABELA"/>
        </command>
        <call label="CHECK_DB_ERROR">
            <dataManipXml filePath="$(FEGEN_XML_DIR)" fileName="DataManipCommon.xml"/>
            <subDataManip objectReferenceLabel="DB_ERROR" />
            <targetFieldPath value="target" />
            <targetFieldPath value="LOCAL" />
            <targetFieldPath value="TABELA"/>
        </call> 
        <command label="  ========= Loader tabela TBSW0034 =========  " objectReferenceLabel="FIELDSET_DUMP2">
            <sourceFieldPath value = "TABELA" />
        </command>
    </dataManip>
    
    <!-- @Info: LOADER_TBSW0040 -->
    <dataManip label="LOADER_TBSW0040" >
        <fieldSetReference reference="arg0" alias="target"/>
        <fieldSetReference reference="arg1" alias="LOCAL"/>
        <fieldSetReference reference="arg2" alias="TABELA"/>
        
        <command label="load_tbsw0040_record" objectReferenceLabel="TBSW0040LOADER" >
            <sourceFieldPath value="target"/>
            <targetFieldPath value="TABELA"/>
        </command>
        <call label="CHECK_DB_ERROR">
            <dataManipXml filePath="$(FEGEN_XML_DIR)" fileName="DataManipCommon.xml"/>
            <subDataManip objectReferenceLabel="DB_ERROR" />
            <targetFieldPath value="target" />
            <targetFieldPath value="LOCAL" />
            <targetFieldPath value="TABELA"/>
        </call> 
        <command label="  ========= Loader tabela TBSW0040 =========  " objectReferenceLabel="FIELDSET_DUMP">
            <sourceFieldPath value = "TABELA" />
        </command>
    </dataManip>
    
    <!-- @Info: LOADER_TBSW0041 -->
    <dataManip label="LOADER_TBSW0041" >
        <fieldSetReference reference="arg0" alias="target"/>
        <fieldSetReference reference="arg1" alias="LOCAL"/>
        <fieldSetReference reference="arg2" alias="TABELA"/>
        
        <command label="load_tbsw0041_record" objectReferenceLabel="TBSW0041LOADER" >
            <sourceFieldPath value="target"/>
            <targetFieldPath value="TABELA"/>
        </command>
        <call label="CHECK_DB_ERROR">
            <dataManipXml filePath="$(FEGEN_XML_DIR)" fileName="DataManipCommon.xml"/>
            <subDataManip objectReferenceLabel="DB_ERROR" />
            <targetFieldPath value="target" />
            <targetFieldPath value="LOCAL" />
            <targetFieldPath value="TABELA"/>
        </call> 
        <command label="  ========= Loader tabela TBSW0041 =========  " objectReferenceLabel="FIELDSET_DUMP2">
            <sourceFieldPath value = "TABELA" />
        </command>
    </dataManip>
    
    <!-- @Info: LOADER_TBSW0042 -->
    <dataManip label="LOADER_TBSW0042" >
        <fieldSetReference reference="arg0" alias="target"/>
        <fieldSetReference reference="arg1" alias="LOCAL"/>
        <fieldSetReference reference="arg2" alias="TABELA"/>
        
        <command label="load_tbsw0042_record" objectReferenceLabel="TBSW0042LOADER" >
            <sourceFieldPath value="target"/>
            <targetFieldPath value="TABELA"/>
        </command>
        <call label="CHECK_DB_ERROR">
            <dataManipXml filePath="$(FEGEN_XML_DIR)" fileName="DataManipCommon.xml"/>
            <subDataManip objectReferenceLabel="DB_ERROR" />
            <targetFieldPath value="target" />
            <targetFieldPath value="LOCAL" />
            <targetFieldPath value="TABELA"/>
        </call> 
        <command label="  ========= Loader tabela TBSW0042 =========  " objectReferenceLabel="FIELDSET_DUMP2">
            <sourceFieldPath value = "TABELA" />
        </command>
    </dataManip>
    
    <!-- @Info: LOADER_TBSW0042 -->
    <dataManip label="UPDATE_TBSW0042" >
        <fieldSetReference reference="arg0" alias="target"/>
        <fieldSetReference reference="arg1" alias="LOCAL"/>
        <fieldSetReference reference="arg2" alias="TABELA"/>
        
        <command label="load_tbsw0042_record" objectReferenceLabel="TBSW0042UPDATER" >
            <sourceFieldPath value="target"/>
            <targetFieldPath value="TABELA"/>
        </command>
        
        <call label="CHECK_DB_ERROR">
            <dataManipXml filePath="$(FEGEN_XML_DIR)" fileName="DataManipCommon.xml"/>
            <subDataManip objectReferenceLabel="DB_ERROR" />
            <targetFieldPath value="target" />
            <targetFieldPath value="LOCAL" />
            <targetFieldPath value="TABELA"/>
        </call> 
        <command label="  ========= UPDATE tabela TBSW0042 =========  " objectReferenceLabel="FIELDSET_DUMP2">
            <sourceFieldPath value = "TABELA" />
        </command>
    </dataManip>
    
    <!-- @Info: LOADER_TBSW0043 -->
    <dataManip label="LOADER_TBSW0043" >
        <fieldSetReference reference="arg0" alias="target"/>
        <fieldSetReference reference="arg1" alias="LOCAL"/>
        <fieldSetReference reference="arg2" alias="TABELA"/>
        
        <command label="load_tbsw0043_record" objectReferenceLabel="TBSW0043LOADER" >
            <sourceFieldPath value="target"/>
            <targetFieldPath value="TABELA"/>
        </command>
        <call label="CHECK_DB_ERROR TBSW0043LOADER">
            <dataManipXml filePath="$(FEGEN_XML_DIR)" fileName="DataManipCommon.xml"/>
            <subDataManip objectReferenceLabel="DB_ERROR" />
            <targetFieldPath value="target" />
            <targetFieldPath value="LOCAL" />
            <targetFieldPath value="TABELA"/>
        </call> 
        <command label="  ========= Loader tabela TBSW0043 =========  " objectReferenceLabel="FIELDSET_DUMP2">
            <sourceFieldPath value = "TABELA" />
        </command>
    </dataManip>

    <!-- @Info: LOADER_TBSW0044 -->
    <dataManip label="LOADER_TBSW0044" >
        <fieldSetReference reference="arg0" alias="target"/>
        <fieldSetReference reference="arg1" alias="LOCAL"/>
        <fieldSetReference reference="arg2" alias="TABELA"/>
        
        <command label="load_tbsw0044_record" objectReferenceLabel="TBSW0044LOADER" >
            <sourceFieldPath value="target"/>
            <targetFieldPath value="TABELA"/>
        </command>
        <call label="CHECK_DB_ERROR">
            <dataManipXml filePath="$(FEGEN_XML_DIR)" fileName="DataManipCommon.xml"/>
            <subDataManip objectReferenceLabel="DB_ERROR" />
            <targetFieldPath value="target" />
            <targetFieldPath value="LOCAL" />
            <targetFieldPath value="TABELA"/>
        </call> 
        <command label="  ========= Loader tabela TBSW0044 =========  " objectReferenceLabel="FIELDSET_DUMP2">
            <sourceFieldPath value = "TABELA" />
        </command>
    </dataManip>

    <!-- @Info: LOADER_TBSW0071 -->
    <dataManip label="LOADER_TBSW0071" >
        <fieldSetReference reference="arg0" alias="target"/>
        <fieldSetReference reference="arg1" alias="LOCAL"/>
        <fieldSetReference reference="arg2" alias="TABELA"/>
        
        <command label="load_tbsw0071_record" objectReferenceLabel="TBSW0071LOADER" >
            <sourceFieldPath value="target"/>
            <targetFieldPath value="TABELA"/>
        </command>
        <call label="CHECK_DB_ERROR">
            <dataManipXml filePath="$(FEGEN_XML_DIR)" fileName="DataManipCommon.xml"/>
            <subDataManip objectReferenceLabel="DB_ERROR" />
            <targetFieldPath value="target" />
            <targetFieldPath value="LOCAL" />
            <targetFieldPath value="TABELA"/>
        </call> 
        <command label="  ========= Loader tabela TBSW0071 =========  " objectReferenceLabel="FIELDSET_DUMP2">
            <sourceFieldPath value = "TABELA" />
        </command>
    </dataManip>
    
    <!-- @Info: LOADER_TBSW0073 -->
    <dataManip label="LOADER_TBSW0073" >
        <fieldSetReference reference="arg0" alias="target"/>
        <fieldSetReference reference="arg1" alias="LOCAL"/>
        <fieldSetReference reference="arg2" alias="TABELA"/>
        
        <command label="load_tbsw0073_record" objectReferenceLabel="TBSW0073LOADER" >
            <sourceFieldPath value="target"/>
            <targetFieldPath value="TABELA"/>
        </command>
        <call label="CHECK_DB_ERROR">
            <dataManipXml filePath="$(FEGEN_XML_DIR)" fileName="DataManipCommon.xml"/>
            <subDataManip objectReferenceLabel="DB_ERROR" />
            <targetFieldPath value="target" />
            <targetFieldPath value="LOCAL" />
            <targetFieldPath value="TABELA"/>
        </call> 
        <command label="  ========= Loader tabela TBSW0073 =========  " objectReferenceLabel="FIELDSET_DUMP2">
            <sourceFieldPath value = "TABELA" />
        </command>
    </dataManip>

    <!-- @Info: LOADER_TBSW0084 -->
    <dataManip label="LOADER_TBSW0084" >
        <fieldSetReference reference="arg0" alias="target"/>
        <fieldSetReference reference="arg1" alias="LOCAL"/>
        <fieldSetReference reference="arg2" alias="TABELA"/>
        
        <command label="load_tbsw0084_record" objectReferenceLabel="TBSW0084LOADER" >
            <sourceFieldPath value="target"/>
            <sourceFieldPath value="LOCAL"/>
            <targetFieldPath value="TABELA"/>
        </command>
        <call label="CHECK_DB_ERROR">
            <dataManipXml filePath="$(FEGEN_XML_DIR)" fileName="DataManipCommon.xml"/>
            <subDataManip objectReferenceLabel="DB_ERROR" />
            <targetFieldPath value="target" />
            <targetFieldPath value="LOCAL" />
            <targetFieldPath value="TABELA"/>
        </call> 
        <command label="  ========= Loader tabela TBSW0084 =========  " objectReferenceLabel="FIELDSET_DUMP2">
            <sourceFieldPath value = "TABELA" />
        </command>
    </dataManip>

    <!-- @Info: LOADER_TBSW0087 -->
    <dataManip label="LOADER_TBSW0087" >
        <fieldSetReference reference="arg0" alias="target"/>
        <fieldSetReference reference="arg1" alias="LOCAL"/>
        <fieldSetReference reference="arg2" alias="TABELA"/>
        
        <command label="load_tbsw0087_record" objectReferenceLabel="TBSW0087LOADER" >
            <sourceFieldPath value="target"/>
            <targetFieldPath value="TABELA"/>
        </command>
        <call label="CHECK_DB_ERROR">
            <dataManipXml filePath="$(FEGEN_XML_DIR)" fileName="DataManipCommon.xml"/>
            <subDataManip objectReferenceLabel="DB_ERROR" />
            <targetFieldPath value="target" />
            <targetFieldPath value="LOCAL" />
            <targetFieldPath value="TABELA"/>
        </call> 
        <command label="  ========= Loader tabela TBSW0087 =========  " objectReferenceLabel="FIELDSET_DUMP2">
            <sourceFieldPath value = "TABELA" />
        </command>
    </dataManip>
    
    <!-- @Info: LOADER_TBSW0031 -->
    <dataManip label="LOADER_TBSW0031" >
        <fieldSetReference reference="arg0" alias="target"/>
        <fieldSetReference reference="arg1" alias="LOCAL"/>
        <fieldSetReference reference="arg2" alias="TABELA"/>
        
        <command label="load_tbsw0031_record" objectReferenceLabel="TBSW0031LOADER" >
            <sourceFieldPath value="target"/>
            <targetFieldPath value="TABELA"/>
        </command>
        <call label="CHECK_DB_ERROR">
            <dataManipXml filePath="$(FEGEN_XML_DIR)" fileName="DataManipCommon.xml"/>
            <subDataManip objectReferenceLabel="DB_ERROR" />
            <targetFieldPath value="target" />
            <targetFieldPath value="LOCAL" />
            <targetFieldPath value="TABELA"/>
        </call> 
        <command label="  ========= Loader tabela TBSW0031 =========  " objectReferenceLabel="FIELDSET_DUMP2">
            <sourceFieldPath value = "TABELA" />
        </command>
    </dataManip>

    <!-- @Info: UPDATE_TBSW0045 -->
    <dataManip label="UPDATE_TBSW0045" >
        <fieldSetReference reference="arg0" alias="target"/>
        <fieldSetReference reference="arg1" alias="LOCAL"/>

        <declare label="TBSW0045">
            <field label="RESULT"/>
        </declare>
        <command label="update_tbsw0045_record" objectReferenceLabel="TBSW0045UPDATER" >
            <sourceFieldPath value="target"/>
            <sourceFieldPath value="LOCAL"/>
            <targetFieldPath value="TBSW0045" />
        </command>
        <call label="CHECK_DB_ERROR_TBSW0045">
            <dataManipXml filePath="$(FEGEN_XML_DIR)" fileName="DataManipCommon.xml"/>
            <subDataManip objectReferenceLabel="DB_ERROR" />
            <targetFieldPath value="target" />
            <targetFieldPath value="LOCAL" />
            <targetFieldPath value="TBSW0045"/>
        </call>
        <command label=" ========== UPDATE NA TBSW0045 =========" objectReferenceLabel="FIELDSET_DUMP2">
            <sourceFieldPath value = "TBSW0045.RESULT" />
        </command>
    </dataManip> 
    
    <!-- @Info: UPDATE_TBSW0154 -->
    <dataManip label="UPDATE_TBSW0154" >
        <fieldSetReference reference="arg0" alias="target"/>
        <fieldSetReference reference="arg1" alias="LOCAL"/>

        <declare label="TBSW0154">
            <field label="RESULT"/>
        </declare>
        <command label="update_tbsw0154_record" objectReferenceLabel="TBSW0154UPDATER" >
            <sourceFieldPath value="target"/>
            <sourceFieldPath value="LOCAL"/>
            <targetFieldPath value="TBSW0154" />
        </command>
        <call label="CHECK_DB_ERROR_TBSW0154">
            <dataManipXml filePath="$(FEGEN_XML_DIR)" fileName="DataManipCommon.xml"/>
            <subDataManip objectReferenceLabel="DB_ERROR" />
            <targetFieldPath value="target" />
            <targetFieldPath value="LOCAL" />
            <targetFieldPath value="TBSW0154"/>
        </call>
        <command label=" ========== UPDATE NA TBSW0154 =========" objectReferenceLabel="FIELDSET_DUMP2">
            <sourceFieldPath value = "TBSW0154.RESULT" />
        </command>
    </dataManip> 
    
    <!-- @Info: LOADER_TBSW0047 -->
    <dataManip label="LOADER_TBSW0047" >
        <fieldSetReference reference="arg0" alias="target"/>
        <fieldSetReference reference="arg1" alias="LOCAL"/>
        <fieldSetReference reference="arg2" alias="TABELA"/>
        
        <command label="load_tbsw0047_record" objectReferenceLabel="TBSW0047LOADER" >
            <sourceFieldPath value="target"/>
            <targetFieldPath value="TABELA"/>
        </command>
        <call label="CHECK_DB_ERROR">
            <dataManipXml filePath="$(FEGEN_XML_DIR)" fileName="DataManipCommon.xml"/>
            <subDataManip objectReferenceLabel="DB_ERROR" />
            <targetFieldPath value="target" />
            <targetFieldPath value="LOCAL" />
            <targetFieldPath value="TABELA"/>
        </call> 
        <command label="  ========= Loader tabela TBSW0047 =========  " objectReferenceLabel="FIELDSET_DUMP2">
            <sourceFieldPath value = "TABELA" />
        </command>
    </dataManip> 

    <!-- @Info: LOADER_TBSW0152 -->
    <dataManip label="LOADER_TBSW0152" >
        <fieldSetReference reference="arg0" alias="target"/>
        <fieldSetReference reference="arg1" alias="LOCAL"/>
        <fieldSetReference reference="arg2" alias="TABELA"/>
        
        <command label="load_tbsw0152_record" objectReferenceLabel="TBSW0152LOADER" >
            <sourceFieldPath value="target"/>
            <targetFieldPath value="TABELA"/>
        </command>
        <call label="CHECK_DB_ERROR">
            <dataManipXml filePath="$(FEGEN_XML_DIR)" fileName="DataManipCommon.xml"/>
            <subDataManip objectReferenceLabel="DB_ERROR" />
            <targetFieldPath value="target" />
            <targetFieldPath value="LOCAL" />
            <targetFieldPath value="TABELA"/>
        </call>
        <command label="  ========= Loader tabela TBSW0152 =========  " objectReferenceLabel="FIELDSET_DUMP2">
            <sourceFieldPath value = "TABELA" />
        </command>
    </dataManip>

    <!-- @Info: LOADER_TBSW0153 -->
    <dataManip label="LOADER_TBSW0153" >
        <fieldSetReference reference="arg0" alias="target"/>
        <fieldSetReference reference="arg1" alias="LOCAL"/>
        <fieldSetReference reference="arg2" alias="TABELA"/>
        
        <command label="load_tbsw0153_record" objectReferenceLabel="TBSW0153LOADER" >
            <sourceFieldPath value="target"/>
            <targetFieldPath value="TABELA"/>
        </command>
        <call label="CHECK_DB_ERROR">
            <dataManipXml filePath="$(FEGEN_XML_DIR)" fileName="DataManipCommon.xml"/>
            <subDataManip objectReferenceLabel="DB_ERROR" />
            <targetFieldPath value="target" />
            <targetFieldPath value="LOCAL" />
            <targetFieldPath value="TABELA"/>
        </call>
        <command label="  ========= Loader tabela TBSW0153 =========  " objectReferenceLabel="FIELDSET_DUMP2">
            <sourceFieldPath value = "TABELA" />
        </command>
    </dataManip>

    <!-- @Info: INSERT_TBSW0035 -->
    <dataManip label="INSERT_TBSW0035" >
        <fieldSetReference reference="arg0" alias="target"/>
        <fieldSetReference reference="arg1" alias="LOCAL"/>

        <declare label="TBSW0035">
            <field label="RESULT"/>
        </declare>
        <command label="insert_tbsw0035_record" objectReferenceLabel="TBSW0035INSERTER" >
            <sourceFieldPath value="target"/>
            <sourceFieldPath value="LOCAL"/>
            <targetFieldPath value="TBSW0035" />
        </command>
        <call label="CHECK_DB_ERROR_TBSW0035">
            <dataManipXml filePath="$(FEGEN_XML_DIR)" fileName="DataManipCommon.xml"/>
            <subDataManip objectReferenceLabel="DB_ERROR" />
            <targetFieldPath value="target" />
            <targetFieldPath value="LOCAL" />
            <targetFieldPath value="TBSW0035"/>
        </call>
        <command label=" ========== TRANSACAO INSERIDA NA TBSW0035 =========" objectReferenceLabel="FIELDSET_DUMP2">
            <sourceFieldPath value = "TBSW0035.RESULT" />
        </command>
    </dataManip>   

    <!-- @Info: INSERT_TBSW0156 -->
    <dataManip label="INSERT_TBSW0156" >
        <fieldSetReference reference="arg0" alias="target"/>
        <fieldSetReference reference="arg1" alias="LOCAL"/>

        <declare label="TBSW0156">
            <field label="RESULT"/>
        </declare>
        <command label="insert_tbsw0156_record" objectReferenceLabel="TBSW0156INSERTER" >
            <sourceFieldPath value="target"/>
            <sourceFieldPath value="LOCAL"/>
            <targetFieldPath value="TBSW0156" />
        </command>
        <call label="CHECK_DB_ERROR_TBSW0156">
            <dataManipXml filePath="$(FEGEN_XML_DIR)" fileName="DataManipCommon.xml"/>
            <subDataManip objectReferenceLabel="DB_ERROR" />
            <targetFieldPath value="target" />
            <targetFieldPath value="LOCAL" />
            <targetFieldPath value="TBSW0156"/>
        </call>
        <command label=" ========== TRANSACAO INSERIDA NA TBSW0156 =========" objectReferenceLabel="FIELDSET_DUMP2">
            <sourceFieldPath value = "TBSW0156.RESULT" />
        </command>
    </dataManip>   
    
    <!-- @Info: UPDATE_TBSW0156 -->
    <dataManip label="UPDATE_TBSW0156" >
        <fieldSetReference reference="arg0" alias="target"/>
        <fieldSetReference reference="arg1" alias="LOCAL"/>

        <declare label="TBSW0156">
            <field label="RESULT"/>
        </declare>
        <command label="update_tbsw0156_record" objectReferenceLabel="TBSW0156UPDATER" >
            <sourceFieldPath value="target"/>
            <sourceFieldPath value="LOCAL"/>
            <targetFieldPath value="TBSW0156" />
        </command>
        <call label="CHECK_DB_ERROR_TBSW0156">
            <dataManipXml filePath="$(FEGEN_XML_DIR)" fileName="DataManipCommon.xml"/>
            <subDataManip objectReferenceLabel="DB_ERROR" />
            <targetFieldPath value="target" />
            <targetFieldPath value="LOCAL" />
            <targetFieldPath value="TBSW0156"/>
        </call>
        <command label=" ========== UPDATE NA TBSW0156 =========" objectReferenceLabel="FIELDSET_DUMP2">
            <sourceFieldPath value = "TBSW0156.RESULT" />
        </command>
    </dataManip>   
    
    <!-- @Info: LOADER_TBSW0156 -->
    <dataManip label="LOADER_TBSW0156" >
        <fieldSetReference reference="arg0" alias="target"/>
        <fieldSetReference reference="arg1" alias="LOCAL"/>
        <fieldSetReference reference="arg2" alias="TABELA"/>
        
        <command label="load_tbsw0156_record" objectReferenceLabel="TBSW0156LOADER" >
            <sourceFieldPath value="target"/>
            <targetFieldPath value="TABELA"/>
        </command>
        <call label="CHECK_DB_ERROR">
            <dataManipXml filePath="$(FEGEN_XML_DIR)" fileName="DataManipCommon.xml"/>
            <subDataManip objectReferenceLabel="DB_ERROR" />
            <targetFieldPath value="target" />
            <targetFieldPath value="LOCAL" />
            <targetFieldPath value="TABELA"/>
        </call> 
        <command label="  ========= Loader tabela TBSW0156 =========  " objectReferenceLabel="FIELDSET_DUMP2">
            <sourceFieldPath value = "TABELA" />
        </command>
    </dataManip> 

    <!-- @Info: UPDATE_TBSW0033 -->
    <dataManip label="UPDATE_TBSW0033" >
        <fieldSetReference reference="arg0" alias="target"/>
        <fieldSetReference reference="arg1" alias="LOCAL"/>

        <declare label="TBSW0033">
            <field label="RESULT"/>
        </declare>
        <command label="update_tbsw0033_record" objectReferenceLabel="TBSW0033UPDATER" >
            <sourceFieldPath value="target"/>
            <sourceFieldPath value="LOCAL"/>
            <targetFieldPath value="TBSW0033" />
        </command>
        <call label="CHECK_DB_ERROR_TBSW0033">
            <dataManipXml filePath="$(FEGEN_XML_DIR)" fileName="DataManipCommon.xml"/>
            <subDataManip objectReferenceLabel="DB_ERROR" />
            <targetFieldPath value="target" />
            <targetFieldPath value="LOCAL" />
            <targetFieldPath value="TBSW0033"/>
        </call>
        <command label=" ========== UPDATE NA TBSW0033 =========" objectReferenceLabel="FIELDSET_DUMP2">
            <sourceFieldPath value = "TBSW0033.RESULT" />
        </command>
    </dataManip>    

    <!-- @Info: INSERT_TBSW0083 -->
    <dataManip label="INSERT_TBSW0083" >
        <fieldSetReference reference="arg0" alias="target"/>
        <fieldSetReference reference="arg0.segments.common" alias="common"/>
        <fieldSetReference reference="arg1" alias="LOCAL"/>

        <declare label="TBSW0083">
            <field label="RESULT"/>
        </declare>
        
        <conditional-block label="insert_tbsw0152_record" >
            <if objectReferenceLabel="EXPR">
            <expr value="common.msg_name == 'CONS_AVS'" />
                <command label="insert_tbsw0083_record" objectReferenceLabel="TBSW0083INSERTER" >
                    <sourceFieldPath value="target"/>
                    <sourceFieldPath value="LOCAL"/>
                    <targetFieldPath value="TBSW0083" />
                </command>
                <call label="CHECK_DB_ERROR_TBSW0083">
                    <dataManipXml filePath="$(FEGEN_XML_DIR)" fileName="DataManipCommon.xml"/>
                    <subDataManip objectReferenceLabel="DB_ERROR" />
                    <targetFieldPath value="target" />
                    <targetFieldPath value="LOCAL" />
                    <targetFieldPath value="TBSW0083"/>
                </call>
                <command label=" ========== TRANSACAO INSERIDA NA TBSW0083 =========" objectReferenceLabel="FIELDSET_DUMP2">
                    <sourceFieldPath value = "TBSW0083.RESULT" />
                </command>
            </if>
        </conditional-block>
    </dataManip>   
    
    <!-- @Info: UPDATE_TBSW0083 -->
    <dataManip label="UPDATE_TBSW0083" >
        <fieldSetReference reference="arg0" alias="target"/>
        <fieldSetReference reference="arg0.segments.common" alias="common"/>
        <fieldSetReference reference="arg1" alias="LOCAL"/>

        <declare label="TBSW0083">
            <field label="RESULT"/>
        </declare>
        
        <conditional-block label="insert_tbsw0152_record" >
            <if objectReferenceLabel="EXPR">
            <expr value="common.msg_name == 'CONS_AVS'" />
                <command label="update_tbsw0083_record" objectReferenceLabel="TBSW0083UPDATER" >
                    <sourceFieldPath value="target"/>
                    <sourceFieldPath value="LOCAL"/>
                    <targetFieldPath value="TBSW0083" />
                </command>
                <call label="CHECK_DB_ERROR_TBSW0083">
                    <dataManipXml filePath="$(FEGEN_XML_DIR)" fileName="DataManipCommon.xml"/>
                    <subDataManip objectReferenceLabel="DB_ERROR" />
                    <targetFieldPath value="target" />
                    <targetFieldPath value="LOCAL" />
                    <targetFieldPath value="TBSW0083"/>
                </call>
                <command label=" ========== UPDATE NA TBSW0083 =========" objectReferenceLabel="FIELDSET_DUMP2">
                    <sourceFieldPath value = "TBSW0083.RESULT" />
                </command>
            </if>
        </conditional-block>
    </dataManip>   
    
    <!-- @Info: LOADER_TBSW0158 -->
    <dataManip label="LOADER_TBSW0158" >
        <fieldSetReference reference="arg0" alias="target"/>
        <fieldSetReference reference="arg1" alias="LOCAL"/>
        <fieldSetReference reference="arg2" alias="TABELA"/>
        
        <declare label="EMP_ADQT">
            <field label="CIELO" value="020" />
            <field label="AMEX" value="022" />
        </declare>

        <conditional-block label="CHECK_AMEX">
        <if objectReferenceLabel="EXPR">
            <expr value="target.segments.common.iss_name == 'AMEX'" />

            <command label="set_amex" objectReferenceLabel="COPY" >
                <sourceFieldPath value="EMP_ADQT.AMEX" />
                <targetFieldPath value="target.segments.common.cod_emp_adqt" />
            </command>

        </if>
        </conditional-block>

        <conditional-block label="CHECK_CIELO">
        <if objectReferenceLabel="EXPR">
            <expr value="target.segments.common.iss_name in ( 'ELO_CRT, ELO_DBT, ALELO' )" />

            <command label="set_elo" objectReferenceLabel="COPY" >
                <sourceFieldPath value="EMP_ADQT.CIELO" />
                <targetFieldPath value="target.segments.common.cod_emp_adqt" />
            </command>

        </if>
        </conditional-block>

        <command label="load_tbsw0158_record" objectReferenceLabel="TBSW0158LOADER" >
            <sourceFieldPath value="target"/>
            <targetFieldPath value="TABELA"/>
        </command>
        <call label="CHECK_DB_ERROR">
            <dataManipXml filePath="$(FEGEN_XML_DIR)" fileName="DataManipCommon.xml"/>
            <subDataManip objectReferenceLabel="DB_ERROR" />
            <targetFieldPath value="target" />
            <targetFieldPath value="LOCAL" />
            <targetFieldPath value="TABELA"/>
        </call> 
        <command label="  ========= Loader tabela TBSW0158 =========  " objectReferenceLabel="FIELDSET_DUMP2">
            <sourceFieldPath value = "TABELA" />
        </command>
    </dataManip> 

    <!-- @Info: LOADER_TBSW0264 -->
    <dataManip label="LOADER_TBSW0264" >
        <fieldSetReference reference="arg0" alias="target"/>
        <fieldSetReference reference="arg1" alias="LOCAL"/>
        <fieldSetReference reference="arg2" alias="TABELA"/>
        
        <command label="load_tbsw0264_record" objectReferenceLabel="TBSW0264LOADER" >
            <sourceFieldPath value="target"/>
            <targetFieldPath value="TABELA"/>
        </command>
        <call label="CHECK_DB_ERROR">
            <dataManipXml filePath="$(FEGEN_XML_DIR)" fileName="DataManipCommon.xml"/>
            <subDataManip objectReferenceLabel="DB_ERROR" />
            <targetFieldPath value="target" />
            <targetFieldPath value="LOCAL" />
            <targetFieldPath value="TABELA"/>
        </call> 
        <command label="  ========= Loader tabela TBSW0264 =========  " objectReferenceLabel="FIELDSET_DUMP2">
            <sourceFieldPath value = "TABELA" />
        </command>
    </dataManip> 

    <!-- @Info: LOADER_TBSW0140 -->
    <dataManip label="LOADER_TBSW0140" >
        <fieldSetReference reference="arg0" alias="target"/>
        <fieldSetReference reference="arg1" alias="LOCAL"/>
        <fieldSetReference reference="arg2" alias="TABELA"/>
        
        <command label="load_tbsw0140_record" objectReferenceLabel="TBSW0140LOADER" >
            <sourceFieldPath value="target"/>
            <targetFieldPath value="TABELA"/>
        </command>
        <call label="CHECK_DB_ERROR">
            <dataManipXml filePath="$(FEGEN_XML_DIR)" fileName="DataManipCommon.xml"/>
            <subDataManip objectReferenceLabel="DB_ERROR" />
            <targetFieldPath value="target" />
            <targetFieldPath value="LOCAL" />
            <targetFieldPath value="TABELA"/>
        </call> 
        <command label="  ========= Loader tabela TBSW0140 =========  " objectReferenceLabel="FIELDSET_DUMP2">
            <sourceFieldPath value = "TABELA" />
        </command>
    </dataManip>
    
    <!-- @Info: LOADER_TBSW0161 -->
    <dataManip label="LOADER_TBSW0161" >
        <fieldSetReference reference="arg0" alias="target"/>
        <fieldSetReference reference="arg1" alias="LOCAL"/>
        <fieldSetReference reference="arg2" alias="TABELA"/>
        
        <command label="load_tbsw0161_record" objectReferenceLabel="TBSW0161LOADER" >
            <sourceFieldPath value="target"/>
            <targetFieldPath value="TABELA"/>
        </command>
        <call label="CHECK_DB_ERROR">
            <dataManipXml filePath="$(FEGEN_XML_DIR)" fileName="DataManipCommon.xml"/>
            <subDataManip objectReferenceLabel="DB_ERROR" />
            <targetFieldPath value="target" />
            <targetFieldPath value="LOCAL" />
            <targetFieldPath value="TABELA"/>
        </call> 
        <command label="  ========= Loader tabela TBSW0161 =========  " objectReferenceLabel="FIELDSET_DUMP2">
            <sourceFieldPath value = "TABELA" />
        </command>
    </dataManip>
    
    <!-- @Info: INSERT_TBSW0101 -->
    <dataManip label="INSERT_TBSW0101" >
        <fieldSetReference reference="arg0" alias="target" />
		<fieldSetReference reference="arg0.segments.common" alias="common" />
        <fieldSetReference reference="arg1" alias="LOCAL"/>

        <declare label="TBSW0101" >
            <field label="RESULT" />
        </declare>

        <!-- ID_231690 - NFC Elo e Diners - Inclusao ELO Credito e Debito -->
        <conditional-block label="insert_into_tbsw0101" >
            <if objectReferenceLabel="EXPR">
            <expr value="common.iss_name in ('MASTERCARD   , HIPERCARD_CRT , MASTER_HIPER_CRT , HIPERCARD_CRT_HMV ,
                                              MAESTRO      , HIPERCARD_DBT , MASTER_HIPER_DBT , HIPERCARD_DBT_HMV ,
                                              VISA_CREDITO , VISA_ELECTRON, ELO_CRT_FULL, ELO_DBT_FULL' ) &amp;&amp;
                        ( common.tokenAssuranceLevel != '' || common.paymentAccountReference != '' )" />
                <command label="insert_tbsw0101_record" objectReferenceLabel="TBSW0101INSERTER" >
                    <sourceFieldPath value="target"/>
                    <sourceFieldPath value="LOCAL"/>
                    <targetFieldPath value="TBSW0101" />
                </command>
                <call label="CHECK_DB_ERROR">
                    <dataManipXml filePath="$(FEGEN_XML_DIR)" fileName="DataManipCommon.xml"/>
                    <subDataManip objectReferenceLabel="DB_ERROR" />
                    <targetFieldPath value="target" />
                    <targetFieldPath value="LOCAL" />
                    <targetFieldPath value="TBSW0101"/>
                </call> 
                <command label="  ========= Insert tabela TBSW0101 =========  " objectReferenceLabel="FIELDSET_DUMP2">
                    <sourceFieldPath value = "TBSW0101" />
                </command>
            </if>
        </conditional-block>

    </dataManip>

    <dataManip label="UPDATE_TBSW0101" >
        <fieldSetReference reference="arg0" alias="target"/>
		<fieldSetReference reference="arg0.segments.common" alias="common" />
        <fieldSetReference reference="arg1" alias="LOCAL"/>

        <declare label="TBSW0101">
            <field label="RESULT"/>
        </declare>

        <conditional-block label="update_tbsw0101" >
            <if objectReferenceLabel="EXPR">
            <expr value="( common.iss_name in ('MASTERCARD   , HIPERCARD_CRT , MASTER_HIPER_CRT , HIPERCARD_CRT_HMV ,
                                                MAESTRO      , HIPERCARD_DBT , MASTER_HIPER_DBT , HIPERCARD_DBT_HMV ,
                                                VISA_CREDITO , VISA_ELECTRON', ELO_CRT_FULL, ELO_DBT_FULL ) )  &amp;&amp;
                         ( common.tokenAssuranceLevel != '' || common.paymentAccountReference != '' )" />
                <command label="update_tbsw0101_record" objectReferenceLabel="TBSW0101UPDATER" >
                    <sourceFieldPath value="target"/>
                    <sourceFieldPath value="LOCAL"/>
                    <targetFieldPath value="TBSW0101" />
                </command>
                <call label="CHECK_DB_ERROR_TBSW0101">
                    <dataManipXml filePath="$(FEGEN_XML_DIR)" fileName="DataManipCommon.xml"/>
                    <subDataManip objectReferenceLabel="DB_ERROR" />
                    <targetFieldPath value="target" />
                    <targetFieldPath value="LOCAL" />
                    <targetFieldPath value="TBSW0101"/>
                </call>
                <command label=" ========== UPDATE NA TBSW0101 =========" objectReferenceLabel="FIELDSET_DUMP2">
                    <sourceFieldPath value = "TBSW0101" />
                </command>
            </if>
        </conditional-block>

    </dataManip>

    <!-- @Info: LOADER_TBSW0101 -->
    <dataManip label="LOADER_TBSW0101" >
        <fieldSetReference reference="arg0" alias="target"/>
		<fieldSetReference reference="arg0.segments.common" alias="common" />
        <fieldSetReference reference="arg1" alias="LOCAL"/>
        <fieldSetReference reference="arg2" alias="TABELA"/>

        <command label="load_tbsw0101_record" objectReferenceLabel="TBSW0101LOADER" >
            <sourceFieldPath value="target"/>
            <sourceFieldPath value="LOCAL"/>
            <targetFieldPath value="TABELA"/>
        </command>
        <call label="CHECK_DB_ERROR">
            <dataManipXml filePath="$(FEGEN_XML_DIR)" fileName="DataManipCommon.xml"/>
            <subDataManip objectReferenceLabel="DB_ERROR" />
            <targetFieldPath value="target" />
            <targetFieldPath value="LOCAL" />
            <targetFieldPath value="TABELA"/>
        </call>
        <command label="  ========= Loader tabela TBSW0101 =========  " objectReferenceLabel="FIELDSET_DUMP2">
            <sourceFieldPath value = "TABELA" />
        </command>

    </dataManip>

    <!-- @Info: INSERT_TBSW0102 -->
    <dataManip label="INSERT_TBSW0102" >
        <fieldSetReference reference="arg0" alias="target"/>
		<fieldSetReference reference="arg0.segments.common" alias="common" />
        <fieldSetReference reference="arg1" alias="LOCAL"/>

        <declare label="TBSW0102">
            <field label="RESULT"/>
        </declare>

        <!-- ID_231690 - NFC Elo e Diners - Inclusao ELO Credito e Debito -->
        <conditional-block label="insert_tbsw0102" >
            <if objectReferenceLabel="EXPR">
            <expr value="common.iss_name in ('MASTERCARD   , HIPERCARD_CRT , MASTER_HIPER_CRT , HIPERCARD_CRT_HMV ,
                                              VISA_CREDITO, ELO_CRT_FULL, ELO_DBT_FULL' ) &amp;&amp;
                         ( common.tokenAssuranceLevel != '' || common.paymentAccountReference != '' )" />
                <command label="insert_tbsw0102_record" objectReferenceLabel="TBSW0102INSERTER" >
                    <sourceFieldPath value="target"/>
                    <sourceFieldPath value="LOCAL"/>
                    <targetFieldPath value="TBSW0102"/>
                </command>
                <call label="CHECK_DB_ERROR">
                    <dataManipXml filePath="$(FEGEN_XML_DIR)" fileName="DataManipCommon.xml"/>
                    <subDataManip objectReferenceLabel="DB_ERROR" />
                    <targetFieldPath value="target" />
                    <targetFieldPath value="LOCAL" />
                    <targetFieldPath value="TBSW0102"/>
                </call> 
                <command label="  ========= Insert tabela TBSW0102 =========  " objectReferenceLabel="FIELDSET_DUMP2">
                    <sourceFieldPath value = "TBSW0102" />
                </command>
            </if>
        </conditional-block>

    </dataManip>

    <dataManip label="UPDATE_TBSW0102" >
        <fieldSetReference reference="arg0" alias="target"/>
		<fieldSetReference reference="arg0.segments.common" alias="common" />
        <fieldSetReference reference="arg1" alias="LOCAL"/>

        <declare label="TBSW0102">
            <field label="RESULT"/>
        </declare>

        <conditional-block label="update_tbsw0102" >
            <if objectReferenceLabel="EXPR">
            <expr value="( common.iss_name in ('MASTERCARD   , HIPERCARD_CRT , MASTER_HIPER_CRT , HIPERCARD_CRT_HMV ,
                                                VISA_CREDITO', ELO_CRT_FULL, ELO_DBT_FULL ) )  &amp;&amp;
                         ( common.tokenAssuranceLevel != '' || common.paymentAccountReference != '' )" />
                <command label="update_tbsw0102_record" objectReferenceLabel="TBSW0102UPDATER" >
                    <sourceFieldPath value="target"/>
                    <sourceFieldPath value="LOCAL"/>
                    <targetFieldPath value="TBSW0102" />
                </command>
                <call label="CHECK_DB_ERROR_TBSW0102">
                    <dataManipXml filePath="$(FEGEN_XML_DIR)" fileName="DataManipCommon.xml"/>
                    <subDataManip objectReferenceLabel="DB_ERROR" />
                    <targetFieldPath value="target" />
                    <targetFieldPath value="LOCAL" />
                   <targetFieldPath value="TBSW0102"/>
                </call>
                <command label=" ========== UPDATE NA TBSW0102 =========" objectReferenceLabel="FIELDSET_DUMP2">
                    <sourceFieldPath value = "TBSW0102" />
                </command>
            </if>
        </conditional-block>

    </dataManip>

    <!-- @Info: LOADER_TBSW0102 -->
    <dataManip label="LOADER_TBSW0102" >
        <fieldSetReference reference="arg0" alias="target"/>
		<fieldSetReference reference="arg0.segments.common" alias="common" />
        <fieldSetReference reference="arg1" alias="LOCAL"/>
        <fieldSetReference reference="arg2" alias="TABELA"/>

        <command label="load_tbsw0102_record" objectReferenceLabel="TBSW0102LOADER" >
            <sourceFieldPath value="target"/>
            <sourceFieldPath value="LOCAL"/>
            <targetFieldPath value="TABELA"/>
        </command>
        <call label="CHECK_DB_ERROR">
            <dataManipXml filePath="$(FEGEN_XML_DIR)" fileName="DataManipCommon.xml"/>
            <subDataManip objectReferenceLabel="DB_ERROR" />
            <targetFieldPath value="target" />
            <targetFieldPath value="LOCAL" />
            <targetFieldPath value="TABELA"/>
        </call>
        <command label="  ========= Loader tabela TBSW0102 =========  " objectReferenceLabel="FIELDSET_DUMP2">
            <sourceFieldPath value = "TABELA" />
        </command>
                
    </dataManip>
	
    <!-- @Info: INSERT_TBSW0162 -->
    <dataManip label="INSERT_TBSW0162" >
        <fieldSetReference reference="arg0" alias="target"/>
        <fieldSetReference reference="arg1" alias="LOCAL"/>

        <declare label="TBSW0162">
            <field label="RESULT"/>
        </declare>
        <command label="insert_tbsw0030_record" objectReferenceLabel="TBSW0162INSERTER" >
            <sourceFieldPath value="target"/>
            <sourceFieldPath value="LOCAL"/>
            <targetFieldPath value="TBSW0162" />
        </command>
        <call label="CHECK_DB_ERROR_TBSW0162">
            <dataManipXml filePath="$(FEGEN_XML_DIR)" fileName="DataManipCommon.xml"/>
            <subDataManip objectReferenceLabel="DB_ERROR" />
            <targetFieldPath value="target" />
            <targetFieldPath value="LOCAL" />
            <targetFieldPath value="TBSW0162"/>
        </call>
        <command label=" ========== TRANSACAO INSERIDA NA TBSW0162 =========" objectReferenceLabel="FIELDSET_DUMP2">
            <sourceFieldPath value = "TBSW0162.RESULT" />
        </command>
        <command label="COPY_TBSW_RESULT" objectReferenceLabel="COPY">
            <sourceFieldPath value="TBSW0162.RESULT"/>
            <targetFieldPath value="LOCAL.TBSW_RESULT"/>
        </command>

    </dataManip>

    <!-- @Info: LOADER_TBSW0162 -->
    <dataManip label="LOADER_TBSW0162" >
        <fieldSetReference reference="arg0" alias="target"/>
        <fieldSetReference reference="arg1" alias="LOCAL"/>
        <fieldSetReference reference="arg2" alias="TABELA"/>

        <command label="load_tbsw0162_record" objectReferenceLabel="TBSW0162LOADER" >
            <sourceFieldPath value="target"/>
            <targetFieldPath value="TABELA"/>
        </command>
        <call label="CHECK_DB_ERROR">
            <dataManipXml filePath="$(FEGEN_XML_DIR)" fileName="DataManipCommon.xml"/>
            <subDataManip objectReferenceLabel="DB_ERROR" />
            <targetFieldPath value="target" />
            <targetFieldPath value="LOCAL" />
            <targetFieldPath value="TABELA"/>
        </call>
        <command label="  ========= Loader tabela TBSW0162 =========  " objectReferenceLabel="FIELDSET_DUMP2">
            <sourceFieldPath value = "TABELA" />
        </command>
    </dataManip>
    
    <!-- 0939_ONL - SW75 - Implementacao nova trava FE-POS (SCSW-260) - Inicio - JPFC -->
    <dataManip label="LOADER_TBSW0008" >
        <fieldSetReference reference="arg0" alias="target"/>
        <fieldSetReference reference="arg1" alias="LOCAL"/>
        <fieldSetReference reference="arg2" alias="TABELA"/>

        <command label="load_tbsw0008_record" objectReferenceLabel="TBSW0008LOADER" >
            <sourceFieldPath value="target"/>
            <targetFieldPath value="TABELA"/>
        </command>
        <call label="CHECK_DB_ERROR">
            <dataManipXml filePath="$(FEGEN_XML_DIR)" fileName="DataManipCommon.xml"/>
            <subDataManip objectReferenceLabel="DB_ERROR" />
            <targetFieldPath value="target" />
            <targetFieldPath value="LOCAL" />
            <targetFieldPath value="TABELA"/>
        </call>
        <command label="  ========= Loader tabela TBSW0008 =========  " objectReferenceLabel="FIELDSET_DUMP2">
            <sourceFieldPath value = "TABELA" />
        </command>
    </dataManip>

    <dataManip label="LOADER_TBSW2001" >
        <fieldSetReference reference="arg0" alias="target"/>
        <fieldSetReference reference="arg1" alias="LOCAL"/>
        <fieldSetReference reference="arg2" alias="TABELA"/>

        <command label="load_tbsw2001_record" objectReferenceLabel="TBSW2001LOADER" >
            <sourceFieldPath value="target"/>
            <targetFieldPath value="TABELA"/>
        </command>
        <call label="CHECK_DB_ERROR">
            <dataManipXml filePath="$(FEGEN_XML_DIR)" fileName="DataManipCommon.xml"/>
            <subDataManip objectReferenceLabel="DB_ERROR" />
            <targetFieldPath value="target" />
            <targetFieldPath value="LOCAL" />
            <targetFieldPath value="TABELA"/>
        </call>
        <command label="  ========= Loader tabela TBSW2001 =========  " objectReferenceLabel="FIELDSET_DUMP2">
            <sourceFieldPath value = "TABELA" />
        </command>
    </dataManip>
    <!-- 0939_ONL - SW75 - Implementacao nova trava FE-POS (SCSW-260)  - Inicio - JPFC -->
    
    <!-- @Info: LOADER_TBSW0160 -->
    <dataManip label="LOADER_TBSW0160" >
        <fieldSetReference reference="arg0" alias="target"/>
        <fieldSetReference reference="arg1" alias="LOCAL"/>
        <fieldSetReference reference="arg2" alias="TABELA"/>
        
        <command label="load_tbsw0160_record" objectReferenceLabel="TBSW0160LOADER" >
            <sourceFieldPath value="target"/>
            <targetFieldPath value="TABELA"/>
        </command>
        <call label="CHECK_DB_ERROR">
            <dataManipXml filePath="$(FEGEN_XML_DIR)" fileName="DataManipCommon.xml"/>
            <subDataManip objectReferenceLabel="DB_ERROR" />
            <targetFieldPath value="target" />
            <targetFieldPath value="LOCAL" />
            <targetFieldPath value="TABELA"/>
        </call> 
        <command label="  ========= Loader tabela TBSW0160 =========  " objectReferenceLabel="FIELDSET_DUMP2">
            <sourceFieldPath value = "TABELA" />
        </command>
    </dataManip>

    <!-- BRUM - EAK-1657 - 29/08/2019 - MCC Dinamico - Inicio -->
	<!-- @Info: INSERT_TBSW0164 -->
	<dataManip label="INSERT_TBSW0164" >
        <fieldSetReference reference="arg0" alias="target"/>
        <fieldSetReference reference="arg0.segments.common" alias="common"/>
        <fieldSetReference reference="arg1" alias="LOCAL"/>
        
        <declare label="TBSW0164">
            <field label="RESULT"/>
        </declare>

        <conditional-block label="insert_in_tbsw0164" >
            <if objectReferenceLabel="EXPR">
            <expr value="target.segments.sublojista.paymentFacilitator != '' || target.segments.sublojista.codigoSubLojista != '' || 
                         target.segments.sublojista.cnpjSubLojista != '' || target.segments.sublojista.enderecoSubLojista != '' || 
                         target.segments.sublojista.nomeSubLojista != '' || target.segments.sublojista.cidadeSubLojista != '' || 
                         target.segments.sublojista.cepSubLojista != '' || target.segments.sublojista.estadoSubLojista != ''" />
                <command label="insert_tbsw0164_record" objectReferenceLabel="TBSW0164INSERTER" >
                    <sourceFieldPath value="target"/>
                    <targetFieldPath value="TBSW0164" />
                </command>
                <call label="CHECK_DB_ERROR_TBSW0164">
                    <dataManipXml filePath="$(FEGEN_XML_DIR)" fileName="DataManipCommon.xml"/>
                    <subDataManip objectReferenceLabel="DB_ERROR" />
                    <targetFieldPath value="target" />
                    <targetFieldPath value="LOCAL" />
                    <targetFieldPath value="TBSW0164"/>
                </call>
                <command label=" ========== TRANSACAO INSERIDA NA TBSW0164 =========" objectReferenceLabel="FIELDSET_DUMP2">
                    <sourceFieldPath value = "TBSW0164.RESULT" />
                </command>
            </if>
        </conditional-block>
    </dataManip> 

    <!-- @Info: INSERT_TBSW0165 -->
	<dataManip label="INSERT_TBSW0165" >
        <fieldSetReference reference="arg0" alias="target"/>
        <fieldSetReference reference="arg0.segments.common" alias="common"/>
        <fieldSetReference reference="arg1" alias="LOCAL"/>
        
        <declare label="TBSW0165">
            <field label="RESULT"/>
        </declare>

        <conditional-block label="insert_in_tbsw0165" >
            <if objectReferenceLabel="EXPR">
            <expr value="target.segments.sublojista.paymentFacilitator != '' || target.segments.sublojista.codigoSubLojista != '' || 
                         target.segments.sublojista.cnpjSubLojista != '' || target.segments.sublojista.enderecoSubLojista != '' || 
                         target.segments.sublojista.nomeSubLojista != '' || target.segments.sublojista.cidadeSubLojista != '' || 
                         target.segments.sublojista.cepSubLojista != '' || target.segments.sublojista.estadoSubLojista != ''" />
                <command label="insert_tbsw0165_record" objectReferenceLabel="TBSW0165INSERTER" >
                    <sourceFieldPath value="target"/>
                    <targetFieldPath value="TBSW0165" />
                </command>
                <call label="CHECK_DB_ERROR_TBSW0165">
                    <dataManipXml filePath="$(FEGEN_XML_DIR)" fileName="DataManipCommon.xml"/>
                    <subDataManip objectReferenceLabel="DB_ERROR" />
                    <targetFieldPath value="target" />
                    <targetFieldPath value="LOCAL" />
                    <targetFieldPath value="TBSW0165"/>
                </call>
                <command label=" ========== TRANSACAO INSERIDA NA TBSW0165 =========" objectReferenceLabel="FIELDSET_DUMP2">
                    <sourceFieldPath value = "TBSW0165.RESULT" />
                </command>
            </if>
        </conditional-block>
    </dataManip> 
	<!-- BRUM - EAK-1657 - Fim -->

    <dataManip label="INSERT_TBSW0036" >
        <fieldSetReference reference="arg0" alias="target"/>
        <fieldSetReference reference="arg1" alias="LOCAL"/>

        <declare label="TBSW0036">
            <field label="RESULT"/>
        </declare>
        <command label="insert_tbsw0036_record" objectReferenceLabel="TBSW0036INSERTER" >
            <sourceFieldPath value="target"/>
            <sourceFieldPath value="LOCAL"/>
            <targetFieldPath value="TBSW0036" />
        </command>
        <call label="CHECK_DB_ERROR_TBSW0036">
            <dataManipXml filePath="$(FEGEN_XML_DIR)" fileName="DataManipCommon.xml"/>
            <subDataManip objectReferenceLabel="DB_ERROR" />
            <targetFieldPath value="target" />
            <targetFieldPath value="LOCAL" />
            <targetFieldPath value="TBSW0036"/>
        </call>
        <command label=" ========== TRANSACAO INSERIDA NA TBSW0036 =========" objectReferenceLabel="FIELDSET_DUMP2">
            <sourceFieldPath value = "TBSW0036.RESULT" />
        </command>
        <command label="COPY_TBSW_RESULT" objectReferenceLabel="COPY">
            <sourceFieldPath value="TBSW0036.RESULT"/>
            <targetFieldPath value="LOCAL.TBSW_RESULT"/>
        </command>

    </dataManip>

</dataManip-list>
