<?xml version="1.0" encoding="iso-8859-1"?>
<!DOCTYPE dataManip-list SYSTEM "../../dtd/fwsw/DataManip.dtd">

<!-- ===================================================================================== >
< @History: version 1.1 - 19.02.14 - 694449@Ramires - Salvamento dos subelementos na imf   >
<           version 1.2 - 19.03.14 - 694449@Ramires - Fix no DE61.1                        >
<           version 1.3 - 16.06.17 - 719926@Nivaldo - Ajuste para funcionar no PDV e POS   >
<                                                     sem sobreposicao ou mudancas         >
< ====================================================================================== -->

<dataManip-list>
    
    <dataManip label="ManipDe061">
      <fieldSetReference reference="arg0" alias="imf"/>
      <fieldSetReference reference="arg1" alias="param_xmf"/>
        
        <!-- ================================================== -->
        <!--                       Inicio                       -->
        <!-- ================================================== -->
        
        <declare label="LOCAL_DE061">
            <!-- DE061 flags -->
            <field label="cond_code"    value="0"/>
            <field label="CapCode"      value="0"/>
            <field label="pin_cap_code" value="0"/>
            <!-- -DE061 tmp fields -->
            <field label="pos_data_0"   value="0"/>
            <field label="pos_data_1"   value="0"/>
            <field label="pos_data_2"   value="0"/>
            <field label="pos_data_3"   value="0"/>
            <field label="pos_data_4"   value="0"/>
            <field label="pos_data_5"   value="0"/>
            <field label="pos_data_6"   value="0"/>
            <field label="pos_data_7"   value="0"/>
            <field label="pos_data_8"   value="0"/>
            <field label="pos_data_9"   value="0"/>
            <field label="pos_data_10"  value="0"/>
        </declare>
        
        <command label=" =========  Inicio ManipDe061  =========" objectReferenceLabel="FIELDSET_DUMP">
            <sourceFieldPath value="param_xmf.DE061"/>
        </command>
        
        <!-- ================================================== -->
        <!--                 Get e Processamento                -->
        <!-- ================================================== -->
        
        <call label="Call_Atribuicao_XMF_TO_LOCAL_DE061">
          <subDataManip objectReferenceLabel="Atribuicao_XMF_TO_LOCAL_DE061"/>
          <targetFieldPath value="param_xmf"/>
          <targetFieldPath value="LOCAL_DE061"/>
        </call>
        
        <call label="Call_Processar_LOCAL_DEB61">
          <subDataManip objectReferenceLabel="Processar_LOCAL_DEB61"/>
          <targetFieldPath value="LOCAL_DE061"/>
        </call>
        
        <!-- ================================================== -->
        <!--                    Move para IMF                   -->
        <!-- ================================================== -->
        
        <command label="Map_DE061_pos_data_0" objectReferenceLabel="SUBSTR">
            <sourceFieldPath value="param_xmf.DE061"/>
            <targetFieldPath value="imf.segments.common.cod_cndc_cptr"/>
            <startPosition value="0"/>
            <length value="11"/>
        </command>
		
        <call label="Call_Atribuicao_LOCAL_DE061_TO_IMF">
            <subDataManip objectReferenceLabel="Atribuicao_LOCAL_DE061_TO_IMF"/>
            <targetFieldPath value="LOCAL_DE061"/>
            <targetFieldPath value="imf"/>
        </call>
        
        <!-- ================================================== -->
        <!--                        Fim                         -->
        <!-- ================================================== -->
        
        <command label=" ========= Fim ManipDe061 =========" objectReferenceLabel="FIELDSET_DUMP">
            <sourceFieldPath value="imf.shc_msg"/>
        </command>
        
    </dataManip>
    
    <dataManip label="Atribuicao_XMF_TO_LOCAL_DE061">
      <fieldSetReference reference="arg0" alias="param_xmf"/>
      <fieldSetReference reference="arg1" alias="LOCAL_DE061"/>
        
        <!-- Posicao 01: Terminal Attendance Indicator -->
        <command label="Map_DE061_pos_data_0" objectReferenceLabel="SUBSTR">
            <sourceFieldPath value="param_xmf.DE061"/>
            <targetFieldPath value="LOCAL_DE061.pos_data_0"/>
            <startPosition value="0"/>
            <length value="1"/>
        </command>
        
        <!-- Posicao 02: Terminal Operator Indicator -->
        <command label="Map_DE061_pos_data_1" objectReferenceLabel="SUBSTR">
            <sourceFieldPath value="param_xmf.DE061"/>
            <targetFieldPath value="LOCAL_DE061.pos_data_1"/>
            <startPosition value="1"/>
            <length value="1"/>
        </command>
        
        <!-- Posicao 03: Terminal Location Indicator -->
        <command label="Map_DE061_pos_data_2" objectReferenceLabel="SUBSTR">
            <sourceFieldPath value="param_xmf.DE061"/>
            <targetFieldPath value="LOCAL_DE061.pos_data_2"/>
            <startPosition value="2"/>
            <length value="1"/>
        </command>
        
        <!-- Posicao 04: Cardholder Presence Indicator -->
        <command label="Map_DE061_pos_data_3" objectReferenceLabel="SUBSTR">
            <sourceFieldPath value="param_xmf.DE061"/>
            <targetFieldPath value="LOCAL_DE061.pos_data_3"/>
            <startPosition value="3"/>
            <length value="1"/>
        </command>
        
        <!-- Posicao 05: Card Presence Indicator -->
        <command label="Map_DE061_pos_data_4" objectReferenceLabel="SUBSTR">
            <sourceFieldPath value="param_xmf.DE061"/>
            <targetFieldPath value="LOCAL_DE061.pos_data_4"/>
            <startPosition value="4"/>
            <length value="1"/>
        </command>
        
        <!-- Posicao 06: Card Capture Capabilities Indicator -->
        <command label="Map_DE061_pos_data_5" objectReferenceLabel="SUBSTR">
            <sourceFieldPath value="param_xmf.DE061"/>
            <targetFieldPath value="LOCAL_DE061.pos_data_5"/>
            <startPosition value="5"/>
            <length value="1"/>
        </command>
        
        <!-- Posicao 07: Transaction Status Indicator -->
        <command label="Map_DE061_pos_data_6" objectReferenceLabel="SUBSTR">
            <sourceFieldPath value="param_xmf.DE061"/>
            <targetFieldPath value="LOCAL_DE061.pos_data_6"/>
            <startPosition value="6"/>
            <length value="1"/>
        </command>
        
        <!-- Posicao 08: Transaction Security Indicator -->
        <command label="Map_DE061_pos_data_7" objectReferenceLabel="SUBSTR">
            <sourceFieldPath value="param_xmf.DE061"/>
            <targetFieldPath value="LOCAL_DE061.pos_data_7"/>
            <startPosition value="7"/>
            <length value="1"/>
        </command>
        
        <!-- Posicao 09: Transaction Routing Indicator -->
        <command label="Map_DE061_pos_data_8" objectReferenceLabel="SUBSTR">
            <sourceFieldPath value="param_xmf.DE061"/>
            <targetFieldPath value="LOCAL_DE061.pos_data_8"/>
            <startPosition value="8"/>
            <length value="1"/>
        </command>
        
        <!-- Posicao 10: Cardholder-Activated Terminal Level Indicator -->
        <command label="Map_DE061_pos_data_9" objectReferenceLabel="SUBSTR">
            <sourceFieldPath value="param_xmf.DE061"/>
            <targetFieldPath value="LOCAL_DE061.pos_data_9"/>
            <startPosition value="9"/>
            <length value="1"/>
        </command>
        
        <!-- Posicao 11: Card Data Terminal Input Capability Indicator -->
        <command label="Map_DE061_pos_data_10" objectReferenceLabel="SUBSTR">
            <sourceFieldPath value="param_xmf.DE061"/>
            <targetFieldPath value="LOCAL_DE061.pos_data_10"/>
            <startPosition value="10"/>
            <length value="1"/>
        </command>
        
    </dataManip>
    
    <dataManip label="Processar_LOCAL_DEB61">
      <fieldSetReference reference="arg0" alias="LOCAL_DE061"/>
        
        <!-- Posicao 01: Terminal Attendance Indicator -->
        <conditional-block label="check_pos[0]">
        <if objectReferenceLabel="EXPR">
        <expr value="LOCAL_DE061.pos_data_0 == '0'"/>
			<command label="SH_POS_CAP_UNSPECIFIEDOn_FROM_pos_data_0_0" objectReferenceLabel="IST_FLAG">
                <targetFieldPath value="LOCAL_DE061.CapCode"/>
                <flagName value="SH_POS_CAP_UNSPECIFIED"/>
                <enableFlag value="true"/>
            </command>
        </if>
        <else-if objectReferenceLabel="EXPR">
        <expr value="LOCAL_DE061.pos_data_0 == '1'"/>
            <command label="TurnSH_POS_CAP_UNATTENDEDon_X_pos_data_0_1" objectReferenceLabel="IST_FLAG">
                <targetFieldPath value="LOCAL_DE061.CapCode"/>
                <flagName value="SH_POS_CAP_UNATTENDED"/>
                <enableFlag value="true"/>
            </command>
        </else-if>
		<else-if objectReferenceLabel="EXPR">
        <expr value="LOCAL_DE061.pos_data_0 == '2'"/>
            <command label="SH_POS_CAP_NOTERMOn_FROM_pos_data_0_2" objectReferenceLabel="IST_FLAG">
                <targetFieldPath value="LOCAL_DE061.CapCode"/>
                <flagName value="SH_POS_CAP_NOTERM"/>
                <enableFlag value="true"/>
            </command>
        </else-if>
        </conditional-block>
        
        <!-- Posicao 02: Terminal Operator Indicator -->
            <!-- No Longer Used -->
            
        <!-- Posicao 03: Terminal Location Indicator -->
        <conditional-block label="check_pos[2]">
        <if objectReferenceLabel="EXPR">
        <expr value="LOCAL_DE061.pos_data_2 == '0'"/>
            <command label="SH_POS_COND_TERMATOWNEROn_FROM_pos_data_2_0" objectReferenceLabel="IST_FLAG">
                <targetFieldPath value="LOCAL_DE061.cond_code"/>
                <flagName value="SH_POS_COND_TERMATOWNER"/>
                <enableFlag value="true"/>
            </command>
        </if>
        <else-if objectReferenceLabel="EXPR">
        <expr value="LOCAL_DE061.pos_data_2 == '2'"/>
            <command label="SH_POS_COND_TERMHOMEPCOn_FROM_pos_data_2_2" objectReferenceLabel="IST_FLAG">
                <targetFieldPath value="LOCAL_DE061.cond_code"/>
                <flagName value="SH_POS_COND_TERMHOMEPC"/>
                <enableFlag value="true"/>
            </command>
        </else-if>
        <else-if objectReferenceLabel="EXPR">
        <expr value="LOCAL_DE061.pos_data_2 == '3'"/>
            <command label="SH_POS_COND_NOTERMOn_FROM_pos_data_2_3" objectReferenceLabel="IST_FLAG">
                <targetFieldPath value="LOCAL_DE061.cond_code"/>
                <flagName value="SH_POS_COND_NOTERM"/>
                <enableFlag value="true"/>
            </command>
        </else-if>
        </conditional-block>
        
        <!-- Posicao 04: Cardholder Presence Indicator -->
        <conditional-block label="check_pos[3]">
        <if objectReferenceLabel="EXPR">
        <expr value="LOCAL_DE061.pos_data_3 == '0'"/>
            <command label="SH_POS_COND_CUSTPRESENTOn_FROM_pos_data_3_0" objectReferenceLabel="IST_FLAG">
                <targetFieldPath value="LOCAL_DE061.cond_code"/>
                <flagName value="SH_POS_COND_CUSTPRESENT"/>
                <enableFlag value="true"/>
            </command>
        </if>
        <else-if objectReferenceLabel="EXPR">
        <expr value="LOCAL_DE061.pos_data_3 == '2'"/>
            <command label="SH_POS_COND_REQ_MAILOn_FROM_pos_data_3_2" objectReferenceLabel="IST_FLAG">
                <targetFieldPath value="LOCAL_DE061.cond_code"/>
                <flagName value="SH_POS_COND_REQ_MAIL"/>
                <enableFlag value="true"/>
            </command>
        </else-if>
        <else-if objectReferenceLabel="EXPR">
        <expr value="LOCAL_DE061.pos_data_3 == '3'"/>
            <command label="SH_POS_COND_REQ_PHONEOn_FROM_pos_data_3_3" objectReferenceLabel="IST_FLAG">
                <targetFieldPath value="LOCAL_DE061.cond_code"/>
                <flagName value="SH_POS_COND_REQ_PHONE"/>
                <enableFlag value="true"/>
            </command>
        </else-if>
        <else-if objectReferenceLabel="EXPR">
        <expr value="LOCAL_DE061.pos_data_3 == '4'"/>
            <command label="SH_POS_COND_REQ_STANDOn_FROM_pos_data_3_4" objectReferenceLabel="IST_FLAG">
                <targetFieldPath value="LOCAL_DE061.cond_code"/>
                <flagName value="SH_POS_COND_REQ_STAND"/>
                <enableFlag value="true"/>
            </command>
        </else-if>
        <else-if objectReferenceLabel="EXPR">
        <expr value="LOCAL_DE061.pos_data_3 == '5'"/>
            <command label="SH_POS_COND_REQ_ELECTOn_FROM_pos_data_3_5" objectReferenceLabel="IST_FLAG">
                <targetFieldPath value="LOCAL_DE061.cond_code"/>
                <flagName value="SH_POS_COND_REQ_ELECT"/>
                <enableFlag value="true"/>
            </command>
        </else-if>
        </conditional-block>
        
        <!-- Posicao 05: Card Presence Indicator -->
        <conditional-block label="check_pos[4]">
        <if objectReferenceLabel="EXPR">
        <expr value="LOCAL_DE061.pos_data_4 == '0'"/>
            <command label="SH_POS_COND_CARDPRESENTOn_FROM_pos_data_4_0" objectReferenceLabel="IST_FLAG">
                <targetFieldPath value="LOCAL_DE061.cond_code"/>
                <flagName value="SH_POS_COND_CARDPRESENT"/>
                <enableFlag value="true"/>
            </command>
        </if>
        </conditional-block>

        <!-- Posicao 06: Card Capture Capabilities Indicator -->
        <conditional-block label="check_pos[5]">
        <if objectReferenceLabel="EXPR">
        <expr value="LOCAL_DE061.pos_data_5 == '1'"/>
            <command label="SH_POS_CAP_CARDCAPTUREOn_FROM_pos_data_5_1" objectReferenceLabel="IST_FLAG">
                <targetFieldPath value="LOCAL_DE061.CapCode"/>
                <flagName value="SH_POS_CAP_CARDCAPTURE"/>
                <enableFlag value="true"/>
            </command>
        </if>
        <else-if objectReferenceLabel="EXPR">
        <expr value="LOCAL_DE061.pos_data_5 == '9'"/>
            <command label="SH_POS_CAP_CARDCAPTURE_UNKNOWNOn_FROM_pos_data_5_9" objectReferenceLabel="IST_FLAG">
                <targetFieldPath value="LOCAL_DE061.CapCode"/>
                <flagName value="SH_POS_CAP_CARDCAPTURE_UNKNOWN"/>
                <enableFlag value="true"/>
            </command>
        </else-if>
        </conditional-block>

        <!-- Posicao 07: Transaction Status Indicator -->
        <conditional-block label="check_pos[6]">
        <if objectReferenceLabel="EXPR">
        <expr value="LOCAL_DE061.pos_data_6 == '0'"/>
            <command label="SH_POS_COND_REQ_NORMALOn_FROM_pos_data_6_0" objectReferenceLabel="IST_FLAG">
                <targetFieldPath value="LOCAL_DE061.cond_code"/>
                <flagName value="SH_POS_COND_REQ_NORMAL"/>
                <enableFlag value="true"/>
            </command>
        </if>
        <else-if objectReferenceLabel="EXPR">
        <expr value="LOCAL_DE061.pos_data_6 == '4'"/>
            <command label="SH_POS_COND_REQ_PREAUTHOn_FROM_pos_data_6_4" objectReferenceLabel="IST_FLAG">
                <targetFieldPath value="LOCAL_DE061.cond_code"/>
                <flagName value="SH_POS_COND_REQ_PREAUTH"/>
                <enableFlag value="true"/>
            </command>
        </else-if>
        </conditional-block>
        
        <!-- Posicao 08: Transaction Security Indicator -->
        <conditional-block label="check_pos[7]">
        <if objectReferenceLabel="EXPR">
        <expr value="LOCAL_DE061.pos_data_7 == '1'"/>
            <command label="SH_POS_COND_SUSPECTOn_FROM_pos_data_7_1" objectReferenceLabel="IST_FLAG">
                <targetFieldPath value="LOCAL_DE061.cond_code"/>
                <flagName value="SH_POS_COND_SUSPECT"/>
                <enableFlag value="true"/>
            </command>
        </if>
        <else-if objectReferenceLabel="EXPR">
        <expr value="LOCAL_DE061.pos_data_7 == '2'"/>
            <command label="SH_POS_COND_IDENTITY_VEROn_FROM_pos_data_7_2" objectReferenceLabel="IST_FLAG">
                <targetFieldPath value="LOCAL_DE061.cond_code"/>
                <flagName value="SH_POS_COND_IDENTITY_VER"/>
                <enableFlag value="true"/>
            </command>
        </else-if>  
        </conditional-block>
        
        <!-- Posicao 09: Transaction Routing Indicator -->
            <!-- No Longer Used -->
        
        <!-- Posicao 10: Cardholder-Activated Terminal Level Indicator -->
       
        <!-- Posicao 11: Card Data Terminal Input Capability Indicator -->
        <command label="Map_DE061_pos_data_10" objectReferenceLabel="COPY">
            <sourceFieldPath value="LOCAL_DE061.pos_data_10"/>
            <targetFieldPath value="LOCAL_DE061.pin_cap_code"/>
        </command>
        
    </dataManip>
    
    <dataManip label="Atribuicao_LOCAL_DE061_TO_IMF">
      <fieldSetReference reference="arg0" alias="LOCAL_DE061"/>
      <fieldSetReference reference="arg1" alias="imf"/>
      <fieldSetReference reference="arg1.segments.common" alias="common"/>
      
        <!-- Posicao 01: Terminal Attendance Indicator -->
        <command label="MAP_DE061_01_TO_IMF" objectReferenceLabel="COPY">
            <sourceFieldPath value="LOCAL_DE061.pos_data_0"/>
            <targetFieldPath value="common.terminal_attendance_indicator"/>
        </command>
        
        <!-- Posicao 02: Terminal Operator Indicator -->
        <command label="MAP_DE061_02_TO_IMF" objectReferenceLabel="COPY">
            <sourceFieldPath value="LOCAL_DE061.pos_data_1"/>
            <targetFieldPath value="common.terminal_operator_indicator"/>
        </command>
        
        <!-- Posicao 03: Terminal Location Indicator -->
        <command label="MAP_DE061_03_TO_IMF" objectReferenceLabel="COPY">
            <sourceFieldPath value="LOCAL_DE061.pos_data_2"/>
            <targetFieldPath value="common.terminal_location_indicator"/>
        </command>
        
        <!-- Posicao 04: Cardholder Presence Indicator -->
        <command label="MAP_DE061_04_TO_IMF" objectReferenceLabel="COPY">
            <sourceFieldPath value="LOCAL_DE061.pos_data_3"/>
            <targetFieldPath value="common.cardholder_presence_indicator"/>
        </command>
        
        <!-- Posicao 05: Card Presence Indicator -->
        <command label="MAP_DE061_05_TO_IMF" objectReferenceLabel="COPY">
            <sourceFieldPath value="LOCAL_DE061.pos_data_4"/>
            <targetFieldPath value="common.card_presence_indicator"/>
        </command>
        
        <!-- Posicao 06: Card Capture Capabilities Indicator -->
        <command label="MAP_DE061_06_TO_IMF" objectReferenceLabel="COPY">
            <sourceFieldPath value="LOCAL_DE061.pos_data_5"/>
            <targetFieldPath value="common.card_capture_capabilities_indicator"/>
        </command>
        
        <!-- Posicao 07: Transaction Status Indicator -->
        <command label="MAP_DE061_07_TO_IMF" objectReferenceLabel="COPY">
            <sourceFieldPath value="LOCAL_DE061.pos_data_6"/>
            <targetFieldPath value="common.transaction_status_indicator"/>
        </command>
        
        <!-- Posicao 08: Transaction Security Indicator -->
        <command label="MAP_DE061_08_TO_IMF" objectReferenceLabel="COPY">
            <sourceFieldPath value="LOCAL_DE061.pos_data_7"/>
            <targetFieldPath value="common.transaction_security_indicator"/>
        </command>
        
        <!-- Posicao 09: Transaction Routing Indicator -->
        <command label="MAP_DE061_09_TO_IMF" objectReferenceLabel="COPY">
            <sourceFieldPath value="LOCAL_DE061.pos_data_8"/>
            <targetFieldPath value="common.transaction_routing_indicator"/>
        </command>
        
        <!-- Posicao 10: Cardholder-Activated Terminal Level Indicator -->
        <command label="MAP_DE061_10_TO_IMF" objectReferenceLabel="COPY">
            <sourceFieldPath value="LOCAL_DE061.pos_data_9"/>
            <targetFieldPath value="common.cardholder_activated_terminal_level_indicator"/>
        </command>
        
        <!-- Posicao 11: Card Data Terminal Input Capability Indicator -->
        <command label="MAP_DE061_11_TO_IMF" objectReferenceLabel="COPY">
            <sourceFieldPath value="LOCAL_DE061.pos_data_10"/>
            <targetFieldPath value="common.card_data_terminal_input_capability_indicator"/>
        </command>
        
        <!-- ===== pdv_pin_cap_code ===== -->
        <command label="MAP_DE061_POS_PIN_CAP_CODE" objectReferenceLabel="COPY">
          <sourceFieldPath value="LOCAL_DE061.pin_cap_code"/>
          <targetFieldPath value="imf.shc_msg.pos_pin_cap_code"/>
        </command>
        
        <!-- ===== pos_cap_code ===== -->
        <command label="Map_DE061_CAPCODE" objectReferenceLabel="COPY">
          <sourceFieldPath value="LOCAL_DE061.CapCode"/>
          <targetFieldPath value="imf.shc_msg.pos_cap_code"/>
        </command>
        
        <!-- ===== pdv_condition_code ===== -->
        <command label="MAP_DE061_POS_CONDITION_CODE" objectReferenceLabel="COPY">
          <sourceFieldPath value="LOCAL_DE061.cond_code"/>
          <targetFieldPath value="imf.shc_msg.pos_condition_code"/>
        </command>
        
    </dataManip>
    
</dataManip-list>
