<?xml version="1.0" encoding="iso-8859-1"?>
<!DOCTYPE mapping-list SYSTEM "../../dtd/fwsw/Mapping.dtd">

<mapping-list>
    <mapping label="MAPA_PARAMETRO_ISSUER">
        <!-- Networkid|Modificador    iss_name|nomeEmissorCupom|permiteCompraEmDollar|bndr_name|issuer_id|cod_ems -->
        <!-- Modificador: separa issuer que tem mesmo networkid 
             NONE: Sem modificaco
             TKCH: Ticket com chip
             HMV:  Originadas da CIELO, GETNET-->

        <!-- Emissores tratados pelo FE_CRT -->
        <row key="5000006207|NONE" data="VISA_CREDITO|VISA|S|BNDR_VISA_CRT|4|48" />
        <row key="5100006207|NONE" data="VISA_CREDITO|VISA|S|BNDR_VISA_CRT|4|48" />
        <row key="5200006207|NONE" data="VISA_CREDITO|VISA|S|BNDR_VISA_CRT|4|48" />
        <row key="5300006207|NONE" data="VISA_CREDITO|VISA|S|BNDR_VISA_CRT|4|48" />
        <row key="2002202063|NONE" data="CALCARD|CALCARD|N|BNDR_CALCARD|80|66" />
        <row key="2002202066|NONE" data="UPI|UPI|S|BNDR_UPI|77|63" />
        <row key="2002212069|NONE" data="AMEX|AMEX|N|BNDR_AMEX|86|86" />
        <row key="2002102051|NONE" data="CABAL_CRT|CABAL|S|BNDR_CABAL_CRT|72|51" />
        <row key="2002212070|NONE" data="ELO_CRT|ELO|N|BNDR_ELO_CRT|87|87" />
        <row key="2002202061|NONE" data="SOROCRED_FULL|SOROCRED|S|BNDR_SOROCRED|76|61" />
        <row key="2002212061|NONE" data="SOROCRED_VAN|SOROCRED|N|BNDR_SOROCRED|76|53" />
        <row key="2002202068|NONE" data="CREDSYSTEM_FULL|CREDSYSTEM|N|BNDDR_CREDSYSTEM|82|68" />
        <row key="2002212068|NONE" data="CREDSYSTEM_VAN|CREDSYSTEM|N|BNDDR_CREDSYSTEM|82|68" />
        <row key="2002101004|NONE" data="HIPERCARD_VAN|HIPERCARD|N|BNDR_HIPERCARD_CRT|67|47" />
        <row key="2002111008|NONE" data="COOPERCRED_VAN|COOPERCARD|N|BNDR_COOPERCRED|79|62" />
        <row key="2002202075|NONE" data="CREDZ|CREDZ|N|BNDR_CREDZ|94|94" />
        <row key="2002202073|NONE" data="BANESCARD_CRT_FULL|BANESCARD|N|BNDR_BANESCARD_CRT|91|91" />
        <row key="2002212073|NONE" data="BANESCARD_CRT_VAN|BANESCARD|N|BNDR_BANESCARD_CRT|91|91" />
        <!-- AUT2-2816 - REDECOMPRAS HUB DE BANDEIRAS - INICIO -->
        <row key="2002212083|608736" data="REDECOMPRAS_CRT_VAN|AVANCARD|N|BNDR_AVANCARD_CRT|98|98" />
        <row key="2002212083|627110" data="REDECOMPRAS_CRT_VAN|BIGCARD|N|BNDR_BIGCARD_CRT|102|102" />
        <row key="2002212083|627112" data="REDECOMPRAS_CRT_VAN|BIGCARD|N|BNDR_BIGCARD_CRT|102|102" />
        <row key="2002212083|639447" data="REDECOMPRAS_CRT_VAN|BIGCARD|N|BNDR_BIGCARD_CRT|102|102" />
        <row key="2002212083|639555" data="REDECOMPRAS_CRT_VAN|BONUSCRED|N|BNDR_BONUSCRED_CRT|104|104" />
        <row key="2002212083|605499" data="REDECOMPRAS_CRT_VAN|CDC CARD|N|BNDR_CDC_CARD_CRT|105|105" />
        <row key="2002212083|639231" data="REDECOMPRAS_CRT_VAN|COMPROCARD|N|BNDR_COMPROCARD_CRT|107|107" />
        <row key="2002212083|639233" data="REDECOMPRAS_CRT_VAN|COMPROCARD|N|BNDR_COMPROCARD_CRT|107|107" />
        <row key="2002212083|636396" data="REDECOMPRAS_CRT_VAN|CONVENIOS CARD|N|BNDR_CONVENIOS_CARD_CRT|110|110" />
        <row key="2002212083|637739" data="REDECOMPRAS_CRT_VAN|DIAMANTE CARD|N|BNDR_DIAMANTE_CARD_CRT|111|111" />
        <row key="2002212083|608819" data="REDECOMPRAS_CRT_VAN|EUCARD|N|BNDR_EUCARD_CRT|112|112" />
        <row key="2002212083|605984" data="REDECOMPRAS_CRT_VAN|FORTBRASIL|N|BNDR_FORTBRASIL_CRT|114|114" />
        <row key="2002212083|628167" data="REDECOMPRAS_CRT_VAN|FORTBRASIL|N|BNDR_FORTBRASIL_CRT|114|114" />
        <row key="2002212083|608508" data="REDECOMPRAS_CRT_VAN|FORTCARD|N|BNDR_FORTCARD_CRT|115|115" />
        <row key="2002212083|629984" data="REDECOMPRAS_CRT_VAN|FORTCARD|N|BNDR_FORTCARD_CRT|115|115" />
        <row key="2002212083|605088" data="REDECOMPRAS_CRT_VAN|GOIAS CARD|N|BNDR_GOIAS_CARD_CRT|116|116" />
        <row key="2002212083|606009" data="REDECOMPRAS_CRT_VAN|GOODCARD|N|BNDR_GOODCARD_CRT|117|117" />
        <row key="2002212083|605688" data="REDECOMPRAS_CRT_VAN|GOODCARD|N|BNDR_GOODCARD_CRT|117|117" />
        <row key="2002212083|605686" data="REDECOMPRAS_CRT_VAN|GOODCARD|N|BNDR_GOODCARD_CRT|117|117" />
        <row key="2002212083|605687" data="REDECOMPRAS_CRT_VAN|GOODCARD|N|BNDR_GOODCARD_CRT|117|117" />
        <row key="2002212083|605689" data="REDECOMPRAS_CRT_VAN|GOODCARD|N|BNDR_GOODCARD_CRT|117|117" />
        <row key="2002212083|605690" data="REDECOMPRAS_CRT_VAN|GOODCARD|N|BNDR_GOODCARD_CRT|117|117" />
        <row key="2002212083|605683" data="REDECOMPRAS_CRT_VAN|GOODCARD|N|BNDR_GOODCARD_CRT|117|117" />
        <row key="2002212083|605684" data="REDECOMPRAS_CRT_VAN|GOODCARD|N|BNDR_GOODCARD_CRT|117|117" />
        <row key="2002212083|605685" data="REDECOMPRAS_CRT_VAN|GOODCARD|N|BNDR_GOODCARD_CRT|117|117" />
        <row key="2002212083|605681" data="REDECOMPRAS_CRT_VAN|GOODCARD|N|BNDR_GOODCARD_CRT|117|117" />
        <row key="2002212083|605674" data="REDECOMPRAS_CRT_VAN|GOODCARD|N|BNDR_GOODCARD_CRT|117|117" />
        <row key="2002212083|603574" data="REDECOMPRAS_CRT_VAN|GOODCARD|N|BNDR_GOODCARD_CRT|117|117" />
        <row key="2002212083|605692" data="REDECOMPRAS_CRT_VAN|GOODCARD|N|BNDR_GOODCARD_CRT|117|117" />
        <row key="2002212083|605691" data="REDECOMPRAS_CRT_VAN|GOODCARD|N|BNDR_GOODCARD_CRT|117|117" />
        <row key="2002212083|605866" data="REDECOMPRAS_CRT_VAN|CARD IDEAL|N|BNDR_CARD_IDEAL_CRT|118|118" />
        <row key="2002212083|561451" data="REDECOMPRAS_CRT_VAN|CARD IDEAL|N|BNDR_CARD_IDEAL_CRT|118|118" />
        <row key="2002212083|605970" data="REDECOMPRAS_CRT_VAN|CREDPAR|N|BNDR_CREDPAR_CRT|120|120" />
        <row key="2002212083|636624" data="REDECOMPRAS_CRT_VAN|CREDPAR|N|BNDR_CREDPAR_CRT|120|120" />
        <row key="2002212083|636798" data="REDECOMPRAS_CRT_VAN|CREDPAR|N|BNDR_CREDPAR_CRT|120|120" />
        <row key="2002212083|605994" data="REDECOMPRAS_CRT_VAN|LIBERCARD|N|BNDR_LIBERCARD_CRT|121|121" />
        <row key="2002212083|609455" data="REDECOMPRAS_CRT_VAN|LECARD|N|BNDR_LECARD_CRT|100|100" />
        <row key="2002212083|605944" data="REDECOMPRAS_CRT_VAN|MAXXCARD|N|BNDR_MAXXCARD_CRT|123|123" />
        <row key="2002212083|310636" data="REDECOMPRAS_CRT_VAN|MEGAVALE CARD|N|BNDR_MEGAVALE_CARD_CRT|125|125" />
        <row key="2002212083|608879" data="REDECOMPRAS_CRT_VAN|EOVALE|N|BNDR_EOVALE_CRT|127|127" />
        <row key="2002212083|639440" data="REDECOMPRAS_CRT_VAN|ONECARD|N|BNDR_ONECARD_CRT|131|131" />
        <row key="2002212083|629846" data="REDECOMPRAS_CRT_VAN|PERSONAL CARD|N|BNDR_PERSONAL_CARD_CRT|132|132" />
        <row key="2002212083|608638" data="REDECOMPRAS_CRT_VAN|PERSONAL CARD|N|BNDR_PERSONAL_CARD_CRT|132|132" />
        <row key="2002212083|608639" data="REDECOMPRAS_CRT_VAN|PERSONAL CARD|N|BNDR_PERSONAL_CARD_CRT|132|132" />
        <row key="2002212083|636085" data="REDECOMPRAS_CRT_VAN|PERSONAL CARD|N|BNDR_PERSONAL_CARD_CRT|132|132" />
        <row key="2002212083|608746" data="REDECOMPRAS_CRT_VAN|PERSONAL CARD|N|BNDR_PERSONAL_CARD_CRT|132|132" />
        <row key="2002212083|608475" data="REDECOMPRAS_CRT_VAN|PERSONAL CARD|N|BNDR_PERSONAL_CARD_CRT|132|132" />
        <row key="2002212083|637601" data="REDECOMPRAS_CRT_VAN|PERSONAL CARD|N|BNDR_PERSONAL_CARD_CRT|132|132" />
        <row key="2002212083|608506" data="REDECOMPRAS_CRT_VAN|ROMCARD|N|BNDR_ROMCARD_CRT|134|134" />
        <row key="2002212083|603409" data="REDECOMPRAS_CRT_VAN|SENFF|N|BNDR_SENFF_CRT|138|138" />
        <row key="2002212083|808414" data="REDECOMPRAS_CRT_VAN|SINCARD|N|BNDR_SINCARD_CRT|139|139" />
        <row key="2002212083|609473" data="REDECOMPRAS_CRT_VAN|SIND|N|BNDR_SIND_CRT|141|141" />
        <row key="2002212083|636334" data="REDECOMPRAS_CRT_VAN|SMCCARD|N|BNDR_SMCCARD_CRT|142|142" />
        <row key="2002212083|610337" data="REDECOMPRAS_CRT_VAN|SYSTEM FARMA|N|BNDR_SYSTEM_FARMA_CRT|145|145" />
        <row key="2002212083|609464" data="REDECOMPRAS_CRT_VAN|TER CRED|N|BNDR_TER_CRED_CRT|146|146" />
        <row key="2002212083|606320" data="REDECOMPRAS_CRT_VAN|VEGAS CARD|N|BNDR_VEGAS_CARD_CRT|147|147" />
        <row key="2002212083|606481" data="REDECOMPRAS_CRT_VAN|VERANCARD|N|BNDR_VERANCARD_CRT|148|148" />
        <row key="2002212083|609790" data="REDECOMPRAS_CRT_VAN|VERANCARD|N|BNDR_VERANCARD_CRT|148|148" />
        <row key="2002212083|627894" data="REDECOMPRAS_CRT_VAN|VERDECARD|N|BNDR_VERDECARD_CRT|150|150" />
        <row key="2002212083|636614" data="REDECOMPRAS_CRT_VAN|VOLUS|N|BNDR_VOLUS_CRT|152|152" />
        <row key="2002212083|637764" data="REDECOMPRAS_CRT_VAN|VOLUS|N|BNDR_VOLUS_CRT|152|152" />
        <!-- AUT2-2816 - REDECOMPRAS HUB DE BANDEIRAS - FIM -->

        <!-- Emissores tratados pelo FE_CRTM -->
        <row key="4000006207|NONE" data="MASTERCARD|MASTERCARD|S|BNDR_MASTER_CRT|6|2" />
        <row key="2002101001|NONE" data="DINERS_NACIONAL|DINERS|S|BNDR_DINERS|23|8" />
        <row key="2002102002|NONE" data="DINERS_INTERNAC|DINERS|S|BNDR_DINERS|2|6" />
        <row key="4001006207|NONE" data="HIPERCARD_CRT|HIPER|S|BNDR_HIPERCARD_CRT|67|47" />
        <row key="4001006207|HMV"  data="HIPERCARD_CRT_HMV|HIPER|N|BNDR_HIPERCARD_CRT|67|47" />
        <row key="4000016690|NONE" data="MASTER_HIPER_CRT|MASTER_HIPER|S|BNDR_MASTER_HIPER_CRT|89|89" />
        <row key="2002202076|NONE" data="JCB_CRT|JCB|S|BNDR_JCB|93|93" />

        <!-- Emissores tratados pelo FE_CRTO -->
        <row key="2002202069|NONE" data="AMEX_FULL|AMEX|S|BNDR_AMEX|95|95" />
        <row key="2002202070|NONE" data="ELO_CRT_FULL|ELO|N|BNDR_ELO_CRT|96|96" />

        <!-- Emissores tratados pelo FE_DBT -->
        <row key="5000000532|NONE" data="VISA_ELECTRON|VISA ELECTRON|S|BNDR_VISA_DBT|69|49" />
        <row key="5100000532|NONE" data="VISA_ELECTRON|VISA ELECTRON|S|BNDR_VISA_DBT|69|49" />
        <row key="5200000532|NONE" data="VISA_ELECTRON|VISA ELECTRON|S|BNDR_VISA_DBT|69|49" />
        <row key="5300000532|NONE" data="VISA_ELECTRON|VISA ELECTRON|S|BNDR_VISA_DBT|69|49" />
        <row key="2002102050|NONE" data="CABAL_DBT|CABAL|S|BNDR_CABAL_DBT|71|50" />
        <row key="2002212071|NONE" data="ELO_DBT|ELO|N|BNDR_ELO_DBT|88|88" />
        <row key="2002202074|NONE" data="BANESCARD_DBT_FULL|BANESCARD|N|BNDR_BANESCARD_DBT|92|92" />
        <row key="2002212074|NONE" data="BANESCARD_DBT_VAN|BANESCARD|N|BNDR_BANESCARD_DBT|92|92" />
        <!-- AUT2-2816 - REDECOMPRAS HUB DE BANDEIRAS - INICIO -->
        <row key="2002212084|608736" data="REDECOMPRAS_DBT_VAN|AVANCARD|N|BNDR_AVANCARD_DBT|99|99" />
        <row key="2002212084|627110" data="REDECOMPRAS_DBT_VAN|BIGCARD|N|BNDR_BIGCARD_DBT|103|103" />
        <row key="2002212084|627112" data="REDECOMPRAS_DBT_VAN|BIGCARD|N|BNDR_BIGCARD_DBT|103|103" />
        <row key="2002212084|605499" data="REDECOMPRAS_DBT_VAN|CDC CARD|N|BNDR_CDC_CARD_DBT|106|106" />
        <row key="2002212084|608819" data="REDECOMPRAS_DBT_VAN|EUCARD|N|BNDR_EUCARD_DBT|113|113" />
        <row key="2002212084|605866" data="REDECOMPRAS_DBT_VAN|CARD IDEAL|N|BNDR_CARD_IDEAL_DBT|119|119" />
        <row key="2002212084|561451" data="REDECOMPRAS_DBT_VAN|CARD IDEAL|N|BNDR_CARD_IDEAL_DBT|119|119" />
        <row key="2002212084|605994" data="REDECOMPRAS_DBT_VAN|LIBERCARD|N|BNDR_LIBERCARD_DBT|122|122" />
        <row key="2002212084|605944" data="REDECOMPRAS_DBT_VAN|MAXXCARD|N|BNDR_MAXXCARD_DBT|124|124" />
        <row key="2002212084|310636" data="REDECOMPRAS_DBT_VAN|MEGAVALE CARD|N|BNDR_MEGAVALE_CARD_DBT|126|126" />
        <row key="2002212084|608879" data="REDECOMPRAS_DBT_VAN|EOVALE|N|BNDR_EOVALE_DBT|128|128" />
        <row key="2002212084|629846" data="REDECOMPRAS_DBT_VAN|PERSONAL CARD|N|BNDR_PERSONAL_CARD_DBT|133|133" />
        <row key="2002212084|608638" data="REDECOMPRAS_DBT_VAN|PERSONAL CARD|N|BNDR_PERSONAL_CARD_DBT|133|133" />
        <row key="2002212084|608639" data="REDECOMPRAS_DBT_VAN|PERSONAL CARD|N|BNDR_PERSONAL_CARD_DBT|133|133" />
        <row key="2002212084|636085" data="REDECOMPRAS_DBT_VAN|PERSONAL CARD|N|BNDR_PERSONAL_CARD_DBT|133|133" />
        <row key="2002212084|608746" data="REDECOMPRAS_DBT_VAN|PERSONAL CARD|N|BNDR_PERSONAL_CARD_DBT|133|133" />
        <row key="2002212084|608475" data="REDECOMPRAS_DBT_VAN|PERSONAL CARD|N|BNDR_PERSONAL_CARD_DBT|133|133" />
        <row key="2002212084|637601" data="REDECOMPRAS_DBT_VAN|PERSONAL CARD|N|BNDR_PERSONAL_CARD_DBT|133|133" />
        <row key="2002212084|608506" data="REDECOMPRAS_DBT_VAN|ROMCARD|N|BNDR_ROMCARD_DBT|135|135" />
        <row key="2002212084|808414" data="REDECOMPRAS_DBT_VAN|SINCARD|N|BNDR_SINCARD_DBT|140|140" />
        <row key="2002212084|606481" data="REDECOMPRAS_DBT_VAN|VERANCARD|N|BNDR_VERANCARD_DBT|149|149" />
        <row key="2002212084|609790" data="REDECOMPRAS_DBT_VAN|VERANCARD|N|BNDR_VERANCARD_DBT|149|149" />
        <row key="2002212084|627894" data="REDECOMPRAS_DBT_VAN|VERDECARD|N|BNDR_VERDECARD_DBT|151|151" />
        <!-- AUT2-2816 - REDECOMPRAS HUB DE BANDEIRAS - FIM -->

        <!-- Emissores tratados pelo FE_DBTM -->
        <!-- J01_2020 - Novo Debito da Mastercard - de MAESTRO para MASTERCARD DEBITO -->
        <row key="3000000532|NONE" data="MAESTRO|MASTERCARD DEBITO|S|BNDR_MASTER_DBT|22|18" />
        <row key="9000001618|NONE" data="HIPERCARD_DBT|HIPER|S|BNDR_HIPERCARD_DBT|84|84" />
        <row key="9000001618|HMV"  data="HIPERCARD_DBT_HMV|HIPER|N|BNDR_HIPERCARD_DBT|84|84" />
        <row key="9000016710|NONE" data="MASTER_HIPER_DBT|MASTER_HIPER|N|BNDR_MASTER_HIPER_DBT|90|90" />

        <!-- Emissores tratados pelo FE_DBTO -->
        <row key="2002202071|NONE" data="ELO_DBT_FULL|ELO|N|BNDR_ELO_DBT|97|97" />

        <!-- Emissores tratados pelo FE_HST -->
        <row key="2002202030|NONE" data="PL_VISIONPLUS|PL Visionplus|NA|BNDR_PRIVATE_LABEL|30|30" /> <!-- PRIVATE LABEL -->
        <row key="2002102010|NONE" data="PL_FININVEST|PL Fininvest|NA|BNDR_PRIVATE_LABEL|9|19" />         <!-- PRIVATE LABEL -->
        <row key="2002202010|NONE" data="PL_FININVEST|PL Fininvest|NA|BNDR_PRIVATE_LABEL|9|19" />  <!-- PRIVATE LABEL -->
        <row key="2002102045|NONE" data="PL_BRADESCO|PL Bradesco|NA|BNDR_PRIVATE_LABEL|66|45" />            <!-- PRIVATE LABEL -->
        <row key="2002102049|NONE" data="PL_BANCOBRASIL|PL Banco do Brasil|NA|BNDR_PRIVATE_LABEL|46|46" />  <!-- PRIVATE LABEL -->
        <row key="2002222068|NONE" data="PL_CREDSYSTEM|PL CREDSYSTEM|NA|BNDR_PRIVATE_LABEL|47|83" />        <!-- PRIVATE LABEL -->
        <row key="2002202055|NONE" data="PL_PORTOSEGURO|PL Porto Seguro|NA|BNDR_PRIVATE_LABEL|83|55" />     <!-- PRIVATE LABEL -->
        <row key="2002202047|NONE" data="BNB_CLUBE|NA|NA|BNDR_VOUCHER|56|24" />                             <!-- VOUCHER -->
        <row key="2002202039|NONE" data="PLANVALE|NA|NA|BNDR_VOUCHER|56|24" />                              <!-- VOUCHER -->
        <row key="2002201003|NONE" data="GREEN_CARD|NA|NA|BNDR_VOUCHER|56|24" />                            <!-- VOUCHER -->
        <row key="2002202041|NONE" data="TOP_PREMIUM|NA|NA|BNDR_VOUCHER|56|24" />                           <!-- VOUCHER -->
        <row key="2002202029|NONE" data="SODEXO|NA|NA|BNDR_VOUCHER|56|24" />                                <!-- VOUCHER -->
        <row key="2002201002|NONE" data="SODEXO|NA|NA|BNDR_VOUCHER|56|24" />                         <!-- VOUCHER -->
        <row key="2002202035|NONE" data="SMARTNET|NA|NA|BNDR_VOUCHER|56|24" />                              <!-- VOUCHER -->
        <row key="2002202037|NONE" data="NUTRICASH|NA|NA|BNDR_VOUCHER|56|24" />                             <!-- VOUCHER -->
        <row key="2002202038|NONE" data="CABAL|NA|NA|BNDR_VOUCHER|56|24" />                                 <!-- VOUCHER -->
        <row key="2002202042|NONE" data="VEROCHEQUE|NA|NA|BNDR_VOUCHER|56|24" />                            <!-- VOUCHER -->
        <row key="2002202043|NONE" data="VCH_SOROCRED|NA|NA|BNDR_VOUCHER|56|24" />                          <!-- VOUCHER -->
        <row key="2002202053|NONE" data="COOPER_CRED|NA|NA|BNDR_VOUCHER|56|24" />                           <!-- VOUCHER -->
        <row key="2002202034|NONE" data="TICKET|NA|NA|BNDR_VOUCHER|56|24" />                                <!-- VOUCHER -->
        <row key="2002202034|TKCH" data="TICKET_CHIP|NA|NA|BNDR_VOUCHER|56|24" />                           <!-- VOUCHER -->
        <row key="2002302034|TKCH" data="TICKET_CHIP|NA|NA|BNDR_VOUCHER|56|24" />                           <!-- VOUCHER -->
        <row key="2002202072|NONE" data="ALELO|NA|NA|BNDR_VOUCHER|56|24" />                                 <!-- VOUCHER -->
        <row key="2002202077|NONE" data="VCH_VR|NA|NA|BNDR_VOUCHER|56|24" />                                <!-- VOUCHER -->
        <!-- J5_2019 - Voucher Sforza - INICIO -->
        <row key="2002202079|NONE" data="VCH_SFORZA|NA|NA|BNDR_VOUCHER|56|24" />                            <!-- VOUCHER -->
        <!-- J5_2019 - Voucher Sforza - FIM -->
        <!-- J3_2019 - Mensageria de pagamento ITI - INICIO -->
        <row key="2002202078|NONE" data="ITI_HOST|ITI|NA|NA|00|0" />                                        <!-- ITI -->
        <!-- J3_2019 - Mensageria de pagamento ITI - FIM -->
        <!-- J2_2020 - Mensageria de pagamento QRCode - INICIO -->											<!-- QRCODE -->
        <row key="2002202080|NONE" data="WQ3_HOST|NA|NA|NA|00|0" />
        <!-- J2_2020 - Mensageria de pagamento QRCode - FIM -->
        <row key="2002202081|NONE" data="PIX_HOST|NA|NA|NA|00|0" />                                         <!-- AUT1-1920 - PIX -->
        <!-- EAK 30 - Fechamento de PL - INICIO -->
        <row key="2002102000|NONE" data="ADM_FECHAMENTO_PL|NA|NA|NA|1|1" />                                 <!-- ADM -->
        <!-- EAK 30 - Fechamento de PL - FIM -->
        <row key="2002202024|NONE" data="ADM_RAV|NA|NA|NA|49|1" />                                          <!-- ADM -->
        <row key="2002102027|NONE" data="ADM_SERASA|NA|NA|NA|63|1" />                                       <!-- ADM -->
        <!-- Emissores tratados pelo KMS -->
        <row key="6030500001|NONE" data="ADM_KMS|NA|NA|NA|00|1" />                                          <!-- ADM -->
        <!-- AUT2-2816 - REDECOMPRAS HUB DE BANDEIRAS - INICIO -->
        <row key="2002202082|NONE" data="VCH_REDECOMPRAS|NA|NA|BNDR_VOUCHER|56|24" />                            <!-- VOUCHER -->
        <!-- AUT2-2816 - REDECOMPRAS HUB DE BANDEIRAS - FIM -->
        <!-- Voucher BEN - INICIO -->
        <row key="2002202085|NONE" data="VCH_BEN|NA|NA|BNDR_VOUCHER|56|24" />                            <!-- VOUCHER -->
        <!-- Voucher BEN - FIM -->
        <row key="2002202086|NONE" data="ADM_PLANET|NA|NA|NA|00|0" />

    </mapping>

</mapping-list>
