<?xml version="1.0" encoding="iso-8859-1"?>
<!DOCTYPE mapping-list SYSTEM "../../dtd/fwsw/Mapping.dtd">

<mapping-list>
    <mapping label="MAPA_COD_MOT_RSPS_EXT">
    
        <row key="FEPOS|52" data="19" />
        <row key="FEPOS|53" data="12" />
        <row key="FEPOS|56" data="30" />
        <row key="FEPOS|58" data="41" />
        <row key="FEPOS|60" data="13" />
        <row key="FEPOS|63" data="75" />
        <row key="FEPOS|65" data="55" />
        <row key="FEPOS|69" data="14" />
        <row key="FEPOS|72" data="53" />
        <row key="FEPOS|74" data="61" />
        <row key="FEPOS|76" data="28" />
        <row key="FEPOS|77" data="01" />
        <row key="FEPOS|82" data="AC" />
        <row key="FEPOS|84" data="BN" />
        <row key="FEPOS|86" data="91" />
        <row key="FEPOS|94" data="62" />
        <row key="FEPOS|96" data="96" />
        <row key="FEPOS|98" data="03" />

    </mapping>
</mapping-list>
