<?xml version="1.0" encoding="iso-8859-1"?>
<!DOCTYPE dataManip-list SYSTEM "../../dtd/fwsw/DataManip.dtd">

<dataManip-list>
    
    <dataManip label="ParseDE002" >
        <fieldSetReference reference="arg0" alias="xmf"/>
        <fieldSetReference reference="arg1" alias="imf"/>
        <fieldSetReference reference="arg1.shc_msg" alias="shc_msg"/>
        <fieldSetReference reference="arg1.segments.common" alias="common"/>
        <fieldSetReference reference="arg1.segments" alias="segments"/>
        <fieldSetReference reference="arg2" alias="LOCAL"/>
        
        <conditional-block label="DE002_ESTA_PRESENTE">
            <if objectReferenceLabel="EXPR">
            <expr value="LOCAL.DE002isOn == 'true'"/>
                <command label="Map_DE002_OrigPan" objectReferenceLabel="XCOPY" >
                    <value sourceField="xmf.DE002" type="value" targetFieldPath="imf.shc_msg.pan" />
                    <value sourceField="xmf.DE002" type="value" targetFieldPath="imf.segments.common.orig_pan" />
                </command>
            </if>
        </conditional-block>
    </dataManip>
    
    <dataManip label="ParseDE003" >
        <fieldSetReference reference="arg0" alias="xmf"/>
        <fieldSetReference reference="arg1" alias="imf"/>
        <fieldSetReference reference="arg1.shc_msg" alias="shc_msg"/>
        <fieldSetReference reference="arg1.segments.common" alias="common"/>
        <fieldSetReference reference="arg1.segments" alias="segments"/>
        <fieldSetReference reference="arg2" alias="LOCAL"/>

        <conditional-block label="DE003_ESTA_PRESENTE">
        <if objectReferenceLabel="EXPR">
            <expr value="LOCAL.DE003isOn == 'true' "/>
                <command label="Map_DE003_pcode" objectReferenceLabel="COPY" >
                    <sourceFieldPath value="xmf.DE003" />
                    <targetFieldPath value="imf.shc_msg.pcode" />
                </command>
                <command label="trim_pcode" objectReferenceLabel="TRIM" >
                    <sourceFieldPath value="imf.shc_msg.pcode" />
                    <targetFieldPath value="imf.shc_msg.pcode" />
                    <trimmingChar value="0" />
                    <enableLeftTrimming value="true" />
                    <enableRightTrimming value="false" />
                </command>
        </if>
        </conditional-block>

    </dataManip>
    
    <dataManip label="ParseDE004" >
        <fieldSetReference reference="arg0" alias="xmf"/>
        <fieldSetReference reference="arg1" alias="imf"/>
        <fieldSetReference reference="arg1.shc_msg" alias="shc_msg"/>
        <fieldSetReference reference="arg1.segments.common" alias="common"/>
        <fieldSetReference reference="arg1.segments" alias="segments"/>
        <fieldSetReference reference="arg2" alias="LOCAL"/>

        <conditional-block label="DE004_ESTA_PRESENTE">
            <if objectReferenceLabel="EXPR">
            <expr value="LOCAL.DE004isOn == 'true' "/>
                <command label="Map_DE004_Amount" objectReferenceLabel="MATH" >
                    <value1 value = "xmf.DE004" />
                    <value2 value = "100.00" />
                    <operator value = "/" />
                    <targetFieldPath value = "imf.shc_msg.amount" />
                </command>
            </if>
        </conditional-block>

    </dataManip>
    
    <dataManip label="ParseDE006" >
        <fieldSetReference reference="arg0" alias="xmf"/>
        <fieldSetReference reference="arg1" alias="imf"/>
        <fieldSetReference reference="arg1.shc_msg" alias="shc_msg"/>
        <fieldSetReference reference="arg1.segments.common" alias="common"/>
        <fieldSetReference reference="arg1.segments" alias="segments"/>
        <fieldSetReference reference="arg2" alias="LOCAL"/>

        <conditional-block label="DE006_ESTA_PRESENTE">
            <if objectReferenceLabel="EXPR">
            <expr value="LOCAL.DE006isOn == 'true' "/>
                <command label="Map_DE006_Amount" objectReferenceLabel="MATH" >
                    <value1 value = "xmf.DE006" />
                    <value2 value = "100.00" />
                    <operator value = "/" />
                    <targetFieldPath value = "common.valorMoedaEstrangeira" />
                </command>
            </if>
        </conditional-block>

    </dataManip>

    <dataManip label="ParseDE007" >
        <fieldSetReference reference="arg0" alias="xmf"/>
        <fieldSetReference reference="arg1" alias="imf"/>
        <fieldSetReference reference="arg2" alias="LOCAL"/>
        <conditional-block label="DE007_ESTA_PRESENTE">
            <if objectReferenceLabel="EXPR">
                <expr value="LOCAL.DE007isOn == 'true' "/>
                <!-- t719926 - 19/10/2016 - para a transacao de echo test do hiper multicaptura este bit eh mandado mais nos nao utilizamos -->
                <command label="BIT 007" objectReferenceLabel="FIELDSET_DUMP2">
                    <sourceFieldPath value = "imf.segments.common.nome_emp_adqt" />
                </command>
                <declare label="DE007_AUX" >
                    <field label="date" />
                    <field label="time" />
                </declare>
                <command label="Map_DE007_Date_Trn" objectReferenceLabel="SUBSTR" >
                    <sourceFieldPath value="xmf.DE007" />
                    <targetFieldPath value="DE007_AUX.date" />
                    <startPosition value="0" />
                    <length value="4" />
                </command>
                <command label="Map_DE007_Time_Trn" objectReferenceLabel="SUBSTR" >
                    <sourceFieldPath value="xmf.DE007" />
                    <targetFieldPath value="DE007_AUX.time" />
                    <startPosition value="4" />
                    <length value="6" />
                </command>
                <command label="Map_DE007_DT_Trn" objectReferenceLabel="DATETIME2" >
                    <sourceFieldPath value="DE007_AUX.date" />
                    <sourceValueMask value="MMDD" />
                    <targetFieldPath value="imf.shc_msg.trandate" />
                    <targetValueMask value="YYYYMMDD" />
                </command>
                <command label="Map_DE007_TM_Trn" objectReferenceLabel="DATETIME2" >
                    <sourceFieldPath value="DE007_AUX.time" />
                    <sourceValueMask value="HHMISS" />
                    <targetFieldPath value="imf.shc_msg.trantime" />
                    <targetValueMask value="HHMISS" />
                </command>
           </if>
        </conditional-block>
    </dataManip>

    <dataManip label="ParseDE010" >
        <fieldSetReference reference="arg0" alias="xmf"/>
        <fieldSetReference reference="arg1" alias="imf"/>
        <fieldSetReference reference="arg1.shc_msg" alias="shc_msg"/>
        <fieldSetReference reference="arg1.segments.common" alias="common"/>
        <fieldSetReference reference="arg1.segments" alias="segments"/>
        <fieldSetReference reference="arg2" alias="LOCAL"/>

        <conditional-block label="DE010_ESTA_PRESENTE">
            <if objectReferenceLabel="EXPR">
            <expr value="LOCAL.DE010isOn == 'true' "/>
                <command label="Map_DE010_Trace" objectReferenceLabel="TRIM" >
                    <sourceFieldPath value="xmf.DE010" />
                    <targetFieldPath value="common.valorTaxaConvMoeda" />
                    <trimmingChar value="0" />
                    <enableLeftTrimming value="true" />
                    <enableRightTrimming value="false" />
                </command>
            </if>
        </conditional-block>

    </dataManip>
 
    <dataManip label="ParseDE011" >
        <fieldSetReference reference="arg0" alias="xmf"/>
        <fieldSetReference reference="arg1" alias="imf"/>
        <fieldSetReference reference="arg1.shc_msg" alias="shc_msg"/>
        <fieldSetReference reference="arg1.segments.common" alias="common"/>
        <fieldSetReference reference="arg1.segments" alias="segments"/>
        <fieldSetReference reference="arg2" alias="LOCAL"/>

        <conditional-block label="DE011_ESTA_PRESENTE">
            <if objectReferenceLabel="EXPR">
            <expr value="LOCAL.DE011isOn == 'true' "/>
                <command label="Map_DE011_Trace" objectReferenceLabel="TRIM" >
                    <sourceFieldPath value="xmf.DE011" />
                    <targetFieldPath value="imf.shc_msg.trace" />
                    <trimmingChar value="0" />
                    <enableLeftTrimming value="true" />
                    <enableRightTrimming value="false" />
                </command>
            </if>
        </conditional-block>

    </dataManip>
    
    <dataManip label="ParseDE014" >
        <fieldSetReference reference="arg0" alias="xmf"/>
        <fieldSetReference reference="arg1" alias="imf"/>
        <fieldSetReference reference="arg1.shc_msg" alias="shc_msg"/>
        <fieldSetReference reference="arg1.segments.common" alias="common"/>
        <fieldSetReference reference="arg1.segments" alias="segments"/>
        <fieldSetReference reference="arg2" alias="LOCAL"/>
        
        <conditional-block label="DE014_ESTA_PRESENTE">
            <if objectReferenceLabel="EXPR">
                <expr value="LOCAL.DE014isOn == 'true' "/>
                <command label="MapDE014" objectReferenceLabel="COPY" >
                    <sourceFieldPath value = "xmf.DE014" />
                    <targetFieldPath value = "imf.shc_data.expiry_date" />
                </command>
            </if>
        </conditional-block>
    </dataManip>

    <dataManip label="ParseDE015" >
        <fieldSetReference reference="arg0" alias="xmf"/>
        <fieldSetReference reference="arg1" alias="imf"/>
        <fieldSetReference reference="arg1.shc_msg" alias="shc_msg"/>
        <fieldSetReference reference="arg1.segments.common" alias="common"/>
        <fieldSetReference reference="arg1.segments" alias="segments"/>
        <fieldSetReference reference="arg2" alias="LOCAL"/>

        <conditional-block label="DE015_ESTA_PRESENTE">
            <if objectReferenceLabel="EXPR">
                <expr value="LOCAL.DE015isOn == 'true' "/>
                <command label="Map_DE015_SettlementDate" objectReferenceLabel="DATETIME2" >
                    <sourceFieldPath value="xmf.DE015" />
                    <sourceValueMask value="MMDD" />
                    <targetFieldPath value="imf.shc_msg.settlement_date" />
                    <targetValueMask value="YYYYMMDD" />
                </command>
            </if>
        </conditional-block>
    </dataManip>

    <dataManip label="ParseDE022" >
        <fieldSetReference reference="arg0" alias="xmf"/>
        <fieldSetReference reference="arg1" alias="imf"/>
        <fieldSetReference reference="arg1.shc_msg" alias="shc_msg"/>
        <fieldSetReference reference="arg1.segments.common" alias="common"/>
        <fieldSetReference reference="arg1.segments" alias="segments"/>
        <fieldSetReference reference="arg2" alias="LOCAL"/>
        
        <conditional-block label="DE022_ESTA_PRESENTE">
            <if objectReferenceLabel="EXPR">
                <expr value="LOCAL.DE022isOn == 'true' "/>
                <command label="Map_DE022_PosEntryCode" objectReferenceLabel="TRIM" >
                    <sourceFieldPath value="xmf.DE022" />
                    <targetFieldPath value="imf.shc_msg.pos_entry_code" />
                    <trimmingChar value="0" />
                    <enableLeftTrimming value="true" />
                    <enableRightTrimming value="false" />
                </command>
            </if>
        </conditional-block>
    </dataManip>
    
    <dataManip label="ParseDE023" >
        <fieldSetReference reference="arg0" alias="xmf"/>
        <fieldSetReference reference="arg1" alias="imf"/>
        <fieldSetReference reference="arg1.shc_msg" alias="shc_msg"/>
        <fieldSetReference reference="arg1.segments.common" alias="common"/>
        <fieldSetReference reference="arg1.segments" alias="segments"/>
        <fieldSetReference reference="arg2" alias="LOCAL"/>
        
        <conditional-block label="DE023_ESTA_PRESENTE">
        <if objectReferenceLabel="EXPR">
            <expr value="LOCAL.DE023isOn == 'true'"/>
            <command label="set_card_seqno" objectReferenceLabel="XCOPY">
                <value sourceField="xmf.DE023" type="value" targetFieldPath="imf.shc_msg.card_seqno" />
                <value sourceField="xmf.DE023" type="value" targetFieldPath="imf.segments.common.card_seqno" />
                <!-- BANESCARD, SODEXO E DINERS usam a variavel imf.segments.common.cd_seq_car para setar o DE023 no emissor -->
                <!-- Existe uma copia do imf.segments.common.card_seqno para o imf.segments.common.cd_seq_car no DataManipInterfaces.xml  -->
            </command>
        </if>
        </conditional-block>

    </dataManip>
    
    <dataManip label="ParseDE035" >
        <fieldSetReference reference="arg0" alias="xmf"/>
        <fieldSetReference reference="arg1" alias="imf"/>
        <fieldSetReference reference="arg1.shc_msg" alias="shc_msg"/>
        <fieldSetReference reference="arg1.segments.common" alias="common"/>
        <fieldSetReference reference="arg1.segments" alias="segments"/>
        <fieldSetReference reference="arg2" alias="LOCAL"/>
        
        <conditional-block label="DE035_ESTA_PRESENTE">
            <if objectReferenceLabel="EXPR">
                <expr value="LOCAL.DE035isOn == 'true' "/>
                <command label="Clear_Track2" objectReferenceLabel="VALUE">
                    <sourceValue value=""/>
                    <targetFieldPath value="imf.shc_msg.track2"/>
                </command>

                <command label="Map_DE035_Track2" objectReferenceLabel="COPY">
                    <sourceFieldPath value="xmf.DE035"/>
                    <targetFieldPath value="imf.shc_msg.track2"/>
                </command>
            </if>
        </conditional-block>
    </dataManip>
    
    <dataManip label="ParseDE038" >
        <fieldSetReference reference="arg0" alias="xmf"/>
        <fieldSetReference reference="arg1" alias="imf"/>
        <fieldSetReference reference="arg1.shc_msg" alias="shc_msg"/>
        <fieldSetReference reference="arg1.segments.common" alias="common"/>
        <fieldSetReference reference="arg1.segments" alias="segments"/>
        <fieldSetReference reference="arg2" alias="LOCAL"/>

        <conditional-block label="DE038_ESTA_PRESENTE">
            <if objectReferenceLabel="EXPR">
                <expr value="LOCAL.DE038isOn == 'true' "/>
                <command label="Map_DE038_Authnum" objectReferenceLabel="COPY" >
                    <sourceFieldPath value = "xmf.DE038" />
                    <targetFieldPath value = "imf.shc_msg.authnum" />
                </command>
            </if>
        </conditional-block>
    </dataManip>

    <dataManip label="ParseDE039" >
        <fieldSetReference reference="arg0" alias="xmf"/>
        <fieldSetReference reference="arg1" alias="imf"/>
        <fieldSetReference reference="arg1.shc_msg" alias="shc_msg"/>
        <fieldSetReference reference="arg1.segments.common" alias="common"/>
        <fieldSetReference reference="arg1.segments" alias="segments"/>
        <fieldSetReference reference="arg2" alias="LOCAL"/>
        
        <conditional-block label="DE039_ESTA_PRESENTE">
            <if objectReferenceLabel="EXPR">
                <expr value="LOCAL.DE039isOn == 'true' "/>

                <command label="Map_DE039_respcode" objectReferenceLabel="COPY" >
                    <sourceFieldPath value = "xmf.DE039" />
                    <targetFieldPath value = "imf.shc_msg.respcode" />
                </command>

                <command label="Set_az_reason_code_if_reversal" objectReferenceLabel="COPY" >
                    <when objectReferenceLabel="EXPR" >
                        <expr value="imf.shc_msg.msgtype == '420' || imf.shc_msg.msgtype == '610' || imf.shc_msg.msgtype == '220'" />
                    </when>
                    <sourceFieldPath value = "xmf.DE039" />
                    <targetFieldPath value = "common.az_reason_code" />
                </command>

            </if>
        </conditional-block>
    </dataManip>

    <dataManip label="ParseDE051" >
        <fieldSetReference reference="arg0" alias="xmf"/>
        <fieldSetReference reference="arg1" alias="imf"/>
        <fieldSetReference reference="arg1.shc_msg" alias="shc_msg"/>
        <fieldSetReference reference="arg1.segments.common" alias="common"/>
        <fieldSetReference reference="arg1.segments" alias="segments"/>
        <fieldSetReference reference="arg2" alias="LOCAL"/>

        <conditional-block label="DE051_ESTA_PRESENTE">
            <if objectReferenceLabel="EXPR">
            <expr value="LOCAL.DE051isOn == 'true' "/>
                <command label="Map_DE051_Trace" objectReferenceLabel="TRIM" >
                    <sourceFieldPath value="xmf.DE051" />
                    <targetFieldPath value="common.codigoMoedaEstrangeira" />
                    <trimmingChar value="0" />
                    <enableLeftTrimming value="true" />
                    <enableRightTrimming value="false" />
                </command>
            </if>
        </conditional-block>

    </dataManip>

</dataManip-list>
