<?xml version="1.0" encoding="iso-8859-1"?>
<!DOCTYPE dataManip-list SYSTEM "../../../PDV/dtd/fwsw/DataManip.dtd">

<dataManip-list>

    <!-- @Info: DATAMANIP PRINCIPAL -->
    <dataManip label="FROMPORT">
        <fieldSetReference reference="source.shc_msg" alias="shc_msg" />
        <fieldSetReference reference="source.segments.common" alias="common" />

        <conditional-block label="CHECK">
            <if objectReferenceLabel="EXPR">
            <expr value="shc_msg.pcode == '490000' || shc_msg.msgtype == '810' " />
                <command label="Set_SegmentsPIX_ON" objectReferenceLabel="TURN_ON" >
                    <targetFieldPath value="source.segments.pix" />
                </command>
                <command label="Set_SegmentsCommon_ON" objectReferenceLabel="TURN_ON" >
                    <targetFieldPath value="source.segments.common" />
                </command>
                <command label="Set_SegmentsMerchant_ON" objectReferenceLabel="TURN_ON" >
                    <targetFieldPath value="source.segments.merchant" />
                </command>
            </if>
        </conditional-block>

        <declare label="LOCAL" >
			<field label="fluxo"       value="FROMPORT"/>
			<field label="mailboxName" value="???" />
            <field label="porta"       value="-" />			
        </declare>

		<command label="FLOW" objectReferenceLabel="FIELDSET_DUMP2">
			<sourceFieldPath value = "LOCAL.fluxo" />
		</command>

       <command label="CopyMsgFromToShcIss" objectReferenceLabel="FIELDSET_COPY">
            <sourceFieldPath value = "target" />
            <targetFieldPath value = "source" />
        </command>              

        <command label="TRX_TRACE_LOG" objectReferenceLabel="TRX_TRACE" >
            <sourceFieldPath value = "target" />
            <engineFieldPath value = "environment" />
            <portNamePath    value = "LOCAL.porta" />
        </command>

        <call label="CallPreProcessamento">
            <subDataManip objectReferenceLabel="PreProc" />
            <targetFieldPath value="target" />
            <targetFieldPath value="LOCAL" />
            <targetFieldPath value="environment" />
        </call>

        <call label="CallProcessamento">
            <subDataManip objectReferenceLabel="Proc" />
            <targetFieldPath value="target" />
            <targetFieldPath value="LOCAL" />
            <targetFieldPath value="environment" />			
        </call>

        <call label="CallPosProcessamento">
            <subDataManip objectReferenceLabel="PosProc" />
            <targetFieldPath value="target" />
            <targetFieldPath value="LOCAL" />
            <targetFieldPath value="environment" />
        </call>

        <call label="Dump_Destino_Xmf">
            <dataManipXml filePath="$(FEGEN_XML_DIR)" fileName="DataManipCommon.xml"/>
            <subDataManip objectReferenceLabel="Dump_Destino_Xmf" />
            <targetFieldPath value="target" />
            <targetFieldPath value="LOCAL" />
            <targetFieldPath value="environment.RETURN_ADDRESS" />
        </call>
    </dataManip>

    <!-- @Info: DATAMANIP DE PRE PROCESSAMENTO -->
    <dataManip label="PreProc">
        <fieldSetReference reference="arg0" alias="target"/>
        <fieldSetReference reference="arg1" alias="LOCAL"/>
        <fieldSetReference reference="arg2" alias="environment"/>
    </dataManip>
   
    <!-- @Info: DATAMANIP DE PROCESSAMENTO -->
    <dataManip label="Proc">
        <fieldSetReference reference="arg0" alias="target"/>
        <fieldSetReference reference="arg1" alias="LOCAL"/>
        <fieldSetReference reference="arg2" alias="environment"/>
    </dataManip>

    <!-- @Info: DATAMANIP DE POS PROCESSAMENTO -->
    <dataManip label="PosProc">
        <fieldSetReference reference="arg0" alias="target"/>
        <fieldSetReference reference="arg1" alias="LOCAL"/>
        <fieldSetReference reference="arg2" alias="environment"/>

		<declare label="IMF_MON">
			<field label="DE032"  />
			<field label="DE033"  />
			<field label="DE003"     />
			<field label="MSG_TYPE"   />
			<field label="DE039"  />
		</declare>
		
		<declare label="MAQ">
			<field label="MAQUINA"  value="$(_SERVER_ALIAS)"/>
		</declare>	

		<command label="setMSGTYPE" objectReferenceLabel="COPY">
			<sourceFieldPath value="target.shc_msg.msgtype" />
			<targetFieldPath value="IMF_MON.MSG_TYPE" />		
		</command>
		
		<command label="setPCODE" objectReferenceLabel="COPY">
			<sourceFieldPath value="target.shc_msg.pcode"/>
			<targetFieldPath value="IMF_MON.DE003"/>
		</command>
		
		<command label="setRESPCODE" objectReferenceLabel="COPY">
			<sourceFieldPath value="target.shc_msg.respcode"/>
			<targetFieldPath value="IMF_MON.DE039"/>
		</command>

		<command label="setNETWORKID" objectReferenceLabel="COPY">
			<sourceFieldPath value="target.shc_msg.issuer"/>
			<targetFieldPath value="IMF_MON.DE033"/>
		</command>
		
		<command label="cutMAQUINA" objectReferenceLabel="SUBSTR">
			<sourceFieldPath value="MAQ.MAQUINA" />
			<targetFieldPath value="MAQ.MAQUINA" />
			<startPosition value="0"/>
			<length value="3"/>
		</command>
		
		<command label="setACQUIRERID" objectReferenceLabel="COPY">
			<sourceFieldPath value="target.shc_msg.acquirer"/>
			<targetFieldPath value="IMF_MON.DE032"/>
		</command>

		<command label="QTDE_REQ_ENV" objectReferenceLabel="STATS" >
			<vertice value="QTDE_REQ_ENV" /> <!-- QTDE_REQ_REC, QTDE_REQ_ENV,QTDE_RESP_REC, QTDE_RESP_ENV, NETC_INDEF-->
			<sourceFieldPath value="IMF_MON" />
			<inputFile value="$(GEN_ROOT)/bin/stats_util" />
		</command>        
        
        <command label="Forward_Address" objectReferenceLabel="MAILBOXLOCATOR" >
            <mailboxName value="SharedCash" />
            <targetFieldPath value="environment.FORWARD_ADDRESS" />
        </command>        
    </dataManip>

</dataManip-list>
