<?xml version="1.0" encoding="iso-8859-1"?>
<!DOCTYPE dataManip-list SYSTEM "../../../PDV/dtd/fwsw/DataManip.dtd">

<dataManip-list>

    <!-- @Info: DATAMANIP PRINCIPAL -->
    <dataManip label="JSON_2_SHC_NEG">
        <fieldSetReference reference="target.shc_msg" alias="shc_msg" />
        <fieldSetReference reference="target.segments.common" alias="common" />
		
        <declare label="LOCAL" >
			<field label="fluxo" value="NEGATIVE"/>
        </declare>
		
        <call label="CallPreProcessamento">
            <subDataManip objectReferenceLabel="PreProc" />
            <targetFieldPath value="source" />
            <targetFieldPath value="LOCAL" />
            <targetFieldPath value="environment" />
        </call>

        <call label="CallProcessamento">
            <subDataManip objectReferenceLabel="Proc" />
            <targetFieldPath value="source" />
            <targetFieldPath value="LOCAL" />
            <targetFieldPath value="environment" />
        </call>

        <call label="CallPosProcessamento">
            <subDataManip objectReferenceLabel="PosProc" />
            <targetFieldPath value="source" />
            <targetFieldPath value="LOCAL" />
            <targetFieldPath value="environment" />
        </call>

    </dataManip>

    <!-- @Info: DATAMANIP DE PRE PROCESSAMENTO -->
    <dataManip label="PreProc">
        <fieldSetReference reference="arg0" alias="source"/>
        <fieldSetReference reference="arg1" alias="LOCAL"/>
        <fieldSetReference reference="arg2" alias="environment"/>
        
    </dataManip>

    <!-- @Info: DATAMANIP DE PROCESSAMENTO -->
    <dataManip label="Proc">
        <fieldSetReference reference="arg0" alias="source"/>
        <fieldSetReference reference="arg1" alias="LOCAL"/>
        <fieldSetReference reference="arg2" alias="environment"/>
        
    </dataManip>

    <!-- @Info: DATAMANIP DE POS PROCESSAMENTO -->
    <dataManip label="PosProc">
        <fieldSetReference reference="arg0" alias="source"/>
        <fieldSetReference reference="arg1" alias="LOCAL"/>
        <fieldSetReference reference="arg2" alias="environment"/>
        
    </dataManip>

</dataManip-list>

