<?xml version="1.0" encoding="iso-8859-1"?>
<!DOCTYPE dataManip-list SYSTEM "../../../PDV/dtd/fwsw/DataManip.dtd">

<dataManip-list>

    <!-- @Info: DATAMANIP PRINCIPAL -->
    <dataManip label="FROMSHC">
		<fieldSetReference reference="source.shc_msg"           alias="shc_msg" />
        <fieldSetReference reference="source.segments.common"   alias="common" />
		<fieldSetReference reference="source.segments.merchant" alias="merchant" />

        <conditional-block label="CHECK">
            <if objectReferenceLabel="EXPR">
            <expr value="shc_msg.pcode == '490000' || shc_msg.msgtype == '800'" />
                <command label="Set_SegmentsPIX_ON" objectReferenceLabel="TURN_ON" >
                    <targetFieldPath value="source.segments.pix" />
                </command>
                <command label="Set_SegmentsCommon_ON" objectReferenceLabel="TURN_ON" >
                    <targetFieldPath value="source.segments.common" />
                </command>
                <command label="Set_SegmentsMerchant_ON" objectReferenceLabel="TURN_ON" >
                    <targetFieldPath value="source.segments.merchant" />
                </command>
            </if>
        </conditional-block>

        <command label="SetOFF_seg_pos_acquirer" objectReferenceLabel="TURN_OFF" >
            <targetFieldPath value="source.segments.pos_acquirer" />
        </command>

        <declare label="LOCAL" >
			<field label="fluxo"       value="FROMSHC"/>
			<field label="mailboxName" value="???" />
			<field label="porta"       value="-" />
        </declare>		

        <command label="CopyMsgFromToShcIss" objectReferenceLabel="FIELDSET_COPY">
            <sourceFieldPath value = "source" />
            <targetFieldPath value = "target" />
        </command>

		<command label="Dump_Target" objectReferenceLabel="FIELDSET_DUMP2">
			<sourceFieldPath value = "target" />
		</command>
		
		<command label="FLOW" objectReferenceLabel="FIELDSET_DUMP2">
			<sourceFieldPath value = "LOCAL.fluxo" />
		</command>
		
        <command label="TRX_TRACE_LOG" objectReferenceLabel="TRX_TRACE" >
            <sourceFieldPath value = "target" />
            <engineFieldPath value = "environment" />
            <portNamePath    value = "LOCAL.porta" />
        </command>
	
        <!-- @Info: Chamada do PreProcessamento -->
        <call label="CallPreProcessamento">
            <subDataManip objectReferenceLabel="PreProc" />
            <targetFieldPath value="source" />
            <targetFieldPath value="LOCAL" />
            <targetFieldPath value="environment" />
			<targetFieldPath value="target" />
        </call>

        <!-- @Info: Chamada do Processamento -->
        <call label="CallProcessamento">
            <subDataManip objectReferenceLabel="Proc" />
            <targetFieldPath value="source" />
            <targetFieldPath value="LOCAL" />
			<targetFieldPath value="environment" />
			<targetFieldPath value="target" />
        </call>

        <!-- @Info: Chamada do PosProcessamento -->
        <call label="CallPosProcessamento">
            <subDataManip objectReferenceLabel="PosProc" />
            <targetFieldPath value="source" />
            <targetFieldPath value="LOCAL" />
            <targetFieldPath value="environment" />
			<targetFieldPath value="target" />
        </call>

        <call label="Dump_Destino_Msg">
            <dataManipXml filePath="$(FEGEN_XML_DIR)" fileName="DataManipCommon.xml"/>
            <subDataManip objectReferenceLabel="Dump_Destino_Msg" />
            <targetFieldPath value="source" />
			<targetFieldPath value="target" />
            <targetFieldPath value="LOCAL" />
            <targetFieldPath value="environment.PORT_ADDRESS" />
        </call>

    </dataManip>

    <!-- @Info: DATAMANIP DE PRE PROCESSAMENTO -->
    <dataManip label="PreProc">
        <fieldSetReference reference="arg0" alias="source"/>
        <fieldSetReference reference="arg1" alias="LOCAL"/>
        <fieldSetReference reference="arg2" alias="environment"/>
		<fieldSetReference reference="arg3" alias="target"/>
        
		<declare label="IMF_MON">
			<field label="DE032"  />
			<field label="DE033"  />
			<field label="DE003"     />
			<field label="MSG_TYPE"   />
			<field label="DE039"  />
		</declare>
		
		<declare label="MAQ">
			<field label="MAQUINA"  value="$(_SERVER_ALIAS)"/>
		</declare>	

		<command label="setMSGTYPE" objectReferenceLabel="COPY">
			<sourceFieldPath value="source.shc_msg.msgtype" />
			<targetFieldPath value="IMF_MON.MSG_TYPE" />		
		</command>
		
		<command label="setPCODE" objectReferenceLabel="COPY">
			<sourceFieldPath value="source.shc_msg.pcode"/>
			<targetFieldPath value="IMF_MON.DE003"/>
		</command>
		
		<command label="setRESPCODE" objectReferenceLabel="COPY">
			<sourceFieldPath value="source.shc_msg.respcode"/>
			<targetFieldPath value="IMF_MON.DE039"/>
		</command>

		<command label="setNETWORKID" objectReferenceLabel="COPY">
			<sourceFieldPath value="source.shc_msg.issuer"/>
			<targetFieldPath value="IMF_MON.DE033"/>
		</command>
		
		<command label="cutMAQUINA" objectReferenceLabel="SUBSTR">
			<sourceFieldPath value="MAQ.MAQUINA" />
			<targetFieldPath value="MAQ.MAQUINA" />
			<startPosition value="0"/>
			<length value="3"/>
		</command>
		
		<command label="setACQUIRERID" objectReferenceLabel="COPY">
			<sourceFieldPath value="source.shc_msg.acquirer"/>
			<targetFieldPath value="IMF_MON.DE032"/>
		</command>		

		<command label="QTDE_REQ_REC" objectReferenceLabel="STATS" >
			<vertice value="QTDE_REQ_REC" /> <!-- QTDE_REQ_REC, QTDE_REQ_ENV,QTDE_RESP_REC, QTDE_RESP_ENV, NETC_INDEF-->
			<sourceFieldPath value="IMF_MON" />
			<inputFile value="$(GEN_ROOT)/bin/stats_util" />
		</command>

		<!-- <command label=" PREPROC : " objectReferenceLabel="XDUMP">
			<sourceFieldPath value = "IMF_MON" />
			<sourceFieldPath value = "MAQ" />
		</command> -->
    </dataManip>

    <!-- @Info: DATAMANIP DE PROCESSAMENTO -->
    <dataManip label="Proc">
        <fieldSetReference reference="arg0" alias="source"/>
        <fieldSetReference reference="arg1" alias="LOCAL"/>
		<fieldSetReference reference="arg2" alias="environment"/>
		<fieldSetReference reference="arg3" alias="target"/>
		
		<!-- Obtido da Callback do POS -->
		<command label="settxntype" objectReferenceLabel="VALUE">
			<sourceValue value="1"/>
			<targetFieldPath value="target.shc_msg.txntype"/>
		</command>
		
		<command label="Forward_Address" objectReferenceLabel="COPY" >
            <sourceFieldPath value="environment.PORT_ADDRESS" />
            <targetFieldPath value="environment.SENDER_ADDRESS" />
        </command> 		
    </dataManip>

    <!-- @Info: DATAMANIP DE POS PROCESSAMENTO -->
    <dataManip label="PosProc">
        <fieldSetReference reference="arg0" alias="source"/>
        <fieldSetReference reference="arg1" alias="LOCAL"/>
        <fieldSetReference reference="arg2" alias="environment"/>
		<fieldSetReference reference="arg3" alias="target"/>

		<declare label="IMF_MON">
			<field label="DE032"  />
			<field label="DE033"  />
			<field label="DE003"     />
			<field label="MSG_TYPE"   />
			<field label="DE039"  />
		</declare>
		
		<declare label="MAQ">
			<field label="MAQUINA"  value="$(_SERVER_ALIAS)"/>
		</declare>	

		<command label="setMSGTYPE" objectReferenceLabel="COPY">
			<sourceFieldPath value="source.shc_msg.msgtype" />
			<targetFieldPath value="IMF_MON.MSG_TYPE" />		
		</command>
		
		<command label="setPCODE" objectReferenceLabel="COPY">
			<sourceFieldPath value="source.shc_msg.pcode"/>
			<targetFieldPath value="IMF_MON.DE003"/>
		</command>
		
		<command label="setRESPCODE" objectReferenceLabel="COPY">
			<sourceFieldPath value="source.shc_msg.respcode"/>
			<targetFieldPath value="IMF_MON.DE039"/>
		</command>

		<command label="setNETWORKID" objectReferenceLabel="COPY">
			<sourceFieldPath value="source.shc_msg.issuer"/>
			<targetFieldPath value="IMF_MON.DE033"/>
		</command>
		
		<command label="cutMAQUINA" objectReferenceLabel="SUBSTR">
			<sourceFieldPath value="MAQ.MAQUINA" />
			<targetFieldPath value="MAQ.MAQUINA" />
			<startPosition value="0"/>
			<length value="3"/>
		</command>
		
		<command label="setACQUIRERID" objectReferenceLabel="COPY">
			<sourceFieldPath value="source.shc_msg.acquirer"/>
			<targetFieldPath value="IMF_MON.DE032"/>
		</command>

		<command label="QTDE_REQ_ENV" objectReferenceLabel="STATS" >
			<vertice value="QTDE_REQ_ENV" /> <!-- QTDE_REQ_REC, QTDE_REQ_ENV,QTDE_RESP_REC, QTDE_RESP_ENV, NETC_INDEF-->
			<sourceFieldPath value="IMF_MON" />
			<inputFile value="$(GEN_ROOT)/bin/stats_util" />
		</command>

		<!-- Dump2 -->
        <command label="Dump_Environment" objectReferenceLabel="FIELDSET_DUMP2" >
            <sourceFieldPath value="environment" />
        </command>

        <command label="Dump_Target" objectReferenceLabel="FIELDSET_DUMP2" >
            <sourceFieldPath value="target" />
        </command>
    </dataManip>

</dataManip-list>
