<!DOCTYPE engine-list SYSTEM "../../../PDV/dtd/fwsw/Engine.dtd">

<engine-list> 
	<engine label="swfmt_acq_iss" >
		<xmlFiles>
			<librarianXml         filePath="$(FWSW_XML_DIR)"             fileName="StandardLibrarian.xml" />
			<librarianXml         filePath="$(COMMON_XML_DIR)"           fileName="Librarian.xml"         />
			<pluginManagerXml     filePath="$(FWSW_XML_DIR)"             fileName="StandardPlugins.xml"   />
			<pluginManagerXml     filePath="$(COMMON_XML_DIR)"           fileName="PluginManager.xml"     />
			<fieldSetXml          filePath="$(FWSW_XML_DIR)"             fileName="ShcMsg.xml"            />
			<dataManipXml         filePath="$(SWFMT_ACQ_ISS_XML_DIR)"    fileName="DataManipRequest.xml"  />
			<dataManipXml         filePath="$(SWFMT_ACQ_ISS_XML_DIR)"    fileName="DataManipResponse.xml" />
			<dataManipXml         filePath="$(SWFMT_ACQ_ISS_XML_DIR)"    fileName="DataManipNegative.xml" />
			<dataManipXml         filePath="$(SWFMT_ACQ_ISS_XML_DIR)"    fileName="DataManipEvent.xml" />
		</xmlFiles>

		<librarian           referenceLabel="STANDARD_LIBRARIAN"                    />
		<librarian           referenceLabel="FEPDV_COMMON_LIBRARIAN"                />
		<pluginManager       referenceLabel="STANDARD_PLUGINS"                      />
		<pluginManager       referenceLabel="FEPDV_COMMON_PLUGINS"                  />
		<xmfFieldSet         referenceLabel="IMF_FIELDSET"   symbol="target" />
		<imfFieldSet         referenceLabel="IMF_FIELDSET"   symbol="source" />
		<internalEnvironment symbol="environment"                                   />
		<dataManipRequest    referenceLabel="FROMPORT"                              />
		<dataManipResponse   referenceLabel="FROMSHC"                               />
		<dataManipNegative   referenceLabel="JSON_2_SHC_NEG"                        />
		<dataManipEvent      referenceLabel="JSON_EVENT"                            />
		<converter           inboundType="JSON" outboundType="SHC"                  />
		<trxEngine           objectReferenceLabel="STDTRXENGINE"                    />
	</engine>
</engine-list>
