<?xml version="1.0" encoding="iso-8859-1"?>
<!DOCTYPE dataManip-list SYSTEM "../../../PDV/dtd/fwsw/DataManip.dtd">

<dataManip-list>
    <!-- @Info: CHAMANDA DO MANIP PRINCIAL  -->
    <dataManip label="DUAL_EVENT">

		<fieldSetReference reference="source2json.shc_msg"         alias="shc_msg" />
        <fieldSetReference reference="source2json.segments.common" alias="common" />	

        <declare label="LOCAL">
            <field label="vazio" value="" />
        </declare>

        <command label="restore_expired_buffer" objectReferenceLabel="EVENTMANAGER" >
             <operation value = "expired" />
             <sourceFieldPath value = "environment.EVENT_DATA_BUFFER" />
             <targetFieldPath value = "source2json" />
        </command>

        <command label="  ========= Recebendo Evento Expirado =========  " objectReferenceLabel="FIELDSET_DUMP">
            <sourceFieldPath value = "source2json" />
        </command>

        <command label="set_mailbox_resposta_sender_addres" objectReferenceLabel="COPY" >
            <sourceFieldPath    value="common.orig_fmt_mb" />
            <targetFieldPath    value="environment.SENDER_ADDRESS" />
        </command>
	
		<!-- EAK 1545 - INICIO -->
		<command label=" === CONTROLE DE TIMEOUT === " objectReferenceLabel="TIMEOUT_THRESHOLD">
			<timeoutOccurred	value="TRUE" />
        </command>
		<!-- EAK 1545 - FIM -->
		
		<!-- Teste de Envio para a Porta -->
		<command label="Dual_Sync_Address" objectReferenceLabel="MAILBOXLOCATOR" >
			<mailboxName value = "$(RECEIVE_DUAL)" />
			<targetFieldPath value="environment.SENDER_ADDRESS" />
		</command>		
	
    </dataManip>

</dataManip-list>
