<?xml version="1.0" encoding="iso-8859-1"?>
<!DOCTYPE dataManip-list SYSTEM "../../../PDV/dtd/fwsw/DataManip.dtd">

<dataManip-list>
    <!-- @Info: DATAMANIP PRINCIPAL -->
    <dataManip label="DUAL_FROM_PORT">
        <fieldSetReference reference="target2imf.shc_msg"           alias="shc_msg" />
        <fieldSetReference reference="target2imf.segments.common"   alias="common" />
		<fieldSetReference reference="target2imf.segments.merchant" alias="merchant" />

        <declare label="TEMP" >
			<field label="fluxo"             value="REQUEST"/>
			<field label="event_key"  	     value="" />
			<field label="NSU_REMOTO" />
			<field label="DE38_REMOTO" />
			<field label="DE39_REMOTO" />
			<field label="DE63_REMOTO" />
			<field label="pb_reason_code" />
			<field label="az_reason_code" />
			<field label="porta" value="$(RECEIVE_PORT)" />
        </declare>

        <command label="CopyFrom" objectReferenceLabel="FIELDSET_COPY">
            <sourceFieldPath value="source2json"/>
            <targetFieldPath value="target2imf"/>
        </command>
		
        <command label="TRX_TRACE_LOG" objectReferenceLabel="TRX_TRACE" >
            <sourceFieldPath value = "target2imf" />
            <engineFieldPath value = "environment" />
            <portNamePath    value = "TEMP.porta" />
        </command>		
		
		<!-- Imprime dados transacao -->
        <command label="REQUEST" objectReferenceLabel="XDUMP">
			<sourceFieldPath value = "TEMP.fluxo" />
			<sourceFieldPath value = "common.reversal_type" />
			<sourceFieldPath value = "shc_msg.msgtype" />
			<sourceFieldPath value = "shc_msg.refnum" />
			<sourceFieldPath value = "merchant.tpdu" />
        </command>

		<conditional-block label="Processing Reversal-Estorno-Confirmacao">
			<!-- Desfazimento/Estorno/Confirmacao SEM ORIGINAL proveniente da Maquina Remota -->
			<if objectReferenceLabel="EXPR">
				<expr value="( common.reversal_type == '-1' &amp;&amp; ( shc_msg.msgtype == '400' || shc_msg.msgtype == '420' || shc_msg.msgtype == '202' ) )" />

				<!--
				<command label="Forward_Address" objectReferenceLabel="DELAY" >
					<sourceValue value="8" />
				</command>
				-->
                
				<!-- Atribui o Mailbox -->
				<command label="Forward_Address" objectReferenceLabel="MAILBOXLOCATOR" >
					<when objectReferenceLabel="EXPR">
						<expr value="common.acq_name == 'CRT'" />
					</when>
					<mailboxName value = "ACQSRV_CRT" />
					<targetFieldPath value="environment.FORWARD_ADDRESS" />
				</command>

				<command label="Forward_Address" objectReferenceLabel="MAILBOXLOCATOR" >
					<when objectReferenceLabel="EXPR">
						<expr value="common.acq_name == 'DBT'" />
					</when>
					<mailboxName value = "ACQSRV_DBT" />
					<targetFieldPath value="environment.FORWARD_ADDRESS" />
				</command>

				<command label="Forward_Address" objectReferenceLabel="MAILBOXLOCATOR" >
					<when objectReferenceLabel="EXPR">
						<expr value="common.acq_name == 'VCH'" />
					</when>
					<mailboxName value = "ACQSRV_VCH" />
					<targetFieldPath value="environment.FORWARD_ADDRESS" />
				</command>

				<command label="Forward_Address" objectReferenceLabel="MAILBOXLOCATOR" >
					<when objectReferenceLabel="EXPR">
						<expr value="common.acq_name == 'PL'" />
					</when>
					<mailboxName value = "ACQSRV_PL" />
					<targetFieldPath value="environment.FORWARD_ADDRESS" />
				</command>

				<command label="Forward_Address" objectReferenceLabel="MAILBOXLOCATOR" >
					<when objectReferenceLabel="EXPR">
						<expr value="common.acq_name == 'ADM'" />
					</when>
					<mailboxName value = "ACQSRV_ADM" />
					<targetFieldPath value="environment.FORWARD_ADDRESS" />
				</command>
				
				<command label="Forward_Address" objectReferenceLabel="MAILBOXLOCATOR" >
					<when objectReferenceLabel="EXPR">
						<expr value="common.acq_name == 'PAY'" />
					</when>
					<mailboxName value = "ACQSRV_PAY" />
					<targetFieldPath value="environment.FORWARD_ADDRESS" />
				</command>			
				
				<command label="set_cod_fun_zero"  objectReferenceLabel="VALUE">
					<targetFieldPath    value = "common.cod_fun" />
					<sourceValue        value = "0" />
				</command>	

				<command label=" ==== FROM REMOTE HOST TO ACQ ==== "  objectReferenceLabel="XDUMP">
					<sourceFieldPath    value = "environment.FORWARD_ADDRESS" />
					<sourceFieldPath    value = "common.acq_name" />
				</command>
			</if>

			<!-- Resposta do Desfazimento/Estorno -->
			<else-if objectReferenceLabel="EXPR">
			<expr value="( common.reversal_type != '-1' &amp;&amp; ( shc_msg.msgtype == '410' || shc_msg.msgtype == '430' ))" />

				<!-- Salva valores originais -->
				<!--
				<command label="save_remote_fields" objectReferenceLabel="XCOPY">
					<value sourceField="shc_msg.refnum"   	type="value" targetFieldPath="TEMP.NSU_REMOTO" />
					<value sourceField="shc_msg.respcode" 	type="value" targetFieldPath="TEMP.DE39_REMOTO" />
					<value sourceField="common.bit63"     	type="value" targetFieldPath="TEMP.DE63_REMOTO" />
					<value sourceField="shc_msg.authnum"  	type="value" targetFieldPath="TEMP.DE38_REMOTO" />
					<value sourceField="common.pb_reason_code"  type="value" targetFieldPath="TEMP.pb_reason_code" />
					<value sourceField="common.az_reason_code"  type="value" targetFieldPath="TEMP.az_reason_code" />
				</command>
				-->

				<!-- Chave para Recuperar o evento TERM e STAN -->
				<command label="make_event_key" objectReferenceLabel="PAD" >
					<sourceFieldPath value="shc_msg.trace" />
					<targetFieldPath value="TEMP.event_key" />
					<paddingChar value="0" />
					<mode value="left" />
					<length value="6" />
				</command>

				<command label="make_event_key_concat_term" objectReferenceLabel="CONCAT" >
					<sourceFieldPath value = "TEMP.event_key" />
					<targetFieldPath value = "TEMP.event_key" />
					<concatSide value = "LEFT" />
					<concatFieldSetPath value = "shc_msg.termid" />
				</command>
				
				<command label="clear_msgtype_resp_tardia"  objectReferenceLabel="VALUE">
					<targetFieldPath    value = "source2json.shc_msg.msgtype" />
					<sourceValue        value = "0" />
				</command>	

				<!-- Recupera transacao Antes do Envio Remoto -->
				<command label="recover_event" objectReferenceLabel="EVENTMANAGER" >
					<operation value = "recover" />
					<key value = "TEMP.event_key" />
					<targetFieldPath value = "source2json" />
				</command>

				<!-- Ops resposta do Front-end Remoto tardia, o Evento nao encontrado -->
				<command label="drop_no_event_txn"  objectReferenceLabel="DROP">
					<when objectReferenceLabel="EXPR">
						<expr value="source2json.shc_msg.msgtype == '0'" />
					</when>				
				</command>
				
				
				<command label="save_remote_fields" objectReferenceLabel="XCOPY">
					<value sourceField="source2json.segments.common.orig_fmt_mb"   	type="value" targetFieldPath="target2imf.segments.common.orig_fmt_mb" />
				</command>
								
				<!-- Copia valores da Transacao Remota em cima dos dados da Original -->
				<!--
				<command label="copia_dados_remote_fields" objectReferenceLabel="XCOPY">
					<value sourceField="TEMP.NSU_REMOTO"   	type="value" targetFieldPath="shc_msg.refnum" />
					<value sourceField="TEMP.DE39_REMOTO" 	type="value" targetFieldPath="shc_msg.respcode" />
					<value sourceField="TEMP.DE63_REMOTO"   type="value" targetFieldPath="common.bit63" />
					<value sourceField="TEMP.DE38_REMOTO"  	type="value" targetFieldPath="shc_msg.authnum" />
					<value sourceField="TEMP.pb_reason_code"  type="value" targetFieldPath="common.pb_reason_code" />
					<value sourceField="TEMP.az_reason_code"  type="value" targetFieldPath="common.az_reason_code" />
				</command>
				-->

				<command label="copy_fmt_mb"  objectReferenceLabel="COPY">
					<sourceFieldPath 	value = "common.orig_fmt_mb" />
					<targetFieldPath 	value = "environment.FORWARD_ADDRESS" />
				</command>
				
				<!-- Imprime Campos importantes vindos da maquina Remota -->
				<command label="==== FROM REMOTE HOST TO FMT LOCAL ==== "  objectReferenceLabel="XDUMP">
					<sourceFieldPath 	value = "environment.FORWARD_ADDRESS" />
					<sourceFieldPath 	value = "environment.SENDER_ADDRESS" />
					<sourceFieldPath 	value = "environment.RETURN_ADDRESS" />
					<sourceFieldPath    value = "common.acq_name" />
					<sourceFieldPath    value = "shc_msg.msgtype" />
					<sourceFieldPath    value = "shc_msg.refnum"  />
					<sourceFieldPath    value = "shc_msg.respcode" />
					<sourceFieldPath    value = "common.bit63" />
					<sourceFieldPath    value = "shc_msg.authnum" />
					
					<sourceFieldPath    value = "common.orig_fmt_mb" />
				</command>

				<!-- EAK 1545 - INICIO -->
				<command label=" === CONTROLE DE TIMEOUT === " objectReferenceLabel="TIMEOUT_THRESHOLD">
					<timeoutOccurred	value="FALSE" />
				</command>
				<!-- EAK 1545 - FIM -->
				
			</else-if>
			
			<!-- Desfazimento/Estorno que deram TimeOut (Estouro do Evento)-->
			<else-if objectReferenceLabel="EXPR">
			<expr value="( common.reversal_type == '-1' &amp;&amp; ( shc_msg.msgtype == '410' || shc_msg.msgtype == '430' ))" />
				<command label="copy_fmt_mb"  objectReferenceLabel="COPY">
					<sourceFieldPath 	value = "common.orig_fmt_mb" />
					<targetFieldPath 	value = "environment.FORWARD_ADDRESS" />
				</command>
				
				<!-- Imprime campos importantes -->
				<command label="==== TIMEOUT IN REMOTE HOST. SENDING TO FMT LOCAL ==== "  objectReferenceLabel="XDUMP">
					<sourceFieldPath 	value = "environment.FORWARD_ADDRESS" />
					<sourceFieldPath    value = "shc_msg.refnum"  />
					<sourceFieldPath    value = "shc_msg.respcode" />
					<sourceFieldPath    value = "common.bit63" />
					<sourceFieldPath    value = "shc_msg.authnum" />
					<sourceFieldPath    value = "common.orig_fmt_mb" />
				</command>
			</else-if>
			
		</conditional-block>
	</dataManip>
</dataManip-list>