<?xml version="1.0" encoding="iso-8859-1"?>
<!DOCTYPE dataManip-list SYSTEM "../../../PDV/dtd/fwsw/DataManip.dtd">

<dataManip-list>
    <dataManip label="DUAL_FROM_ACQ">
		<fieldSetReference reference="source2json.shc_msg"           alias="shc_msg" />
        <fieldSetReference reference="source2json.segments.common"   alias="common" />
		<fieldSetReference reference="source2json.segments.merchant" alias="merchant" />

		<!-- Copia Dados Origem -->
        <command label="CopyFrom" objectReferenceLabel="FIELDSET_COPY">
            <sourceFieldPath value = "target2imf" />
            <targetFieldPath value = "source2json" />
        </command>

		<!-- Variaveis Temporarias -->
        <declare label="TEMP" >
			<field label="fluxo"        	 value="RESPONSE"/>
            <field label="event_timeout" 	 value="10" />
            <field label="event_action"  	 value="TM_NOTIFY_ONCE" />
			<field label="event_key"  	     value="" />
			<field label="PORTRESULT"  	     value="" />
			<field label="porta"             value="$(RECEIVE_PORT)" />
        </declare>

        <declare label="TPDU" >
			<field label="fixed"     value="60"/>
            <field label="origem" 	 value="" />
            <field label="destino" 	 value="" />
        </declare>	
		
		<!-- Dump apenas dos Campos Importantes -->
        <command label=" ==== Important Fields ====" objectReferenceLabel="XDUMP">
			<sourceFieldPath value = "TEMP.fluxo" />
			<sourceFieldPath value = "shc_msg.msgtype" />
			<sourceFieldPath value = "common.reversal_type" />
			<sourceFieldPath value = "shc_msg.refnum" />
			<sourceFieldPath value = "shc_msg.trace" />
			<sourceFieldPath value = "shc_msg.termid" />
			<sourceFieldPath value = "merchant.tpdu" />
        </command>

		<conditional-block label="Processing  Reversal-Estorno-Confirmacao">
			<!-- Desfazimento/Estorno/Confirmacao Sem Original vindo do Acquirer Server Local 
			FROM : ACQSRV LOCAL
			TO   : PORTA DUAL (ENVIO PARA MAQUINA REMOTA)
			-->
			<if objectReferenceLabel="EXPR">
			<expr value="( common.reversal_type == '-1' &amp;&amp; ( shc_msg.msgtype == '410' || shc_msg.msgtype == '430' || shc_msg.msgtype == '212' || shc_msg.msgtype == '202' ))" />

				<command label="PortConnected" objectReferenceLabel="PORTCONNECTED">
					<portName        value="$(SEND_PORT)" />
					<targetFieldPath value="TEMP.PORTRESULT" />
				</command>
				
				<command label="setPORT" objectReferenceLabel="VALUE">
					<sourceValue           value="$(SEND_PORT)" />
					<targetFieldPath value="TEMP.porta" />
				</command>				
				
				<conditional-block label="Processing Reversal-Estorno">
				<if objectReferenceLabel="EXPR">
					<expr value="TEMP.PORTRESULT == 'CONNECTED'" />
					<!-- Chave para Criar o evento TERM e STAN -->
					<command label="make_event_key" objectReferenceLabel="PAD" >
						<sourceFieldPath value="shc_msg.trace" />
						<targetFieldPath value="TEMP.event_key" />
						<paddingChar value="0" />
						<mode value="left" />
						<length value="6" />
					</command>

					<command label="make_event_key_concat_term" objectReferenceLabel="CONCAT" >
						<sourceFieldPath value = "TEMP.event_key" />
						<targetFieldPath value = "TEMP.event_key" />
						<concatSide value = "LEFT" />
						<concatFieldSetPath value = "shc_msg.termid" />
					</command>

					<!-- @Info: Salva os dados da transacao em evento -->
					<command label="create_event" objectReferenceLabel="EVENTMANAGER" >
                        <when objectReferenceLabel="EXPR">
                            <expr value="shc_msg.msgtype != '212' &amp;&amp; shc_msg.msgtype != '202'" />
                        </when>
						<operation       value = "create" />
						<mailBoxId       value = "environment.RETURN_ADDRESS" />
						<timeout         value = "TEMP.event_timeout" />
						<action          value = "TEMP.event_action" />
						<key             value = "TEMP.event_key" />
						<sourceFieldPath value = "source2json" />
					</command>

					<!-- Para Ajusta Desfazimento MsgType -->
					<command label="MudaMsgtype" objectReferenceLabel="MATH" >
						<when objectReferenceLabel="EXPR">
                            <expr value="shc_msg.msgtype != '202'" />
                        </when>
						<value1 value = "shc_msg.msgtype" />
						<value2 value = "10" />
						<operator value = "-" />
						<targetFieldPath value = "shc_msg.msgtype" />
					</command>
					
					<!-- Enviando para maquina Remota com o TPDU default da maquina -->
					<command label="Set_Default_TPDU"  objectReferenceLabel="VALUE">
						<sourceValue        value = "$(PORT_TPDU)" />						
						<targetFieldPath 	value = "merchant.tpdu" />
					</command>

					<!-- Manda transacao para a Porta -->
					<command label="Set_Destination" objectReferenceLabel="MAILBOXLOCATOR" >
						<mailboxName     value = "$(SEND_PORT)" />
						<targetFieldPath value = "environment.SENDER_ADDRESS" />
					</command>
					
					<command label="TRX_TRACE_LOG" objectReferenceLabel="TRX_TRACE" >
						<sourceFieldPath value = "source2json" />
						<engineFieldPath value = "environment" />
						<portNamePath value = "TEMP.porta" />
					</command>						

					<command label=" ==== FROM ACQ TO REMOTE HOST ==== "  objectReferenceLabel="XDUMP">
						<sourceFieldPath value = "environment.SENDER_ADDRESS" />
						<sourceFieldPath value = "TEMP.event_key" />
						<sourceFieldPath value = "shc_msg.msgtype" />
						<sourceFieldPath value = "merchant.tpdu" />
					</command>
				</if>
				<else>
					<command label="Confirmacao - Porta Dual_Sync Nao Conectada"  objectReferenceLabel="DROP">
                        <when objectReferenceLabel="EXPR">
                            <expr value="shc_msg.msgtype == '212' || shc_msg.msgtype == '202'" />
                        </when>
                    </command>

					<command label="Redireciona_FMT"  objectReferenceLabel="VALUE">
						<targetFieldPath 	value = "shc_msg.filler1" />
						<sourceValue        value = "REDIRECT FMT" />
					</command>
					
					<command label="Redireciona_FMT"  objectReferenceLabel="XDUMP">
						<sourceFieldPath 	value = "shc_msg.filler1" />
					</command>					
					
					<command label="Redireciona_FMT"  objectReferenceLabel="REDIRECT">
						<mailBoxId 	value = "common.orig_fmt_mb" />
					</command>
				</else>
				</conditional-block>

			</if>

			<!-- Desfazimento/Estorno Sem Original originalmente da Maquina Remota e Devolvida pelo Acquirer Server 
			FROM : ACQSRV LOCAL, POREM TRANSACAO JA VEIO DA MAQUINA REMOTA E JA PASSOU PELO ACQSRV DA OUTRA MAQUINA ANTES
			TO   : PORTA DUAL (ENVIO PARA MAQUINA REMOTA)
			-->
			<else-if objectReferenceLabel="EXPR">
			<expr value="( common.reversal_type != '-1' &amp;&amp; ( shc_msg.msgtype == '410' || shc_msg.msgtype == '430' ))" />
				<!-- Devolve para transacao Remota -->
				
				<command label="PortConnected" objectReferenceLabel="PORTCONNECTED">
					<portName        value="$(RECEIVE_PORT)" />
					<targetFieldPath value="TEMP.PORTRESULT" />
				</command>
				
				<command label="setPORT" objectReferenceLabel="VALUE">
					<sourceValue     value="$(RECEIVE_PORT)" />
					<targetFieldPath value="TEMP.porta" />
				</command>					

				<conditional-block label="Processing Reversal-Estorno">
				<if objectReferenceLabel="EXPR">
					<expr value="TEMP.PORTRESULT == 'CONNECTED'" />		

					<!-- Inverte TPDU -->
					<!-- 0123456789   -->
					<!-- 6004430442   -->
					<command label="tpdu_part1" objectReferenceLabel="SUBSTR">
						<sourceFieldPath value = "merchant.tpdu" />
						<targetFieldPath value = "TPDU.fixed" />
						<startPosition value = "0" />
						<length value = "2" />
					</command>
					
					<command label="tpdu_part2" objectReferenceLabel="SUBSTR">
						<sourceFieldPath value = "merchant.tpdu" />
						<targetFieldPath value = "TPDU.origem" />
						<startPosition value = "2" />
						<length value = "4" />
					</command>
					
					<command label="tpdu_part3" objectReferenceLabel="SUBSTR">
						<sourceFieldPath value = "merchant.tpdu" />
						<targetFieldPath value = "TPDU.destino" />
						<startPosition value = "6" />
						<length value = "4" />
					</command>
					
					<command label="TPDU"  objectReferenceLabel="FIELDSET_DUMP2">
						<sourceFieldPath 	value = "TPDU" />
					</command>						
					
					<command label="copy_part1" objectReferenceLabel="COPY">
						<sourceFieldPath value = "TPDU.fixed" />
						<targetFieldPath value = "merchant.tpdu" />
					</command>					

					<command label="copy_part2" objectReferenceLabel="CONCAT">
						<sourceFieldPath value = "merchant.tpdu" />
						<targetFieldPath value = "merchant.tpdu" />
						<concatSide value = "RIGHT" />
						<concatFieldSetPath value = "TPDU.destino" />
					</command>

					<command label="copy_part3" objectReferenceLabel="CONCAT">
						<sourceFieldPath value = "merchant.tpdu" />
						<targetFieldPath value = "merchant.tpdu" />
						<concatSide value = "RIGHT" />
						<concatFieldSetPath value = "TPDU.origem" />
					</command>					
					
					<command label="Set_Destination" objectReferenceLabel="MAILBOXLOCATOR" >
						<mailboxName     value = "$(RECEIVE_PORT)" />
						<targetFieldPath value = "environment.SENDER_ADDRESS" />
					</command>
					
					<command label="TRX_TRACE_LOG" objectReferenceLabel="TRX_TRACE" >
						<sourceFieldPath value = "source2json" />
						<engineFieldPath value = "environment" />
						<portNamePath value = "TEMP.porta" />
					</command>					

					<command label="==== FROM ACQ TO REMOTE HOST ==== "  objectReferenceLabel="XDUMP">
						<sourceFieldPath 	value = "environment.SENDER_ADDRESS" />
						<sourceFieldPath    value = "shc_msg.refnum"  /> 
						<sourceFieldPath    value = "shc_msg.respcode" /> 
						<sourceFieldPath    value = "common.bit63" />
						<sourceFieldPath    value = "shc_msg.authnum" /> 
						<sourceFieldPath    value = "merchant.tpdu" />
					</command>
				</if>
				<else>
				
					<command label="Porta Nao Conectada"  objectReferenceLabel="DROP" />
					
				</else>
				</conditional-block>				
				
				
			</else-if>

			<!-- Fluxo Nao Determinado - Drop -->
			<else>
				<command label="MsgType NAO PREVISTO"  objectReferenceLabel="DROP" />
			</else>
		</conditional-block>
	</dataManip>
</dataManip-list>
