<?xml version="1.0" encoding="iso-8859-1"?>
<!DOCTYPE dataManip-list SYSTEM "../../../PDV/dtd/fwsw/DataManip.dtd">

<dataManip-list>

    <!-- @Info: DATAMANIP PRINCIPAL -->
    <dataManip label="DUAL_NEG">
        <command label="CopyFrom" objectReferenceLabel="FIELDSET_COPY">
            <sourceFieldPath value="source2json"/>
            <targetFieldPath value="target2imf"/>
        </command>
		
        <declare label="LOCAL" >
            <field label="origem" value="NEGATIVE"/>
		</declare>		
		
        <command label="Negative" objectReferenceLabel="FIELDSET_DUMP2">
			<sourceFieldPath value = "LOCAL" />
        </command>			
    </dataManip>
</dataManip-list>
