<!DOCTYPE engine-list SYSTEM "../../../PDV/dtd/fwsw/Engine.dtd">

<engine-list> 
	<engine label="dual_sync" >
		<xmlFiles>
			<librarianXml         filePath="$(FWSW_XML_DIR)"        fileName="StandardLibrarian.xml" />
			<librarianXml         filePath="$(COMMON_XML_DIR)"      fileName="Librarian.xml" />
			<pluginManagerXml     filePath="$(FWSW_XML_DIR)"        fileName="StandardPlugins.xml" />
			<pluginManagerXml     filePath="$(COMMON_XML_DIR)"      fileName="PluginManager.xml" />
			<fieldSetXml          filePath="$(FWSW_XML_DIR)"        fileName="ShcMsg.xml" />
			<dataManipXml         filePath="$(FMT_DUAL_XML_DIR)"    fileName="DataManipRequest.xml" />
			<dataManipXml         filePath="$(FMT_DUAL_XML_DIR)"    fileName="DataManipResponse.xml" />
			<dataManipXml         filePath="$(FMT_DUAL_XML_DIR)"    fileName="DataManipNegative.xml" />
			<dataManipXml         filePath="$(FMT_DUAL_XML_DIR)"    fileName="DataManipEvent.xml" />
		</xmlFiles>

		<librarian                referenceLabel="STANDARD_LIBRARIAN" />
		<librarian                referenceLabel="FEPDV_COMMON_LIBRARIAN"            />
		<pluginManager            referenceLabel="STANDARD_PLUGINS" />
		<pluginManager            referenceLabel="FEPDV_COMMON_PLUGINS" />
		<xmfFieldSet              referenceLabel="IMF_FIELDSET"   symbol="source2json" />
		<imfFieldSet              referenceLabel="IMF_FIELDSET"   symbol="target2imf" />
		<internalEnvironment      symbol="environment" />
		<dataManipRequest         referenceLabel="DUAL_FROM_PORT" />
		<dataManipResponse        referenceLabel="DUAL_FROM_ACQ"  />
		<dataManipNegative        referenceLabel="DUAL_NEG"         />
		<dataManipEvent           referenceLabel="DUAL_EVENT"       />
		<converter                inboundType="JSON" outboundType="SHC" redirectType="SHC" />		
		<trxEngine                objectReferenceLabel="STDTRXENGINE" />
	</engine>
</engine-list>
