"TABLE_NAME"|"COLUMN_NAME"|"DATA_TYPE"|"DATA_LENGTH"|"DATA_PRECISION"|"DATA_SCALE"
TBSW0008|COD_BIN_INFR|CHAR|19||
TBSW0008|COD_BIN_SUPR|CHAR|19||
TBSW0008|COD_ID_MMBR|NUMBER|22|11|0
TBSW0008|COD_PAIS|CHAR|3||
TBSW0008|COD_PROD|CHAR|3||
TBSW0008|COD_RGAO|CHAR|1||
TBSW0008|COD_STTU_REG|CHAR|1||
TBSW0008|DAT_INCL_REG|DATE|7||
TBSW0008|IND_BIN_TKN|CHAR|1||
TBSW0008|IND_ROTA_BIN|CHAR|1||
TBSW0008|TIP_BIN|CHAR|1||
TBSW0131|DAT_MOV_TRAN|DATE|7||
TBSW0131|NUM_SEQ_UNC_CCR|NUMBER|22|9|0
TBSW0131|TXT_ADIC_RD_EXT|CHAR|20||
TBSW0131|TXT_ADIC_SNHA|CHAR|1||
TBSW0264|COD_EMP|NUMBER|22|3|0
TBSW0264|COD_RAM_ATVD|NUMBER|22|5|0
TBSW0264|COD_RAM_ATVD_EMP|NUMBER|22|5|0
TBSW0264|DTH_ATLZ_REG|DATE|7||
TBSW0264|IND_PRE_AUT|CHAR|1||
TBSW0265|COD_BNDR|NUMBER|22|5|0
TBSW0265|DTH_ATLZ_REG|DATE|7||
TBSW0265|NUM_BIN_FIM|CHAR|6||
TBSW0265|NUM_BIN_INI|CHAR|6||
TBSW0265|TIP_TRAN|NUMBER|22|5|0
TBSW1002|COD_PAIS_MSTO|CHAR|3||
TBSW1002|COD_PRFX_MSTO|CHAR|11||
TBSW1002|DAT_INCL_REG_MSTO|NUMBER|22|8|0
TBSW1002|IND_CDC|NUMBER|22|1|0
TBSW1002|IND_CNFR_PSTV|NUMBER|22|1|0
TBSW1002|IND_CSHB|NUMBER|22|1|0
TBSW1002|IND_MSTO|NUMBER|22|1|0
TBSW1002|IND_PARCELE_MAIS|NUMBER|22|1|0
TBSW1002|IND_PRE_DATADO|NUMBER|22|1|0
TBSW1002|NUM_ID_BIN_DEB|NUMBER|22|11|0
TBSW1004|COD_RSPS_TRAN|CHAR|4||
TBSW1004|COD_TIP_MSG|CHAR|4||
TBSW1004|DAT_LQDC_EFTV|NUMBER|22|8|0
TBSW1004|DAT_MOV_TRAN|NUMBER|22|8|0
TBSW1004|DAT_STTU_TRAN|NUMBER|22|8|0
TBSW1004|HOR_ULT_TRCA_CHAV|NUMBER|22|6|0
TBSW1004|IND_STTU_TRAN|CHAR|1||
TBSW1004|NUM_HIST_TRAN_LQDC|NUMBER|22||0
TBSW1004|NUM_SEQ_UNC|NUMBER|22|9|0
TBSW1005|COD_EMSR|NUMBER|22|4|0
TBSW1005|COD_PCM|CHAR|6||
TBSW1005|COD_STTU_ENVO|CHAR|1||
TBSW1005|COD_TERM|CHAR|8||
TBSW1005|COD_TRK_CAR|CHAR|40||
TBSW1005|DAT_CTB_RD|DATE|7||
TBSW1005|DAT_MOV_TRAN|NUMBER|22|8|0
TBSW1005|DES_CPL_MOT_RD_EXT|CHAR|25||
TBSW1005|HOR_INI_TRAN|DATE|7||
TBSW1005|IND_ACAO|CHAR|1||
TBSW1005|NUM_AUT_EMSR|CHAR|6||
TBSW1005|NUM_CAR|CHAR|19||
TBSW1005|NUM_ESTB|NUMBER|22|10|0
TBSW1005|NUM_SEQ_UNC|NUMBER|22|9|0
TBSW1005|TIP_TRAN|NUMBER|22|4|0
TBSW1005|VAL_TRAN|NUMBER|22|19|4
TBSW1007|COD_AUT_MTC|CHAR|9||
TBSW1007|COD_BNDR|NUMBER|22|3|0
TBSW1007|COD_CV|NUMBER|22|12|0
TBSW1007|COD_ELE_ADIC|CHAR|20||
TBSW1007|COD_MODO_ENTR_POS|CHAR|3||
TBSW1007|COD_MOED|CHAR|3||
TBSW1007|COD_MOT_RD_EXT|CHAR|3||
TBSW1007|COD_RAM_ATVD_MTC|NUMBER|22|4|0
TBSW1007|COD_TERM|CHAR|8||
TBSW1007|DAT_MOV_TRAN|NUMBER|22|8|0
TBSW1007|DAT_PCM_AJST_TRAN|NUMBER|22|8|0
TBSW1007|DAT_STTU_TRAN|NUMBER|22|8|0
TBSW1007|DES_CPL_MOT_RD_EXT|CHAR|25||
TBSW1007|HOR_AJST_TRAN|NUMBER|22|6|0
TBSW1007|HOR_INI_TRAN|NUMBER|22|6|0
TBSW1007|IND_STTU_TRAN|CHAR|1||
TBSW1007|IND_TIP_AJST|NUMBER|22||
TBSW1007|NOM_LOCL_ESTB|CHAR|40||
TBSW1007|NUM_CAR|CHAR|19||
TBSW1007|NUM_ESTB|NUMBER|22|9|0
TBSW1007|NUM_SEQ_UNC|NUMBER|22|9|0
TBSW1007|VAL_LQDC|NUMBER|22|19|2
TBSW1007|VAL_RISC|NUMBER|22|19|2
TBSW1007|VAL_SLDO_PARC|NUMBER|22|19|2
TBSW1007|VAL_TRAN|NUMBER|22|19|2
TBSW1008|COD_AUT_MTC|CHAR|9||
TBSW1008|COD_BNDR|NUMBER|22|3|0
TBSW1008|COD_CLI|NUMBER|22|5|0
TBSW1008|COD_CV|NUMBER|22|12|0
TBSW1008|COD_ELE_ADIC|CHAR|20||
TBSW1008|COD_MODO_ENTR_POS|CHAR|3||
TBSW1008|COD_MOED|CHAR|3||
TBSW1008|COD_MOT_NGTV_RD_EXT|CHAR|3||
TBSW1008|COD_RAM_ATVD_MTC|NUMBER|22|4|0
TBSW1008|COD_REF_EMSR|CHAR|15||
TBSW1008|COD_TERM|CHAR|8||
TBSW1008|COD_TRK_CAR|VARCHAR2|40||
TBSW1008|DAT_LQDC_EFTV|NUMBER|22|8|0
TBSW1008|DAT_MOV_TRAN|NUMBER|22|8|0
TBSW1008|DAT_PRDT|NUMBER|22|8|0
TBSW1008|DAT_STTU_TRAN|NUMBER|22|8|0
TBSW1008|DES_CPL_MOT_RD_EXT|CHAR|25||
TBSW1008|HOR_INI_TRAN|NUMBER|22|6|0
TBSW1008|HOR_LQDC_TRAN|NUMBER|22|6|0
TBSW1008|IND_DSTR|NUMBER|22|5|0
TBSW1008|IND_PRRD_TRAN|NUMBER|22|5|0
TBSW1008|IND_STTU_TRAN|CHAR|1||
TBSW1008|NOM_LOCL_ESTB|CHAR|40||
TBSW1008|NUM_CAR|CHAR|19||
TBSW1008|NUM_ESTB|NUMBER|22|9|0
TBSW1008|NUM_SEQ_UNC|NUMBER|22|9|0
TBSW1008|TIP_LQDC|NUMBER|22|5|0
TBSW1008|VAL_LQDC|NUMBER|22|19|2
TBSW1008|VAL_RISC|NUMBER|22|19|2
TBSW1008|VAL_TRAN|NUMBER|22|19|2
TBSW1009|DAT_ULT_TRCA_CHAV|NUMBER|22|8|0
TBSW1009|HOR_ULT_TRCA_CHAV|NUMBER|22|6|0
TBSW1009|NUM_ID_TRCA_CHAV_MSTO|NUMBER|22||0
TBSW1012|DAT_CRTE_MSTO|DATE|7||
TBSW1012|HOR_CRTE_MSTO|DATE|7||
TBSW1012|IND_PAIS_CRTE|CHAR|1||
TBSW2001|COD_BIN_ISSR|CHAR|6||
TBSW2001|COD_BIN_PRCS|CHAR|6||
TBSW2001|COD_CHAV_INFR|CHAR|9||
TBSW2001|COD_CHAV_SUPR|CHAR|9||
TBSW2001|COD_DOM_CAR|CHAR|1||
TBSW2001|COD_ID_MMBR_VISA|NUMBER|22|11|0
TBSW2001|COD_PAIS_CAR|CHAR|2||
TBSW2001|COD_PAIS_EMSR|CHAR|2||
TBSW2001|COD_PROD|CHAR|2||
TBSW2001|COD_RGAO_CAR|CHAR|1||
TBSW2001|COD_RGAO_EMSR|CHAR|1||
TBSW2001|DAT_INCL_REG_VISA|NUMBER|22|8|0
TBSW2001|IND_AMB|CHAR|1||
TBSW2001|IND_BIN_TKN|CHAR|1||
TBSW2001|IND_DA_NVL_2|CHAR|1||
TBSW2001|IND_DA_NVL_3|CHAR|1||
TBSW2001|IND_EXTN_TIP_PROD|CHAR|1||
TBSW2001|IND_JOG_ONLN|CHAR|1||
TBSW2001|IND_MSG_CAR_CMC|CHAR|1||
TBSW2001|IND_SERV_CAR_CMC|CHAR|1||
TBSW2001|IND_TCNL|CHAR|1||
TBSW2001|IND_TRSF_MNTR|CHAR|1||
TBSW2001|IND_TX_VAL_AGRD|CHAR|1||
TBSW2001|IND_VAL_ORGL|CHAR|1||
TBSW2001|TAM_RNG_CTA|CHAR|2||
TBSW2001|TIP_BIN|CHAR|3||
TBSW2001|TIP_CAR|CHAR|1||
TBSW2001|TIP_CAR_MLTP|CHAR|1||
TBSW2001|TIP_CHCK_DIG_VRFC|CHAR|1||
TBSW2001|TIP_ISSR|CHAR|3||
TBSW2001|TIP_USO|CHAR|1||
TBSW2001|TIP_USO_INT_1|VARCHAR2|18||
TBSW2001|TIP_USO_INT_2|CHAR|1||
TBSW2002|COD_OPID_ULT_ATLZ|CHAR|8||
TBSW2002|DES_TIP_TRAN|CHAR|40||
TBSW2002|DTH_ULT_ATLZ|DATE|7||
TBSW2002|TIP_TRAN|CHAR|2||
TBSW2003|COD_BNDR|NUMBER|22|2|0
TBSW2003|COD_EST|CHAR|2||
TBSW2003|COD_PAIS|CHAR|3||
TBSW2003|COD_RGAO|NUMBER|22|2|0
TBSW2003|DAT_EFTV|NUMBER|22|8|0
TBSW2003|NUM_BIN|CHAR|19||
TBSW2003|NUM_MMBR_ID|CHAR|11||
TBSW2003|QTD_MXO_PRCL|NUMBER|22|2|0
TBSW2003|TAM_BIN|NUMBER|22|2|0
TBSW2003|TAM_PAN|NUMBER|22|2|0
TBSW2003|TIP_BIN|NUMBER|22|1|0
TBSW2003|TIP_EFTV|CHAR|1||
TBSW2004|COD_RET_EXEC|NUMBER|22|3|0
TBSW2004|COD_SCRP_CMDR|CHAR|8||
TBSW2004|COD_STTU_EXEC|NUMBER|22|1|0
TBSW2004|DTH_FIM_EXEC|DATE|7||
TBSW2004|DTH_INI_EXEC|DATE|7||
TBSW2004|NOM_HOST_EXEC|VARCHAR2|16||
TBSW2004|NUM_ARQ_PCD|NUMBER|22|9|0
TBSW2004|NUM_PR_BTC|NUMBER|22|5|0
TBSW2004|NUM_PR_SIS_OPRC|NUMBER|22|12|0
TBSW2005|COD_OPID_ULT_ATLZ|CHAR|8||
TBSW2005|COD_SCRP_CMDR|CHAR|8||
TBSW2005|DES_SCRP_CMDR|VARCHAR2|256||
TBSW2005|DTH_ULT_ATLZ|DATE|7||
TBSW2006|COD_OPID_ULT_ATLZ|CHAR|8||
TBSW2006|DES_PR_BTC|VARCHAR2|256||
TBSW2006|DTH_ULT_ATLZ|DATE|7||
TBSW2006|NOM_PR_BTC|VARCHAR2|64||
TBSW2006|NUM_PR_BTC|NUMBER|22|5|0
TBSW2007|COD_OPID_ULT_ATLZ|CHAR|8||
TBSW2007|COD_RET_EXEC|NUMBER|22|3|0
TBSW2007|DES_COD_RET_EXEC|VARCHAR2|256||
TBSW2007|DTH_ULT_ATLZ|DATE|7||
TBSW2008|COD_STTU_ARQ_PCD|NUMBER|22|1|0
TBSW2008|NOM_ARQ_PCD|VARCHAR2|256||
TBSW2008|NUM_ARQ_PCD|NUMBER|22|9|0
TBSW2008|QTD_REG_PCD|NUMBER|22|9|0
TBSW2008|QTD_REG_PCD_ERR|NUMBER|22|9|0
TBSW2008|QTD_REG_PCD_SCSO|NUMBER|22|9|0
TBSW2008|TIP_OPE_ARQ_PCD|CHAR|1||
TBSW2008|TXT_LST_FE_MOV_ARQ_PCD|VARCHAR2|256||
TBSW2008|TXT_LST_HOST_MOV_ARQ_PCD|VARCHAR2|256||
TBSW2008|TXT_LST_SITE_MOV_ARQ_PCD|VARCHAR2|256||
TBSW2010|COD_ISSR_SW|NUMBER|22|10|0
TBSW2010|COD_ROTA|NUMBER|22|10|0
TBSW2010|COD_TIP_TRAN|CHAR|1||
TBSW2010|IND_PRRD|NUMBER|22|5|0
TBSW2010|NETWORK_ID|VARCHAR2|10||
TBSW2010|NETWORK_ID_VAN|VARCHAR2|10||
TBSW2010|NOM_FE_ACQR|VARCHAR2|16||
TBSW2010|NOM_HOST_ACQR|VARCHAR2|16||
TBSW2010|NUM_BIN_CAR_FIM|VARCHAR2|10||
TBSW2010|NUM_BIN_CAR_INI|VARCHAR2|10||
TBSW2011|COD_BNDR|NUMBER|22|5|0
TBSW2011|COD_EMSR_SW|NUMBER|22|10|0
TBSW2011|COD_FE_EMSR|VARCHAR2|16||
TBSW2011|COD_ISSR_SW|NUMBER|22|10|0
TBSW2011|NOM_EMSR_SW|VARCHAR2|30||
TBSW2013|COD_ISSR_SW|NUMBER|22|10|0
TBSW2013|COD_ROTA_PRVT_LBEL|NUMBER|22|10|0
TBSW2013|NETWORK_ID|VARCHAR2|10||
TBSW2013|NOM_FE_ACQR|VARCHAR2|16||
TBSW2013|NOM_HOST_ACQR|VARCHAR2|16||
TBSW2014|COD_ID_MMBR|NUMBER|22|11|0
TBSW2014|COD_PAIS|CHAR|3||
TBSW2014|COD_PRFX_MSTO|CHAR|11||
TBSW2014|DAT_INCL_REG|DATE|7||
TBSW2014|IND_BIN_TKN|CHAR|1||
TBSW2014|IND_CASH_BACK|NUMBER|22|1|0
TBSW2014|IND_CDC|NUMBER|22|1|0
TBSW2014|IND_CNFR_PSTV|NUMBER|22|1|0
TBSW2014|IND_DEB_MTC|NUMBER|22|1|0
TBSW2014|IND_MSTO|NUMBER|22|1|0
TBSW2014|IND_VD_PRDT|NUMBER|22|1|0
TBSW2014|TAM_PRFX_MSTO|NUMBER|22|2|0
TBSW2020|COD_PR_EXEC|NUMBER|22|10|0
TBSW2020|DAT_RESET|DATE|7||
TBSW2020|DTH_ULT_ATLZ|DATE|7||
TBSW2020|NOM_HOST|VARCHAR2|16||
TBSW2020|SGL_SITE|CHAR|3||
TBSW2020|VAL_ATU_NUM_SEQ_UNC|NUMBER|22|12|0
TBSW2020|VAL_RESET_NUM_SEQ_UNC|NUMBER|22|12|0
TBSW2020|VAL_RNG_NUM_SEQ_UNC|NUMBER|22|5|0
