"table_name"|"column_name"|"data_type"|"character_maximum_length"|"numeric_precision"|"numeric_scale"
tbsw0008|cod_bin_infr|character|19||
tbsw0008|cod_bin_supr|character|19||
tbsw0008|cod_id_mmbr|numeric||11|0
tbsw0008|cod_pais|character|3||
tbsw0008|cod_prod|character|3||
tbsw0008|cod_rgao|character|1||
tbsw0008|cod_sttu_reg|character|1||
tbsw0008|dat_incl_reg|date|||
tbsw0008|ind_bin_tkn|character|1||
tbsw0008|ind_rota_bin|character|1||
tbsw0008|tip_bin|character|1||
tbsw0131|dat_mov_tran|date|||
tbsw0131|num_seq_unc_ccr|numeric||9|0
tbsw0131|txt_adic_rd_ext|character|20||
tbsw0131|txt_adic_snha|character|1||
tbsw0264|cod_emp|numeric||3|0
tbsw0264|cod_ram_atvd|numeric||5|0
tbsw0264|cod_ram_atvd_emp|numeric||5|0
tbsw0264|dth_atlz_reg|date|||
tbsw0264|ind_pre_aut|character|1||
tbsw0265|cod_bndr|numeric||5|0
tbsw0265|dth_atlz_reg|date|||
tbsw0265|num_bin_fim|character|6||
tbsw0265|num_bin_ini|character|6||
tbsw0265|tip_tran|numeric||5|0
tbsw1002|cod_pais_msto|character|3||
tbsw1002|cod_prfx_msto|character|11||
tbsw1002|dat_incl_reg_msto|numeric||8|0
tbsw1002|ind_cdc|numeric||1|0
tbsw1002|ind_cnfr_pstv|numeric||1|0
tbsw1002|ind_cshb|numeric||1|0
tbsw1002|ind_msto|numeric||1|0
tbsw1002|ind_parcele_mais|numeric||1|0
tbsw1002|ind_pre_datado|numeric||1|0
tbsw1002|num_id_bin_deb|numeric||11|0
tbsw1004|cod_rsps_tran|character|4||
tbsw1004|cod_tip_msg|character|4||
tbsw1004|dat_lqdc_eftv|numeric||8|0
tbsw1004|dat_mov_tran|numeric||8|0
tbsw1004|dat_sttu_tran|numeric||8|0
tbsw1004|hor_ult_trca_chav|numeric||6|0
tbsw1004|ind_sttu_tran|character|1||
tbsw1004|num_hist_tran_lqdc|numeric||38|0
tbsw1004|num_seq_unc|numeric||9|0
tbsw1005|cod_emsr|numeric||4|0
tbsw1005|cod_pcm|character|6||
tbsw1005|cod_sttu_envo|character|1||
tbsw1005|cod_term|character|8||
tbsw1005|cod_trk_car|character|40||
tbsw1005|dat_ctb_rd|date|||
tbsw1005|dat_mov_tran|numeric||8|0
tbsw1005|des_cpl_mot_rd_ext|character|25||
tbsw1005|hor_ini_tran|date|||
tbsw1005|ind_acao|character|1||
tbsw1005|num_aut_emsr|character|6||
tbsw1005|num_car|character|19||
tbsw1005|num_estb|numeric||10|0
tbsw1005|num_seq_unc|numeric||9|0
tbsw1005|tip_tran|numeric||4|0
tbsw1005|val_tran|numeric||19|4
tbsw1007|cod_aut_mtc|character|9||
tbsw1007|cod_bndr|numeric||3|0
tbsw1007|cod_cv|numeric||12|0
tbsw1007|cod_ele_adic|character|20||
tbsw1007|cod_modo_entr_pos|character|3||
tbsw1007|cod_moed|character|3||
tbsw1007|cod_mot_rd_ext|character|3||
tbsw1007|cod_ram_atvd_mtc|numeric||4|0
tbsw1007|cod_term|character|8||
tbsw1007|dat_mov_tran|numeric||8|0
tbsw1007|dat_pcm_ajst_tran|numeric||8|0
tbsw1007|dat_sttu_tran|numeric||8|0
tbsw1007|des_cpl_mot_rd_ext|character|25||
tbsw1007|hor_ajst_tran|numeric||6|0
tbsw1007|hor_ini_tran|numeric||6|0
tbsw1007|ind_sttu_tran|character|1||
tbsw1007|ind_tip_ajst|numeric|||
tbsw1007|nom_locl_estb|character|40||
tbsw1007|num_car|character|19||
tbsw1007|num_estb|numeric||9|0
tbsw1007|num_seq_unc|numeric||9|0
tbsw1007|val_lqdc|numeric||19|2
tbsw1007|val_risc|numeric||19|2
tbsw1007|val_sldo_parc|numeric||19|2
tbsw1007|val_tran|numeric||19|2
tbsw1008|cod_aut_mtc|character|9||
tbsw1008|cod_bndr|numeric||3|0
tbsw1008|cod_cli|numeric||5|0
tbsw1008|cod_cv|numeric||12|0
tbsw1008|cod_ele_adic|character|20||
tbsw1008|cod_modo_entr_pos|character|3||
tbsw1008|cod_moed|character|3||
tbsw1008|cod_mot_ngtv_rd_ext|character|3||
tbsw1008|cod_ram_atvd_mtc|numeric||4|0
tbsw1008|cod_ref_emsr|character|15||
tbsw1008|cod_term|character|8||
tbsw1008|cod_trk_car|character varying|40||
tbsw1008|dat_lqdc_eftv|numeric||8|0
tbsw1008|dat_mov_tran|numeric||8|0
tbsw1008|dat_prdt|numeric||8|0
tbsw1008|dat_sttu_tran|numeric||8|0
tbsw1008|des_cpl_mot_rd_ext|character|25||
tbsw1008|hor_ini_tran|numeric||6|0
tbsw1008|hor_lqdc_tran|numeric||6|0
tbsw1008|ind_dstr|numeric||5|0
tbsw1008|ind_prrd_tran|numeric||5|0
tbsw1008|ind_sttu_tran|character|1||
tbsw1008|nom_locl_estb|character|40||
tbsw1008|num_car|character|19||
tbsw1008|num_estb|numeric||9|0
tbsw1008|num_seq_unc|numeric||9|0
tbsw1008|tip_lqdc|numeric||5|0
tbsw1008|val_lqdc|numeric||19|2
tbsw1008|val_risc|numeric||19|2
tbsw1008|val_tran|numeric||19|2
tbsw1009|dat_ult_trca_chav|numeric||8|0
tbsw1009|hor_ult_trca_chav|numeric||6|0
tbsw1009|num_id_trca_chav_msto|numeric||38|0
tbsw1012|dat_crte_msto|date|||
tbsw1012|hor_crte_msto|date|||
tbsw1012|ind_pais_crte|character|1||
tbsw2001|cod_bin_issr|character|6||
tbsw2001|cod_bin_prcs|character|6||
tbsw2001|cod_chav_infr|character|9||
tbsw2001|cod_chav_supr|character|9||
tbsw2001|cod_dom_car|character|1||
tbsw2001|cod_id_mmbr_visa|numeric||11|0
tbsw2001|cod_pais_car|character|2||
tbsw2001|cod_pais_emsr|character|2||
tbsw2001|cod_prod|character|2||
tbsw2001|cod_rgao_car|character|1||
tbsw2001|cod_rgao_emsr|character|1||
tbsw2001|dat_incl_reg_visa|numeric||8|0
tbsw2001|ind_amb|character|1||
tbsw2001|ind_bin_tkn|character|1||
tbsw2001|ind_da_nvl_2|character|1||
tbsw2001|ind_da_nvl_3|character|1||
tbsw2001|ind_extn_tip_prod|character|1||
tbsw2001|ind_jog_onln|character|1||
tbsw2001|ind_msg_car_cmc|character|1||
tbsw2001|ind_serv_car_cmc|character|1||
tbsw2001|ind_tcnl|character|1||
tbsw2001|ind_trsf_mntr|character|1||
tbsw2001|ind_tx_val_agrd|character|1||
tbsw2001|ind_val_orgl|character|1||
tbsw2001|tam_rng_cta|character|2||
tbsw2001|tip_bin|character|3||
tbsw2001|tip_car|character|1||
tbsw2001|tip_car_mltp|character|1||
tbsw2001|tip_chck_dig_vrfc|character|1||
tbsw2001|tip_issr|character|3||
tbsw2001|tip_uso|character|1||
tbsw2001|tip_uso_int_1|character varying|18||
tbsw2001|tip_uso_int_2|character|1||
tbsw2002|cod_opid_ult_atlz|character|8||
tbsw2002|des_tip_tran|character|40||
tbsw2002|dth_ult_atlz|date|||
tbsw2002|tip_tran|character|2||
tbsw2003|cod_bndr|numeric||2|0
tbsw2003|cod_est|character|2||
tbsw2003|cod_pais|character|3||
tbsw2003|cod_rgao|numeric||2|0
tbsw2003|dat_eftv|numeric||8|0
tbsw2003|num_bin|character|19||
tbsw2003|num_mmbr_id|character|11||
tbsw2003|qtd_mxo_prcl|numeric||2|0
tbsw2003|tam_bin|numeric||2|0
tbsw2003|tam_pan|numeric||2|0
tbsw2003|tip_bin|numeric||1|0
tbsw2003|tip_eftv|character|1||
tbsw2004|cod_ret_exec|numeric||3|0
tbsw2004|cod_scrp_cmdr|character|8||
tbsw2004|cod_sttu_exec|numeric||1|0
tbsw2004|dth_fim_exec|date|||
tbsw2004|dth_ini_exec|date|||
tbsw2004|nom_host_exec|character varying|16||
tbsw2004|num_arq_pcd|numeric||9|0
tbsw2004|num_pr_btc|numeric||5|0
tbsw2004|num_pr_sis_oprc|numeric||12|0
tbsw2005|cod_opid_ult_atlz|character|8||
tbsw2005|cod_scrp_cmdr|character|8||
tbsw2005|des_scrp_cmdr|character varying|256||
tbsw2005|dth_ult_atlz|date|||
tbsw2006|cod_opid_ult_atlz|character|8||
tbsw2006|des_pr_btc|character varying|256||
tbsw2006|dth_ult_atlz|date|||
tbsw2006|nom_pr_btc|character varying|64||
tbsw2006|num_pr_btc|numeric||5|0
tbsw2007|cod_opid_ult_atlz|character|8||
tbsw2007|cod_ret_exec|numeric||3|0
tbsw2007|des_cod_ret_exec|character varying|256||
tbsw2007|dth_ult_atlz|date|||
tbsw2008|cod_sttu_arq_pcd|numeric||1|0
tbsw2008|nom_arq_pcd|character varying|256||
tbsw2008|num_arq_pcd|numeric||9|0
tbsw2008|qtd_reg_pcd|numeric||9|0
tbsw2008|qtd_reg_pcd_err|numeric||9|0
tbsw2008|qtd_reg_pcd_scso|numeric||9|0
tbsw2008|tip_ope_arq_pcd|character|1||
tbsw2008|txt_lst_fe_mov_arq_pcd|character varying|256||
tbsw2008|txt_lst_host_mov_arq_pcd|character varying|256||
tbsw2008|txt_lst_site_mov_arq_pcd|character varying|256||
tbsw2010|cod_issr_sw|numeric||10|0
tbsw2010|cod_rota|numeric||10|0
tbsw2010|cod_tip_tran|character|1||
tbsw2010|ind_prrd|numeric||5|0
tbsw2010|network_id|character varying|10||
tbsw2010|network_id_van|character varying|10||
tbsw2010|nom_fe_acqr|character varying|16||
tbsw2010|nom_host_acqr|character varying|16||
tbsw2010|num_bin_car_fim|character varying|10||
tbsw2010|num_bin_car_ini|character varying|10||
tbsw2011|cod_bndr|numeric||5|0
tbsw2011|cod_emsr_sw|numeric||10|0
tbsw2011|cod_fe_emsr|character varying|16||
tbsw2011|cod_issr_sw|numeric||10|0
tbsw2011|nom_emsr_sw|character varying|30||
tbsw2013|cod_issr_sw|numeric||10|0
tbsw2013|cod_rota_prvt_lbel|numeric||10|0
tbsw2013|network_id|character varying|10||
tbsw2013|nom_fe_acqr|character varying|16||
tbsw2013|nom_host_acqr|character varying|16||
tbsw2014|cod_id_mmbr|numeric||11|0
tbsw2014|cod_pais|character|3||
tbsw2014|cod_prfx_msto|character|11||
tbsw2014|dat_incl_reg|date|||
tbsw2014|ind_bin_tkn|character|1||
tbsw2014|ind_cash_back|numeric||1|0
tbsw2014|ind_cdc|numeric||1|0
tbsw2014|ind_cnfr_pstv|numeric||1|0
tbsw2014|ind_deb_mtc|numeric||1|0
tbsw2014|ind_msto|numeric||1|0
tbsw2014|ind_vd_prdt|numeric||1|0
tbsw2014|tam_prfx_msto|numeric||2|0
tbsw2020|cod_pr_exec|numeric||10|0
tbsw2020|dat_reset|date|||
tbsw2020|dth_ult_atlz|date|||
tbsw2020|nom_host|character varying|16||
tbsw2020|sgl_site|character|3||
tbsw2020|val_atu_num_seq_unc|numeric||12|0
tbsw2020|val_reset_num_seq_unc|numeric||12|0
tbsw2020|val_rng_num_seq_unc|numeric||5|0
