"OWNER"|"INDEX_NAME"|"INDEX_TYPE"|"TABLE_OWNER"|"TABLE_NAME"|"TABLE_TYPE"|"UNIQUENESS"|"COMPRESSION"|"COLUMN_NAME"|"COLUMN_POSITION"|"DESCEND"
FEGEN|SW0008U0|NORMAL|FEGEN|TBSW0008|TABLE|UNIQUE|DISABLED|COD_BIN_INFR|1|ASC
FEGEN|SW0008U0|NORMAL|FEGEN|TBSW0008|TABLE|UNIQUE|DISABLED|COD_BIN_SUPR|2|ASC
FEGEN|SW0131N1|NORMAL|FEGEN|TBSW0131|TABLE|UNIQUE|DISABLED|NUM_SEQ_UNC_CCR|1|ASC
FEGEN|SW0131N1|NORMAL|FEGEN|TBSW0131|TABLE|UNIQUE|DISABLED|DAT_MOV_TRAN|2|ASC
FEGEN|SW0264U0|NORMAL|FEGEN|TBSW0264|TABLE|UNIQUE|DISABLED|COD_EMP|1|ASC
FEGEN|SW0264U0|NORMAL|FEGEN|TBSW0264|TABLE|UNIQUE|DISABLED|COD_RAM_ATVD|2|ASC
FEGEN|SW0265U0|NORMAL|FEGEN|TBSW0265|TABLE|UNIQUE|DISABLED|NUM_BIN_INI|1|ASC
FEGEN|SW0265U0|NORMAL|FEGEN|TBSW0265|TABLE|UNIQUE|DISABLED|NUM_BIN_FIM|2|ASC
FEGEN|SW0265U0|NORMAL|FEGEN|TBSW0265|TABLE|UNIQUE|DISABLED|COD_BNDR|3|ASC
FEGEN|SW0265U0|NORMAL|FEGEN|TBSW0265|TABLE|UNIQUE|DISABLED|TIP_TRAN|4|ASC
FEDBTM|SW1002U0|NORMAL|FEDBTM|TBSW1002|TABLE|UNIQUE|DISABLED|NUM_ID_BIN_DEB|1|ASC
FEDBTM|SW1004U0|NORMAL|FEDBTM|TBSW1004|TABLE|UNIQUE|DISABLED|NUM_HIST_TRAN_LQDC|1|ASC
FEDBTM|SW1004U0|NORMAL|FEDBTM|TBSW1004|TABLE|UNIQUE|DISABLED|DAT_LQDC_EFTV|2|ASC
FEDBTM|SW1004U0|NORMAL|FEDBTM|TBSW1004|TABLE|UNIQUE|DISABLED|DAT_MOV_TRAN|3|ASC
FEDBTM|SW1004U0|NORMAL|FEDBTM|TBSW1004|TABLE|UNIQUE|DISABLED|NUM_SEQ_UNC|4|ASC
FEDBTM|SW1005N1|NORMAL|FEDBTM|TBSW1005|TABLE|UNIQUE|DISABLED|NUM_SEQ_UNC|1|ASC
FEDBTM|SW1005N1|NORMAL|FEDBTM|TBSW1005|TABLE|UNIQUE|DISABLED|DAT_MOV_TRAN|2|ASC
FEDBTM|SW1007U0|NORMAL|FEDBTM|TBSW1007|TABLE|UNIQUE|DISABLED|DAT_PCM_AJST_TRAN|1|ASC
FEDBTM|SW1007U0|NORMAL|FEDBTM|TBSW1007|TABLE|UNIQUE|DISABLED|DAT_MOV_TRAN|2|ASC
FEDBTM|SW1007U0|NORMAL|FEDBTM|TBSW1007|TABLE|UNIQUE|DISABLED|NUM_SEQ_UNC|3|ASC
FEDBTM|SW1008U0|NORMAL|FEDBTM|TBSW1008|TABLE|UNIQUE|DISABLED|DAT_LQDC_EFTV|1|ASC
FEDBTM|SW1008N1|NORMAL|FEDBTM|TBSW1008|TABLE|NONUNIQUE|DISABLED|IND_STTU_TRAN|1|ASC
FEDBTM|SW1008U0|NORMAL|FEDBTM|TBSW1008|TABLE|UNIQUE|DISABLED|DAT_MOV_TRAN|2|ASC
FEDBTM|SW1008U0|NORMAL|FEDBTM|TBSW1008|TABLE|UNIQUE|DISABLED|NUM_SEQ_UNC|3|ASC
FEDBTM|SW1009N1|NORMAL|FEDBTM|TBSW1009|TABLE|UNIQUE|DISABLED|NUM_ID_TRCA_CHAV_MSTO|1|ASC
FEDBTM|SW1012N1|NORMAL|FEDBTM|TBSW1012|TABLE|UNIQUE|DISABLED|DAT_CRTE_MSTO|1|ASC
FEDBTM|SW1012N1|NORMAL|FEDBTM|TBSW1012|TABLE|UNIQUE|DISABLED|IND_PAIS_CRTE|2|ASC
FEGEN|SW2001N1|NORMAL|FEGEN|TBSW2001|TABLE|NONUNIQUE|DISABLED|COD_CHAV_SUPR|1|ASC
FEGEN|SW2001U0|NORMAL|FEGEN|TBSW2001|TABLE|UNIQUE|DISABLED|COD_CHAV_SUPR|1|ASC
FEGEN|SW2001U0|NORMAL|FEGEN|TBSW2001|TABLE|UNIQUE|DISABLED|TIP_BIN|2|ASC
FEGEN|SW2001N1|NORMAL|FEGEN|TBSW2001|TABLE|NONUNIQUE|DISABLED|COD_CHAV_INFR|2|ASC
FEGEN|SW2001U0|NORMAL|FEGEN|TBSW2001|TABLE|UNIQUE|DISABLED|COD_CHAV_INFR|3|ASC
FEGEN|SW2001U0|NORMAL|FEGEN|TBSW2001|TABLE|UNIQUE|DISABLED|TIP_ISSR|4|ASC
FEGEN|SW2002U0|NORMAL|FEGEN|TBSW2002|TABLE|UNIQUE|DISABLED|TIP_TRAN|1|ASC
FEGEN|SW2003N1|NORMAL|FEGEN|TBSW2003|TABLE|NONUNIQUE|DISABLED|NUM_BIN|1|ASC
FEGEN|SW2003U0|NORMAL|FEGEN|TBSW2003|TABLE|UNIQUE|DISABLED|NUM_BIN|1|ASC
FEGEN|SW2003N1|NORMAL|FEGEN|TBSW2003|TABLE|NONUNIQUE|DISABLED|COD_BNDR|2|ASC
FEGEN|SW2003U0|NORMAL|FEGEN|TBSW2003|TABLE|UNIQUE|DISABLED|COD_BNDR|2|ASC
FEGEN|SW2003N1|NORMAL|FEGEN|TBSW2003|TABLE|NONUNIQUE|DISABLED|TIP_BIN|3|ASC
FEGEN|SW2004U0|NORMAL|FEGEN|TBSW2004|TABLE|UNIQUE|DISABLED|NOM_HOST_EXEC|1|ASC
FEGEN|SW2004U0|NORMAL|FEGEN|TBSW2004|TABLE|UNIQUE|DISABLED|NUM_PR_SIS_OPRC|2|ASC
FEGEN|SW2004U0|NORMAL|FEGEN|TBSW2004|TABLE|UNIQUE|DISABLED|DTH_INI_EXEC|3|ASC
FEGEN|SW2005U0|NORMAL|FEGEN|TBSW2005|TABLE|UNIQUE|DISABLED|COD_SCRP_CMDR|1|ASC
FEGEN|SW2006U0|NORMAL|FEGEN|TBSW2006|TABLE|UNIQUE|DISABLED|NUM_PR_BTC|1|ASC
FEGEN|SW2007U0|NORMAL|FEGEN|TBSW2007|TABLE|UNIQUE|DISABLED|COD_RET_EXEC|1|ASC
FEGEN|SW2008U0|NORMAL|FEGEN|TBSW2008|TABLE|UNIQUE|DISABLED|NUM_ARQ_PCD|1|ASC
FEGEN|SW2010U0|NORMAL|FEGEN|TBSW2010|TABLE|UNIQUE|DISABLED|COD_ROTA|1|ASC
FEGEN|SW2011U0|NORMAL|FEGEN|TBSW2011|TABLE|UNIQUE|DISABLED|COD_ISSR_SW|1|ASC
FEGEN|SW2013U0|NORMAL|FEGEN|TBSW2013|TABLE|UNIQUE|DISABLED|COD_ROTA_PRVT_LBEL|1|ASC
FEGEN|SW2014U0|NORMAL|FEGEN|TBSW2014|TABLE|UNIQUE|DISABLED|COD_PRFX_MSTO|1|ASC
FEGEN|SW2020U0|NORMAL|FEGEN|TBSW2020|TABLE|UNIQUE|DISABLED|SGL_SITE|1|ASC
FEGEN|SW2020U0|NORMAL|FEGEN|TBSW2020|TABLE|UNIQUE|DISABLED|NOM_HOST|2|ASC
