"tablename"|"indexname"|"indexdef"
tbsw0008|sw0008u0_1|CREATE UNIQUE INDEX sw0008u0_1 ON fegen.tbsw0008 USING btree (cod_bin_infr, cod_bin_supr)
tbsw0131|sw0131n1|CREATE UNIQUE INDEX sw0131n1 ON fegen.tbsw0131 USING btree (num_seq_unc_ccr, dat_mov_tran)
tbsw0264|sw0264u0|CREATE UNIQUE INDEX sw0264u0 ON fegen.tbsw0264 USING btree (cod_emp, cod_ram_atvd)
tbsw0265|sw0265u0|CREATE UNIQUE INDEX sw0265u0 ON fegen.tbsw0265 USING btree (num_bin_ini, num_bin_fim, cod_bndr, tip_tran)
tbsw1002|sw1002u0|CREATE UNIQUE INDEX sw1002u0 ON fedbtm.tbsw1002 USING btree (num_id_bin_deb)
tbsw1004|sw1004u0|CREATE UNIQUE INDEX sw1004u0 ON fedbtm.tbsw1004 USING btree (num_hist_tran_lqdc, dat_lqdc_eftv, dat_mov_tran, num_seq_unc)
tbsw1005|sw1005n1|CREATE UNIQUE INDEX sw1005n1 ON fedbtm.tbsw1005 USING btree (num_seq_unc, dat_mov_tran)
tbsw1007|sw1007u0|CREATE UNIQUE INDEX sw1007u0 ON fedbtm.tbsw1007 USING btree (dat_pcm_ajst_tran, dat_mov_tran, num_seq_unc)
tbsw1008|sw1008n1|CREATE INDEX sw1008n1 ON fedbtm.tbsw1008 USING btree (ind_sttu_tran)
tbsw1008|sw1008u0|CREATE UNIQUE INDEX sw1008u0 ON fedbtm.tbsw1008 USING btree (dat_lqdc_eftv, dat_mov_tran, num_seq_unc)
tbsw1009|sw1009n1|CREATE UNIQUE INDEX sw1009n1 ON fedbtm.tbsw1009 USING btree (num_id_trca_chav_msto)
tbsw1012|sw1012n1|CREATE UNIQUE INDEX sw1012n1 ON fedbtm.tbsw1012 USING btree (dat_crte_msto, ind_pais_crte)
tbsw2001|sw2001n1|CREATE INDEX sw2001n1 ON fegen.tbsw2001 USING btree (cod_chav_supr, cod_chav_infr)
tbsw2001|sw2001u0|CREATE UNIQUE INDEX sw2001u0 ON fegen.tbsw2001 USING btree (cod_chav_supr, tip_bin, cod_chav_infr, tip_issr)
tbsw2002|sw2002u0|CREATE UNIQUE INDEX sw2002u0 ON fegen.tbsw2002 USING btree (tip_tran)
tbsw2003|sw2003n1_1|CREATE INDEX sw2003n1_1 ON fegen.tbsw2003 USING btree (num_bin, cod_bndr, tip_bin)
tbsw2003|sw2003u0_1|CREATE UNIQUE INDEX sw2003u0_1 ON fegen.tbsw2003 USING btree (num_bin, cod_bndr)
tbsw2004|sw2004u0_1|CREATE UNIQUE INDEX sw2004u0_1 ON fegen.tbsw2004 USING btree (nom_host_exec, num_pr_sis_oprc, dth_ini_exec)
tbsw2005|sw2005u0_1|CREATE UNIQUE INDEX sw2005u0_1 ON fegen.tbsw2005 USING btree (cod_scrp_cmdr)
tbsw2006|sw2006u0_1|CREATE UNIQUE INDEX sw2006u0_1 ON fegen.tbsw2006 USING btree (num_pr_btc)
tbsw2007|sw2007u0_1|CREATE UNIQUE INDEX sw2007u0_1 ON fegen.tbsw2007 USING btree (cod_ret_exec)
tbsw2008|sw2008u0_1|CREATE UNIQUE INDEX sw2008u0_1 ON fegen.tbsw2008 USING btree (num_arq_pcd)
tbsw2010|sw2010u0_1|CREATE UNIQUE INDEX sw2010u0_1 ON fegen.tbsw2010 USING btree (cod_rota)
tbsw2011|sw2011u0_1|CREATE UNIQUE INDEX sw2011u0_1 ON fegen.tbsw2011 USING btree (cod_issr_sw)
tbsw2013|sw2013u0_1|CREATE UNIQUE INDEX sw2013u0_1 ON fegen.tbsw2013 USING btree (cod_rota_prvt_lbel)
tbsw2014|sw2014u0_1|CREATE UNIQUE INDEX sw2014u0_1 ON fegen.tbsw2014 USING btree (cod_prfx_msto)
tbsw2020|sw2020u0_1|CREATE UNIQUE INDEX sw2020u0_1 ON fegen.tbsw2020 USING btree (sgl_site, nom_host)
