"OWNER"|"CONSTRAINT_NAME"|"CONSTRAINT_TYPE"|"TABLE_NAME"|"SEARCH_CONDITION"|"SEARCH_CONDITION_VC"|"R_OWNER"|"R_CONSTRAINT_NAME"|"DELETE_RULE"|"STATUS"|"DEFERRABLE"|"DEFERRED"|"VALIDATED"|"GENERATED"|"BAD"|"RELY"|"LAST_CHANGE"|"INDEX_OWNER"|"INDEX_NAME"|"INVALID"|"VIEW_RELATED"|"ORIGIN_CON_ID"
FEDBTM|SYS_C00213776|C|TBSW1002|"""COD_PAIS_MSTO"" IS NOT NULL"|"""COD_PAIS_MSTO"" IS NOT NULL"||||ENABLED|NOT DEFERRABLE|IMMEDIATE|VALIDATED|GENERATED NAME|||2019-03-28 16:41:54.000|||||0
FEDBTM|SYS_C00213775|C|TBSW1002|"""COD_PRFX_MSTO"" IS NOT NULL"|"""COD_PRFX_MSTO"" IS NOT NULL"||||ENABLED|NOT DEFERRABLE|IMMEDIATE|VALIDATED|GENERATED NAME|||2019-03-28 16:41:54.000|||||0
FEDBTM|SYS_C00213774|C|TBSW1002|"""DAT_INCL_REG_MSTO"" IS NOT NULL"|"""DAT_INCL_REG_MSTO"" IS NOT NULL"||||ENABLED|NOT DEFERRABLE|IMMEDIATE|VALIDATED|GENERATED NAME|||2019-03-28 16:41:54.000|||||0
FEDBTM|CC03TBSW1002|C|TBSW1002|"IND_CDC IN (0, 1)"|IND_CDC IN (0, 1)||||ENABLED|NOT DEFERRABLE|IMMEDIATE|VALIDATED|USER NAME|||2019-03-28 16:54:31.000|||||0
FEDBTM|SYS_C00213779|C|TBSW1002|"""IND_CDC"" IS NOT NULL"|"""IND_CDC"" IS NOT NULL"||||ENABLED|NOT DEFERRABLE|IMMEDIATE|VALIDATED|GENERATED NAME|||2019-03-28 16:41:54.000|||||0
FEDBTM|CC01TBSW1002_672613250|C|TBSW1002|"IND_CNFR_PSTV IN (0, 1)"|IND_CNFR_PSTV IN (0, 1)||||ENABLED|NOT DEFERRABLE|IMMEDIATE|VALIDATED|USER NAME|||2019-03-28 16:54:31.000|||||0
FEDBTM|SYS_C00213777|C|TBSW1002|"""IND_CNFR_PSTV"" IS NOT NULL"|"""IND_CNFR_PSTV"" IS NOT NULL"||||ENABLED|NOT DEFERRABLE|IMMEDIATE|VALIDATED|GENERATED NAME|||2019-03-28 16:41:54.000|||||0
FEDBTM|CC05TBSW1002_624311319|C|TBSW1002|"IND_CSHB IN (0, 1)"|IND_CSHB IN (0, 1)||||ENABLED|NOT DEFERRABLE|IMMEDIATE|VALIDATED|USER NAME|||2019-03-28 16:54:31.000|||||0
FEDBTM|SYS_C00213781|C|TBSW1002|"""IND_CSHB"" IS NOT NULL"|"""IND_CSHB"" IS NOT NULL"||||ENABLED|NOT DEFERRABLE|IMMEDIATE|VALIDATED|GENERATED NAME|||2019-03-28 16:41:54.000|||||0
FEDBTM|CC02TBSW1002_456536077|C|TBSW1002|"IND_MSTO IN (0, 1)"|IND_MSTO IN (0, 1)||||ENABLED|NOT DEFERRABLE|IMMEDIATE|VALIDATED|USER NAME|||2019-03-28 16:54:31.000|||||0
FEDBTM|SYS_C00213778|C|TBSW1002|"""IND_MSTO"" IS NOT NULL"|"""IND_MSTO"" IS NOT NULL"||||ENABLED|NOT DEFERRABLE|IMMEDIATE|VALIDATED|GENERATED NAME|||2019-03-28 16:41:54.000|||||0
FEDBTM|SYS_C00213782|C|TBSW1002|"""IND_PARCELE_MAIS"" IS NOT NULL"|"""IND_PARCELE_MAIS"" IS NOT NULL"||||ENABLED|NOT DEFERRABLE|IMMEDIATE|VALIDATED|GENERATED NAME|||2019-03-28 16:41:54.000|||||0
FEDBTM|CC04TBSW1002_708795233|C|TBSW1002|"IND_PRE_DATADO IN (0, 1)"|IND_PRE_DATADO IN (0, 1)||||ENABLED|NOT DEFERRABLE|IMMEDIATE|VALIDATED|USER NAME|||2019-03-28 16:54:31.000|||||0
FEDBTM|SYS_C00213780|C|TBSW1002|"""IND_PRE_DATADO"" IS NOT NULL"|"""IND_PRE_DATADO"" IS NOT NULL"||||ENABLED|NOT DEFERRABLE|IMMEDIATE|VALIDATED|GENERATED NAME|||2019-03-28 16:41:54.000|||||0
FEDBTM|SYS_C00213773|C|TBSW1002|"""NUM_ID_BIN_DEB"" IS NOT NULL"|"""NUM_ID_BIN_DEB"" IS NOT NULL"||||ENABLED|NOT DEFERRABLE|IMMEDIATE|VALIDATED|GENERATED NAME|||2019-03-28 16:41:54.000|||||0
FEDBTM|SYS_C00212325|C|TBSW1004|"""COD_RSPS_TRAN"" IS NOT NULL"|"""COD_RSPS_TRAN"" IS NOT NULL"||||ENABLED|NOT DEFERRABLE|IMMEDIATE|VALIDATED|GENERATED NAME|||2019-03-28 16:40:51.000|||||0
FEDBTM|SYS_C00212324|C|TBSW1004|"""COD_TIP_MSG"" IS NOT NULL"|"""COD_TIP_MSG"" IS NOT NULL"||||ENABLED|NOT DEFERRABLE|IMMEDIATE|VALIDATED|GENERATED NAME|||2019-03-28 16:40:51.000|||||0
FEDBTM|SYS_C00212318|C|TBSW1004|"""DAT_LQDC_EFTV"" IS NOT NULL"|"""DAT_LQDC_EFTV"" IS NOT NULL"||||ENABLED|NOT DEFERRABLE|IMMEDIATE|VALIDATED|GENERATED NAME|||2019-03-28 16:40:51.000|||||0
FEDBTM|SYS_C00212320|C|TBSW1004|"""DAT_MOV_TRAN"" IS NOT NULL"|"""DAT_MOV_TRAN"" IS NOT NULL"||||ENABLED|NOT DEFERRABLE|IMMEDIATE|VALIDATED|GENERATED NAME|||2019-03-28 16:40:51.000|||||0
FEDBTM|SYS_C00212319|C|TBSW1004|"""DAT_STTU_TRAN"" IS NOT NULL"|"""DAT_STTU_TRAN"" IS NOT NULL"||||ENABLED|NOT DEFERRABLE|IMMEDIATE|VALIDATED|GENERATED NAME|||2019-03-28 16:40:51.000|||||0
FEDBTM|SYS_C00212321|C|TBSW1004|"""HOR_ULT_TRCA_CHAV"" IS NOT NULL"|"""HOR_ULT_TRCA_CHAV"" IS NOT NULL"||||ENABLED|NOT DEFERRABLE|IMMEDIATE|VALIDATED|GENERATED NAME|||2019-03-28 16:40:51.000|||||0
FEDBTM|SYS_C00212323|C|TBSW1004|"""IND_STTU_TRAN"" IS NOT NULL"|"""IND_STTU_TRAN"" IS NOT NULL"||||ENABLED|NOT DEFERRABLE|IMMEDIATE|VALIDATED|GENERATED NAME|||2019-03-28 16:40:51.000|||||0
FEDBTM|SYS_C00212317|C|TBSW1004|"""NUM_HIST_TRAN_LQDC"" IS NOT NULL"|"""NUM_HIST_TRAN_LQDC"" IS NOT NULL"||||ENABLED|NOT DEFERRABLE|IMMEDIATE|VALIDATED|GENERATED NAME|||2019-03-28 16:40:51.000|||||0
FEDBTM|SYS_C00212322|C|TBSW1004|"""NUM_SEQ_UNC"" IS NOT NULL"|"""NUM_SEQ_UNC"" IS NOT NULL"||||ENABLED|NOT DEFERRABLE|IMMEDIATE|VALIDATED|GENERATED NAME|||2019-03-28 16:40:51.000|||||0
FEDBTM|SYS_C00214250|C|TBSW1005|"""COD_EMSR"" IS NOT NULL"|"""COD_EMSR"" IS NOT NULL"||||ENABLED|NOT DEFERRABLE|IMMEDIATE|VALIDATED|GENERATED NAME|||2019-03-28 16:42:12.000|||||0
FEDBTM|SYS_C00214244|C|TBSW1005|"""COD_PCM"" IS NOT NULL"|"""COD_PCM"" IS NOT NULL"||||ENABLED|NOT DEFERRABLE|IMMEDIATE|VALIDATED|GENERATED NAME|||2019-03-28 16:42:12.000|||||0
FEDBTM|SYS_C00214253|C|TBSW1005|"""COD_STTU_ENVO"" IS NOT NULL"|"""COD_STTU_ENVO"" IS NOT NULL"||||ENABLED|NOT DEFERRABLE|IMMEDIATE|VALIDATED|GENERATED NAME|||2019-03-28 16:42:12.000|||||0
FEDBTM|SYS_C00214247|C|TBSW1005|"""COD_TERM"" IS NOT NULL"|"""COD_TERM"" IS NOT NULL"||||ENABLED|NOT DEFERRABLE|IMMEDIATE|VALIDATED|GENERATED NAME|||2019-03-28 16:42:12.000|||||0
FEDBTM|SYS_C00214251|C|TBSW1005|"""COD_TRK_CAR"" IS NOT NULL"|"""COD_TRK_CAR"" IS NOT NULL"||||ENABLED|NOT DEFERRABLE|IMMEDIATE|VALIDATED|GENERATED NAME|||2019-03-28 16:42:12.000|||||0
FEDBTM|SYS_C00214245|C|TBSW1005|"""DAT_CTB_RD"" IS NOT NULL"|"""DAT_CTB_RD"" IS NOT NULL"||||ENABLED|NOT DEFERRABLE|IMMEDIATE|VALIDATED|GENERATED NAME|||2019-03-28 16:42:12.000|||||0
FEDBTM|SYS_C00214239|C|TBSW1005|"""DAT_MOV_TRAN"" IS NOT NULL"|"""DAT_MOV_TRAN"" IS NOT NULL"||||ENABLED|NOT DEFERRABLE|IMMEDIATE|VALIDATED|GENERATED NAME|||2019-03-28 16:42:12.000|||||0
FEDBTM|SYS_C00214249|C|TBSW1005|"""DES_CPL_MOT_RD_EXT"" IS NOT NULL"|"""DES_CPL_MOT_RD_EXT"" IS NOT NULL"||||ENABLED|NOT DEFERRABLE|IMMEDIATE|VALIDATED|GENERATED NAME|||2019-03-28 16:42:12.000|||||0
FEDBTM|SYS_C00214242|C|TBSW1005|"""HOR_INI_TRAN"" IS NOT NULL"|"""HOR_INI_TRAN"" IS NOT NULL"||||ENABLED|NOT DEFERRABLE|IMMEDIATE|VALIDATED|GENERATED NAME|||2019-03-28 16:42:12.000|||||0
FEDBTM|SYS_C00214243|C|TBSW1005|"""IND_ACAO"" IS NOT NULL"|"""IND_ACAO"" IS NOT NULL"||||ENABLED|NOT DEFERRABLE|IMMEDIATE|VALIDATED|GENERATED NAME|||2019-03-28 16:42:12.000|||||0
FEDBTM|SYS_C00214246|C|TBSW1005|"""NUM_AUT_EMSR"" IS NOT NULL"|"""NUM_AUT_EMSR"" IS NOT NULL"||||ENABLED|NOT DEFERRABLE|IMMEDIATE|VALIDATED|GENERATED NAME|||2019-03-28 16:42:12.000|||||0
FEDBTM|SYS_C00214240|C|TBSW1005|"""NUM_CAR"" IS NOT NULL"|"""NUM_CAR"" IS NOT NULL"||||ENABLED|NOT DEFERRABLE|IMMEDIATE|VALIDATED|GENERATED NAME|||2019-03-28 16:42:12.000|||||0
FEDBTM|SYS_C00214248|C|TBSW1005|"""NUM_ESTB"" IS NOT NULL"|"""NUM_ESTB"" IS NOT NULL"||||ENABLED|NOT DEFERRABLE|IMMEDIATE|VALIDATED|GENERATED NAME|||2019-03-28 16:42:12.000|||||0
FEDBTM|SYS_C00214238|C|TBSW1005|"""NUM_SEQ_UNC"" IS NOT NULL"|"""NUM_SEQ_UNC"" IS NOT NULL"||||ENABLED|NOT DEFERRABLE|IMMEDIATE|VALIDATED|GENERATED NAME|||2019-03-28 16:42:12.000|||||0
FEDBTM|SYS_C00214252|C|TBSW1005|"""TIP_TRAN"" IS NOT NULL"|"""TIP_TRAN"" IS NOT NULL"||||ENABLED|NOT DEFERRABLE|IMMEDIATE|VALIDATED|GENERATED NAME|||2019-03-28 16:42:12.000|||||0
FEDBTM|SYS_C00214241|C|TBSW1005|"""VAL_TRAN"" IS NOT NULL"|"""VAL_TRAN"" IS NOT NULL"||||ENABLED|NOT DEFERRABLE|IMMEDIATE|VALIDATED|GENERATED NAME|||2019-03-28 16:42:12.000|||||0
FEDBTM|SYS_C00212782|C|TBSW1007|"""COD_AUT_MTC"" IS NOT NULL"|"""COD_AUT_MTC"" IS NOT NULL"||||ENABLED|NOT DEFERRABLE|IMMEDIATE|VALIDATED|GENERATED NAME|||2019-03-28 16:41:06.000|||||0
FEDBTM|SYS_C00212781|C|TBSW1007|"""COD_CV"" IS NOT NULL"|"""COD_CV"" IS NOT NULL"||||ENABLED|NOT DEFERRABLE|IMMEDIATE|VALIDATED|GENERATED NAME|||2019-03-28 16:41:06.000|||||0
FEDBTM|SYS_C00212791|C|TBSW1007|"""COD_ELE_ADIC"" IS NOT NULL"|"""COD_ELE_ADIC"" IS NOT NULL"||||ENABLED|NOT DEFERRABLE|IMMEDIATE|VALIDATED|GENERATED NAME|||2019-03-28 16:41:06.000|||||0
FEDBTM|SYS_C00212780|C|TBSW1007|"""COD_MODO_ENTR_POS"" IS NOT NULL"|"""COD_MODO_ENTR_POS"" IS NOT NULL"||||ENABLED|NOT DEFERRABLE|IMMEDIATE|VALIDATED|GENERATED NAME|||2019-03-28 16:41:06.000|||||0
FEDBTM|SYS_C00212790|C|TBSW1007|"""COD_MOED"" IS NOT NULL"|"""COD_MOED"" IS NOT NULL"||||ENABLED|NOT DEFERRABLE|IMMEDIATE|VALIDATED|GENERATED NAME|||2019-03-28 16:41:06.000|||||0
FEDBTM|SYS_C00212795|C|TBSW1007|"""COD_MOT_RD_EXT"" IS NOT NULL"|"""COD_MOT_RD_EXT"" IS NOT NULL"||||ENABLED|NOT DEFERRABLE|IMMEDIATE|VALIDATED|GENERATED NAME|||2019-03-28 16:41:06.000|||||0
FEDBTM|SYS_C00212789|C|TBSW1007|"""COD_RAM_ATVD_MTC"" IS NOT NULL"|"""COD_RAM_ATVD_MTC"" IS NOT NULL"||||ENABLED|NOT DEFERRABLE|IMMEDIATE|VALIDATED|GENERATED NAME|||2019-03-28 16:41:06.000|||||0
FEDBTM|SYS_C00212786|C|TBSW1007|"""COD_TERM"" IS NOT NULL"|"""COD_TERM"" IS NOT NULL"||||ENABLED|NOT DEFERRABLE|IMMEDIATE|VALIDATED|GENERATED NAME|||2019-03-28 16:41:06.000|||||0
FEDBTM|SYS_C00212778|C|TBSW1007|"""DAT_MOV_TRAN"" IS NOT NULL"|"""DAT_MOV_TRAN"" IS NOT NULL"||||ENABLED|NOT DEFERRABLE|IMMEDIATE|VALIDATED|GENERATED NAME|||2019-03-28 16:41:06.000|||||0
FEDBTM|SYS_C00212777|C|TBSW1007|"""DAT_PCM_AJST_TRAN"" IS NOT NULL"|"""DAT_PCM_AJST_TRAN"" IS NOT NULL"||||ENABLED|NOT DEFERRABLE|IMMEDIATE|VALIDATED|GENERATED NAME|||2019-03-28 16:41:06.000|||||0
FEDBTM|SYS_C00212796|C|TBSW1007|"""DAT_STTU_TRAN"" IS NOT NULL"|"""DAT_STTU_TRAN"" IS NOT NULL"||||ENABLED|NOT DEFERRABLE|IMMEDIATE|VALIDATED|GENERATED NAME|||2019-03-28 16:41:06.000|||||0
FEDBTM|SYS_C00212794|C|TBSW1007|"""DES_CPL_MOT_RD_EXT"" IS NOT NULL"|"""DES_CPL_MOT_RD_EXT"" IS NOT NULL"||||ENABLED|NOT DEFERRABLE|IMMEDIATE|VALIDATED|GENERATED NAME|||2019-03-28 16:41:06.000|||||0
FEDBTM|SYS_C00212799|C|TBSW1007|"""HOR_AJST_TRAN"" IS NOT NULL"|"""HOR_AJST_TRAN"" IS NOT NULL"||||ENABLED|NOT DEFERRABLE|IMMEDIATE|VALIDATED|GENERATED NAME|||2019-03-28 16:41:06.000|||||0
FEDBTM|SYS_C00212800|C|TBSW1007|"""HOR_INI_TRAN"" IS NOT NULL"|"""HOR_INI_TRAN"" IS NOT NULL"||||ENABLED|NOT DEFERRABLE|IMMEDIATE|VALIDATED|GENERATED NAME|||2019-03-28 16:41:06.000|||||0
FEDBTM|SYS_C00212798|C|TBSW1007|"""IND_STTU_TRAN"" IS NOT NULL"|"""IND_STTU_TRAN"" IS NOT NULL"||||ENABLED|NOT DEFERRABLE|IMMEDIATE|VALIDATED|GENERATED NAME|||2019-03-28 16:41:06.000|||||0
FEDBTM|SYS_C00212793|C|TBSW1007|"""IND_TIP_AJST"" IS NOT NULL"|"""IND_TIP_AJST"" IS NOT NULL"||||ENABLED|NOT DEFERRABLE|IMMEDIATE|VALIDATED|GENERATED NAME|||2019-03-28 16:41:06.000|||||0
FEDBTM|SYS_C00212788|C|TBSW1007|"""NOM_LOCL_ESTB"" IS NOT NULL"|"""NOM_LOCL_ESTB"" IS NOT NULL"||||ENABLED|NOT DEFERRABLE|IMMEDIATE|VALIDATED|GENERATED NAME|||2019-03-28 16:41:06.000|||||0
FEDBTM|SYS_C00212783|C|TBSW1007|"""NUM_CAR"" IS NOT NULL"|"""NUM_CAR"" IS NOT NULL"||||ENABLED|NOT DEFERRABLE|IMMEDIATE|VALIDATED|GENERATED NAME|||2019-03-28 16:41:06.000|||||0
FEDBTM|SYS_C00212792|C|TBSW1007|"""NUM_ESTB"" IS NOT NULL"|"""NUM_ESTB"" IS NOT NULL"||||ENABLED|NOT DEFERRABLE|IMMEDIATE|VALIDATED|GENERATED NAME|||2019-03-28 16:41:06.000|||||0
FEDBTM|SYS_C00212779|C|TBSW1007|"""NUM_SEQ_UNC"" IS NOT NULL"|"""NUM_SEQ_UNC"" IS NOT NULL"||||ENABLED|NOT DEFERRABLE|IMMEDIATE|VALIDATED|GENERATED NAME|||2019-03-28 16:41:06.000|||||0
FEDBTM|SYS_C00212785|C|TBSW1007|"""VAL_LQDC"" IS NOT NULL"|"""VAL_LQDC"" IS NOT NULL"||||ENABLED|NOT DEFERRABLE|IMMEDIATE|VALIDATED|GENERATED NAME|||2019-03-28 16:41:06.000|||||0
FEDBTM|SYS_C00212787|C|TBSW1007|"""VAL_RISC"" IS NOT NULL"|"""VAL_RISC"" IS NOT NULL"||||ENABLED|NOT DEFERRABLE|IMMEDIATE|VALIDATED|GENERATED NAME|||2019-03-28 16:41:06.000|||||0
FEDBTM|SYS_C00212797|C|TBSW1007|"""VAL_SLDO_PARC"" IS NOT NULL"|"""VAL_SLDO_PARC"" IS NOT NULL"||||ENABLED|NOT DEFERRABLE|IMMEDIATE|VALIDATED|GENERATED NAME|||2019-03-28 16:41:06.000|||||0
FEDBTM|SYS_C00212784|C|TBSW1007|"""VAL_TRAN"" IS NOT NULL"|"""VAL_TRAN"" IS NOT NULL"||||ENABLED|NOT DEFERRABLE|IMMEDIATE|VALIDATED|GENERATED NAME|||2019-03-28 16:41:06.000|||||0
FEDBTM|SYS_C00213769|C|TBSW1008|"""COD_AUT_MTC"" IS NOT NULL"|"""COD_AUT_MTC"" IS NOT NULL"||||ENABLED|NOT DEFERRABLE|IMMEDIATE|VALIDATED|GENERATED NAME|||2019-03-28 16:41:54.000|||||0
FEDBTM|SYS_C00213772|C|TBSW1008|"""COD_CLI"" IS NOT NULL"|"""COD_CLI"" IS NOT NULL"||||ENABLED|NOT DEFERRABLE|IMMEDIATE|VALIDATED|GENERATED NAME|||2019-03-28 16:41:54.000|||||0
FEDBTM|SYS_C00213757|C|TBSW1008|"""COD_CV"" IS NOT NULL"|"""COD_CV"" IS NOT NULL"||||ENABLED|NOT DEFERRABLE|IMMEDIATE|VALIDATED|GENERATED NAME|||2019-03-28 16:41:54.000|||||0
FEDBTM|SYS_C00213771|C|TBSW1008|"""COD_ELE_ADIC"" IS NOT NULL"|"""COD_ELE_ADIC"" IS NOT NULL"||||ENABLED|NOT DEFERRABLE|IMMEDIATE|VALIDATED|GENERATED NAME|||2019-03-28 16:41:54.000|||||0
FEDBTM|SYS_C00213744|C|TBSW1008|"""COD_MODO_ENTR_POS"" IS NOT NULL"|"""COD_MODO_ENTR_POS"" IS NOT NULL"||||ENABLED|NOT DEFERRABLE|IMMEDIATE|VALIDATED|GENERATED NAME|||2019-03-28 16:41:54.000|||||0
FEDBTM|SYS_C00213746|C|TBSW1008|"""COD_MOED"" IS NOT NULL"|"""COD_MOED"" IS NOT NULL"||||ENABLED|NOT DEFERRABLE|IMMEDIATE|VALIDATED|GENERATED NAME|||2019-03-28 16:41:54.000|||||0
FEDBTM|SYS_C00213761|C|TBSW1008|"""COD_MOT_NGTV_RD_EXT"" IS NOT NULL"|"""COD_MOT_NGTV_RD_EXT"" IS NOT NULL"||||ENABLED|NOT DEFERRABLE|IMMEDIATE|VALIDATED|GENERATED NAME|||2019-03-28 16:41:54.000|||||0
FEDBTM|SYS_C00213760|C|TBSW1008|"""COD_RAM_ATVD_MTC"" IS NOT NULL"|"""COD_RAM_ATVD_MTC"" IS NOT NULL"||||ENABLED|NOT DEFERRABLE|IMMEDIATE|VALIDATED|GENERATED NAME|||2019-03-28 16:41:54.000|||||0
FEDBTM|SYS_C00213767|C|TBSW1008|"""COD_REF_EMSR"" IS NOT NULL"|"""COD_REF_EMSR"" IS NOT NULL"||||ENABLED|NOT DEFERRABLE|IMMEDIATE|VALIDATED|GENERATED NAME|||2019-03-28 16:41:54.000|||||0
FEDBTM|SYS_C00213753|C|TBSW1008|"""COD_TERM"" IS NOT NULL"|"""COD_TERM"" IS NOT NULL"||||ENABLED|NOT DEFERRABLE|IMMEDIATE|VALIDATED|GENERATED NAME|||2019-03-28 16:41:54.000|||||0
FEDBTM|SYS_C00213755|C|TBSW1008|"""COD_TRK_CAR"" IS NOT NULL"|"""COD_TRK_CAR"" IS NOT NULL"||||ENABLED|NOT DEFERRABLE|IMMEDIATE|VALIDATED|GENERATED NAME|||2019-03-28 16:41:54.000|||||0
FEDBTM|SYS_C00213762|C|TBSW1008|"""DAT_LQDC_EFTV"" IS NOT NULL"|"""DAT_LQDC_EFTV"" IS NOT NULL"||||ENABLED|NOT DEFERRABLE|IMMEDIATE|VALIDATED|GENERATED NAME|||2019-03-28 16:41:54.000|||||0
FEDBTM|SYS_C00213745|C|TBSW1008|"""DAT_MOV_TRAN"" IS NOT NULL"|"""DAT_MOV_TRAN"" IS NOT NULL"||||ENABLED|NOT DEFERRABLE|IMMEDIATE|VALIDATED|GENERATED NAME|||2019-03-28 16:41:54.000|||||0
FEDBTM|SYS_C00213752|C|TBSW1008|"""DAT_PRDT"" IS NOT NULL"|"""DAT_PRDT"" IS NOT NULL"||||ENABLED|NOT DEFERRABLE|IMMEDIATE|VALIDATED|GENERATED NAME|||2019-03-28 16:41:54.000|||||0
FEDBTM|SYS_C00213770|C|TBSW1008|"""DAT_STTU_TRAN"" IS NOT NULL"|"""DAT_STTU_TRAN"" IS NOT NULL"||||ENABLED|NOT DEFERRABLE|IMMEDIATE|VALIDATED|GENERATED NAME|||2019-03-28 16:41:54.000|||||0
FEDBTM|SYS_C00213758|C|TBSW1008|"""DES_CPL_MOT_RD_EXT"" IS NOT NULL"|"""DES_CPL_MOT_RD_EXT"" IS NOT NULL"||||ENABLED|NOT DEFERRABLE|IMMEDIATE|VALIDATED|GENERATED NAME|||2019-03-28 16:41:54.000|||||0
FEDBTM|SYS_C00213749|C|TBSW1008|"""HOR_INI_TRAN"" IS NOT NULL"|"""HOR_INI_TRAN"" IS NOT NULL"||||ENABLED|NOT DEFERRABLE|IMMEDIATE|VALIDATED|GENERATED NAME|||2019-03-28 16:41:54.000|||||0
FEDBTM|SYS_C00213748|C|TBSW1008|"""HOR_LQDC_TRAN"" IS NOT NULL"|"""HOR_LQDC_TRAN"" IS NOT NULL"||||ENABLED|NOT DEFERRABLE|IMMEDIATE|VALIDATED|GENERATED NAME|||2019-03-28 16:41:54.000|||||0
FEDBTM|SYS_C00213766|C|TBSW1008|"""IND_DSTR"" IS NOT NULL"|"""IND_DSTR"" IS NOT NULL"||||ENABLED|NOT DEFERRABLE|IMMEDIATE|VALIDATED|GENERATED NAME|||2019-03-28 16:41:54.000|||||0
FEDBTM|SYS_C00213765|C|TBSW1008|"""IND_PRRD_TRAN"" IS NOT NULL"|"""IND_PRRD_TRAN"" IS NOT NULL"||||ENABLED|NOT DEFERRABLE|IMMEDIATE|VALIDATED|GENERATED NAME|||2019-03-28 16:41:54.000|||||0
FEDBTM|SYS_C00213768|C|TBSW1008|"""IND_STTU_TRAN"" IS NOT NULL"|"""IND_STTU_TRAN"" IS NOT NULL"||||ENABLED|NOT DEFERRABLE|IMMEDIATE|VALIDATED|GENERATED NAME|||2019-03-28 16:41:54.000|||||0
FEDBTM|SYS_C00213763|C|TBSW1008|"""NOM_LOCL_ESTB"" IS NOT NULL"|"""NOM_LOCL_ESTB"" IS NOT NULL"||||ENABLED|NOT DEFERRABLE|IMMEDIATE|VALIDATED|GENERATED NAME|||2019-03-28 16:41:54.000|||||0
FEDBTM|SYS_C00213754|C|TBSW1008|"""NUM_CAR"" IS NOT NULL"|"""NUM_CAR"" IS NOT NULL"||||ENABLED|NOT DEFERRABLE|IMMEDIATE|VALIDATED|GENERATED NAME|||2019-03-28 16:41:54.000|||||0
FEDBTM|SYS_C00213759|C|TBSW1008|"""NUM_ESTB"" IS NOT NULL"|"""NUM_ESTB"" IS NOT NULL"||||ENABLED|NOT DEFERRABLE|IMMEDIATE|VALIDATED|GENERATED NAME|||2019-03-28 16:41:54.000|||||0
FEDBTM|SYS_C00213747|C|TBSW1008|"""NUM_SEQ_UNC"" IS NOT NULL"|"""NUM_SEQ_UNC"" IS NOT NULL"||||ENABLED|NOT DEFERRABLE|IMMEDIATE|VALIDATED|GENERATED NAME|||2019-03-28 16:41:54.000|||||0
FEDBTM|SYS_C00213764|C|TBSW1008|"""TIP_LQDC"" IS NOT NULL"|"""TIP_LQDC"" IS NOT NULL"||||ENABLED|NOT DEFERRABLE|IMMEDIATE|VALIDATED|GENERATED NAME|||2019-03-28 16:41:54.000|||||0
FEDBTM|SYS_C00213750|C|TBSW1008|"""VAL_LQDC"" IS NOT NULL"|"""VAL_LQDC"" IS NOT NULL"||||ENABLED|NOT DEFERRABLE|IMMEDIATE|VALIDATED|GENERATED NAME|||2019-03-28 16:41:54.000|||||0
FEDBTM|SYS_C00213751|C|TBSW1008|"""VAL_RISC"" IS NOT NULL"|"""VAL_RISC"" IS NOT NULL"||||ENABLED|NOT DEFERRABLE|IMMEDIATE|VALIDATED|GENERATED NAME|||2019-03-28 16:41:54.000|||||0
FEDBTM|SYS_C00213756|C|TBSW1008|"""VAL_TRAN"" IS NOT NULL"|"""VAL_TRAN"" IS NOT NULL"||||ENABLED|NOT DEFERRABLE|IMMEDIATE|VALIDATED|GENERATED NAME|||2019-03-28 16:41:54.000|||||0
FEDBTM|SYS_C00214258|C|TBSW1009|"""DAT_ULT_TRCA_CHAV"" IS NOT NULL"|"""DAT_ULT_TRCA_CHAV"" IS NOT NULL"||||ENABLED|NOT DEFERRABLE|IMMEDIATE|VALIDATED|GENERATED NAME|||2019-03-28 16:42:12.000|||||0
FEDBTM|SYS_C00214259|C|TBSW1009|"""HOR_ULT_TRCA_CHAV"" IS NOT NULL"|"""HOR_ULT_TRCA_CHAV"" IS NOT NULL"||||ENABLED|NOT DEFERRABLE|IMMEDIATE|VALIDATED|GENERATED NAME|||2019-03-28 16:42:12.000|||||0
FEDBTM|SYS_C00214257|C|TBSW1009|"""NUM_ID_TRCA_CHAV_MSTO"" IS NOT NULL"|"""NUM_ID_TRCA_CHAV_MSTO"" IS NOT NULL"||||ENABLED|NOT DEFERRABLE|IMMEDIATE|VALIDATED|GENERATED NAME|||2019-03-28 16:42:12.000|||||0
FEDBTM|SYS_C00214235|C|TBSW1012|"""DAT_CRTE_MSTO"" IS NOT NULL"|"""DAT_CRTE_MSTO"" IS NOT NULL"||||ENABLED|NOT DEFERRABLE|IMMEDIATE|VALIDATED|GENERATED NAME|||2019-03-28 16:42:12.000|||||0
FEDBTM|SYS_C00214237|C|TBSW1012|"""HOR_CRTE_MSTO"" IS NOT NULL"|"""HOR_CRTE_MSTO"" IS NOT NULL"||||ENABLED|NOT DEFERRABLE|IMMEDIATE|VALIDATED|GENERATED NAME|||2019-03-28 16:42:12.000|||||0
FEDBTM|SYS_C00214236|C|TBSW1012|"""IND_PAIS_CRTE"" IS NOT NULL"|"""IND_PAIS_CRTE"" IS NOT NULL"||||ENABLED|NOT DEFERRABLE|IMMEDIATE|VALIDATED|GENERATED NAME|||2019-03-28 16:42:12.000|||||0
FEGEN|SYS_C00212628|C|TBSW0008|"""COD_BIN_INFR"" IS NOT NULL"|"""COD_BIN_INFR"" IS NOT NULL"||||ENABLED|NOT DEFERRABLE|IMMEDIATE|VALIDATED|GENERATED NAME|||2019-03-28 16:41:05.000|||||0
FEGEN|SYS_C00212629|C|TBSW0008|"""COD_BIN_SUPR"" IS NOT NULL"|"""COD_BIN_SUPR"" IS NOT NULL"||||ENABLED|NOT DEFERRABLE|IMMEDIATE|VALIDATED|GENERATED NAME|||2019-03-28 16:41:05.000|||||0
FEGEN|SYS_C00212630|C|TBSW0008|"""COD_ID_MMBR"" IS NOT NULL"|"""COD_ID_MMBR"" IS NOT NULL"||||ENABLED|NOT DEFERRABLE|IMMEDIATE|VALIDATED|GENERATED NAME|||2019-03-28 16:41:05.000|||||0
FEGEN|SYS_C00212632|C|TBSW0008|"""COD_PAIS"" IS NOT NULL"|"""COD_PAIS"" IS NOT NULL"||||ENABLED|NOT DEFERRABLE|IMMEDIATE|VALIDATED|GENERATED NAME|||2019-03-28 16:41:05.000|||||0
FEGEN|SYS_C00212633|C|TBSW0008|"""COD_PROD"" IS NOT NULL"|"""COD_PROD"" IS NOT NULL"||||ENABLED|NOT DEFERRABLE|IMMEDIATE|VALIDATED|GENERATED NAME|||2019-03-28 16:41:05.000|||||0
FEGEN|SYS_C00212631|C|TBSW0008|"""COD_RGAO"" IS NOT NULL"|"""COD_RGAO"" IS NOT NULL"||||ENABLED|NOT DEFERRABLE|IMMEDIATE|VALIDATED|GENERATED NAME|||2019-03-28 16:41:05.000|||||0
FEGEN|SYS_C00212635|C|TBSW0008|"""COD_STTU_REG"" IS NOT NULL"|"""COD_STTU_REG"" IS NOT NULL"||||ENABLED|NOT DEFERRABLE|IMMEDIATE|VALIDATED|GENERATED NAME|||2019-03-28 16:41:05.000|||||0
FEGEN|SYS_C00212634|C|TBSW0008|"""DAT_INCL_REG"" IS NOT NULL"|"""DAT_INCL_REG"" IS NOT NULL"||||ENABLED|NOT DEFERRABLE|IMMEDIATE|VALIDATED|GENERATED NAME|||2019-03-28 16:41:05.000|||||0
FEGEN|CC01SW0008|C|TBSW0008|"IND_BIN_TKN in ('S','N')"|IND_BIN_TKN in ('S','N')||||ENABLED|NOT DEFERRABLE|IMMEDIATE|VALIDATED|USER NAME|||2019-03-28 16:54:13.000|||||0
FEGEN|CC02SW0008|C|TBSW0008|"IND_ROTA_BIN is null or (IND_ROTA_BIN in ('Y','N'))"|IND_ROTA_BIN is null or (IND_ROTA_BIN in ('Y','N'))||||ENABLED|NOT DEFERRABLE|IMMEDIATE|VALIDATED|USER NAME|||2021-04-09 16:55:35.000|||||0
FEGEN|SYS_C00212636|C|TBSW0008|"""TIP_BIN"" IS NOT NULL"|"""TIP_BIN"" IS NOT NULL"||||ENABLED|NOT DEFERRABLE|IMMEDIATE|VALIDATED|GENERATED NAME|||2019-03-28 16:41:05.000|||||0
FEGEN|SYS_C00212638|C|TBSW0131|"""DAT_MOV_TRAN"" IS NOT NULL"|"""DAT_MOV_TRAN"" IS NOT NULL"||||ENABLED|NOT DEFERRABLE|IMMEDIATE|VALIDATED|GENERATED NAME|||2019-03-28 16:41:05.000|||||0
FEGEN|SYS_C00212637|C|TBSW0131|"""NUM_SEQ_UNC_CCR"" IS NOT NULL"|"""NUM_SEQ_UNC_CCR"" IS NOT NULL"||||ENABLED|NOT DEFERRABLE|IMMEDIATE|VALIDATED|GENERATED NAME|||2019-03-28 16:41:05.000|||||0
FEGEN|CC01SW0131|C|TBSW0131|"TXT_ADIC_SNHA IN ('S', 'P')"|TXT_ADIC_SNHA IN ('S', 'P')||||ENABLED|NOT DEFERRABLE|IMMEDIATE|VALIDATED|USER NAME|||2019-03-28 16:54:13.000|||||0
FEGEN|SYS_C00213677|C|TBSW0264|"""COD_EMP"" IS NOT NULL"|"""COD_EMP"" IS NOT NULL"||||ENABLED|NOT DEFERRABLE|IMMEDIATE|VALIDATED|GENERATED NAME|||2019-03-28 16:41:53.000|||||0
FEGEN|SYS_C00213678|C|TBSW0264|"""COD_RAM_ATVD"" IS NOT NULL"|"""COD_RAM_ATVD"" IS NOT NULL"||||ENABLED|NOT DEFERRABLE|IMMEDIATE|VALIDATED|GENERATED NAME|||2019-03-28 16:41:53.000|||||0
FEGEN|SYS_C00213679|C|TBSW0264|"""COD_RAM_ATVD_EMP"" IS NOT NULL"|"""COD_RAM_ATVD_EMP"" IS NOT NULL"||||ENABLED|NOT DEFERRABLE|IMMEDIATE|VALIDATED|GENERATED NAME|||2019-03-28 16:41:53.000|||||0
FEGEN|SYS_C00213680|C|TBSW0264|"""IND_PRE_AUT"" IS NOT NULL"|"""IND_PRE_AUT"" IS NOT NULL"||||ENABLED|NOT DEFERRABLE|IMMEDIATE|VALIDATED|GENERATED NAME|||2019-03-28 16:41:53.000|||||0
FEGEN|SYS_C00212164|C|TBSW0265|"""COD_BNDR"" IS NOT NULL"|"""COD_BNDR"" IS NOT NULL"||||ENABLED|NOT DEFERRABLE|IMMEDIATE|VALIDATED|GENERATED NAME|||2019-03-28 16:40:50.000|||||0
FEGEN|SYS_C00212163|C|TBSW0265|"""NUM_BIN_FIM"" IS NOT NULL"|"""NUM_BIN_FIM"" IS NOT NULL"||||ENABLED|NOT DEFERRABLE|IMMEDIATE|VALIDATED|GENERATED NAME|||2019-03-28 16:40:50.000|||||0
FEGEN|SYS_C00212162|C|TBSW0265|"""NUM_BIN_INI"" IS NOT NULL"|"""NUM_BIN_INI"" IS NOT NULL"||||ENABLED|NOT DEFERRABLE|IMMEDIATE|VALIDATED|GENERATED NAME|||2019-03-28 16:40:50.000|||||0
FEGEN|SYS_C00212165|C|TBSW0265|"""TIP_TRAN"" IS NOT NULL"|"""TIP_TRAN"" IS NOT NULL"||||ENABLED|NOT DEFERRABLE|IMMEDIATE|VALIDATED|GENERATED NAME|||2019-03-28 16:40:50.000|||||0
FEGEN|SYS_C00214145|C|TBSW2001|"""COD_BIN_ISSR"" IS NOT NULL"|"""COD_BIN_ISSR"" IS NOT NULL"||||ENABLED|NOT DEFERRABLE|IMMEDIATE|VALIDATED|GENERATED NAME|||2019-03-28 16:42:12.000|||||0
FEGEN|SYS_C00214150|C|TBSW2001|"""COD_BIN_PRCS"" IS NOT NULL"|"""COD_BIN_PRCS"" IS NOT NULL"||||ENABLED|NOT DEFERRABLE|IMMEDIATE|VALIDATED|GENERATED NAME|||2019-03-28 16:42:12.000|||||0
FEGEN|SYS_C00214143|C|TBSW2001|"""COD_CHAV_INFR"" IS NOT NULL"|"""COD_CHAV_INFR"" IS NOT NULL"||||ENABLED|NOT DEFERRABLE|IMMEDIATE|VALIDATED|GENERATED NAME|||2019-03-28 16:42:12.000|||||0
FEGEN|SYS_C00214141|C|TBSW2001|"""COD_CHAV_SUPR"" IS NOT NULL"|"""COD_CHAV_SUPR"" IS NOT NULL"||||ENABLED|NOT DEFERRABLE|IMMEDIATE|VALIDATED|GENERATED NAME|||2019-03-28 16:42:12.000|||||0
FEGEN|SYS_C00214151|C|TBSW2001|"""COD_DOM_CAR"" IS NOT NULL"|"""COD_DOM_CAR"" IS NOT NULL"||||ENABLED|NOT DEFERRABLE|IMMEDIATE|VALIDATED|GENERATED NAME|||2019-03-28 16:42:12.000|||||0
FEGEN|SYS_C00214170|C|TBSW2001|"""COD_ID_MMBR_VISA"" IS NOT NULL"|"""COD_ID_MMBR_VISA"" IS NOT NULL"||||ENABLED|NOT DEFERRABLE|IMMEDIATE|VALIDATED|GENERATED NAME|||2019-03-28 16:42:12.000|||||0
FEGEN|SYS_C00214157|C|TBSW2001|"""COD_PAIS_CAR"" IS NOT NULL"|"""COD_PAIS_CAR"" IS NOT NULL"||||ENABLED|NOT DEFERRABLE|IMMEDIATE|VALIDATED|GENERATED NAME|||2019-03-28 16:42:12.000|||||0
FEGEN|SYS_C00214153|C|TBSW2001|"""COD_PAIS_EMSR"" IS NOT NULL"|"""COD_PAIS_EMSR"" IS NOT NULL"||||ENABLED|NOT DEFERRABLE|IMMEDIATE|VALIDATED|GENERATED NAME|||2019-03-28 16:42:12.000|||||0
FEGEN|SYS_C00214166|C|TBSW2001|"""COD_PROD"" IS NOT NULL"|"""COD_PROD"" IS NOT NULL"||||ENABLED|NOT DEFERRABLE|IMMEDIATE|VALIDATED|GENERATED NAME|||2019-03-28 16:42:12.000|||||0
FEGEN|SYS_C00214156|C|TBSW2001|"""COD_RGAO_CAR"" IS NOT NULL"|"""COD_RGAO_CAR"" IS NOT NULL"||||ENABLED|NOT DEFERRABLE|IMMEDIATE|VALIDATED|GENERATED NAME|||2019-03-28 16:42:12.000|||||0
FEGEN|SYS_C00214152|C|TBSW2001|"""COD_RGAO_EMSR"" IS NOT NULL"|"""COD_RGAO_EMSR"" IS NOT NULL"||||ENABLED|NOT DEFERRABLE|IMMEDIATE|VALIDATED|GENERATED NAME|||2019-03-28 16:42:12.000|||||0
FEGEN|SYS_C00214171|C|TBSW2001|"""DAT_INCL_REG_VISA"" IS NOT NULL"|"""DAT_INCL_REG_VISA"" IS NOT NULL"||||ENABLED|NOT DEFERRABLE|IMMEDIATE|VALIDATED|GENERATED NAME|||2019-03-28 16:42:12.000|||||0
FEGEN|SYS_C00214168|C|TBSW2001|"""IND_AMB"" IS NOT NULL"|"""IND_AMB"" IS NOT NULL"||||ENABLED|NOT DEFERRABLE|IMMEDIATE|VALIDATED|GENERATED NAME|||2019-03-28 16:42:12.000|||||0
FEGEN|CC01SW2001|C|TBSW2001|"IND_BIN_TKN in ('S','N')"|IND_BIN_TKN in ('S','N')||||ENABLED|NOT DEFERRABLE|IMMEDIATE|VALIDATED|USER NAME|||2019-03-28 16:54:40.000|||||0
FEGEN|SYS_C00214158|C|TBSW2001|"""IND_DA_NVL_2"" IS NOT NULL"|"""IND_DA_NVL_2"" IS NOT NULL"||||ENABLED|NOT DEFERRABLE|IMMEDIATE|VALIDATED|GENERATED NAME|||2019-03-28 16:42:12.000|||||0
FEGEN|SYS_C00214159|C|TBSW2001|"""IND_DA_NVL_3"" IS NOT NULL"|"""IND_DA_NVL_3"" IS NOT NULL"||||ENABLED|NOT DEFERRABLE|IMMEDIATE|VALIDATED|GENERATED NAME|||2019-03-28 16:42:12.000|||||0
FEGEN|SYS_C00214163|C|TBSW2001|"""IND_EXTN_TIP_PROD"" IS NOT NULL"|"""IND_EXTN_TIP_PROD"" IS NOT NULL"||||ENABLED|NOT DEFERRABLE|IMMEDIATE|VALIDATED|GENERATED NAME|||2019-03-28 16:42:12.000|||||0
FEGEN|SYS_C00214165|C|TBSW2001|"""IND_JOG_ONLN"" IS NOT NULL"|"""IND_JOG_ONLN"" IS NOT NULL"||||ENABLED|NOT DEFERRABLE|IMMEDIATE|VALIDATED|GENERATED NAME|||2019-03-28 16:42:12.000|||||0
FEGEN|SYS_C00214160|C|TBSW2001|"""IND_MSG_CAR_CMC"" IS NOT NULL"|"""IND_MSG_CAR_CMC"" IS NOT NULL"||||ENABLED|NOT DEFERRABLE|IMMEDIATE|VALIDATED|GENERATED NAME|||2019-03-28 16:42:12.000|||||0
FEGEN|SYS_C00214154|C|TBSW2001|"""IND_SERV_CAR_CMC"" IS NOT NULL"|"""IND_SERV_CAR_CMC"" IS NOT NULL"||||ENABLED|NOT DEFERRABLE|IMMEDIATE|VALIDATED|GENERATED NAME|||2019-03-28 16:42:12.000|||||0
FEGEN|SYS_C00214155|C|TBSW2001|"""IND_TCNL"" IS NOT NULL"|"""IND_TCNL"" IS NOT NULL"||||ENABLED|NOT DEFERRABLE|IMMEDIATE|VALIDATED|GENERATED NAME|||2019-03-28 16:42:12.000|||||0
FEGEN|SYS_C00214164|C|TBSW2001|"""IND_TRSF_MNTR"" IS NOT NULL"|"""IND_TRSF_MNTR"" IS NOT NULL"||||ENABLED|NOT DEFERRABLE|IMMEDIATE|VALIDATED|GENERATED NAME|||2019-03-28 16:42:12.000|||||0
FEGEN|SYS_C00214161|C|TBSW2001|"""IND_TX_VAL_AGRD"" IS NOT NULL"|"""IND_TX_VAL_AGRD"" IS NOT NULL"||||ENABLED|NOT DEFERRABLE|IMMEDIATE|VALIDATED|GENERATED NAME|||2019-03-28 16:42:12.000|||||0
FEGEN|SYS_C00214162|C|TBSW2001|"""IND_VAL_ORGL"" IS NOT NULL"|"""IND_VAL_ORGL"" IS NOT NULL"||||ENABLED|NOT DEFERRABLE|IMMEDIATE|VALIDATED|GENERATED NAME|||2019-03-28 16:42:12.000|||||0
FEGEN|SYS_C00214147|C|TBSW2001|"""TAM_RNG_CTA"" IS NOT NULL"|"""TAM_RNG_CTA"" IS NOT NULL"||||ENABLED|NOT DEFERRABLE|IMMEDIATE|VALIDATED|GENERATED NAME|||2019-03-28 16:42:12.000|||||0
FEGEN|SYS_C00214142|C|TBSW2001|"""TIP_BIN"" IS NOT NULL"|"""TIP_BIN"" IS NOT NULL"||||ENABLED|NOT DEFERRABLE|IMMEDIATE|VALIDATED|GENERATED NAME|||2019-03-28 16:42:12.000|||||0
FEGEN|SYS_C00214148|C|TBSW2001|"""TIP_CAR"" IS NOT NULL"|"""TIP_CAR"" IS NOT NULL"||||ENABLED|NOT DEFERRABLE|IMMEDIATE|VALIDATED|GENERATED NAME|||2019-03-28 16:42:12.000|||||0
FEGEN|SYS_C00214172|C|TBSW2001|"""TIP_CAR_MLTP"" IS NOT NULL"|"""TIP_CAR_MLTP"" IS NOT NULL"||||ENABLED|NOT DEFERRABLE|IMMEDIATE|VALIDATED|GENERATED NAME|||2019-03-28 16:42:12.000|||||0
FEGEN|SYS_C00214146|C|TBSW2001|"""TIP_CHCK_DIG_VRFC"" IS NOT NULL"|"""TIP_CHCK_DIG_VRFC"" IS NOT NULL"||||ENABLED|NOT DEFERRABLE|IMMEDIATE|VALIDATED|GENERATED NAME|||2019-03-28 16:42:12.000|||||0
FEGEN|SYS_C00214144|C|TBSW2001|"""TIP_ISSR"" IS NOT NULL"|"""TIP_ISSR"" IS NOT NULL"||||ENABLED|NOT DEFERRABLE|IMMEDIATE|VALIDATED|GENERATED NAME|||2019-03-28 16:42:12.000|||||0
FEGEN|SYS_C00214149|C|TBSW2001|"""TIP_USO"" IS NOT NULL"|"""TIP_USO"" IS NOT NULL"||||ENABLED|NOT DEFERRABLE|IMMEDIATE|VALIDATED|GENERATED NAME|||2019-03-28 16:42:12.000|||||0
FEGEN|SYS_C00214167|C|TBSW2001|"""TIP_USO_INT_1"" IS NOT NULL"|"""TIP_USO_INT_1"" IS NOT NULL"||||ENABLED|NOT DEFERRABLE|IMMEDIATE|VALIDATED|GENERATED NAME|||2019-03-28 16:42:12.000|||||0
FEGEN|SYS_C00214169|C|TBSW2001|"""TIP_USO_INT_2"" IS NOT NULL"|"""TIP_USO_INT_2"" IS NOT NULL"||||ENABLED|NOT DEFERRABLE|IMMEDIATE|VALIDATED|GENERATED NAME|||2019-03-28 16:42:12.000|||||0
FEGEN|SYS_C00212168|C|TBSW2002|"""COD_OPID_ULT_ATLZ"" IS NOT NULL"|"""COD_OPID_ULT_ATLZ"" IS NOT NULL"||||ENABLED|NOT DEFERRABLE|IMMEDIATE|VALIDATED|GENERATED NAME|||2019-03-28 16:40:50.000|||||0
FEGEN|SYS_C00212167|C|TBSW2002|"""DES_TIP_TRAN"" IS NOT NULL"|"""DES_TIP_TRAN"" IS NOT NULL"||||ENABLED|NOT DEFERRABLE|IMMEDIATE|VALIDATED|GENERATED NAME|||2019-03-28 16:40:50.000|||||0
FEGEN|SYS_C00212169|C|TBSW2002|"""DTH_ULT_ATLZ"" IS NOT NULL"|"""DTH_ULT_ATLZ"" IS NOT NULL"||||ENABLED|NOT DEFERRABLE|IMMEDIATE|VALIDATED|GENERATED NAME|||2019-03-28 16:40:50.000|||||0
FEGEN|SYS_C00212166|C|TBSW2002|"""TIP_TRAN"" IS NOT NULL"|"""TIP_TRAN"" IS NOT NULL"||||ENABLED|NOT DEFERRABLE|IMMEDIATE|VALIDATED|GENERATED NAME|||2019-03-28 16:40:50.000|||||0
FEGEN|SYS_C00214822|C|TBSW2003|"""COD_BNDR"" IS NOT NULL"|"""COD_BNDR"" IS NOT NULL"||||ENABLED|NOT DEFERRABLE|IMMEDIATE|VALIDATED|GENERATED NAME|||2019-03-28 16:42:45.000|||||0
FEGEN|SYS_C00214830|C|TBSW2003|"""COD_EST"" IS NOT NULL"|"""COD_EST"" IS NOT NULL"||||ENABLED|NOT DEFERRABLE|IMMEDIATE|VALIDATED|GENERATED NAME|||2019-03-28 16:42:45.000|||||0
FEGEN|SYS_C00214826|C|TBSW2003|"""COD_PAIS"" IS NOT NULL"|"""COD_PAIS"" IS NOT NULL"||||ENABLED|NOT DEFERRABLE|IMMEDIATE|VALIDATED|GENERATED NAME|||2019-03-28 16:42:45.000|||||0
FEGEN|SYS_C00214827|C|TBSW2003|"""COD_RGAO"" IS NOT NULL"|"""COD_RGAO"" IS NOT NULL"||||ENABLED|NOT DEFERRABLE|IMMEDIATE|VALIDATED|GENERATED NAME|||2019-03-28 16:42:45.000|||||0
FEGEN|SYS_C00214828|C|TBSW2003|"""DAT_EFTV"" IS NOT NULL"|"""DAT_EFTV"" IS NOT NULL"||||ENABLED|NOT DEFERRABLE|IMMEDIATE|VALIDATED|GENERATED NAME|||2019-03-28 16:42:45.000|||||0
FEGEN|SYS_C00214821|C|TBSW2003|"""NUM_BIN"" IS NOT NULL"|"""NUM_BIN"" IS NOT NULL"||||ENABLED|NOT DEFERRABLE|IMMEDIATE|VALIDATED|GENERATED NAME|||2019-03-28 16:42:45.000|||||0
FEGEN|SYS_C00214831|C|TBSW2003|"""NUM_MMBR_ID"" IS NOT NULL"|"""NUM_MMBR_ID"" IS NOT NULL"||||ENABLED|NOT DEFERRABLE|IMMEDIATE|VALIDATED|GENERATED NAME|||2019-03-28 16:42:45.000|||||0
FEGEN|SYS_C00214832|C|TBSW2003|"""QTD_MXO_PRCL"" IS NOT NULL"|"""QTD_MXO_PRCL"" IS NOT NULL"||||ENABLED|NOT DEFERRABLE|IMMEDIATE|VALIDATED|GENERATED NAME|||2019-03-28 16:42:45.000|||||0
FEGEN|SYS_C00214824|C|TBSW2003|"""TAM_BIN"" IS NOT NULL"|"""TAM_BIN"" IS NOT NULL"||||ENABLED|NOT DEFERRABLE|IMMEDIATE|VALIDATED|GENERATED NAME|||2019-03-28 16:42:45.000|||||0
FEGEN|SYS_C00214825|C|TBSW2003|"""TAM_PAN"" IS NOT NULL"|"""TAM_PAN"" IS NOT NULL"||||ENABLED|NOT DEFERRABLE|IMMEDIATE|VALIDATED|GENERATED NAME|||2019-03-28 16:42:45.000|||||0
FEGEN|SYS_C00214823|C|TBSW2003|"""TIP_BIN"" IS NOT NULL"|"""TIP_BIN"" IS NOT NULL"||||ENABLED|NOT DEFERRABLE|IMMEDIATE|VALIDATED|GENERATED NAME|||2019-03-28 16:42:45.000|||||0
FEGEN|SYS_C00214829|C|TBSW2003|"""TIP_EFTV"" IS NOT NULL"|"""TIP_EFTV"" IS NOT NULL"||||ENABLED|NOT DEFERRABLE|IMMEDIATE|VALIDATED|GENERATED NAME|||2019-03-28 16:42:45.000|||||0
FEGEN|CC01SW2004|C|TBSW2004|"COD_STTU_EXEC IN (0, 1, 2)"|COD_STTU_EXEC IN (0, 1, 2)||||ENABLED|NOT DEFERRABLE|IMMEDIATE|VALIDATED|USER NAME|||2019-03-28 16:54:47.000|||||0
FEGEN|SYS_C00214556|C|TBSW2004|"""COD_STTU_EXEC"" IS NOT NULL"|"""COD_STTU_EXEC"" IS NOT NULL"||||ENABLED|NOT DEFERRABLE|IMMEDIATE|VALIDATED|GENERATED NAME|||2019-03-28 16:42:28.000|||||0
FEGEN|SYS_C00214555|C|TBSW2004|"""DTH_INI_EXEC"" IS NOT NULL"|"""DTH_INI_EXEC"" IS NOT NULL"||||ENABLED|NOT DEFERRABLE|IMMEDIATE|VALIDATED|GENERATED NAME|||2019-03-28 16:42:28.000|||||0
FEGEN|SYS_C00214553|C|TBSW2004|"""NOM_HOST_EXEC"" IS NOT NULL"|"""NOM_HOST_EXEC"" IS NOT NULL"||||ENABLED|NOT DEFERRABLE|IMMEDIATE|VALIDATED|GENERATED NAME|||2019-03-28 16:42:28.000|||||0
FEGEN|SYS_C00214554|C|TBSW2004|"""NUM_PR_SIS_OPRC"" IS NOT NULL"|"""NUM_PR_SIS_OPRC"" IS NOT NULL"||||ENABLED|NOT DEFERRABLE|IMMEDIATE|VALIDATED|GENERATED NAME|||2019-03-28 16:42:28.000|||||0
FEGEN|SYS_C00214550|C|TBSW2005|"""COD_SCRP_CMDR"" IS NOT NULL"|"""COD_SCRP_CMDR"" IS NOT NULL"||||ENABLED|NOT DEFERRABLE|IMMEDIATE|VALIDATED|GENERATED NAME|||2019-03-28 16:42:28.000|||||0
FEGEN|SYS_C00214551|C|TBSW2005|"""DES_SCRP_CMDR"" IS NOT NULL"|"""DES_SCRP_CMDR"" IS NOT NULL"||||ENABLED|NOT DEFERRABLE|IMMEDIATE|VALIDATED|GENERATED NAME|||2019-03-28 16:42:28.000|||||0
FEGEN|SYS_C00214552|C|TBSW2005|"""DTH_ULT_ATLZ"" IS NOT NULL"|"""DTH_ULT_ATLZ"" IS NOT NULL"||||ENABLED|NOT DEFERRABLE|IMMEDIATE|VALIDATED|GENERATED NAME|||2019-03-28 16:42:28.000|||||0
FEGEN|SYS_C00213313|C|TBSW2006|"""DES_PR_BTC"" IS NOT NULL"|"""DES_PR_BTC"" IS NOT NULL"||||ENABLED|NOT DEFERRABLE|IMMEDIATE|VALIDATED|GENERATED NAME|||2019-03-28 16:41:38.000|||||0
FEGEN|SYS_C00213314|C|TBSW2006|"""DTH_ULT_ATLZ"" IS NOT NULL"|"""DTH_ULT_ATLZ"" IS NOT NULL"||||ENABLED|NOT DEFERRABLE|IMMEDIATE|VALIDATED|GENERATED NAME|||2019-03-28 16:41:38.000|||||0
FEGEN|SYS_C00213312|C|TBSW2006|"""NOM_PR_BTC"" IS NOT NULL"|"""NOM_PR_BTC"" IS NOT NULL"||||ENABLED|NOT DEFERRABLE|IMMEDIATE|VALIDATED|GENERATED NAME|||2019-03-28 16:41:38.000|||||0
FEGEN|SYS_C00213311|C|TBSW2006|"""NUM_PR_BTC"" IS NOT NULL"|"""NUM_PR_BTC"" IS NOT NULL"||||ENABLED|NOT DEFERRABLE|IMMEDIATE|VALIDATED|GENERATED NAME|||2019-03-28 16:41:38.000|||||0
FEGEN|SYS_C00214818|C|TBSW2007|"""COD_RET_EXEC"" IS NOT NULL"|"""COD_RET_EXEC"" IS NOT NULL"||||ENABLED|NOT DEFERRABLE|IMMEDIATE|VALIDATED|GENERATED NAME|||2019-03-28 16:42:45.000|||||0
FEGEN|SYS_C00214819|C|TBSW2007|"""DES_COD_RET_EXEC"" IS NOT NULL"|"""DES_COD_RET_EXEC"" IS NOT NULL"||||ENABLED|NOT DEFERRABLE|IMMEDIATE|VALIDATED|GENERATED NAME|||2019-03-28 16:42:45.000|||||0
FEGEN|SYS_C00214820|C|TBSW2007|"""DTH_ULT_ATLZ"" IS NOT NULL"|"""DTH_ULT_ATLZ"" IS NOT NULL"||||ENABLED|NOT DEFERRABLE|IMMEDIATE|VALIDATED|GENERATED NAME|||2019-03-28 16:42:45.000|||||0
FEGEN|SYS_C00214139|C|TBSW2008|"""NOM_ARQ_PCD"" IS NOT NULL"|"""NOM_ARQ_PCD"" IS NOT NULL"||||ENABLED|NOT DEFERRABLE|IMMEDIATE|VALIDATED|GENERATED NAME|||2019-03-28 16:42:12.000|||||0
FEGEN|SYS_C00214138|C|TBSW2008|"""NUM_ARQ_PCD"" IS NOT NULL"|"""NUM_ARQ_PCD"" IS NOT NULL"||||ENABLED|NOT DEFERRABLE|IMMEDIATE|VALIDATED|GENERATED NAME|||2019-03-28 16:42:12.000|||||0
FEGEN|CC01SW2008|C|TBSW2008|"TIP_OPE_ARQ_PCD IN ('I', 'E')"|TIP_OPE_ARQ_PCD IN ('I', 'E')||||ENABLED|NOT DEFERRABLE|IMMEDIATE|VALIDATED|USER NAME|||2019-03-28 16:54:40.000|||||0
FEGEN|SYS_C00214140|C|TBSW2008|"""TIP_OPE_ARQ_PCD"" IS NOT NULL"|"""TIP_OPE_ARQ_PCD"" IS NOT NULL"||||ENABLED|NOT DEFERRABLE|IMMEDIATE|VALIDATED|GENERATED NAME|||2019-03-28 16:42:12.000|||||0
FEGEN|SYS_C00214547|C|TBSW2010|"""COD_ISSR_SW"" IS NOT NULL"|"""COD_ISSR_SW"" IS NOT NULL"||||ENABLED|NOT DEFERRABLE|IMMEDIATE|VALIDATED|GENERATED NAME|||2019-03-28 16:42:28.000|||||0
FEGEN|SYS_C00214546|C|TBSW2010|"""COD_ROTA"" IS NOT NULL"|"""COD_ROTA"" IS NOT NULL"||||ENABLED|NOT DEFERRABLE|IMMEDIATE|VALIDATED|GENERATED NAME|||2019-03-28 16:42:28.000|||||0
FEGEN|SYS_C00214548|C|TBSW2010|"""NOM_FE_ACQR"" IS NOT NULL"|"""NOM_FE_ACQR"" IS NOT NULL"||||ENABLED|NOT DEFERRABLE|IMMEDIATE|VALIDATED|GENERATED NAME|||2019-03-28 16:42:28.000|||||0
FEGEN|SYS_C00214549|C|TBSW2010|"""NOM_HOST_ACQR"" IS NOT NULL"|"""NOM_HOST_ACQR"" IS NOT NULL"||||ENABLED|NOT DEFERRABLE|IMMEDIATE|VALIDATED|GENERATED NAME|||2019-03-28 16:42:28.000|||||0
FEGEN|SYS_C00213310|C|TBSW2011|"""COD_BNDR"" IS NOT NULL"|"""COD_BNDR"" IS NOT NULL"||||ENABLED|NOT DEFERRABLE|IMMEDIATE|VALIDATED|GENERATED NAME|||2019-03-28 16:41:38.000|||||0
FEGEN|SYS_C00213309|C|TBSW2011|"""COD_ISSR_SW"" IS NOT NULL"|"""COD_ISSR_SW"" IS NOT NULL"||||ENABLED|NOT DEFERRABLE|IMMEDIATE|VALIDATED|GENERATED NAME|||2019-03-28 16:41:38.000|||||0
FEGEN|SYS_C00214135|C|TBSW2013|"""COD_ISSR_SW"" IS NOT NULL"|"""COD_ISSR_SW"" IS NOT NULL"||||ENABLED|NOT DEFERRABLE|IMMEDIATE|VALIDATED|GENERATED NAME|||2019-03-28 16:42:12.000|||||0
FEGEN|SYS_C00214134|C|TBSW2013|"""COD_ROTA_PRVT_LBEL"" IS NOT NULL"|"""COD_ROTA_PRVT_LBEL"" IS NOT NULL"||||ENABLED|NOT DEFERRABLE|IMMEDIATE|VALIDATED|GENERATED NAME|||2019-03-28 16:42:12.000|||||0
FEGEN|SYS_C00214136|C|TBSW2013|"""NOM_FE_ACQR"" IS NOT NULL"|"""NOM_FE_ACQR"" IS NOT NULL"||||ENABLED|NOT DEFERRABLE|IMMEDIATE|VALIDATED|GENERATED NAME|||2019-03-28 16:42:12.000|||||0
FEGEN|SYS_C00214137|C|TBSW2013|"""NOM_HOST_ACQR"" IS NOT NULL"|"""NOM_HOST_ACQR"" IS NOT NULL"||||ENABLED|NOT DEFERRABLE|IMMEDIATE|VALIDATED|GENERATED NAME|||2019-03-28 16:42:12.000|||||0
FEGEN|SYS_C00214128|C|TBSW2014|"""COD_PAIS"" IS NOT NULL"|"""COD_PAIS"" IS NOT NULL"||||ENABLED|NOT DEFERRABLE|IMMEDIATE|VALIDATED|GENERATED NAME|||2019-03-28 16:42:12.000|||||0
FEGEN|SYS_C00214127|C|TBSW2014|"""COD_PRFX_MSTO"" IS NOT NULL"|"""COD_PRFX_MSTO"" IS NOT NULL"||||ENABLED|NOT DEFERRABLE|IMMEDIATE|VALIDATED|GENERATED NAME|||2019-03-28 16:42:12.000|||||0
FEGEN|SYS_C00214133|C|TBSW2014|"""DAT_INCL_REG"" IS NOT NULL"|"""DAT_INCL_REG"" IS NOT NULL"||||ENABLED|NOT DEFERRABLE|IMMEDIATE|VALIDATED|GENERATED NAME|||2019-03-28 16:42:12.000|||||0
FEGEN|CC05SW2014|C|TBSW2014|"IND_BIN_TKN is null or (IND_BIN_TKN in ('S','N'))"|IND_BIN_TKN is null or (IND_BIN_TKN in ('S','N'))||||ENABLED|NOT DEFERRABLE|IMMEDIATE|VALIDATED|USER NAME|||2019-03-28 16:54:40.000|||||0
FEGEN|CC06SW2014|C|TBSW2014|"IND_CASH_BACK is null or (IND_CASH_BACK in (0,1,2))"|IND_CASH_BACK is null or (IND_CASH_BACK in (0,1,2))||||ENABLED|NOT DEFERRABLE|IMMEDIATE|VALIDATED|USER NAME|||2019-03-28 16:54:40.000|||||0
FEGEN|CC02SW2014|C|TBSW2014|"IND_CDC in (0,1)"|IND_CDC in (0,1)||||ENABLED|NOT DEFERRABLE|IMMEDIATE|VALIDATED|USER NAME|||2019-03-28 16:54:40.000|||||0
FEGEN|SYS_C00214130|C|TBSW2014|"""IND_CDC"" IS NOT NULL"|"""IND_CDC"" IS NOT NULL"||||ENABLED|NOT DEFERRABLE|IMMEDIATE|VALIDATED|GENERATED NAME|||2019-03-28 16:42:12.000|||||0
FEGEN|CC04SW2014|C|TBSW2014|"IND_CNFR_PSTV in (0,1)"|IND_CNFR_PSTV in (0,1)||||ENABLED|NOT DEFERRABLE|IMMEDIATE|VALIDATED|USER NAME|||2019-03-28 16:54:40.000|||||0
FEGEN|SYS_C00214132|C|TBSW2014|"""IND_CNFR_PSTV"" IS NOT NULL"|"""IND_CNFR_PSTV"" IS NOT NULL"||||ENABLED|NOT DEFERRABLE|IMMEDIATE|VALIDATED|GENERATED NAME|||2019-03-28 16:42:12.000|||||0
FEGEN|CC07SW2014|C|TBSW2014|"IND_DEB_MTC IN (0,1)"|IND_DEB_MTC IN (0,1)||||ENABLED|NOT DEFERRABLE|IMMEDIATE|VALIDATED|USER NAME|||2020-02-04 16:00:06.000|||||0
FEGEN|SYS_C00226872|C|TBSW2014|"""IND_DEB_MTC"" IS NOT NULL"|"""IND_DEB_MTC"" IS NOT NULL"||||ENABLED|NOT DEFERRABLE|IMMEDIATE|VALIDATED|GENERATED NAME|||2020-02-04 16:00:06.000|||||0
FEGEN|CC01SW2014|C|TBSW2014|"IND_MSTO in (0,1)"|IND_MSTO in (0,1)||||ENABLED|NOT DEFERRABLE|IMMEDIATE|VALIDATED|USER NAME|||2019-03-28 16:54:40.000|||||0
FEGEN|SYS_C00214129|C|TBSW2014|"""IND_MSTO"" IS NOT NULL"|"""IND_MSTO"" IS NOT NULL"||||ENABLED|NOT DEFERRABLE|IMMEDIATE|VALIDATED|GENERATED NAME|||2019-03-28 16:42:12.000|||||0
FEGEN|CC03SW2014|C|TBSW2014|"IND_VD_PRDT in (0,1)"|IND_VD_PRDT in (0,1)||||ENABLED|NOT DEFERRABLE|IMMEDIATE|VALIDATED|USER NAME|||2019-03-28 16:54:40.000|||||0
FEGEN|SYS_C00214131|C|TBSW2014|"""IND_VD_PRDT"" IS NOT NULL"|"""IND_VD_PRDT"" IS NOT NULL"||||ENABLED|NOT DEFERRABLE|IMMEDIATE|VALIDATED|GENERATED NAME|||2019-03-28 16:42:12.000|||||0
FEGEN|SYS_C00214545|C|TBSW2020|"""DAT_RESET"" IS NOT NULL"|"""DAT_RESET"" IS NOT NULL"||||ENABLED|NOT DEFERRABLE|IMMEDIATE|VALIDATED|GENERATED NAME|||2019-03-28 16:42:28.000|||||0
FEGEN|SYS_C00214544|C|TBSW2020|"""SGL_SITE"" IS NOT NULL"|"""SGL_SITE"" IS NOT NULL"||||ENABLED|NOT DEFERRABLE|IMMEDIATE|VALIDATED|GENERATED NAME|||2019-03-28 16:42:28.000|||||0
