"table_from"|"conname"|"pg_get_constraintdef"
fegen.tbsw0008|sys_c00212628_1|CHECK ((cod_bin_infr IS NOT NULL))
fegen.tbsw0008|sys_c00212629_1|CHECK ((cod_bin_supr IS NOT NULL))
fegen.tbsw0008|sys_c00212630_1|CHECK ((cod_id_mmbr IS NOT NULL))
fegen.tbsw0008|sys_c00212632_1|CHECK ((cod_pais IS NOT NULL))
fegen.tbsw0008|sys_c00212633_1|CHECK ((cod_prod IS NOT NULL))
fegen.tbsw0008|sys_c00212631_1|CHECK ((cod_rgao IS NOT NULL))
fegen.tbsw0008|sys_c00212635_1|CHECK ((cod_sttu_reg IS NOT NULL))
fegen.tbsw0008|sys_c00212634_1|CHECK ((dat_incl_reg IS NOT NULL))
fegen.tbsw0008|cc01sw0008_1|CHECK ((ind_bin_tkn = ANY (ARRAY['S'::bpchar, 'N'::bpchar])))
fegen.tbsw0008|cc02sw0008_1|CHECK (((ind_rota_bin IS NULL) OR (ind_rota_bin = ANY (ARRAY['Y'::bpchar, 'N'::bpchar]))))
fegen.tbsw0008|sys_c00212636_1|CHECK ((tip_bin IS NOT NULL))
fegen.tbsw0131|sys_c00212638|CHECK ((dat_mov_tran IS NOT NULL))
fegen.tbsw0131|sys_c00212637|CHECK ((num_seq_unc_ccr IS NOT NULL))
fegen.tbsw0131|cc01sw0131|CHECK ((txt_adic_snha = ANY (ARRAY['S'::bpchar, 'P'::bpchar])))
fegen.tbsw0264|sys_c00213677|CHECK ((cod_emp IS NOT NULL))
fegen.tbsw0264|sys_c00213679|CHECK ((cod_ram_atvd_emp IS NOT NULL))
fegen.tbsw0264|sys_c00213678|CHECK ((cod_ram_atvd IS NOT NULL))
fegen.tbsw0264|sys_c00213680|CHECK ((ind_pre_aut IS NOT NULL))
fegen.tbsw0265|sys_c00212164|CHECK ((cod_bndr IS NOT NULL))
fegen.tbsw0265|sys_c00212163|CHECK ((num_bin_fim IS NOT NULL))
fegen.tbsw0265|sys_c00212162|CHECK ((num_bin_ini IS NOT NULL))
fegen.tbsw0265|sys_c00212165|CHECK ((tip_tran IS NOT NULL))
fegen.tbsw2001|sys_c00214145|CHECK ((cod_bin_issr IS NOT NULL))
fegen.tbsw2001|sys_c00214150|CHECK ((cod_bin_prcs IS NOT NULL))
fegen.tbsw2001|sys_c00214143|CHECK ((cod_chav_infr IS NOT NULL))
fegen.tbsw2001|sys_c00214141|CHECK ((cod_chav_supr IS NOT NULL))
fegen.tbsw2001|sys_c00214151|CHECK ((cod_dom_car IS NOT NULL))
fegen.tbsw2001|sys_c00214170|CHECK ((cod_id_mmbr_visa IS NOT NULL))
fegen.tbsw2001|sys_c00214157|CHECK ((cod_pais_car IS NOT NULL))
fegen.tbsw2001|sys_c00214153|CHECK ((cod_pais_emsr IS NOT NULL))
fegen.tbsw2001|sys_c00214166|CHECK ((cod_prod IS NOT NULL))
fegen.tbsw2001|sys_c00214156|CHECK ((cod_rgao_car IS NOT NULL))
fegen.tbsw2001|sys_c00214152|CHECK ((cod_rgao_emsr IS NOT NULL))
fegen.tbsw2001|sys_c00214171|CHECK ((dat_incl_reg_visa IS NOT NULL))
fegen.tbsw2001|sys_c00214168|CHECK ((ind_amb IS NOT NULL))
fegen.tbsw2001|cc01sw2001|CHECK ((ind_bin_tkn = ANY (ARRAY['S'::bpchar, 'N'::bpchar])))
fegen.tbsw2001|sys_c00214158|CHECK ((ind_da_nvl_2 IS NOT NULL))
fegen.tbsw2001|sys_c00214159|CHECK ((ind_da_nvl_3 IS NOT NULL))
fegen.tbsw2001|sys_c00214163|CHECK ((ind_extn_tip_prod IS NOT NULL))
fegen.tbsw2001|sys_c00214165|CHECK ((ind_jog_onln IS NOT NULL))
fegen.tbsw2001|sys_c00214160|CHECK ((ind_msg_car_cmc IS NOT NULL))
fegen.tbsw2001|sys_c00214154|CHECK ((ind_serv_car_cmc IS NOT NULL))
fegen.tbsw2001|sys_c00214155|CHECK ((ind_tcnl IS NOT NULL))
fegen.tbsw2001|sys_c00214164|CHECK ((ind_trsf_mntr IS NOT NULL))
fegen.tbsw2001|sys_c00214161|CHECK ((ind_tx_val_agrd IS NOT NULL))
fegen.tbsw2001|sys_c00214162|CHECK ((ind_val_orgl IS NOT NULL))
fegen.tbsw2001|sys_c00214147|CHECK ((tam_rng_cta IS NOT NULL))
fegen.tbsw2001|sys_c00214142|CHECK ((tip_bin IS NOT NULL))
fegen.tbsw2001|sys_c00214148|CHECK ((tip_car IS NOT NULL))
fegen.tbsw2001|sys_c00214172|CHECK ((tip_car_mltp IS NOT NULL))
fegen.tbsw2001|sys_c00214146|CHECK ((tip_chck_dig_vrfc IS NOT NULL))
fegen.tbsw2001|sys_c00214144|CHECK ((tip_issr IS NOT NULL))
fegen.tbsw2001|sys_c00214167|CHECK ((tip_uso_int_1 IS NOT NULL))
fegen.tbsw2001|sys_c00214169|CHECK ((tip_uso_int_2 IS NOT NULL))
fegen.tbsw2001|sys_c00214149|CHECK ((tip_uso IS NOT NULL))
fegen.tbsw2002|sys_c00212168|CHECK ((cod_opid_ult_atlz IS NOT NULL))
fegen.tbsw2002|sys_c00212167|CHECK ((des_tip_tran IS NOT NULL))
fegen.tbsw2002|sys_c00212169|CHECK ((dth_ult_atlz IS NOT NULL))
fegen.tbsw2002|sys_c00212166|CHECK ((tip_tran IS NOT NULL))
fegen.tbsw2003|sys_c00214822_1|CHECK ((cod_bndr IS NOT NULL))
fegen.tbsw2003|sys_c00214830_1|CHECK ((cod_est IS NOT NULL))
fegen.tbsw2003|sys_c00214826_1|CHECK ((cod_pais IS NOT NULL))
fegen.tbsw2003|sys_c00214827_1|CHECK ((cod_rgao IS NOT NULL))
fegen.tbsw2003|sys_c00214828_1|CHECK ((dat_eftv IS NOT NULL))
fegen.tbsw2003|sys_c00214821_1|CHECK ((num_bin IS NOT NULL))
fegen.tbsw2003|sys_c00214831_1|CHECK ((num_mmbr_id IS NOT NULL))
fegen.tbsw2003|sys_c00214832_1|CHECK ((qtd_mxo_prcl IS NOT NULL))
fegen.tbsw2003|sys_c00214824_1|CHECK ((tam_bin IS NOT NULL))
fegen.tbsw2003|sys_c00214825_1|CHECK ((tam_pan IS NOT NULL))
fegen.tbsw2003|sys_c00214823_1|CHECK ((tip_bin IS NOT NULL))
fegen.tbsw2003|sys_c00214829_1|CHECK ((tip_eftv IS NOT NULL))
fegen.tbsw2005|sys_c00214550_1|CHECK ((cod_scrp_cmdr IS NOT NULL))
fegen.tbsw2005|sys_c00214551_1|CHECK ((des_scrp_cmdr IS NOT NULL))
fegen.tbsw2005|sys_c00214552_1|CHECK ((dth_ult_atlz IS NOT NULL))
fegen.tbsw2006|sys_c00213313_1|CHECK ((des_pr_btc IS NOT NULL))
fegen.tbsw2006|sys_c00213314_1|CHECK ((dth_ult_atlz IS NOT NULL))
fegen.tbsw2006|sys_c00213312_1|CHECK ((nom_pr_btc IS NOT NULL))
fegen.tbsw2006|sys_c00213311_1|CHECK ((num_pr_btc IS NOT NULL))
fegen.tbsw2007|sys_c00214818_1|CHECK ((cod_ret_exec IS NOT NULL))
fegen.tbsw2007|sys_c00214819_1|CHECK ((des_cod_ret_exec IS NOT NULL))
fegen.tbsw2007|sys_c00214820_1|CHECK ((dth_ult_atlz IS NOT NULL))
fegen.tbsw2008|sys_c00214139_1|CHECK ((nom_arq_pcd IS NOT NULL))
fegen.tbsw2008|sys_c00214138_1|CHECK ((num_arq_pcd IS NOT NULL))
fegen.tbsw2008|cc01sw2008_1|CHECK ((tip_ope_arq_pcd = ANY (ARRAY['I'::bpchar, 'E'::bpchar])))
fegen.tbsw2008|sys_c00214140_1|CHECK ((tip_ope_arq_pcd IS NOT NULL))
fegen.tbsw2011|sys_c00213310_1|CHECK ((cod_bndr IS NOT NULL))
fegen.tbsw2011|sys_c00213309_1|CHECK ((cod_issr_sw IS NOT NULL))
fegen.tbsw2014|sys_c00214128_1|CHECK ((cod_pais IS NOT NULL))
fegen.tbsw2014|sys_c00214127_1|CHECK ((cod_prfx_msto IS NOT NULL))
fegen.tbsw2014|sys_c00214133_1|CHECK ((dat_incl_reg IS NOT NULL))
fegen.tbsw2014|cc05sw2014_1|CHECK (((ind_bin_tkn IS NULL) OR (ind_bin_tkn = ANY (ARRAY['S'::bpchar, 'N'::bpchar]))))
fegen.tbsw2014|cc06sw2014_1|CHECK (((ind_cash_back IS NULL) OR (ind_cash_back = ANY (ARRAY[(0)::numeric, (1)::numeric, (2)::numeric]))))
fegen.tbsw2014|cc02sw2014_1|CHECK ((ind_cdc = ANY (ARRAY[(0)::numeric, (1)::numeric])))
fegen.tbsw2014|sys_c00214130_1|CHECK ((ind_cdc IS NOT NULL))
fegen.tbsw2014|cc04sw2014_1|CHECK ((ind_cnfr_pstv = ANY (ARRAY[(0)::numeric, (1)::numeric])))
fegen.tbsw2014|sys_c00214132_1|CHECK ((ind_cnfr_pstv IS NOT NULL))
fegen.tbsw2014|cc07sw2014_1|CHECK ((ind_deb_mtc = ANY (ARRAY[(0)::numeric, (1)::numeric])))
fegen.tbsw2014|sys_c00226872_1|CHECK ((ind_deb_mtc IS NOT NULL))
fegen.tbsw2014|cc01sw2014_1|CHECK ((ind_msto = ANY (ARRAY[(0)::numeric, (1)::numeric])))
fegen.tbsw2014|sys_c00214129_1|CHECK ((ind_msto IS NOT NULL))
fegen.tbsw2014|cc03sw2014_1|CHECK ((ind_vd_prdt = ANY (ARRAY[(0)::numeric, (1)::numeric])))
fegen.tbsw2014|sys_c00214131_1|CHECK ((ind_vd_prdt IS NOT NULL))
fegen.tbsw2020|sys_c00214545_1|CHECK ((dat_reset IS NOT NULL))
fegen.tbsw2020|sys_c00214544_1|CHECK ((sgl_site IS NOT NULL))
fegen.tbsw2004|cc01sw2004_1|CHECK ((cod_sttu_exec = ANY (ARRAY[(0)::numeric, (1)::numeric, (2)::numeric])))
fegen.tbsw2004|sys_c00214556_1|CHECK ((cod_sttu_exec IS NOT NULL))
fegen.tbsw2004|sys_c00214555_1|CHECK ((dth_ini_exec IS NOT NULL))
fegen.tbsw2004|sys_c00214553_1|CHECK ((nom_host_exec IS NOT NULL))
fegen.tbsw2004|sys_c00214554_1|CHECK ((num_pr_sis_oprc IS NOT NULL))
fegen.tbsw2010|sys_c00214547_1|CHECK ((cod_issr_sw IS NOT NULL))
fegen.tbsw2010|sys_c00214546_1|CHECK ((cod_rota IS NOT NULL))
fegen.tbsw2010|sys_c00214548_1|CHECK ((nom_fe_acqr IS NOT NULL))
fegen.tbsw2010|sys_c00214549_1|CHECK ((nom_host_acqr IS NOT NULL))
fegen.tbsw2013|sys_c00214135_1|CHECK ((cod_issr_sw IS NOT NULL))
fegen.tbsw2013|sys_c00214134_1|CHECK ((cod_rota_prvt_lbel IS NOT NULL))
fegen.tbsw2013|sys_c00214136_1|CHECK ((nom_fe_acqr IS NOT NULL))
fegen.tbsw2013|sys_c00214137_1|CHECK ((nom_host_acqr IS NOT NULL))
fedbtm.tbsw1002|sys_c00213776|CHECK ((cod_pais_msto IS NOT NULL))
fedbtm.tbsw1002|sys_c00213775|CHECK ((cod_prfx_msto IS NOT NULL))
fedbtm.tbsw1002|sys_c00213774|CHECK ((dat_incl_reg_msto IS NOT NULL))
fedbtm.tbsw1002|cc03tbsw1002|CHECK ((ind_cdc = ANY (ARRAY[(0)::numeric, (1)::numeric])))
fedbtm.tbsw1002|sys_c00213779|CHECK ((ind_cdc IS NOT NULL))
fedbtm.tbsw1002|cc01tbsw1002_672613250|CHECK ((ind_cnfr_pstv = ANY (ARRAY[(0)::numeric, (1)::numeric])))
fedbtm.tbsw1002|sys_c00213777|CHECK ((ind_cnfr_pstv IS NOT NULL))
fedbtm.tbsw1002|cc05tbsw1002_624311319|CHECK ((ind_cshb = ANY (ARRAY[(0)::numeric, (1)::numeric])))
fedbtm.tbsw1002|sys_c00213781|CHECK ((ind_cshb IS NOT NULL))
fedbtm.tbsw1002|cc02tbsw1002_456536077|CHECK ((ind_msto = ANY (ARRAY[(0)::numeric, (1)::numeric])))
fedbtm.tbsw1002|sys_c00213778|CHECK ((ind_msto IS NOT NULL))
fedbtm.tbsw1002|sys_c00213782|CHECK ((ind_parcele_mais IS NOT NULL))
fedbtm.tbsw1002|cc04tbsw1002_708795233|CHECK ((ind_pre_datado = ANY (ARRAY[(0)::numeric, (1)::numeric])))
fedbtm.tbsw1002|sys_c00213780|CHECK ((ind_pre_datado IS NOT NULL))
fedbtm.tbsw1002|sys_c00213773|CHECK ((num_id_bin_deb IS NOT NULL))
fedbtm.tbsw1005|sys_c00214250|CHECK ((cod_emsr IS NOT NULL))
fedbtm.tbsw1005|sys_c00214244|CHECK ((cod_pcm IS NOT NULL))
fedbtm.tbsw1005|sys_c00214253|CHECK ((cod_sttu_envo IS NOT NULL))
fedbtm.tbsw1005|sys_c00214247|CHECK ((cod_term IS NOT NULL))
fedbtm.tbsw1005|sys_c00214251|CHECK ((cod_trk_car IS NOT NULL))
fedbtm.tbsw1005|sys_c00214245|CHECK ((dat_ctb_rd IS NOT NULL))
fedbtm.tbsw1005|sys_c00214239|CHECK ((dat_mov_tran IS NOT NULL))
fedbtm.tbsw1005|sys_c00214249|CHECK ((des_cpl_mot_rd_ext IS NOT NULL))
fedbtm.tbsw1005|sys_c00214242|CHECK ((hor_ini_tran IS NOT NULL))
fedbtm.tbsw1005|sys_c00214243|CHECK ((ind_acao IS NOT NULL))
fedbtm.tbsw1005|sys_c00214246|CHECK ((num_aut_emsr IS NOT NULL))
fedbtm.tbsw1005|sys_c00214240|CHECK ((num_car IS NOT NULL))
fedbtm.tbsw1005|sys_c00214248|CHECK ((num_estb IS NOT NULL))
fedbtm.tbsw1005|sys_c00214238|CHECK ((num_seq_unc IS NOT NULL))
fedbtm.tbsw1005|sys_c00214252|CHECK ((tip_tran IS NOT NULL))
fedbtm.tbsw1005|sys_c00214241|CHECK ((val_tran IS NOT NULL))
fedbtm.tbsw1007|sys_c00212782|CHECK ((cod_aut_mtc IS NOT NULL))
fedbtm.tbsw1007|sys_c00212781|CHECK ((cod_cv IS NOT NULL))
fedbtm.tbsw1007|sys_c00212791|CHECK ((cod_ele_adic IS NOT NULL))
fedbtm.tbsw1007|sys_c00212780|CHECK ((cod_modo_entr_pos IS NOT NULL))
fedbtm.tbsw1007|sys_c00212790|CHECK ((cod_moed IS NOT NULL))
fedbtm.tbsw1007|sys_c00212795|CHECK ((cod_mot_rd_ext IS NOT NULL))
fedbtm.tbsw1007|sys_c00212789|CHECK ((cod_ram_atvd_mtc IS NOT NULL))
fedbtm.tbsw1007|sys_c00212786|CHECK ((cod_term IS NOT NULL))
fedbtm.tbsw1007|sys_c00212778|CHECK ((dat_mov_tran IS NOT NULL))
fedbtm.tbsw1007|sys_c00212777|CHECK ((dat_pcm_ajst_tran IS NOT NULL))
fedbtm.tbsw1007|sys_c00212796|CHECK ((dat_sttu_tran IS NOT NULL))
fedbtm.tbsw1007|sys_c00212794|CHECK ((des_cpl_mot_rd_ext IS NOT NULL))
fedbtm.tbsw1007|sys_c00212799|CHECK ((hor_ajst_tran IS NOT NULL))
fedbtm.tbsw1007|sys_c00212800|CHECK ((hor_ini_tran IS NOT NULL))
fedbtm.tbsw1007|sys_c00212798|CHECK ((ind_sttu_tran IS NOT NULL))
fedbtm.tbsw1007|sys_c00212793|CHECK ((ind_tip_ajst IS NOT NULL))
fedbtm.tbsw1007|sys_c00212788|CHECK ((nom_locl_estb IS NOT NULL))
fedbtm.tbsw1007|sys_c00212783|CHECK ((num_car IS NOT NULL))
fedbtm.tbsw1007|sys_c00212792|CHECK ((num_estb IS NOT NULL))
fedbtm.tbsw1007|sys_c00212779|CHECK ((num_seq_unc IS NOT NULL))
fedbtm.tbsw1007|sys_c00212785|CHECK ((val_lqdc IS NOT NULL))
fedbtm.tbsw1007|sys_c00212787|CHECK ((val_risc IS NOT NULL))
fedbtm.tbsw1007|sys_c00212797|CHECK ((val_sldo_parc IS NOT NULL))
fedbtm.tbsw1007|sys_c00212784|CHECK ((val_tran IS NOT NULL))
fedbtm.tbsw1008|sys_c00213769|CHECK ((cod_aut_mtc IS NOT NULL))
fedbtm.tbsw1008|sys_c00213772|CHECK ((cod_cli IS NOT NULL))
fedbtm.tbsw1008|sys_c00213757|CHECK ((cod_cv IS NOT NULL))
fedbtm.tbsw1008|sys_c00213771|CHECK ((cod_ele_adic IS NOT NULL))
fedbtm.tbsw1008|sys_c00213744|CHECK ((cod_modo_entr_pos IS NOT NULL))
fedbtm.tbsw1008|sys_c00213746|CHECK ((cod_moed IS NOT NULL))
fedbtm.tbsw1008|sys_c00213761|CHECK ((cod_mot_ngtv_rd_ext IS NOT NULL))
fedbtm.tbsw1008|sys_c00213760|CHECK ((cod_ram_atvd_mtc IS NOT NULL))
fedbtm.tbsw1008|sys_c00213767|CHECK ((cod_ref_emsr IS NOT NULL))
fedbtm.tbsw1008|sys_c00213753|CHECK ((cod_term IS NOT NULL))
fedbtm.tbsw1008|sys_c00213755|CHECK ((cod_trk_car IS NOT NULL))
fedbtm.tbsw1008|sys_c00213762|CHECK ((dat_lqdc_eftv IS NOT NULL))
fedbtm.tbsw1008|sys_c00213745|CHECK ((dat_mov_tran IS NOT NULL))
fedbtm.tbsw1008|sys_c00213752|CHECK ((dat_prdt IS NOT NULL))
fedbtm.tbsw1008|sys_c00213770|CHECK ((dat_sttu_tran IS NOT NULL))
fedbtm.tbsw1008|sys_c00213758|CHECK ((des_cpl_mot_rd_ext IS NOT NULL))
fedbtm.tbsw1008|sys_c00213749|CHECK ((hor_ini_tran IS NOT NULL))
fedbtm.tbsw1008|sys_c00213748|CHECK ((hor_lqdc_tran IS NOT NULL))
fedbtm.tbsw1008|sys_c00213766|CHECK ((ind_dstr IS NOT NULL))
fedbtm.tbsw1008|sys_c00213765|CHECK ((ind_prrd_tran IS NOT NULL))
fedbtm.tbsw1008|sys_c00213768|CHECK ((ind_sttu_tran IS NOT NULL))
fedbtm.tbsw1008|sys_c00213763|CHECK ((nom_locl_estb IS NOT NULL))
fedbtm.tbsw1008|sys_c00213754|CHECK ((num_car IS NOT NULL))
fedbtm.tbsw1008|sys_c00213759|CHECK ((num_estb IS NOT NULL))
fedbtm.tbsw1008|sys_c00213747|CHECK ((num_seq_unc IS NOT NULL))
fedbtm.tbsw1008|sys_c00213764|CHECK ((tip_lqdc IS NOT NULL))
fedbtm.tbsw1008|sys_c00213750|CHECK ((val_lqdc IS NOT NULL))
fedbtm.tbsw1008|sys_c00213751|CHECK ((val_risc IS NOT NULL))
fedbtm.tbsw1008|sys_c00213756|CHECK ((val_tran IS NOT NULL))
fedbtm.tbsw1009|sys_c00214258|CHECK ((dat_ult_trca_chav IS NOT NULL))
fedbtm.tbsw1009|sys_c00214259|CHECK ((hor_ult_trca_chav IS NOT NULL))
fedbtm.tbsw1009|sys_c00214257|CHECK ((num_id_trca_chav_msto IS NOT NULL))
fedbtm.tbsw1012|sys_c00214235|CHECK ((dat_crte_msto IS NOT NULL))
fedbtm.tbsw1012|sys_c00214237|CHECK ((hor_crte_msto IS NOT NULL))
fedbtm.tbsw1012|sys_c00214236|CHECK ((ind_pais_crte IS NOT NULL))
fedbtm.tbsw1004|sys_c00212325|CHECK ((cod_rsps_tran IS NOT NULL))
fedbtm.tbsw1004|sys_c00212324|CHECK ((cod_tip_msg IS NOT NULL))
fedbtm.tbsw1004|sys_c00212318|CHECK ((dat_lqdc_eftv IS NOT NULL))
fedbtm.tbsw1004|sys_c00212320|CHECK ((dat_mov_tran IS NOT NULL))
fedbtm.tbsw1004|sys_c00212319|CHECK ((dat_sttu_tran IS NOT NULL))
fedbtm.tbsw1004|sys_c00212321|CHECK ((hor_ult_trca_chav IS NOT NULL))
fedbtm.tbsw1004|sys_c00212323|CHECK ((ind_sttu_tran IS NOT NULL))
fedbtm.tbsw1004|sys_c00212317|CHECK ((num_hist_tran_lqdc IS NOT NULL))
fedbtm.tbsw1004|sys_c00212322|CHECK ((num_seq_unc IS NOT NULL))
