table_from|conname|pg_get_constraintdef|KEY
fegen.tbsw0008|sys_c00212628_1|CHECK ((cod_bin_infr IS NOT NULL))|COD_BIN_INFR IS NOT NULL
fegen.tbsw0008|sys_c00212629_1|CHECK ((cod_bin_supr IS NOT NULL))|COD_BIN_SUPR IS NOT NULL
fegen.tbsw0008|sys_c00212630_1|CHECK ((cod_id_mmbr IS NOT NULL))|COD_ID_MMBR IS NOT NULL
fegen.tbsw0008|sys_c00212632_1|CHECK ((cod_pais IS NOT NULL))|COD_PAIS IS NOT NULL
fegen.tbsw0008|sys_c00212633_1|CHECK ((cod_prod IS NOT NULL))|COD_PROD IS NOT NULL
fegen.tbsw0008|sys_c00212631_1|CHECK ((cod_rgao IS NOT NULL))|COD_RGAO IS NOT NULL
fegen.tbsw0008|sys_c00212635_1|CHECK ((cod_sttu_reg IS NOT NULL))|COD_STTU_REG IS NOT NULL
fegen.tbsw0008|sys_c00212634_1|CHECK ((dat_incl_reg IS NOT NULL))|DAT_INCL_REG IS NOT NULL
fegen.tbsw0008|cc01sw0008_1|CHECK ((ind_bin_tkn = ANY (ARRAY['S'::bpchar, 'N'::bpchar])))|IND_BIN_TKN IN ('S','N')
fegen.tbsw0008|cc02sw0008_1|CHECK (((ind_rota_bin IS NULL) OR (ind_rota_bin = ANY (ARRAY['Y'::bpchar, 'N'::bpchar]))))|IND_ROTA_BIN IS NULL OR (IND_ROTA_BIN IN ('Y','N'))
fegen.tbsw0008|sys_c00212636_1|CHECK ((tip_bin IS NOT NULL))|TIP_BIN IS NOT NULL
fegen.tbsw0131|sys_c00212638|CHECK ((dat_mov_tran IS NOT NULL))|DAT_MOV_TRAN IS NOT NULL
fegen.tbsw0131|sys_c00212637|CHECK ((num_seq_unc_ccr IS NOT NULL))|NUM_SEQ_UNC_CCR IS NOT NULL
fegen.tbsw0131|cc01sw0131|CHECK ((txt_adic_snha = ANY (ARRAY['S'::bpchar, 'P'::bpchar])))|TXT_ADIC_SNHA IN ('S','P')
fegen.tbsw0264|sys_c00213677|CHECK ((cod_emp IS NOT NULL))|COD_EMP IS NOT NULL
fegen.tbsw0264|sys_c00213679|CHECK ((cod_ram_atvd_emp IS NOT NULL))|COD_RAM_ATVD_EMP IS NOT NULL
fegen.tbsw0264|sys_c00213678|CHECK ((cod_ram_atvd IS NOT NULL))|COD_RAM_ATVD IS NOT NULL
fegen.tbsw0264|sys_c00213680|CHECK ((ind_pre_aut IS NOT NULL))|IND_PRE_AUT IS NOT NULL
fegen.tbsw0265|sys_c00212164|CHECK ((cod_bndr IS NOT NULL))|COD_BNDR IS NOT NULL
fegen.tbsw0265|sys_c00212163|CHECK ((num_bin_fim IS NOT NULL))|NUM_BIN_FIM IS NOT NULL
fegen.tbsw0265|sys_c00212162|CHECK ((num_bin_ini IS NOT NULL))|NUM_BIN_INI IS NOT NULL
fegen.tbsw0265|sys_c00212165|CHECK ((tip_tran IS NOT NULL))|TIP_TRAN IS NOT NULL
fegen.tbsw2001|sys_c00214145|CHECK ((cod_bin_issr IS NOT NULL))|COD_BIN_ISSR IS NOT NULL
fegen.tbsw2001|sys_c00214150|CHECK ((cod_bin_prcs IS NOT NULL))|COD_BIN_PRCS IS NOT NULL
fegen.tbsw2001|sys_c00214143|CHECK ((cod_chav_infr IS NOT NULL))|COD_CHAV_INFR IS NOT NULL
fegen.tbsw2001|sys_c00214141|CHECK ((cod_chav_supr IS NOT NULL))|COD_CHAV_SUPR IS NOT NULL
fegen.tbsw2001|sys_c00214151|CHECK ((cod_dom_car IS NOT NULL))|COD_DOM_CAR IS NOT NULL
fegen.tbsw2001|sys_c00214170|CHECK ((cod_id_mmbr_visa IS NOT NULL))|COD_ID_MMBR_VISA IS NOT NULL
fegen.tbsw2001|sys_c00214157|CHECK ((cod_pais_car IS NOT NULL))|COD_PAIS_CAR IS NOT NULL
fegen.tbsw2001|sys_c00214153|CHECK ((cod_pais_emsr IS NOT NULL))|COD_PAIS_EMSR IS NOT NULL
fegen.tbsw2001|sys_c00214166|CHECK ((cod_prod IS NOT NULL))|COD_PROD IS NOT NULL
fegen.tbsw2001|sys_c00214156|CHECK ((cod_rgao_car IS NOT NULL))|COD_RGAO_CAR IS NOT NULL
fegen.tbsw2001|sys_c00214152|CHECK ((cod_rgao_emsr IS NOT NULL))|COD_RGAO_EMSR IS NOT NULL
fegen.tbsw2001|sys_c00214171|CHECK ((dat_incl_reg_visa IS NOT NULL))|DAT_INCL_REG_VISA IS NOT NULL
fegen.tbsw2001|sys_c00214168|CHECK ((ind_amb IS NOT NULL))|IND_AMB IS NOT NULL
fegen.tbsw2001|cc01sw2001|CHECK ((ind_bin_tkn = ANY (ARRAY['S'::bpchar, 'N'::bpchar])))|IND_BIN_TKN IN ('S','N')
fegen.tbsw2001|sys_c00214158|CHECK ((ind_da_nvl_2 IS NOT NULL))|IND_DA_NVL_2 IS NOT NULL
fegen.tbsw2001|sys_c00214159|CHECK ((ind_da_nvl_3 IS NOT NULL))|IND_DA_NVL_3 IS NOT NULL
fegen.tbsw2001|sys_c00214163|CHECK ((ind_extn_tip_prod IS NOT NULL))|IND_EXTN_TIP_PROD IS NOT NULL
fegen.tbsw2001|sys_c00214165|CHECK ((ind_jog_onln IS NOT NULL))|IND_JOG_ONLN IS NOT NULL
fegen.tbsw2001|sys_c00214160|CHECK ((ind_msg_car_cmc IS NOT NULL))|IND_MSG_CAR_CMC IS NOT NULL
fegen.tbsw2001|sys_c00214154|CHECK ((ind_serv_car_cmc IS NOT NULL))|IND_SERV_CAR_CMC IS NOT NULL
fegen.tbsw2001|sys_c00214155|CHECK ((ind_tcnl IS NOT NULL))|IND_TCNL IS NOT NULL
fegen.tbsw2001|sys_c00214164|CHECK ((ind_trsf_mntr IS NOT NULL))|IND_TRSF_MNTR IS NOT NULL
fegen.tbsw2001|sys_c00214161|CHECK ((ind_tx_val_agrd IS NOT NULL))|IND_TX_VAL_AGRD IS NOT NULL
fegen.tbsw2001|sys_c00214162|CHECK ((ind_val_orgl IS NOT NULL))|IND_VAL_ORGL IS NOT NULL
fegen.tbsw2001|sys_c00214147|CHECK ((tam_rng_cta IS NOT NULL))|TAM_RNG_CTA IS NOT NULL
fegen.tbsw2001|sys_c00214142|CHECK ((tip_bin IS NOT NULL))|TIP_BIN IS NOT NULL
fegen.tbsw2001|sys_c00214148|CHECK ((tip_car IS NOT NULL))|TIP_CAR IS NOT NULL
fegen.tbsw2001|sys_c00214172|CHECK ((tip_car_mltp IS NOT NULL))|TIP_CAR_MLTP IS NOT NULL
fegen.tbsw2001|sys_c00214146|CHECK ((tip_chck_dig_vrfc IS NOT NULL))|TIP_CHCK_DIG_VRFC IS NOT NULL
fegen.tbsw2001|sys_c00214144|CHECK ((tip_issr IS NOT NULL))|TIP_ISSR IS NOT NULL
fegen.tbsw2001|sys_c00214167|CHECK ((tip_uso_int_1 IS NOT NULL))|TIP_USO_INT_1 IS NOT NULL
fegen.tbsw2001|sys_c00214169|CHECK ((tip_uso_int_2 IS NOT NULL))|TIP_USO_INT_2 IS NOT NULL
fegen.tbsw2001|sys_c00214149|CHECK ((tip_uso IS NOT NULL))|TIP_USO IS NOT NULL
fegen.tbsw2002|sys_c00212168|CHECK ((cod_opid_ult_atlz IS NOT NULL))|COD_OPID_ULT_ATLZ IS NOT NULL
fegen.tbsw2002|sys_c00212167|CHECK ((des_tip_tran IS NOT NULL))|DES_TIP_TRAN IS NOT NULL
fegen.tbsw2002|sys_c00212169|CHECK ((dth_ult_atlz IS NOT NULL))|DTH_ULT_ATLZ IS NOT NULL
fegen.tbsw2002|sys_c00212166|CHECK ((tip_tran IS NOT NULL))|TIP_TRAN IS NOT NULL
fegen.tbsw2003|sys_c00214822_1|CHECK ((cod_bndr IS NOT NULL))|COD_BNDR IS NOT NULL
fegen.tbsw2003|sys_c00214830_1|CHECK ((cod_est IS NOT NULL))|COD_EST IS NOT NULL
fegen.tbsw2003|sys_c00214826_1|CHECK ((cod_pais IS NOT NULL))|COD_PAIS IS NOT NULL
fegen.tbsw2003|sys_c00214827_1|CHECK ((cod_rgao IS NOT NULL))|COD_RGAO IS NOT NULL
fegen.tbsw2003|sys_c00214828_1|CHECK ((dat_eftv IS NOT NULL))|DAT_EFTV IS NOT NULL
fegen.tbsw2003|sys_c00214821_1|CHECK ((num_bin IS NOT NULL))|NUM_BIN IS NOT NULL
fegen.tbsw2003|sys_c00214831_1|CHECK ((num_mmbr_id IS NOT NULL))|NUM_MMBR_ID IS NOT NULL
fegen.tbsw2003|sys_c00214832_1|CHECK ((qtd_mxo_prcl IS NOT NULL))|QTD_MXO_PRCL IS NOT NULL
fegen.tbsw2003|sys_c00214824_1|CHECK ((tam_bin IS NOT NULL))|TAM_BIN IS NOT NULL
fegen.tbsw2003|sys_c00214825_1|CHECK ((tam_pan IS NOT NULL))|TAM_PAN IS NOT NULL
fegen.tbsw2003|sys_c00214823_1|CHECK ((tip_bin IS NOT NULL))|TIP_BIN IS NOT NULL
fegen.tbsw2003|sys_c00214829_1|CHECK ((tip_eftv IS NOT NULL))|TIP_EFTV IS NOT NULL
fegen.tbsw2005|sys_c00214550_1|CHECK ((cod_scrp_cmdr IS NOT NULL))|COD_SCRP_CMDR IS NOT NULL
fegen.tbsw2005|sys_c00214551_1|CHECK ((des_scrp_cmdr IS NOT NULL))|DES_SCRP_CMDR IS NOT NULL
fegen.tbsw2005|sys_c00214552_1|CHECK ((dth_ult_atlz IS NOT NULL))|DTH_ULT_ATLZ IS NOT NULL
fegen.tbsw2006|sys_c00213313_1|CHECK ((des_pr_btc IS NOT NULL))|DES_PR_BTC IS NOT NULL
fegen.tbsw2006|sys_c00213314_1|CHECK ((dth_ult_atlz IS NOT NULL))|DTH_ULT_ATLZ IS NOT NULL
fegen.tbsw2006|sys_c00213312_1|CHECK ((nom_pr_btc IS NOT NULL))|NOM_PR_BTC IS NOT NULL
fegen.tbsw2006|sys_c00213311_1|CHECK ((num_pr_btc IS NOT NULL))|NUM_PR_BTC IS NOT NULL
fegen.tbsw2007|sys_c00214818_1|CHECK ((cod_ret_exec IS NOT NULL))|COD_RET_EXEC IS NOT NULL
fegen.tbsw2007|sys_c00214819_1|CHECK ((des_cod_ret_exec IS NOT NULL))|DES_COD_RET_EXEC IS NOT NULL
fegen.tbsw2007|sys_c00214820_1|CHECK ((dth_ult_atlz IS NOT NULL))|DTH_ULT_ATLZ IS NOT NULL
fegen.tbsw2008|sys_c00214139_1|CHECK ((nom_arq_pcd IS NOT NULL))|NOM_ARQ_PCD IS NOT NULL
fegen.tbsw2008|sys_c00214138_1|CHECK ((num_arq_pcd IS NOT NULL))|NUM_ARQ_PCD IS NOT NULL
fegen.tbsw2008|cc01sw2008_1|CHECK ((tip_ope_arq_pcd = ANY (ARRAY['I'::bpchar, 'E'::bpchar])))|TIP_OPE_ARQ_PCD IN ('I','E')
fegen.tbsw2008|sys_c00214140_1|CHECK ((tip_ope_arq_pcd IS NOT NULL))|TIP_OPE_ARQ_PCD IS NOT NULL
fegen.tbsw2011|sys_c00213310_1|CHECK ((cod_bndr IS NOT NULL))|COD_BNDR IS NOT NULL
fegen.tbsw2011|sys_c00213309_1|CHECK ((cod_issr_sw IS NOT NULL))|COD_ISSR_SW IS NOT NULL
fegen.tbsw2014|sys_c00214128_1|CHECK ((cod_pais IS NOT NULL))|COD_PAIS IS NOT NULL
fegen.tbsw2014|sys_c00214127_1|CHECK ((cod_prfx_msto IS NOT NULL))|COD_PRFX_MSTO IS NOT NULL
fegen.tbsw2014|sys_c00214133_1|CHECK ((dat_incl_reg IS NOT NULL))|DAT_INCL_REG IS NOT NULL
fegen.tbsw2014|cc05sw2014_1|CHECK (((ind_bin_tkn IS NULL) OR (ind_bin_tkn = ANY (ARRAY['S'::bpchar, 'N'::bpchar]))))|IND_BIN_TKN IS NULL OR (IND_BIN_TKN IN ('S','N'))
fegen.tbsw2014|cc06sw2014_1|CHECK (((ind_cash_back IS NULL) OR (ind_cash_back = ANY (ARRAY[(0)::numeric, (1)::numeric, (2)::numeric]))))|IND_CASH_BACK IS NULL OR (IND_CASH_BACK IN (0,1,2))
fegen.tbsw2014|cc02sw2014_1|CHECK ((ind_cdc = ANY (ARRAY[(0)::numeric, (1)::numeric])))|IND_CDC IN (0,1)
fegen.tbsw2014|sys_c00214130_1|CHECK ((ind_cdc IS NOT NULL))|IND_CDC IS NOT NULL
fegen.tbsw2014|cc04sw2014_1|CHECK ((ind_cnfr_pstv = ANY (ARRAY[(0)::numeric, (1)::numeric])))|IND_CNFR_PSTV IN (0,1)
fegen.tbsw2014|sys_c00214132_1|CHECK ((ind_cnfr_pstv IS NOT NULL))|IND_CNFR_PSTV IS NOT NULL
fegen.tbsw2014|cc07sw2014_1|CHECK ((ind_deb_mtc = ANY (ARRAY[(0)::numeric, (1)::numeric])))|IND_DEB_MTC IN (0,1)
fegen.tbsw2014|sys_c00226872_1|CHECK ((ind_deb_mtc IS NOT NULL))|IND_DEB_MTC IS NOT NULL
fegen.tbsw2014|cc01sw2014_1|CHECK ((ind_msto = ANY (ARRAY[(0)::numeric, (1)::numeric])))|IND_MSTO IN (0,1)
fegen.tbsw2014|sys_c00214129_1|CHECK ((ind_msto IS NOT NULL))|IND_MSTO IS NOT NULL
fegen.tbsw2014|cc03sw2014_1|CHECK ((ind_vd_prdt = ANY (ARRAY[(0)::numeric, (1)::numeric])))|IND_VD_PRDT IN (0,1)
fegen.tbsw2014|sys_c00214131_1|CHECK ((ind_vd_prdt IS NOT NULL))|IND_VD_PRDT IS NOT NULL
fegen.tbsw2020|sys_c00214545_1|CHECK ((dat_reset IS NOT NULL))|DAT_RESET IS NOT NULL
fegen.tbsw2020|sys_c00214544_1|CHECK ((sgl_site IS NOT NULL))|SGL_SITE IS NOT NULL
fegen.tbsw2004|cc01sw2004_1|CHECK ((cod_sttu_exec = ANY (ARRAY[(0)::numeric, (1)::numeric, (2)::numeric])))|COD_STTU_EXEC IN (0,1,2)
fegen.tbsw2004|sys_c00214556_1|CHECK ((cod_sttu_exec IS NOT NULL))|COD_STTU_EXEC IS NOT NULL
fegen.tbsw2004|sys_c00214555_1|CHECK ((dth_ini_exec IS NOT NULL))|DTH_INI_EXEC IS NOT NULL
fegen.tbsw2004|sys_c00214553_1|CHECK ((nom_host_exec IS NOT NULL))|NOM_HOST_EXEC IS NOT NULL
fegen.tbsw2004|sys_c00214554_1|CHECK ((num_pr_sis_oprc IS NOT NULL))|NUM_PR_SIS_OPRC IS NOT NULL
fegen.tbsw2010|sys_c00214547_1|CHECK ((cod_issr_sw IS NOT NULL))|COD_ISSR_SW IS NOT NULL
fegen.tbsw2010|sys_c00214546_1|CHECK ((cod_rota IS NOT NULL))|COD_ROTA IS NOT NULL
fegen.tbsw2010|sys_c00214548_1|CHECK ((nom_fe_acqr IS NOT NULL))|NOM_FE_ACQR IS NOT NULL
fegen.tbsw2010|sys_c00214549_1|CHECK ((nom_host_acqr IS NOT NULL))|NOM_HOST_ACQR IS NOT NULL
fegen.tbsw2013|sys_c00214135_1|CHECK ((cod_issr_sw IS NOT NULL))|COD_ISSR_SW IS NOT NULL
fegen.tbsw2013|sys_c00214134_1|CHECK ((cod_rota_prvt_lbel IS NOT NULL))|COD_ROTA_PRVT_LBEL IS NOT NULL
fegen.tbsw2013|sys_c00214136_1|CHECK ((nom_fe_acqr IS NOT NULL))|NOM_FE_ACQR IS NOT NULL
fegen.tbsw2013|sys_c00214137_1|CHECK ((nom_host_acqr IS NOT NULL))|NOM_HOST_ACQR IS NOT NULL
fedbtm.tbsw1002|sys_c00213776|CHECK ((cod_pais_msto IS NOT NULL))|COD_PAIS_MSTO IS NOT NULL
fedbtm.tbsw1002|sys_c00213775|CHECK ((cod_prfx_msto IS NOT NULL))|COD_PRFX_MSTO IS NOT NULL
fedbtm.tbsw1002|sys_c00213774|CHECK ((dat_incl_reg_msto IS NOT NULL))|DAT_INCL_REG_MSTO IS NOT NULL
fedbtm.tbsw1002|cc03tbsw1002|CHECK ((ind_cdc = ANY (ARRAY[(0)::numeric, (1)::numeric])))|IND_CDC IN (0,1)
fedbtm.tbsw1002|sys_c00213779|CHECK ((ind_cdc IS NOT NULL))|IND_CDC IS NOT NULL
fedbtm.tbsw1002|cc01tbsw1002_672613250|CHECK ((ind_cnfr_pstv = ANY (ARRAY[(0)::numeric, (1)::numeric])))|IND_CNFR_PSTV IN (0,1)
fedbtm.tbsw1002|sys_c00213777|CHECK ((ind_cnfr_pstv IS NOT NULL))|IND_CNFR_PSTV IS NOT NULL
fedbtm.tbsw1002|cc05tbsw1002_624311319|CHECK ((ind_cshb = ANY (ARRAY[(0)::numeric, (1)::numeric])))|IND_CSHB IN (0,1)
fedbtm.tbsw1002|sys_c00213781|CHECK ((ind_cshb IS NOT NULL))|IND_CSHB IS NOT NULL
fedbtm.tbsw1002|cc02tbsw1002_456536077|CHECK ((ind_msto = ANY (ARRAY[(0)::numeric, (1)::numeric])))|IND_MSTO IN (0,1)
fedbtm.tbsw1002|sys_c00213778|CHECK ((ind_msto IS NOT NULL))|IND_MSTO IS NOT NULL
fedbtm.tbsw1002|sys_c00213782|CHECK ((ind_parcele_mais IS NOT NULL))|IND_PARCELE_MAIS IS NOT NULL
fedbtm.tbsw1002|cc04tbsw1002_708795233|CHECK ((ind_pre_datado = ANY (ARRAY[(0)::numeric, (1)::numeric])))|IND_PRE_DATADO IN (0,1)
fedbtm.tbsw1002|sys_c00213780|CHECK ((ind_pre_datado IS NOT NULL))|IND_PRE_DATADO IS NOT NULL
fedbtm.tbsw1002|sys_c00213773|CHECK ((num_id_bin_deb IS NOT NULL))|NUM_ID_BIN_DEB IS NOT NULL
fedbtm.tbsw1005|sys_c00214250|CHECK ((cod_emsr IS NOT NULL))|COD_EMSR IS NOT NULL
fedbtm.tbsw1005|sys_c00214244|CHECK ((cod_pcm IS NOT NULL))|COD_PCM IS NOT NULL
fedbtm.tbsw1005|sys_c00214253|CHECK ((cod_sttu_envo IS NOT NULL))|COD_STTU_ENVO IS NOT NULL
fedbtm.tbsw1005|sys_c00214247|CHECK ((cod_term IS NOT NULL))|COD_TERM IS NOT NULL
fedbtm.tbsw1005|sys_c00214251|CHECK ((cod_trk_car IS NOT NULL))|COD_TRK_CAR IS NOT NULL
fedbtm.tbsw1005|sys_c00214245|CHECK ((dat_ctb_rd IS NOT NULL))|DAT_CTB_RD IS NOT NULL
fedbtm.tbsw1005|sys_c00214239|CHECK ((dat_mov_tran IS NOT NULL))|DAT_MOV_TRAN IS NOT NULL
fedbtm.tbsw1005|sys_c00214249|CHECK ((des_cpl_mot_rd_ext IS NOT NULL))|DES_CPL_MOT_RD_EXT IS NOT NULL
fedbtm.tbsw1005|sys_c00214242|CHECK ((hor_ini_tran IS NOT NULL))|HOR_INI_TRAN IS NOT NULL
fedbtm.tbsw1005|sys_c00214243|CHECK ((ind_acao IS NOT NULL))|IND_ACAO IS NOT NULL
fedbtm.tbsw1005|sys_c00214246|CHECK ((num_aut_emsr IS NOT NULL))|NUM_AUT_EMSR IS NOT NULL
fedbtm.tbsw1005|sys_c00214240|CHECK ((num_car IS NOT NULL))|NUM_CAR IS NOT NULL
fedbtm.tbsw1005|sys_c00214248|CHECK ((num_estb IS NOT NULL))|NUM_ESTB IS NOT NULL
fedbtm.tbsw1005|sys_c00214238|CHECK ((num_seq_unc IS NOT NULL))|NUM_SEQ_UNC IS NOT NULL
fedbtm.tbsw1005|sys_c00214252|CHECK ((tip_tran IS NOT NULL))|TIP_TRAN IS NOT NULL
fedbtm.tbsw1005|sys_c00214241|CHECK ((val_tran IS NOT NULL))|VAL_TRAN IS NOT NULL
fedbtm.tbsw1007|sys_c00212782|CHECK ((cod_aut_mtc IS NOT NULL))|COD_AUT_MTC IS NOT NULL
fedbtm.tbsw1007|sys_c00212781|CHECK ((cod_cv IS NOT NULL))|COD_CV IS NOT NULL
fedbtm.tbsw1007|sys_c00212791|CHECK ((cod_ele_adic IS NOT NULL))|COD_ELE_ADIC IS NOT NULL
fedbtm.tbsw1007|sys_c00212780|CHECK ((cod_modo_entr_pos IS NOT NULL))|COD_MODO_ENTR_POS IS NOT NULL
fedbtm.tbsw1007|sys_c00212790|CHECK ((cod_moed IS NOT NULL))|COD_MOED IS NOT NULL
fedbtm.tbsw1007|sys_c00212795|CHECK ((cod_mot_rd_ext IS NOT NULL))|COD_MOT_RD_EXT IS NOT NULL
fedbtm.tbsw1007|sys_c00212789|CHECK ((cod_ram_atvd_mtc IS NOT NULL))|COD_RAM_ATVD_MTC IS NOT NULL
fedbtm.tbsw1007|sys_c00212786|CHECK ((cod_term IS NOT NULL))|COD_TERM IS NOT NULL
fedbtm.tbsw1007|sys_c00212778|CHECK ((dat_mov_tran IS NOT NULL))|DAT_MOV_TRAN IS NOT NULL
fedbtm.tbsw1007|sys_c00212777|CHECK ((dat_pcm_ajst_tran IS NOT NULL))|DAT_PCM_AJST_TRAN IS NOT NULL
fedbtm.tbsw1007|sys_c00212796|CHECK ((dat_sttu_tran IS NOT NULL))|DAT_STTU_TRAN IS NOT NULL
fedbtm.tbsw1007|sys_c00212794|CHECK ((des_cpl_mot_rd_ext IS NOT NULL))|DES_CPL_MOT_RD_EXT IS NOT NULL
fedbtm.tbsw1007|sys_c00212799|CHECK ((hor_ajst_tran IS NOT NULL))|HOR_AJST_TRAN IS NOT NULL
fedbtm.tbsw1007|sys_c00212800|CHECK ((hor_ini_tran IS NOT NULL))|HOR_INI_TRAN IS NOT NULL
fedbtm.tbsw1007|sys_c00212798|CHECK ((ind_sttu_tran IS NOT NULL))|IND_STTU_TRAN IS NOT NULL
fedbtm.tbsw1007|sys_c00212793|CHECK ((ind_tip_ajst IS NOT NULL))|IND_TIP_AJST IS NOT NULL
fedbtm.tbsw1007|sys_c00212788|CHECK ((nom_locl_estb IS NOT NULL))|NOM_LOCL_ESTB IS NOT NULL
fedbtm.tbsw1007|sys_c00212783|CHECK ((num_car IS NOT NULL))|NUM_CAR IS NOT NULL
fedbtm.tbsw1007|sys_c00212792|CHECK ((num_estb IS NOT NULL))|NUM_ESTB IS NOT NULL
fedbtm.tbsw1007|sys_c00212779|CHECK ((num_seq_unc IS NOT NULL))|NUM_SEQ_UNC IS NOT NULL
fedbtm.tbsw1007|sys_c00212785|CHECK ((val_lqdc IS NOT NULL))|VAL_LQDC IS NOT NULL
fedbtm.tbsw1007|sys_c00212787|CHECK ((val_risc IS NOT NULL))|VAL_RISC IS NOT NULL
fedbtm.tbsw1007|sys_c00212797|CHECK ((val_sldo_parc IS NOT NULL))|VAL_SLDO_PARC IS NOT NULL
fedbtm.tbsw1007|sys_c00212784|CHECK ((val_tran IS NOT NULL))|VAL_TRAN IS NOT NULL
fedbtm.tbsw1008|sys_c00213769|CHECK ((cod_aut_mtc IS NOT NULL))|COD_AUT_MTC IS NOT NULL
fedbtm.tbsw1008|sys_c00213772|CHECK ((cod_cli IS NOT NULL))|COD_CLI IS NOT NULL
fedbtm.tbsw1008|sys_c00213757|CHECK ((cod_cv IS NOT NULL))|COD_CV IS NOT NULL
fedbtm.tbsw1008|sys_c00213771|CHECK ((cod_ele_adic IS NOT NULL))|COD_ELE_ADIC IS NOT NULL
fedbtm.tbsw1008|sys_c00213744|CHECK ((cod_modo_entr_pos IS NOT NULL))|COD_MODO_ENTR_POS IS NOT NULL
fedbtm.tbsw1008|sys_c00213746|CHECK ((cod_moed IS NOT NULL))|COD_MOED IS NOT NULL
fedbtm.tbsw1008|sys_c00213761|CHECK ((cod_mot_ngtv_rd_ext IS NOT NULL))|COD_MOT_NGTV_RD_EXT IS NOT NULL
fedbtm.tbsw1008|sys_c00213760|CHECK ((cod_ram_atvd_mtc IS NOT NULL))|COD_RAM_ATVD_MTC IS NOT NULL
fedbtm.tbsw1008|sys_c00213767|CHECK ((cod_ref_emsr IS NOT NULL))|COD_REF_EMSR IS NOT NULL
fedbtm.tbsw1008|sys_c00213753|CHECK ((cod_term IS NOT NULL))|COD_TERM IS NOT NULL
fedbtm.tbsw1008|sys_c00213755|CHECK ((cod_trk_car IS NOT NULL))|COD_TRK_CAR IS NOT NULL
fedbtm.tbsw1008|sys_c00213762|CHECK ((dat_lqdc_eftv IS NOT NULL))|DAT_LQDC_EFTV IS NOT NULL
fedbtm.tbsw1008|sys_c00213745|CHECK ((dat_mov_tran IS NOT NULL))|DAT_MOV_TRAN IS NOT NULL
fedbtm.tbsw1008|sys_c00213752|CHECK ((dat_prdt IS NOT NULL))|DAT_PRDT IS NOT NULL
fedbtm.tbsw1008|sys_c00213770|CHECK ((dat_sttu_tran IS NOT NULL))|DAT_STTU_TRAN IS NOT NULL
fedbtm.tbsw1008|sys_c00213758|CHECK ((des_cpl_mot_rd_ext IS NOT NULL))|DES_CPL_MOT_RD_EXT IS NOT NULL
fedbtm.tbsw1008|sys_c00213749|CHECK ((hor_ini_tran IS NOT NULL))|HOR_INI_TRAN IS NOT NULL
fedbtm.tbsw1008|sys_c00213748|CHECK ((hor_lqdc_tran IS NOT NULL))|HOR_LQDC_TRAN IS NOT NULL
fedbtm.tbsw1008|sys_c00213766|CHECK ((ind_dstr IS NOT NULL))|IND_DSTR IS NOT NULL
fedbtm.tbsw1008|sys_c00213765|CHECK ((ind_prrd_tran IS NOT NULL))|IND_PRRD_TRAN IS NOT NULL
fedbtm.tbsw1008|sys_c00213768|CHECK ((ind_sttu_tran IS NOT NULL))|IND_STTU_TRAN IS NOT NULL
fedbtm.tbsw1008|sys_c00213763|CHECK ((nom_locl_estb IS NOT NULL))|NOM_LOCL_ESTB IS NOT NULL
fedbtm.tbsw1008|sys_c00213754|CHECK ((num_car IS NOT NULL))|NUM_CAR IS NOT NULL
fedbtm.tbsw1008|sys_c00213759|CHECK ((num_estb IS NOT NULL))|NUM_ESTB IS NOT NULL
fedbtm.tbsw1008|sys_c00213747|CHECK ((num_seq_unc IS NOT NULL))|NUM_SEQ_UNC IS NOT NULL
fedbtm.tbsw1008|sys_c00213764|CHECK ((tip_lqdc IS NOT NULL))|TIP_LQDC IS NOT NULL
fedbtm.tbsw1008|sys_c00213750|CHECK ((val_lqdc IS NOT NULL))|VAL_LQDC IS NOT NULL
fedbtm.tbsw1008|sys_c00213751|CHECK ((val_risc IS NOT NULL))|VAL_RISC IS NOT NULL
fedbtm.tbsw1008|sys_c00213756|CHECK ((val_tran IS NOT NULL))|VAL_TRAN IS NOT NULL
fedbtm.tbsw1009|sys_c00214258|CHECK ((dat_ult_trca_chav IS NOT NULL))|DAT_ULT_TRCA_CHAV IS NOT NULL
fedbtm.tbsw1009|sys_c00214259|CHECK ((hor_ult_trca_chav IS NOT NULL))|HOR_ULT_TRCA_CHAV IS NOT NULL
fedbtm.tbsw1009|sys_c00214257|CHECK ((num_id_trca_chav_msto IS NOT NULL))|NUM_ID_TRCA_CHAV_MSTO IS NOT NULL
fedbtm.tbsw1012|sys_c00214235|CHECK ((dat_crte_msto IS NOT NULL))|DAT_CRTE_MSTO IS NOT NULL
fedbtm.tbsw1012|sys_c00214237|CHECK ((hor_crte_msto IS NOT NULL))|HOR_CRTE_MSTO IS NOT NULL
fedbtm.tbsw1012|sys_c00214236|CHECK ((ind_pais_crte IS NOT NULL))|IND_PAIS_CRTE IS NOT NULL
fedbtm.tbsw1004|sys_c00212325|CHECK ((cod_rsps_tran IS NOT NULL))|COD_RSPS_TRAN IS NOT NULL
fedbtm.tbsw1004|sys_c00212324|CHECK ((cod_tip_msg IS NOT NULL))|COD_TIP_MSG IS NOT NULL
fedbtm.tbsw1004|sys_c00212318|CHECK ((dat_lqdc_eftv IS NOT NULL))|DAT_LQDC_EFTV IS NOT NULL
fedbtm.tbsw1004|sys_c00212320|CHECK ((dat_mov_tran IS NOT NULL))|DAT_MOV_TRAN IS NOT NULL
fedbtm.tbsw1004|sys_c00212319|CHECK ((dat_sttu_tran IS NOT NULL))|DAT_STTU_TRAN IS NOT NULL
fedbtm.tbsw1004|sys_c00212321|CHECK ((hor_ult_trca_chav IS NOT NULL))|HOR_ULT_TRCA_CHAV IS NOT NULL
fedbtm.tbsw1004|sys_c00212323|CHECK ((ind_sttu_tran IS NOT NULL))|IND_STTU_TRAN IS NOT NULL
fedbtm.tbsw1004|sys_c00212317|CHECK ((num_hist_tran_lqdc IS NOT NULL))|NUM_HIST_TRAN_LQDC IS NOT NULL
fedbtm.tbsw1004|sys_c00212322|CHECK ((num_seq_unc IS NOT NULL))|NUM_SEQ_UNC IS NOT NULL
