"OWNER"|"TABLE_NAME"|"CONSTRAINT_NAME"|"INDEX_NAME"|"COLUMN_NAME"|"COLUMN_POSITION"|"TABLE_NAME_1"|"INDEX_NAME_1"
FEDBTM|TBSW1002|SW1002U0|SW1002U0|NUM_ID_BIN_DEB|1|TBSW1002|SW1002U0
FEDBTM|TBSW1004|SW1004U0|SW1004U0|NUM_HIST_TRAN_LQDC|1|TBSW1004|SW1004U0
FEDBTM|TBSW1004|SW1004U0|SW1004U0|DAT_LQDC_EFTV|2|TBSW1004|SW1004U0
FEDBTM|TBSW1004|SW1004U0|SW1004U0|DAT_MOV_TRAN|3|TBSW1004|SW1004U0
FEDBTM|TBSW1004|SW1004U0|SW1004U0|NUM_SEQ_UNC|4|TBSW1004|SW1004U0
FEDBTM|TBSW1005|SW1005N1|SW1005N1|NUM_SEQ_UNC|1|TBSW1005|SW1005N1
FEDBTM|TBSW1005|SW1005N1|SW1005N1|DAT_MOV_TRAN|2|TBSW1005|SW1005N1
FEDBTM|TBSW1007|SW1007U0|SW1007U0|DAT_PCM_AJST_TRAN|1|TBSW1007|SW1007U0
FEDBTM|TBSW1007|SW1007U0|SW1007U0|DAT_MOV_TRAN|2|TBSW1007|SW1007U0
FEDBTM|TBSW1007|SW1007U0|SW1007U0|NUM_SEQ_UNC|3|TBSW1007|SW1007U0
FEDBTM|TBSW1008|SW1008U0|SW1008U0|DAT_LQDC_EFTV|1|TBSW1008|SW1008U0
FEDBTM|TBSW1008|SW1008U0|SW1008U0|DAT_MOV_TRAN|2|TBSW1008|SW1008U0
FEDBTM|TBSW1008|SW1008U0|SW1008U0|NUM_SEQ_UNC|3|TBSW1008|SW1008U0
FEDBTM|TBSW1009|SW1009N1|SW1009N1|NUM_ID_TRCA_CHAV_MSTO|1|TBSW1009|SW1009N1
FEDBTM|TBSW1012|SW1012N1|SW1012N1|DAT_CRTE_MSTO|1|TBSW1012|SW1012N1
FEDBTM|TBSW1012|SW1012N1|SW1012N1|IND_PAIS_CRTE|2|TBSW1012|SW1012N1
FEGEN|TBSW0008|SW0008U0|SW0008U0|COD_BIN_INFR|1|TBSW0008|SW0008U0
FEGEN|TBSW0008|SW0008U0|SW0008U0|COD_BIN_SUPR|2|TBSW0008|SW0008U0
FEGEN|TBSW0131|SW0131N1|SW0131N1|NUM_SEQ_UNC_CCR|1|TBSW0131|SW0131N1
FEGEN|TBSW0131|SW0131N1|SW0131N1|DAT_MOV_TRAN|2|TBSW0131|SW0131N1
FEGEN|TBSW0264|SW0264U0|SW0264U0|COD_EMP|1|TBSW0264|SW0264U0
FEGEN|TBSW0264|SW0264U0|SW0264U0|COD_RAM_ATVD|2|TBSW0264|SW0264U0
FEGEN|TBSW0265|SW0265U0|SW0265U0|NUM_BIN_INI|1|TBSW0265|SW0265U0
FEGEN|TBSW0265|SW0265U0|SW0265U0|NUM_BIN_FIM|2|TBSW0265|SW0265U0
FEGEN|TBSW0265|SW0265U0|SW0265U0|COD_BNDR|3|TBSW0265|SW0265U0
FEGEN|TBSW0265|SW0265U0|SW0265U0|TIP_TRAN|4|TBSW0265|SW0265U0
FEGEN|TBSW2001|SW2001U0|SW2001U0|COD_CHAV_SUPR|1|TBSW2001|SW2001U0
FEGEN|TBSW2001|SW2001U0|SW2001U0|TIP_BIN|2|TBSW2001|SW2001U0
FEGEN|TBSW2001|SW2001U0|SW2001U0|COD_CHAV_INFR|3|TBSW2001|SW2001U0
FEGEN|TBSW2001|SW2001U0|SW2001U0|TIP_ISSR|4|TBSW2001|SW2001U0
FEGEN|TBSW2002|SW2002U0|SW2002U0|TIP_TRAN|1|TBSW2002|SW2002U0
FEGEN|TBSW2003|SW2003U0|SW2003U0|NUM_BIN|1|TBSW2003|SW2003U0
FEGEN|TBSW2003|SW2003U0|SW2003U0|COD_BNDR|2|TBSW2003|SW2003U0
FEGEN|TBSW2004|SW2004U0|SW2004U0|NOM_HOST_EXEC|1|TBSW2004|SW2004U0
FEGEN|TBSW2004|SW2004U0|SW2004U0|NUM_PR_SIS_OPRC|2|TBSW2004|SW2004U0
FEGEN|TBSW2004|SW2004U0|SW2004U0|DTH_INI_EXEC|3|TBSW2004|SW2004U0
FEGEN|TBSW2005|SW2005U0|SW2005U0|COD_SCRP_CMDR|1|TBSW2005|SW2005U0
FEGEN|TBSW2006|SW2006U0|SW2006U0|NUM_PR_BTC|1|TBSW2006|SW2006U0
FEGEN|TBSW2007|SW2007U0|SW2007U0|COD_RET_EXEC|1|TBSW2007|SW2007U0
FEGEN|TBSW2008|SW2008U0|SW2008U0|NUM_ARQ_PCD|1|TBSW2008|SW2008U0
FEGEN|TBSW2010|SW2010U0|SW2010U0|COD_ROTA|1|TBSW2010|SW2010U0
FEGEN|TBSW2011|SW2011U0|SW2011U0|COD_ISSR_SW|1|TBSW2011|SW2011U0
FEGEN|TBSW2013|SW2013U0|SW2013U0|COD_ROTA_PRVT_LBEL|1|TBSW2013|SW2013U0
FEGEN|TBSW2014|SW2014U0|SW2014U0|COD_PRFX_MSTO|1|TBSW2014|SW2014U0
FEGEN|TBSW2020|SW2020U0|SW2020U0|SGL_SITE|1|TBSW2020|SW2020U0
FEGEN|TBSW2020|SW2020U0|SW2020U0|NOM_HOST|2|TBSW2020|SW2020U0
