"table_from"|"conname"|"pg_get_constraintdef"
fegen.tbsw0008|sw0008u0_1|PRIMARY KEY (cod_bin_infr, cod_bin_supr)
fegen.tbsw0131|sw0131n1|PRIMARY KEY (num_seq_unc_ccr, dat_mov_tran)
fegen.tbsw0264|sw0264u0|PRIMARY KEY (cod_emp, cod_ram_atvd)
fegen.tbsw0265|sw0265u0|PRIMARY KEY (num_bin_ini, num_bin_fim, cod_bndr, tip_tran)
fegen.tbsw2001|sw2001u0|PRIMARY KEY (cod_chav_supr, tip_bin, cod_chav_infr, tip_issr)
fegen.tbsw2002|sw2002u0|PRIMARY KEY (tip_tran)
fegen.tbsw2003|sw2003u0_1|PRIMARY KEY (num_bin, cod_bndr)
fegen.tbsw2005|sw2005u0_1|PRIMARY KEY (cod_scrp_cmdr)
fegen.tbsw2006|sw2006u0_1|PRIMARY KEY (num_pr_btc)
fegen.tbsw2007|sw2007u0_1|PRIMARY KEY (cod_ret_exec)
fegen.tbsw2008|sw2008u0_1|PRIMARY KEY (num_arq_pcd)
fegen.tbsw2011|sw2011u0_1|PRIMARY KEY (cod_issr_sw)
fegen.tbsw2014|sw2014u0_1|PRIMARY KEY (cod_prfx_msto)
fegen.tbsw2020|sw2020u0_1|PRIMARY KEY (sgl_site, nom_host)
fegen.tbsw2004|sw2004u0_1|PRIMARY KEY (nom_host_exec, num_pr_sis_oprc, dth_ini_exec)
fegen.tbsw2010|sw2010u0_1|PRIMARY KEY (cod_rota)
fegen.tbsw2013|sw2013u0_1|PRIMARY KEY (cod_rota_prvt_lbel)
fedbtm.tbsw1002|sw1002u0|PRIMARY KEY (num_id_bin_deb)
fedbtm.tbsw1005|sw1005n1|PRIMARY KEY (num_seq_unc, dat_mov_tran)
fedbtm.tbsw1007|sw1007u0|PRIMARY KEY (dat_pcm_ajst_tran, dat_mov_tran, num_seq_unc)
fedbtm.tbsw1008|sw1008u0|PRIMARY KEY (dat_lqdc_eftv, dat_mov_tran, num_seq_unc)
fedbtm.tbsw1009|sw1009n1|PRIMARY KEY (num_id_trca_chav_msto)
fedbtm.tbsw1012|sw1012n1|PRIMARY KEY (dat_crte_msto, ind_pais_crte)
fedbtm.tbsw1004|sw1004u0|PRIMARY KEY (num_hist_tran_lqdc, dat_lqdc_eftv, dat_mov_tran, num_seq_unc)
