"TABLE_NAME"|"COLUMN_NAME"|"CONSTRAINT_NAME"|"OWNER"|"R_OWNER"|"R_TABLE_NAME"|"R_PK"|"POSITION"
TBSW1004|DAT_LQDC_EFTV|CI01SW1004|FEDBTM|FEDBTM|TBSW1008|SW1008U0|1
TBSW1004|DAT_MOV_TRAN|CI01SW1004|FEDBTM|FEDBTM|TBSW1008|SW1008U0|2
TBSW1004|NUM_SEQ_UNC|CI01SW1004|FEDBTM|FEDBTM|TBSW1008|SW1008U0|3
TBSW2004|NUM_PR_BTC|CI02SW2004|FEGEN|FEGEN|TBSW2006|SW2006U0|1
TBSW2004|COD_RET_EXEC|CI03SW2004|FEGEN|FEGEN|TBSW2007|SW2007U0|1
TBSW2004|NUM_ARQ_PCD|CI04SW2004|FEGEN|FEGEN|TBSW2008|SW2008U0|1
TBSW2004|COD_SCRP_CMDR|CI01SW2004|FEGEN|FEGEN|TBSW2005|SW2005U0|1
TBSW2010|COD_ISSR_SW|CI01SW2010|FEGEN|FEGEN|TBSW2011|SW2011U0|1
TBSW2013|COD_ISSR_SW|CI01SW2013|FEGEN|FEGEN|TBSW2011|SW2011U0|1
