"table_from"|"conname"|"pg_get_constraintdef"
fedbtm.tbsw1004|ci01sw1004|FOREIGN KEY (dat_lqdc_eftv, dat_mov_tran, num_seq_unc) REFERENCES fedbtm.tbsw1008(dat_lqdc_eftv, dat_mov_tran, num_seq_unc)
fegen.tbsw2004|ci03sw2004|FOREIGN KEY (cod_ret_exec) REFERENCES fegen.tbsw2007(cod_ret_exec)
fegen.tbsw2004|ci01sw2004|FOREIGN KEY (cod_scrp_cmdr) REFERENCES fegen.tbsw2005(cod_scrp_cmdr)
fegen.tbsw2004|ci04sw2004|FOREIGN KEY (num_arq_pcd) REFERENCES fegen.tbsw2008(num_arq_pcd)
fegen.tbsw2004|ci02sw2004|FOREIGN KEY (num_pr_btc) REFERENCES fegen.tbsw2006(num_pr_btc)
fegen.tbsw2010|ci01sw2010|FOREIGN KEY (cod_issr_sw) REFERENCES fegen.tbsw2011(cod_issr_sw)
fegen.tbsw2013|ci01sw2013|FOREIGN KEY (cod_issr_sw) REFERENCES fegen.tbsw2011(cod_issr_sw)
