<?xml version="1.0" encoding="iso-8859-1"?>
<!DOCTYPE dataManip-list SYSTEM "../../../../PDV/dtd/fwsw/DataManip.dtd">

<dataManip-list>
	<dataManip label="swreplic_ot">	
		<fieldSetReference reference="source.shc_msg" alias="shcmsg" />
		<fieldSetReference reference="source.segments.common" alias="common" />
        <fieldSetReference reference="source.segments.merchant" alias="merchant" />
        <fieldSetReference reference="source.segments.service" alias="service" />
        <fieldSetReference reference="source.segments.sublojista" alias="sublojista" />
        <fieldSetReference reference="source.segments.pos_acquirer" alias="pos_acquirer" />
        <fieldSetReference reference="source.segments.pix" alias="pix" />
        <fieldSetReference reference="source.segments.acq_common" alias="acq_common" />
		<fieldSetReference reference="target" alias="swreplic" />
        
		<declare label="LOCAL" >
			<field label="CheckSend" />
			<field label="Aux" />
			<field label="EntryCodeDiv10" />
			<field label="CardType" />
			<field label="PcodeTypeAccount" />
			<field label="PosEntryMode" />
			<field label="PanLength" />
			<field label="PanTrimmed" />
			<field label="is_digit_nsu" />
			<field label="is_voucher" />
			<field label="bin_digit_0" />
			<field label="port_driver" />
			<field label="port_status" />
		</declare>

        <command label="ReturnAddress" objectReferenceLabel="VALUE" >
            <sourceValue value = "-1" />
            <targetFieldPath value="environment.RETURN_ADDRESS" />
        </command>

        <command label="SenderAddress" objectReferenceLabel="VALUE" >
            <sourceValue value = "-1" />
            <targetFieldPath value="environment.SENDER_ADDRESS" />
        </command>

        <command label="ForwardAddress" objectReferenceLabel="MAILBOXLOCATOR" >
			<mailboxName value = "$(SWREPLIC_OT_DRIVER)" />
			<targetFieldPath value="environment.FORWARD_ADDRESS" />
		</command>

        <command label="  &lt;&lt;==== ENVIROMENT DUMP =====" objectReferenceLabel="FIELDSET_DUMP">
            <sourceFieldPath value = "environment" />
        </command>

        <command label="DoCheckSend" objectReferenceLabel="CHECKSEND" >
			<inputFile value="$(SWREPLIC_OT_CHECKSEND_DIR)/send_to_MT.cfg" />
			<targetFieldPath value = "LOCAL.CheckSend" />
		</command>

        <conditional-block label="ConditionalCheckSend">
			<if objectReferenceLabel="EXPR">
			<expr value="LOCAL.CheckSend == '0'" />
				<command label="SWREPLIC_PROCESS_NOT_ENABLED" objectReferenceLabel="DROP" />
            </if>
        </conditional-block>

        <command label="  &lt;&lt;==== Request Message ====="
                 objectReferenceLabel="FIELDSET_DUMP">
            <sourceFieldPath value = "source" />
        </command>

        <command label="MapDatTxn" objectReferenceLabel="COPY" >
            <sourceFieldPath value = "shcmsg.local_date" />
            <targetFieldPath value = "swreplic.dat_txn" />
        </command>

        <command label="MapHorTxn" objectReferenceLabel="PAD" >
            <sourceFieldPath value = "shcmsg.local_time" />
            <targetFieldPath value = "swreplic.hor_txn" />
			<paddingChar value="0" />
			<mode value="left" />
			<length value="6" />
        </command>

        <command label="PadNsu" objectReferenceLabel="PAD" >
            <sourceFieldPath value = "shcmsg.refnum" />
            <targetFieldPath value = "swreplic.nsu" />
            <paddingChar value=" " />
            <mode value="right" />
            <length value="10" />
        </command>

        <!-- J3_2019 - Mensageria de pagamento ITI - INICIO -->
        <command label="PadNsu" objectReferenceLabel="PAD" >
            <when objectReferenceLabel="EXPR">
                <!-- J2_2020 - Mensageria de pagamento WQ3 - 390000 -->
                <expr value="shcmsg.msgtype == '610' &amp;&amp; 
                            (shcmsg.pcode == '300000' || common.ecr_pcode == '300000' ||
							 shcmsg.pcode == '390000' || common.ecr_pcode == '390000')"/>
            </when>
                <sourceFieldPath value = "common.origrefnum" />
                <targetFieldPath value = "swreplic.nsu" />
                <paddingChar value=" " />
                <mode value="right" />
                <length value="10" />
        </command>
        <!-- J3_2019 - Mensageria de pagamento ITI - FIM -->
        
        <!-- J3_2019 - Mensageria de pagamento ITI - INICIO -->
        <command label="TrimNsuITI" objectReferenceLabel="TRIM" >
            <when objectReferenceLabel="EXPR">
                <!-- J2_2020 - Mensageria de pagamento WQ3 - 390000 -->
                <expr value="shcmsg.msgtype == '610' &amp;&amp; 
                            (shcmsg.pcode == '300000' || common.ecr_pcode == '300000' ||
							 shcmsg.pcode == '390000' || common.ecr_pcode == '390000')"/>
            </when>
                <sourceFieldPath value="shcmsg.refnum" />
                <targetFieldPath value="shcmsg.refnum" />
                <trimmingChar value=" " />
                <enableLeftTrimming value="true" />
                <enableRightTrimming value="true" />
        </command>
        <!-- J3_2019 - Mensageria de pagamento ITI - FIM -->

        <!-- Gaps 20140430 - begin -->
		<command label="check_refnum" objectReferenceLabel="VALUE">
		  <when objectReferenceLabel="CHECKTYPE">
			<sourceFieldPath value = "shcmsg.refnum" />
			<isDigit value = "true" />
		  </when>
		  <sourceValue value = "false" />
		  <targetFieldPath value="LOCAL.is_digit_nsu" />
		</command>

		<command label="valida_nsu" objectReferenceLabel="DROP">
			<when objectReferenceLabel="EXPR">
				<expr value="LOCAL.is_digit_nsu == 'false'"/>
			</when>
		</command>
        <!-- Gaps 20140430 - end -->

        <command label="MapValorTxn" objectReferenceLabel="MATH" >
            <value1 value = "shcmsg.amount" />
            <value2 value = "100" />
            <operator value = "*" />
            <removeDecimalPoint value = "true" />
            <targetFieldPath value = "swreplic.valor_txn" />
        </command>

        <command label="PadValorTxn" objectReferenceLabel="PAD" >
            <sourceFieldPath value = "swreplic.valor_txn" />
            <targetFieldPath value = "swreplic.valor_txn" />
            <paddingChar value="0" />
            <mode value="left" />
            <length value="13" />
        </command>

        <!-- pan init-->
        <command label="trim_pan" objectReferenceLabel="TRIM" >
            <sourceFieldPath value="shcmsg.pan" />
            <targetFieldPath value="shcmsg.pan" />
            <trimmingChar value=" " />
            <enableLeftTrimming value="true" />
            <enableRightTrimming value="true" />
        </command>

        <command label="trim_pan" objectReferenceLabel="TRIM" >
            <sourceFieldPath value="shcmsg.pan" />
            <targetFieldPath value="shcmsg.pan" />
            <trimmingChar value="*" />
            <enableLeftTrimming value="true" />
            <enableRightTrimming value="true" />
        </command>

        <command label="BEFORE_MapAllOtherFields_shcmsg.pan" objectReferenceLabel="FIELDSET_DUMP">
            <sourceFieldPath value = "shcmsg.pan" />
        </command>

		<!-- Plugin que faz o mapeamento dos campos entry_mode,stat_txn,cod_bandeira,cod_produto,cod_tipo_txn,
		                 cod_tipo_venda,tipo_cod_emis,cod_emissor,tipo_rede,subproduto,subproduto_pl,hostName -->
        <command label="MapAllOtherFields"
                 objectReferenceLabel="SW_REPLIC_PROCESS" >
            <xmlFile filePath="$(GEN_ROOT)/xml/mqs/swreplic_ot" 
                     fileName="ConfigSWR.xml"  
                     referenceLabel=""/> 
            <sourceFieldPath value = "source" />
            <targetFieldPath value = "swreplic" />
        </command>
        <!-- Gaps 20140430 - begin -->

       <command label="init_pan" objectReferenceLabel="VALUE">
			<when objectReferenceLabel="EXPR">
				<expr value="shcmsg.pan==''"/>
			</when>
			<sourceValue value = "0000000000000000000" />
			<targetFieldPath value="shcmsg.pan" />
       </command>

        <command label="PadPan" objectReferenceLabel="PAD" >
            <sourceFieldPath value = "shcmsg.pan" />
            <targetFieldPath value = "swreplic.pan" />
            <paddingChar value="0" />
            <mode value="left" />
            <length value="19" />
        </command>

        <command label="AFTER_MapAllOtherFields_shcmsg.pan" objectReferenceLabel="FIELDSET_DUMP">
            <sourceFieldPath value = "shcmsg.pan" />
        </command>

        <!-- COPIADO DO SWREPLIC FE-WEB MASCARAMENTO DO PAN -->
		<!-- MASCARANDO O PAN - INI  -->
        <command label="swreplic_bin" objectReferenceLabel="SUBSTR" >
    			<sourceFieldPath value = "swreplic.pan" />
    			<targetFieldPath value = "swreplic.pan" />
    			<startPosition value = "0" />
    			<length value = "11" />
		</command>

		<command label="swreplic_pan_mask" objectReferenceLabel="CONCAT" >
				<sourceFieldPath value = "swreplic.pan" />
				<targetFieldPath value = "swreplic.pan" />
				<concatSide value = "RIGHT" />
				<concatValue value = "99999999" />
		</command>
		<!-- MASCARANDO O PAN -FIM -->

        <!-- J3_2019 - Mensageria de pagamento ITI - INICIO -->
        <command label="swreplic_pan_remove_mask_when_iti" objectReferenceLabel="VALUE" >
            <!-- J2_2020 - Mensageria de pagamento WQ3 - 390000 -->
            <when objectReferenceLabel="EXPR">
                <expr value="shcmsg.pcode == '300000' || common.ecr_pcode == '300000' ||
							 shcmsg.pcode == '390000' || common.ecr_pcode == '390000'"/>
            </when>
            <sourceValue value = "0000000000000000000" />
            <targetFieldPath value="swreplic.pan" />
        </command>
        <!-- J3_2019 - Mensageria de pagamento ITI - FIM -->

        <command label="AFTER_MapAllOtherFields_shcmsg.pan" objectReferenceLabel="FIELDSET_DUMP">
            <sourceFieldPath value = "swreplic.pan" />
        </command>
        <!-- pan end -->

          <!-- get first digit -->
          <command label="Math_bin_divided_100000" objectReferenceLabel="MATH" >
           <value1 value = "common.bin" />
           <value2 value = "100000" />
           <operator value = "/" />
           <targetFieldPath value = "LOCAL.bin_digit_0" />
          </command>

          <!-- check if transaction is voucher -->
          <command label="Check_is_voucher" objectReferenceLabel="VALUE" >
              <when objectReferenceLabel="EXPR">
                  <expr value="(common.transcode =='67' || common.orig_transcode =='67' || shcmsg.pcode == '183000' || shcmsg.pcode == '182000')" />
              </when>
              <sourceValue value = "Y" />
              <targetFieldPath value="LOCAL.is_voucher" />
          </command>

          <!-- swreplic.cod_tran_ge with cod_tran from voucher transaction -->
          <command label="Pad_CodTranGe" objectReferenceLabel="PAD" >
              <sourceFieldPath value = "common.cod_trans" />
              <targetFieldPath value = "common.cod_trans" />
              <paddingChar value="0" />
              <mode value="left" />
              <length value="3" />
          </command>

          <command label="get_cod_trans_0_3" objectReferenceLabel="SUBSTR" >
          <when objectReferenceLabel="EXPR">
              <expr value="common.cod_trans != '' &amp;&amp; LOCAL.is_voucher=='Y'" />
          </when>
                  <sourceFieldPath value = "common.cod_trans" />
                  <targetFieldPath value = "swreplic.cod_tran_ge" />
                  <startPosition value = "0" />
                  <length value = "3" />
          </command>

          <command label="set_999_to_cod_tran_ge_when_voucher_without_cod_tran" objectReferenceLabel="VALUE" >
              <when objectReferenceLabel="EXPR">
                  <expr value="(common.cod_trans == '' &amp;&amp; LOCAL.is_voucher=='Y') || LOCAL.is_voucher != 'Y' " />
              </when>
              <sourceValue value = "999" />
              <targetFieldPath value="swreplic.cod_tran_ge" />
          </command>

        <!-- J3_2019 - Mensageria de pagamento ITI - INICIO -->
        <command label="set_000_to_cod_tran_ge_when_iti" objectReferenceLabel="VALUE" >
            <!-- J2_2020 - Mensageria de pagamento WQ3 - 390000 -->
            <when objectReferenceLabel="EXPR">
                <expr value="shcmsg.pcode == '300000' || common.ecr_pcode == '300000' ||
							 shcmsg.pcode == '390000' || common.ecr_pcode == '390000'" />
            </when>
            <sourceValue value = "000" />
            <targetFieldPath value="swreplic.cod_tran_ge" />
        </command>
        <!-- J3_2019 - Mensageria de pagamento ITI - FIM -->
        
        <!-- AUT1-2266 - PIX MIR - INICIO -->
        <command label="set_9_to_stat_txn_when_pix_de48tag3f" objectReferenceLabel="VALUE" >
            <when objectReferenceLabel="EXPR">
                <expr value=" pix.indicadorCancelaPix == '1' &amp;&amp;
                            (shcmsg.pcode == '490000' || common.ecr_pcode == '490000') " />
            </when>
            <sourceValue value = "9" />
            <targetFieldPath value="swreplic.stat_txn" />
        </command>
        <command label="&lt;&lt;==== indicadorCancelaPix: =====" objectReferenceLabel="FIELDSET_DUMP">
            <sourceFieldPath value = "pix.indicadorCancelaPix" />
        </command>
        <!-- AUT1-2266 - PIX MIR - FIM -->
        
        <command label="set_0_to_valor_txn" objectReferenceLabel="VALUE" >
            <when objectReferenceLabel="EXPR">
                <expr value="common.acq_msgtype!='610' &amp;&amp; swreplic.cod_tipo_txn=='5'" />
            </when>
            <sourceValue value = "0000000000000" />
            <targetFieldPath value="swreplic.valor_txn" />
        </command>

        <!-- Gaps 20140430 - end -->
        <command label="PadEntryMode" objectReferenceLabel="PAD" >
            <sourceFieldPath value = "swreplic.entry_mode" />
            <targetFieldPath value = "swreplic.entry_mode" />
            <paddingChar value="0" />
            <mode value="left" />
            <length value="2" />
        </command>
		
		<conditional-block label="PadCodBandeira">
			<if objectReferenceLabel="EXPR">
                <expr value="common.acq_name  == 'PL'   &amp;&amp; common.msg_category == 'ESTORNO' " />
                <command label="PadCodBandeira_99" objectReferenceLabel="VALUE" >
                    <sourceValue value = "99" />
                    <targetFieldPath value="swreplic.cod_bandeira" />
                </command>
            </if>            
			<else>
                <command label="PadCodBandeira_orig" objectReferenceLabel="PAD" >
                    <sourceFieldPath value = "swreplic.cod_bandeira" />
                    <targetFieldPath value = "swreplic.cod_bandeira" />
                    <paddingChar value="0" />
                    <mode value="left" />
                    <length value="2" />
                </command>
            </else>
        </conditional-block>
        
        <command label="PadCodProduto" objectReferenceLabel="PAD" >
            <sourceFieldPath value = "swreplic.cod_produto" />
            <targetFieldPath value = "swreplic.cod_produto" />
            <paddingChar value="0" />
            <mode value="left" />
            <length value="2" />
        </command>
		
        <command label="PadCodEmissor" objectReferenceLabel="PAD" >
            <sourceFieldPath value = "swreplic.cod_emissor" />
            <targetFieldPath value = "swreplic.cod_emissor" />
            <paddingChar value="0" />
            <mode value="left" />
            <length value="11" />
        </command>
		
		<conditional-block label="Seta_Cod_Emissor_99_para_Estorno_de_PL">
			<if objectReferenceLabel="EXPR">
                <expr value="( common.acq_name  == 'PL' &amp;&amp; common.msg_category == 'ESTORNO' ) || ( common.msg_name == 'SIGN_ON' )"/>
                <command label="Cod_Emissor_99" objectReferenceLabel="VALUE" >
                    <sourceValue value = "00000000099" />
                    <targetFieldPath value="swreplic.cod_emissor" />
                </command>
            </if>  
        </conditional-block>
		
        <command label="PadTipoRede" objectReferenceLabel="PAD" >
            <sourceFieldPath value = "swreplic.tipo_rede" />
            <targetFieldPath value = "swreplic.tipo_rede" />
            <paddingChar value="0" />
            <mode value="left" />
            <length value="2" />
        </command>
		
        <command label="PadCodTerminal" objectReferenceLabel="PAD" >
            <sourceFieldPath value = "shcmsg.termid" />
            <targetFieldPath value = "swreplic.cod_terminal" />
            <paddingChar value="0" />
            <mode value="left" />
            <length value="8" />
        </command>
		
        <command label="PadCodNumEstab" objectReferenceLabel="PAD" >
            <sourceFieldPath value = "shcmsg.termloc" />
            <targetFieldPath value = "swreplic.num_estab" />
            <paddingChar value="0" />
            <mode value="left" />
            <length value="9" />
        </command>
		
        <command label="PadCodRamoAtvd" objectReferenceLabel="PAD" >
            <sourceFieldPath value = "merchant.mer_cat_code" />
            <targetFieldPath value = "swreplic.ramo_atvd" />
            <paddingChar value="0" />
            <mode value="left" />
            <length value="5" />
        </command>
		
        <command label="PadCep" objectReferenceLabel="PAD" >
            <sourceFieldPath value = "merchant.mer_post" />
            <targetFieldPath value = "swreplic.cep" />
            <paddingChar value="0" />
            <mode value="left" />
            <length value="8" />
        </command>
		
        <command label="PadEstado" objectReferenceLabel="PAD" >
            <sourceFieldPath value = "merchant.mer_state" />
            <targetFieldPath value = "swreplic.estado" />
            <paddingChar value=" " />
            <mode value="right" />
            <length value="2" />
        </command>

        <command label="PadCodeSubproduto" objectReferenceLabel="PAD" >
            <sourceFieldPath value = "swreplic.subproduto" />
            <targetFieldPath value = "swreplic.subproduto" />
            <paddingChar value="0" />
            <mode value="left" />
            <length value="2" />
        </command>

        <!-- Gaps 20140430 - begin -->

        <command label="Pad_CodTranGe" objectReferenceLabel="PAD" >
            <sourceFieldPath value = "swreplic.cod_tran_ge" />
            <targetFieldPath value = "swreplic.cod_tran_ge" />
            <paddingChar value="0" />
            <mode value="left" />
            <length value="3" />
        </command>
		
        <command label="Pad_Subproduto_Pl" objectReferenceLabel="PAD" >
            <sourceFieldPath value = "swreplic.subproduto_pl" />
            <targetFieldPath value = "swreplic.subproduto_pl" />
            <paddingChar value="0" />
            <mode value="left" />
            <length value="3" />
        </command>

 		<!-- BTPOS0136 - Rcamargo - 2018-07-03 -->
		<command label="Padcod_tipo_txn" objectReferenceLabel="PAD" >
            <sourceFieldPath value = "swreplic.cod_tipo_txn" />
            <targetFieldPath value = "swreplic.cod_tipo_txn" />
            <paddingChar value="0" />
            <mode value="left" />
            <length value="2" />
        </command>

		<command label="set_OrigemWeb" objectReferenceLabel="VALUE" >
			<sourceValue value = "99" />
			<targetFieldPath value="swreplic.tipoOrigemTransacaoWeb" />
		</command>
		<!-- BTPOS0136 - Rcamargo - 2018-07-03 -->
				
        
        <!-- J3_2019 - Mensageria de pagamento ITI - INICIO -->
        <command label="set_OrigemWeb_ITI" objectReferenceLabel="VALUE" >
            <when objectReferenceLabel="EXPR">
                <!-- J2_2020 - Mensageria de pagamento WQ3 - 390000 -->
                <expr value="(common.transcode == '108' || common.transcode == '109') ||
                             (shcmsg.pcode == '300000' || common.ecr_pcode == '300000') ||
							 (common.transcode == '110' || common.transcode == '111') ||
                             (shcmsg.pcode == '390000' || common.ecr_pcode == '390000')"/> 
            </when>
            <sourceValue value = "99" />
            <targetFieldPath value="swreplic.tipoOrigemTransacaoWeb" />
        </command>
        <!-- J3_2019 - Mensageria de pagamento ITI - FIM -->
        
        <command label="PadCodEmpAdqt" objectReferenceLabel="PAD" >
            <sourceFieldPath value = "common.cod_emp_adqt" />
            <targetFieldPath value = "swreplic.codigoEmpresaAdquirente" />
            <paddingChar value="0" />
            <mode value="left" />
            <length value="3" />
        </command>

        <command label="PadCodServico" objectReferenceLabel="PAD" >
            <sourceFieldPath value = "service.cod_service" />
            <targetFieldPath value = "swreplic.codigoServico" />
            <paddingChar value="0" />
            <mode value="left" />
            <length value="3" />
        </command>
        
		<command label="PadCodServico" objectReferenceLabel="PAD" >
            <sourceFieldPath value = "common.nom_fe_acq" />
            <targetFieldPath value = "swreplic.frontEndAcquirer" />
            <paddingChar value="0" />
            <mode value="left" />
            <length value="5" />
        </command>

		<command label="left_trimming_PadHostName" objectReferenceLabel="TRIM" >
            <sourceFieldPath value = "swreplic.hostName" />
            <targetFieldPath value = "swreplic.hostName" />
            <trimmingChar value=" " />
            <enableLeftTrimming value="true" />
            <enableRightTrimming value="true" />
    		<length value = "16" />
        </command>        
		
		<command label="PadHostName" objectReferenceLabel="PAD" >
            <sourceFieldPath value = "swreplic.hostName" />
            <targetFieldPath value = "swreplic.hostName" />
            <paddingChar value=" " />
            <mode value="right" />
            <length value="16" />
        </command>
        
		<command label="PadTranscode" objectReferenceLabel="PAD" >
            <sourceFieldPath value = "common.transcode" />
            <targetFieldPath value = "swreplic.transCode" />
            <paddingChar value="0" />
            <mode value="left" />
            <length value="3" />
        </command>
                
		<conditional-block label="PadCodMtvRedeExt_00">
			<if objectReferenceLabel="EXPR">
                <expr value="common.ext_network_code == '00' " />
                <command label="set_cod_mtv_rede_ext_000" objectReferenceLabel="VALUE" >
                    <sourceValue value = "   " />
                    <targetFieldPath value="swreplic.cod_mtv_rede_ext" />
                </command>
            </if>            
			<else>
				<conditional-block label="PadCodMtvRedeExt_ELO">
				<if objectReferenceLabel="EXPR">
					<expr value="( swreplic.cod_bandeira == '70' || swreplic.cod_bandeira == '71' ) &amp;&amp; swreplic.stat_txn == '3' " />
					<command label="CopyCodMtvRedeExt" objectReferenceLabel="PAD" >
						<sourceFieldPath value = "shcmsg.alpha_response_code" />
						<targetFieldPath value = "swreplic.cod_mtv_rede_ext" />
						<paddingChar value="0" />
						<mode value="left" />
						<length value="3" />
					</command>			
            	</if>
				<else>
                	<command label="PadCodMtvRedeExt_code" objectReferenceLabel="PAD" >
                    	<sourceFieldPath value = "common.ext_network_code" />
                    	<targetFieldPath value="swreplic.cod_mtv_rede_ext" />
                    	<paddingChar value=" " />
                    	<mode value="left" />
                    	<length value="3" />
                	</command>
				</else>
				</conditional-block>
            </else>
        </conditional-block>
		

		<conditional-block label="TokenIdentifier">
			<if objectReferenceLabel="EXPR">
                <expr value="common.tokenIdentifier == '' || common.tokenIdentifier == ' ' " />
                <command label="set_tokenIdentifier" objectReferenceLabel="VALUE" >
                    <sourceValue value = "I" />
                    <targetFieldPath value="swreplic.tokenIdentifier" />
                </command>
            </if>
			<else>
                <command label="copy_tokenIdentifier" objectReferenceLabel="COPY" >
                    <sourceFieldPath value = "common.tokenIdentifier" />
                    <targetFieldPath value = "swreplic.tokenIdentifier" />
                </command>
            </else>
        </conditional-block>
        
        <!--  ID_999666 - PADRONIZACAO CREDIARIO - INICIO -->
        <conditional-block label="QuantidadeParcelas_igual_a_zero">
            <if objectReferenceLabel="EXPR">
                <expr value="common.install_num == '00'   &amp;&amp; common.acq_name  == 'PL'  &amp;&amp; ((common.msg_category == 'ESTORNO' ) || (common.msg_category == 'DESFAZIMENTO'))" />
                    <command label="PadQuantidadeParcelas" objectReferenceLabel="VALUE" >
                        <sourceValue value = "01" />
                        <targetFieldPath value="swreplic.quantidadeParcelas" />
                    </command>
            </if>
            <else>
                <command label="SetQuantidadeParcelas" objectReferenceLabel="PAD" >
                        <sourceFieldPath value = "common.install_num" />
                        <targetFieldPath value = "swreplic.quantidadeParcelas" />
                        <paddingChar value="0" />
                        <mode value="left" />
                        <length value="2" />
                </command>
            </else>
        </conditional-block>
        <!--  ID_999666 - PADRONIZACAO CREDIARIO - FIM -->
        
        <!-- J1_2019 - Release Janeiro - INICIO -->
        <conditional-block label="MerchantCategoryCode">
            <if objectReferenceLabel="EXPR">
                <expr value="sublojista.merchantCategoryCode &gt; '0' " />
                    <command label="PadMerchantCategoryCode" objectReferenceLabel="PAD" >
                        <sourceFieldPath value = "sublojista.merchantCategoryCode" />
                        <targetFieldPath value = "swreplic.merchantCategoryCode" />
                        <paddingChar value="0" />
                        <mode value="left" />
                        <length value="4" />
                    </command>
            </if>
            <else>
                <command label="SetMerchantCategoryCode" objectReferenceLabel="VALUE" >
                    <sourceValue value = "0000" />
                    <targetFieldPath value="swreplic.merchantCategoryCode" />
                </command>
            </else>
        </conditional-block>
        <!-- J1_2019 - Release Janeiro - FIM -->
		
		<!--TGG - 0888 - SWR_SWo71 - Inclusao do campo Versao do Terminal - INICIO-->
		<command label="PadCodigoMotivoSW" objectReferenceLabel="PAD" >
            <!--  0944_ONL - SW75 - Salvar respcode original na swmsg - JPFC - Inicio -->
			<sourceFieldPath value = "common.respcodeOriginal" />
            <!--  0944_ONL - SW75 - Salvar respcode original na swmsg - JPFC - Fim -->
			<targetFieldPath value = "swreplic.codigoMotivoSw" />
			<paddingChar value=" " />
			<mode value="left" />
			<length value="3" />
		</command>

        
        
        <conditional-block label="CondicionalVersao">
            <if objectReferenceLabel="EXPR">
                <expr value="( common.nom_fe_acq != 'FEPDV' )" />  
                <conditional-block label="testa_PadVersaoTerminal_zerado">
                    <if objectReferenceLabel="EXPR">
                        <expr value="merchant.cod_vers_sftw == '0'" />
                        <command label="PadVersaoTerminal_BRANCOS" objectReferenceLabel="VALUE" >
                            <sourceValue value = "                " />
                            <targetFieldPath value="swreplic.versaoTerminal" />
                        </command>
                    </if>
                    <else>
                        <command label="PadVersaoTerminal" objectReferenceLabel="PAD" >
                            <sourceFieldPath value = "merchant.cod_vers_sftw" />
                            <targetFieldPath value="swreplic.versaoTerminal" />
                            <paddingChar value=" " />
                            <mode value="right" />
                            <length value="16" />
                        </command>
                    </else>
                </conditional-block>
            </if>
            <else>	        
                <declare label="TMP">
                    <field label="versaoTerminal"/>
                </declare>        
                
                <command label="cpy_sftw_verid" objectReferenceLabel="COPY" >
                    <sourceFieldPath value = "common.ecr_sftw_verid" />
                    <targetFieldPath value = "TMP.versaoTerminal" />
                </command>        
                
                <command label="concat_fabr_id" objectReferenceLabel="CONCAT" >
                    <sourceFieldPath value = "TMP.versaoTerminal" />
                    <targetFieldPath value = "TMP.versaoTerminal" />
                    <concatSide value = "RIGHT" />
                    <concatFieldSetPath value = "common.ecr_fabr_id" />
                </command>              
                
                <command label="PadVersaoTerminal" objectReferenceLabel="PAD" >
                    <sourceFieldPath value = "TMP.versaoTerminal" />
                    <targetFieldPath value="swreplic.versaoTerminal" />
                    <paddingChar value=" " />
                    <mode value="right" />
                    <length value="16" />
                </command>
            </else>
        </conditional-block>


		<command label="SetNetCode" objectReferenceLabel="VALUE" >
			<sourceValue value = "00000" />
			<targetFieldPath value = "swreplic.netCode" />
		</command>
		<!--TGG - 0888 - SWR_SWo71 - Inclusao do campo Versao do Terminal - FIM-->
        <!--  0950_SWR - SW75 - Inclusao campo "C�digo Tecnologia" (Puro) - JPFC - Inicio -->
		<command label="PadcodigoTecnologia" objectReferenceLabel="PAD" >
			<sourceFieldPath value = "merchant.in_tpo_tcn" />
			<targetFieldPath value = "swreplic.codigoTecnologia" />
			<paddingChar value="0" />
			<mode value="left" />
			<length value="4" />
		</command>
        <!--  0950_SWR - SW75 - Inclusao campo "C�digo Tecnologia" (Puro) - JPFC - Fim -->

     	<!-- SCSW-396 erro categoriza??o negativa emissor e motivo_sw  - WRB - INICIO -->
		<command label="Padcod_mtv_sw" objectReferenceLabel="PAD" >
			<sourceFieldPath value = "common.cod_mtv_sw" />
			<targetFieldPath value = "swreplic.codigoMotivoSw" />
			<paddingChar value=" " />
			<mode value="left" />
			<length value="3" />
		</command>
	<!-- SCSW-396 erro categoriza??o negativa emissor e motivo_sw  - WRB - FIM -->

        <!-- J01_2020 - Novo Debito da Mastercard - INICIO -->
        <!-- AUT1-1112 - Alterado de iss_name para cod_bandeira -->
        <conditional-block label="codigoSubModalidade">
            <if objectReferenceLabel="EXPR">
                <expr value="swreplic.cod_bandeira == '17' &amp;&amp; common.subtranscode == '7' " />
                    <command label="setSubModalidade02" objectReferenceLabel="VALUE" >
                        <sourceValue value = "02" />    <!-- MASTERCARD DEBITO -->
                        <targetFieldPath value="swreplic.codigoSubModalidade" />
                    </command>
            </if>
            <else-if objectReferenceLabel="EXPR">
                <expr value="swreplic.cod_bandeira == '17' &amp;&amp; common.subtranscode == '8' " />
                    <command label="setSubModalidade02" objectReferenceLabel="VALUE" >
                        <sourceValue value = "02" />    <!-- MASTERCARD DEBITO -->
                        <targetFieldPath value="swreplic.codigoSubModalidade" />
                    </command>
            </else-if>
            <else-if objectReferenceLabel="EXPR">
                <expr value="swreplic.cod_bandeira == '17' &amp;&amp; 
                             (common.subtranscode != '7' &amp;&amp; common.subtranscode != '8')" />
                <command label="setSubModalidade01" objectReferenceLabel="VALUE" >
                    <sourceValue value = "01" />    <!-- MAESTRO -->
                    <targetFieldPath value="swreplic.codigoSubModalidade" />
                </command>
            </else-if>
            <else>
                <command label="setSubModalidade00" objectReferenceLabel="VALUE" >
                    <sourceValue value = "00" />    <!-- DEMAIS CASOS -->
                    <targetFieldPath value="swreplic.codigoSubModalidade" />
                </command>
            </else>
        </conditional-block>
        <!-- J01_2020 - Novo Debito da Mastercard - FIM -->

        <!-- J05_2020 - Mensageria de pagamento QRCode - Corona Voucher - INICIO -->       
        <conditional-block label="SetIndicacaoQrcode">
            <if objectReferenceLabel="EXPR">
                <expr value="common.indicacao_qrcode == '03'" />
                <command label="SetIndicacaoQrcode_S" objectReferenceLabel="VALUE" >
                    <sourceValue value = "S" />
                    <targetFieldPath value="swreplic.indicacao_qrcode" />
                </command>
            </if>
            <else>
                <command label="SetIndicacaoQrcode_N" objectReferenceLabel="VALUE" >
                    <sourceValue value = "N" />
                    <targetFieldPath value="swreplic.indicacao_qrcode" />
                </command>
            </else>
        </conditional-block>
        <command label="PadCodigoParceiro" objectReferenceLabel="PAD" >
            <sourceFieldPath value="common.codigo_parceiro" />
            <targetFieldPath value="swreplic.codigo_parceiro" />
            <paddingChar value="0" />
            <mode value="left" />
            <length value="5" />
        </command>
        <!-- J05_2020 - Mensageria de pagamento QRCode - Corona Voucher - FIM -->

        <!-- Parametros de Localizacao do Terminal - INICIO -->
        <command label="LocalizacaoTerminal_IMEI" objectReferenceLabel="PAD" >
            <sourceFieldPath value = "pos_acquirer.imei" />
            <targetFieldPath value="swreplic.imei" />
            <paddingChar value="0" />
            <mode value="left" />
            <length value="16" />
        </command>
        <command label="LocalizacaoTerminal_SimCardID" objectReferenceLabel="PAD" >
            <sourceFieldPath value = "pos_acquirer.simCardId" />
            <targetFieldPath value="swreplic.simCardId" />
            <paddingChar value="0" />
            <mode value="left" />
            <length value="22" />
        </command>
        <command label="LocalizacaoTerminal_NomeOperadora" objectReferenceLabel="PAD" >
            <sourceFieldPath value = "pos_acquirer.nomeOperadora" />
            <targetFieldPath value="swreplic.nomeOperadora" />
            <paddingChar value=" " />
            <mode value="right" />
            <length value="10" />
        </command>
        <command label="LocalizacaoTerminal_MacAddress" objectReferenceLabel="PAD" >
            <sourceFieldPath value = "pos_acquirer.macAddress" />
            <targetFieldPath value="swreplic.macAddress" />
            <paddingChar value=" " />
            <mode value="right" />
            <length value="12" />
        </command>
        <command label="LocalizacaoTerminal_enderecoIP" objectReferenceLabel="PAD" >
            <sourceFieldPath value = "pos_acquirer.enderecoIP" />
            <targetFieldPath value="swreplic.enderecoIP" />
            <paddingChar value=" " />
            <mode value="right" />
            <length value="32" />
        </command>
        <command label="LocalizacaoTerminal_InformacoesAntena" objectReferenceLabel="PAD" >
            <sourceFieldPath value = "pos_acquirer.informacoesAntena" />
            <targetFieldPath value="swreplic.informacoesAntena" />
            <paddingChar value=" " />
            <mode value="right" />
            <length value="30" />
        </command>
        <command label="LocalizacaoTerminal_VersaoPlataforma" objectReferenceLabel="PAD" >
            <sourceFieldPath value = "pos_acquirer.versaoPlataforma" />
            <targetFieldPath value="swreplic.versaoPlataforma" />
            <paddingChar value=" " />
            <mode value="right" />
            <length value="20" />
        </command>
        <!-- Parametros de Localizacao do Terminal - FIM -->

        <!--  SCSW-438 - MTS - INICIO -->
        <command label="SetPanHash" objectReferenceLabel="VALUE" >
          <sourceValue value = "                                " />
          <targetFieldPath value="swreplic.panHash" />
        </command>

        <command label="SetCvvHash" objectReferenceLabel="VALUE" >
          <sourceValue value = "                                " />
          <targetFieldPath value="swreplic.cvvHash" />
        </command>

        <command label="SetAcceptorName" objectReferenceLabel="VALUE" >
          <sourceValue value = "                                        " />
          <targetFieldPath value="swreplic.acceptorName" />
        </command>

        <command label="SetNomePortadorHash" objectReferenceLabel="VALUE" >
          <sourceValue value = "                                        " />
          <targetFieldPath value="swreplic.nomePortador" />
        </command>

        <command label="SetPedidoHash" objectReferenceLabel="VALUE" >
          <sourceValue value = "                                " />
          <targetFieldPath value="swreplic.pedidoHash" />
        </command>
        <!--  SCSW-438 - MTS - FIM -->

        <command label="PadCrypto" objectReferenceLabel="PAD" >
            <sourceFieldPath value = "merchant.indCripto" />
            <targetFieldPath value = "swreplic.tipoCrypto" />
            <paddingChar value=" " />
            <mode value="left" />
            <length value="2" />
        </command>

        <command label="PadPorta" objectReferenceLabel="PAD" >
            <sourceFieldPath value = "acq_common.porta_origem" />
            <targetFieldPath value = "swreplic.portaOrigem" />
            <paddingChar value="0" />
            <mode value="left" />
            <length value="5" />
        </command>

        <declare label="AUXVAR">
            <field label="branco" value=" "/>
        </declare>

        <command label="SetTempoResposta" objectReferenceLabel="PAD" >
            <sourceFieldPath value = "AUXVAR.branco" />
            <targetFieldPath value = "swreplic.tempoResposta" />
            <paddingChar value=" " />
            <mode value="left" />
            <length value="5" />
        </command>

        <command label="Set_cod_tran_cad" objectReferenceLabel="PAD" >
            <sourceFieldPath value = "acq_common.COD_TRAN_CAD" />
            <targetFieldPath value = "swreplic.codTranCad" />
            <paddingChar value="0" />
            <mode value="left" />
            <length value="5" />
        </command>
   

    <command label="set_sw_replic_driver_name" objectReferenceLabel="VALUE" >
           <sourceValue value="$(SWREPLIC_OT_DRIVER)" />
           <targetFieldPath value="LOCAL.port_driver" />
       </command>

        <command label="CHECKPORT" objectReferenceLabel="CHECKPORT" >
            <sourceFieldPath value = "LOCAL" />
            <targetFieldPath value = "LOCAL" />
        </command>

        <command label="CHECK_PORT_STATUS" objectReferenceLabel="DROP">
                <when objectReferenceLabel="EXPR">
                    <expr value="LOCAL.port_status == 'DISCONNECTED'"/>
                </when>
         </command>

        <!-- Gaps 20140430 - end -->
	
        <command label="set_999_subproduto_pl_when_subproduto_pl_is_zero" objectReferenceLabel="VALUE" >
            <when objectReferenceLabel="EXPR">
                <expr value="swreplic.subproduto_pl == '000' &amp;&amp; common.acq_name  == 'PL'   " />
            </when>
            <sourceValue value = "099" />
            <targetFieldPath value="swreplic.subproduto_pl" />
        </command>

        <command label="cod_moeda_estrangeira" objectReferenceLabel="PAD" >
            <sourceFieldPath value="common.codigoMoedaEstrangeira"/>
            <targetFieldPath value="swreplic.codigoMoedaEstrangeira"/>
            <paddingChar value="0" />
            <mode value="left" />
            <length value="13" />
        </command>

        <command label="valor_moeda_estrangeira" objectReferenceLabel="PAD" >
            <sourceFieldPath value="common.valorMoedaEstrangeira"/>
            <targetFieldPath value="swreplic.valorMoedaEstrangeira"/>
            <paddingChar value="0" />
            <mode value="left" />
            <length value="13" />
        </command>

        <command label="&lt;&lt;==== Mensagem enviada para o swreplic: =====" objectReferenceLabel="FIELDSET_DUMP">
            <sourceFieldPath value = "swreplic" />
        </command>
		
        
	</dataManip>
	<dataManip label="DUMMY" />
</dataManip-list>

