<?xml version="1.0" encoding="iso-8859-1"?>
<!DOCTYPE dataManip-list SYSTEM "../../../PDV/dtd/fwsw/DataManip.dtd">

<dataManip-list>

    <!-- @Info: CHAMANDA DO MANIP PRINCIAL   -->
    <dataManip label="REQ_ACQSRV_DBT">
        <fieldSetReference reference="fmt_side_msg" alias="source" />
        <fieldSetReference reference="shc_side_msg" alias="target" />
        <fieldSetReference reference="target.shc_msg" alias="shc_msg" />
        <fieldSetReference reference="target.segments.common" alias="common" />

        <command label="CopyMsgFromFormatterToShc" objectReferenceLabel="FIELDSET_COPY">
            <sourceFieldPath value = "source" />
            <targetFieldPath value="target" />
        </command>

        <declare label="LOCAL" >
            <field label="event_timeout" value="50"/>
            <field label="event_action" value="TM_NOTIFY_ONCE" />
            <field label="tip_dtlh_tran" value = "D" />
            <field label="isTrxOfflineNegada" value="FALSE"/>
            <field label="network_id_van" />
            <field label="trap_id" />
            <field label="mailboxName" />  <!-- Usado no RegistraTrace* -->
            <field label="term_tpk_issuer" />
            <field label="mac_amount_nsu" />
            <field label="mac_amount_val" />
            <field label="dat_pauz" />
            <field label="orig_fmt_mb" />
            <field label="cod_service" />
            <field label="ddd_celular" />
            <field label="num_celular" />
            <field label="has_pin" />
            <field label="txt_da_adic_emsr" />
            <field label="termid_type_saved" />
            <field label="transactionId" />
            <field label="tip_cob_tran_mtc" />
            <field label="tip_cob_tran" />
            <field label="cod_gru_estb" />
            <field label="cod_mtz_estb" />
            <field label="isVAN" />
            <field label="IND_TRAN_REFD" value = "0" />
            <field label="IND_TERM_LTRO_CHIP" />
            <field label="auto_ini" />
            <field label="val_cob_tran" />
            <field label="ind_modl_cptr" />
            <field label="trn_tem_original" value="FALSE" />
            <field label="txt_da_adic_emsr" />
            <field label="VALUE_COD_SERV_TRK_CAR" />
            <field label="L_COD_TRK_CAR" />
            <field label="L_IND_TRK" />
            <field label="L_COD_SERV" />
            <field label="L_NUM_CAR" />
            <field label="data_tbsw0030" />
            <field label="num_mot_rsps" />
            <field label="versao_minima" />
            <field label="termid" />
            <field label="termloc" />
            <field label="tip_vd" value = " " />
            <field label="is_desfz_emissor" value="0" /> <!-- usado no desfazimento -->
            <field label="ind_sttu_tran" value="0" /> <!-- usado no desfazimento -->
            <field label="permiteCompraEmDollar" />
            <field label="nomeEmissorCupom" />    <!-- Campo dummy para coleta do nome do emissor do mapeamento -->
            <field label="swreplic" /> <!-- Utilizado no Negative para poder chamar o datamanip DefineEnderecoTrnCommon -->
            <field label="TBSW_RESULT" />
            <field label="FLAG_CONFIRMACAO_POSITIVA" value = "CP" /> <!-- Utilizado para identificar o envio de confirmacao positiva -->
            <field label="cod_gru_clas_ram" /> <!-- recuperado da TBSW0040 usado salvar na TBSW0030 e TBSW0058 -->
			<field label="orig_ind_da_rlcd_chip" /> <!-- Usado para o insert da tbsw0030 -->
            <field label="ind_da_rlcd_iata" value = "N" /> <!-- usado para reconhecer transacoes iata -->
            <field label="traps_on_file" />
            <field label="L_IND_UTLZ_PNPD" />
            <!-- Dados Validacao Ordem de Servico - DE48 TAG 80 ..  -->
            <field label="data_baixa" />
            <field label="hora_baixa" />
            <field label="cod_ocorr" />
            <field label="appl_id" />
            <field label="appl_label" />
            <field label="is_desfz_sem_original" value="FALSE" /> <!-- desfazimento sem original -->
            <!-- AUT1-1830 - ELO endereco EC no CV - INICIO -->
            <field label="nom_logr_pdv" />
            <field label="num_logr_pdv" />
            <field label="nom_brr_pdv" />
            <field label="des_cpl_endr_pdv" />
            <!-- AUT1-1830 - ELO endereco EC no CV - FIM -->
            <field label="mac_amount_pdv" />
            <field label="MARKUP" />
            <field label="CONVRATE" />
            <field label="codigoParceiroAdquirente" />
        </declare>

        <call label="Dump_Recebimento_Msg">
            <dataManipXml filePath="$(FEGEN_XML_DIR)" fileName="DataManipCommon.xml"/>
            <subDataManip objectReferenceLabel="Dump_Recebimento_Msg" />
            <targetFieldPath value="source" />
            <targetFieldPath value="LOCAL" />
            <targetFieldPath value="environment.SENDER_ADDRESS" />
        </call>
        
        <call label="CallPreProcessamento">
            <subDataManip objectReferenceLabel="PreProc" />
            <targetFieldPath value="target" />
            <targetFieldPath value="environment" />
            <targetFieldPath value="LOCAL" />
        </call>

        <call label="CallProcessamento">
            <subDataManip objectReferenceLabel="Proc" />
            <targetFieldPath value="target" />
            <targetFieldPath value="environment" />
            <targetFieldPath value="EVENT_DATA" />
            <targetFieldPath value="LOCAL" />
        </call>

        <call label="CallPosProcessamento">
            <subDataManip objectReferenceLabel="PosProc" />
            <targetFieldPath value="target" />
            <targetFieldPath value="environment" />
            <targetFieldPath value="EVENT_DATA" />
            <targetFieldPath value="LOCAL" />
        </call>

        <call label="Dump_Destino_Msg">
            <dataManipXml filePath="$(FEGEN_XML_DIR)" fileName="DataManipCommon.xml"/>
            <subDataManip objectReferenceLabel="Dump_Destino_Msg" />
            <targetFieldPath value="target" />
            <targetFieldPath value="LOCAL" />
            <targetFieldPath value="environment.FORWARD_ADDRESS" />
        </call> 
        
    </dataManip>

    <!-- @Info: MANIP DE PRE PROC -->
    <dataManip label="PreProc">
        <fieldSetReference reference="arg0" alias="target"/>
        <fieldSetReference reference="arg0.shc_msg" alias="shc_msg"/>
        <fieldSetReference reference="arg0.segments.common" alias="common"/>
        <fieldSetReference reference="arg1" alias="environment"/>
        <fieldSetReference reference="arg2" alias="LOCAL"/>

        <!-- TODO: Ver porque estah aqui solto e nao no preprocessamento  -->
        <command label="setDados" objectReferenceLabel="XCOPY">
            <value sourceField="shc_msg.termid"      type="value" targetFieldPath="LOCAL.termid" />
            <value sourceField="shc_msg.termloc"     type="value" targetFieldPath="LOCAL.termloc" />
            <value sourceField="common.terminal_pdv" type="value" targetFieldPath="shc_msg.termid" />
        </command>

        <!-- @Info: Obtem VERSAOMINIMAPDV e traps_on_file do ISTPARAM -->
        <declare label="TEMP" >
            <field label="nome_parametro1" value="acqsrv2.versaominimapdv"/>
            <field label="nome_parametro2" value="acqsrv2.traps_on_file"/>
        </declare>
        <command label="get_versaominima_istparam" objectReferenceLabel="GETPARAMIST" >
        <sourceFieldPath value="TEMP.nome_parametro1" />
        <targetFieldPath value="LOCAL.versao_minima" />
        </command>
        <command label="get_traps_on_file" objectReferenceLabel="GETPARAMIST" >
        <sourceFieldPath value="TEMP.nome_parametro2" />
        <targetFieldPath value="LOCAL.traps_on_file" />
        </command>
        <command label="  ========== obtendo variavel acqsrv2.versaominimapdv no istparam ==========" objectReferenceLabel="FIELDSET_DUMP2">
            <sourceFieldPath value = "LOCAL.versao_minima" />
        </command>
        <command label="  ========== obtendo variavel acqsrv2.traps_on_file no istparam ==========" objectReferenceLabel="FIELDSET_DUMP2">
            <sourceFieldPath value = "LOCAL.traps_on_file" />
        </command>
    
        <!-- @Info: Chamada do Pre Enriquecimento -->
        <call label="CallPreEnriquecimento">
            <subDataManip objectReferenceLabel="PreEnriquecimento" />
            <targetFieldPath value="target" />
            <targetFieldPath value="environment" />
            <targetFieldPath value="LOCAL" />
        </call>
    
        <call label="CallGrupoTravasPreProcessamento">
            <when objectReferenceLabel="EXPR"> 
                <expr value=" common.msg_category != 'CONFIRMACAO' &amp;&amp; common.msg_category != 'DESFAZIMENTO' &amp;&amp;
                              common.msg_category != 'ADV_NEGADO' " />
            </when>
            <dataManipXml filePath="$(ACQSRV_DBT_XML_DIR)" fileName="GrupoTravas.xml"/>
            <subDataManip objectReferenceLabel="GrupoTravasPreProcessamento"/>
            <targetFieldPath value="target" />
            <targetFieldPath value="LOCAL" />
        </call>
		
		<call label="CALL_TRAP113_NEGAR_DESFAZIMENTO_ESTORNO">
        <when objectReferenceLabel="EXPR">
            <expr value=" common.msg_category == 'DESFAZIMENTO' " />
        </when>
            <dataManipXml filePath="$(COMMON_XML_DIR)" fileName="BusinessRules.xml" />
            <subDataManip objectReferenceLabel="TRAP113_NEGAR_DESFAZIMENTO_ESTORNO" />
            <targetFieldPath value="target" />
            <targetFieldPath value="LOCAL" />
        </call>
        
        <!-- Anti-Fraude - Bloqueio de BINs -->
        <call label="CallVerificaBinBloqueado">
        <when objectReferenceLabel="EXPR">
            <expr value=" common.msg_category != 'CONFIRMACAO' &amp;&amp; common.msg_category != 'DESFAZIMENTO' &amp;&amp;
                          common.msg_category != 'ADV_NEGADO'  &amp;&amp; common.msg_category != 'ADV_APROVADO'" />
        </when>
            <dataManipXml filePath="$(ACQSRV_DBT_XML_DIR)" fileName="GrupoTravas.xml"/>
            <subDataManip objectReferenceLabel="VerificaBinBloqueado"/>
            <targetFieldPath value="target" />
            <targetFieldPath value="LOCAL" />
        </call>

        <!-- TRAVA 114 | SCSW-7410 / MTS | Validacao Mac Amount | INICIO -->
        <!-- call label="CALL_TRAP114_MAC_AMOUNT">
        <when objectReferenceLabel="EXPR">
            <expr value=" common.msg_category == 'VENDA'" />
        </when>
            <dataManipXml filePath="$(COMMON_XML_DIR)" fileName="BusinessRules.xml" />
            <subDataManip objectReferenceLabel="TRAP114_MAC_AMOUNT" />
            <targetFieldPath value="target" />
            <targetFieldPath value="LOCAL" />
        </call -->
        <!-- TRAVA 114 | SCSW-7410 / MTS | Validacao Mac Amount | FIM -->        

    </dataManip>

    <!-- @Info: MANIP DE PROC -->
    <dataManip label="Proc">
        <fieldSetReference reference="arg0" alias="target"/>
        <fieldSetReference reference="arg0.shc_msg" alias="shc_msg"/>
        <fieldSetReference reference="arg0.segments.common" alias="common"/>
        <fieldSetReference reference="arg1" alias="environment"/>
        <fieldSetReference reference="arg2" alias="EVENT_DATA"/>
        <fieldSetReference reference="arg3" alias="LOCAL"/>

        <!-- Se trn necessita da original faz aqui para jah definir parametros iniciais: Issuer, bandeira, etc. 
            Estes dados serao usado para nao precisar executar o rotemanto. Algumas transacoes
            nao tem todos os dados necessarios para executa-lo -->
        <conditional-block label="Recupera dados originais para trasacoes relacionadas" >
            <if objectReferenceLabel="EXPR">
            <expr value=" common.msg_category == 'DESFAZIMENTO' || common.msg_category == 'ESTORNO' 
                        || common.msg_category == 'CONFIRMACAO'    " />
                <call label="CallRecuperaDadosTrnOriginal">
                    <subDataManip objectReferenceLabel="RecuperaDadosTrnOriginal" />
                    <targetFieldPath value="target" />
                    <targetFieldPath value="environment" />
                    <targetFieldPath value="LOCAL" />
                </call>
            </if>
        </conditional-block>
        
        <!-- O COD_TRAN do DBT eh utilizado no roteamento (para determinar se o emissor eh VAN), por isso tem que ser chamado ANTES do roteamento -->
        <conditional-block label="ATRIBUICAO_COD_TRAN_DEBITO" >
            <if objectReferenceLabel="EXPR">
                <!-- COD_TRAN para ESTORNO e DESFAZIMENTO jah foi atribuido no resgate da transacao original -->
                <expr value="common.msg_category != 'ESTORNO' &amp;&amp; common.msg_category != 'DESFAZIMENTO'" />
                <call label="Call_Atribuicao_CodTrans_CRT_DBT">
                    <dataManipXml filePath="$(FEGEN_XML_DIR)" fileName="CodTransAssign.xml"/>
                    <subDataManip objectReferenceLabel="Atribuicao_CodTrans_CRT_DBT"/>
                    <targetFieldPath value="target" />
                </call>
            </if>
        </conditional-block>

        <!-- @Info: Chamada do Proceso de Roteamento da transacao -->
        <call label="CallTrataRoteamento">
            <!-- Somente rotear confirmacao se tiver original-->
            <!-- Para DESFAZIMENTO SEM ORIGINAL, nao efetua roteamento .. -->
            <when objectReferenceLabel="EXPR">
                <expr value="LOCAL.is_desfz_sem_original != 'TRUE' &amp;&amp; 
                        (common.msg_category != 'CONFIRMACAO' || (common.msg_category == 'CONFIRMACAO' &amp;&amp; LOCAL.trn_tem_original == 'TRUE'))" /> 
            </when>
            <subDataManip objectReferenceLabel="TrataRoteamento" /> 
            <targetFieldPath value="target" />
            <targetFieldPath value="LOCAL" /> 
        </call>
        
        <!-- @Info: Determina dados especifios do issuer/bandeira. 
             Altera nomes especificos de issuer (HVM e Ticket chip)  -->
        <call label="CallObtemInfoIssuer">
            <!-- Para DESFAZIMENTO SEM ORIGINAL, nao efetua roteamento .. -->
            <when objectReferenceLabel="EXPR">
                <expr value="LOCAL.is_desfz_sem_original != 'TRUE'" />
            </when>
            <dataManipXml filePath="$(FEGEN_XML_DIR)" fileName="DataManipCommon.xml"/>
            <subDataManip objectReferenceLabel="ObtemInfoIssuer" />
            <targetFieldPath value="target" />
            <targetFieldPath value="LOCAL" />
        </call>

        <call label="CallSetApplDataMaster">
            <dataManipXml filePath="$(COMMON_XML_DIR)" fileName="DataManipPdvCommon.xml"/>
            <subDataManip objectReferenceLabel="SetApplDataMaster"/>
            <targetFieldPath value="target" />
            <targetFieldPath value="LOCAL" />
        </call>

        <!-- Executa estas operacoes se nao for uma confirmacao -->
        <conditional-block label="Executa operacoes se nao for confirmacao (3a_perna)" >
            <if objectReferenceLabel="EXPR">
            <expr value=" common.msg_category != 'CONFIRMACAO' " />
            
                <conditional-block label="TravasRoteamento" >
                    <if objectReferenceLabel="EXPR">            
                        <expr value="common.msg_category != 'DESFAZIMENTO'" />
                        <call label="CallInsertChipFullDataTerminalType">
                            <dataManipXml filePath="$(FEGEN_XML_DIR)" fileName="DataManipCommon.xml"/>
                            <subDataManip objectReferenceLabel="InsertChipFullDataTerminalType" />
                            <targetFieldPath value="target" />
                        </call>
						
                        <!-- @Info: Chamada do enriquecimento da Tag 9F6E NFC Visa -->						
						<call label="CallInsertTag9F6E">
							<dataManipXml filePath="$(FEGEN_XML_DIR)" fileName="DataManipCommon.xml"/>
							<subDataManip objectReferenceLabel="InsertTag9F6E" />
							<targetFieldPath value="target" />
						</call> 
						
                    </if>
                </conditional-block>  
                
                <!-- @Info: Chamada do tratamento Confirmacao Positiva -->
                <call label="CallTratamentoCP">
                    <subDataManip objectReferenceLabel="TratamentoCP" />
                    <targetFieldPath value="target" />
                    <targetFieldPath value="LOCAL" />
                </call>

                <!-- @Info: Chamada Loader das tabelas de Cadastro -->
                <call label="CallLoadTabelasCadastro">
                    <subDataManip objectReferenceLabel="LoadTabelasCadastro" />
                    <targetFieldPath value="target" />
                    <targetFieldPath value="LOCAL" />
                </call>
        
            </if>
        </conditional-block>
		
		<!-- EAK-1733 -->
		<!-- Registra trace da transacao no arquivo de log -->
        <call label="CallRegistraTraceReq">
            <dataManipXml filePath="$(FEGEN_XML_DIR)" fileName="DataManipCommon.xml"/>
            <subDataManip objectReferenceLabel="RegistraTraceReq"/>
            <targetFieldPath value="target" />
            <targetFieldPath value="environment" />
            <targetFieldPath value="LOCAL" />
        </call>		

        <!-- TRATAMENTO DE55 TAGS 0x50 E 0x9F06 MAESTRO E VISA DEBITO - INICIO -->
        <conditional-block label="tratamento_appl_label_e_appl_id_maestro_visa_debito" >
            <if objectReferenceLabel="EXPR">
            <expr value="common.iss_name in ('MAESTRO, VISA_ELECTRON')" />
                
                <!-- DE55 TAG 0x50 - Application Label -->
                <declare label="CHIP_FULL_DATA_APPL_LABEL" >
                    <field label="CONTEUDO" />
                    <field label="BUFFER" />
                    <field label="SIZE" />
                    <field label="RESULTADO" value="NOTFOUND" />
                    <field label="HEADER" value="0" />
                    <field label="TAG" value="50" />
                </declare>

                <command label="copy_from_chip_full_data" objectReferenceLabel="COPY">
                    <sourceFieldPath value="target.segments.chip.chip_full_data"/>
                    <targetFieldPath value="CHIP_FULL_DATA_APPL_LABEL.BUFFER"/>
                </command>
                <command label="copy_from_chip_full_data_len" objectReferenceLabel="COPY">
                    <sourceFieldPath value="target.segments.chip.chip_full_data_len"/>
                    <targetFieldPath value="CHIP_FULL_DATA_APPL_LABEL.SIZE"/>
                </command>
                <command label="buffer_to_upper" objectReferenceLabel="STRINGCASE" >
                    <sourceFieldPath value = "CHIP_FULL_DATA_APPL_LABEL.BUFFER" />
                    <targetFieldPath value = "CHIP_FULL_DATA_APPL_LABEL.BUFFER" />
                    <mode value = "UPPER" />
                </command>

                <command label="remove_tag_50_de55" objectReferenceLabel="REMOVE_DE55">
                    <targetFieldPath value="CHIP_FULL_DATA_APPL_LABEL"/>
                </command>

                <conditional-block label="CheckTag50">
                    <if objectReferenceLabel="EXPR">
                    <expr value="CHIP_FULL_DATA_APPL_LABEL.RESULTADO == 'FOUND'"  />
                        <command label="copy_to_chip_full_data" objectReferenceLabel="COPY">
                            <sourceFieldPath value="CHIP_FULL_DATA_APPL_LABEL.CONTEUDO"/>
                            <targetFieldPath value="target.segments.chip.chip_full_data"/>
                        </command>

                        <command label="copy_to_chip_full_data_len" objectReferenceLabel="COPY">
                            <sourceFieldPath value="CHIP_FULL_DATA_APPL_LABEL.SIZE"/>
                            <targetFieldPath value="target.segments.chip.chip_full_data_len"/>
                        </command>
                    </if>
                </conditional-block>

                <!-- DE55 TAG 0x9F06 - Application Identifier (AID) -->
                <declare label="CHIP_FULL_DATA_APPL_ID" >
                    <field label="CONTEUDO" />
                    <field label="BUFFER" />
                    <field label="SIZE" />
                    <field label="RESULTADO" value="NOTFOUND" />
                    <field label="HEADER" value="0" />
                    <field label="TAG" value="9F06" />
                </declare>

                <command label="copy_from_chip_full_data" objectReferenceLabel="COPY">
                    <sourceFieldPath value="target.segments.chip.chip_full_data"/>
                    <targetFieldPath value="CHIP_FULL_DATA_APPL_ID.BUFFER"/>
                </command>
                <command label="copy_from_chip_full_data_len" objectReferenceLabel="COPY">
                    <sourceFieldPath value="target.segments.chip.chip_full_data_len"/>
                    <targetFieldPath value="CHIP_FULL_DATA_APPL_ID.SIZE"/>
                </command>
                <command label="buffer_to_upper" objectReferenceLabel="STRINGCASE" >
                    <sourceFieldPath value = "CHIP_FULL_DATA_APPL_ID.BUFFER" />
                    <targetFieldPath value = "CHIP_FULL_DATA_APPL_ID.BUFFER" />
                    <mode value = "UPPER" />
                </command>

                <command label="remove_tag_9f06_de55" objectReferenceLabel="REMOVE_DE55">
                    <targetFieldPath value="CHIP_FULL_DATA_APPL_ID"/>
                </command>

                <conditional-block label="CheckTag9F06">
                    <if objectReferenceLabel="EXPR">
                    <expr value="CHIP_FULL_DATA_APPL_ID.RESULTADO == 'FOUND'"  />
                        <command label="copy_to_chip_full_data" objectReferenceLabel="COPY">
                            <sourceFieldPath value="CHIP_FULL_DATA_APPL_ID.CONTEUDO"/>
                            <targetFieldPath value="target.segments.chip.chip_full_data"/>
                        </command>

                        <command label="copy_to_chip_full_data_len" objectReferenceLabel="COPY">
                            <sourceFieldPath value="CHIP_FULL_DATA_APPL_ID.SIZE"/>
                            <targetFieldPath value="target.segments.chip.chip_full_data_len"/>
                        </command>
                    </if>
                </conditional-block>
            </if>
        </conditional-block>
        <!-- TRATAMENTO DE55 TAGS 0x50 E 0x9F06 MAESTRO E VISA DEBITO - FIM -->

        <!-- @Info: Chamada do Fluxo das transacoes -->
        <conditional-block label="ChamaFluxoTrn" >
            <!-- @Info: Fluxo das transacoes de consulta e Fluxo das transacoes de venda ( ambos sao iguais ) -->
            <if objectReferenceLabel="EXPR">
            <expr value="common.msg_category == 'CONSULTA' || common.msg_category == 'VENDA' ||
                         common.msg_category == 'ADV_APROVADO' || common.msg_category == 'ADV_NEGADO'" />
                <call label="CallFluxoConsulta_FluxoVenda">
                    <subDataManip objectReferenceLabel="FluxoConsulta_FluxoVenda" />
                    <targetFieldPath value="target" />
                    <targetFieldPath value="environment" />
                    <targetFieldPath value="LOCAL" />
                </call>
            </if>
            <!-- @Info: Fluxo das transacoes de estorno -->
            <else-if objectReferenceLabel="EXPR">
            <expr value="common.msg_category == 'ESTORNO'" />
                <call label="CallFluxoEstorno">
                    <subDataManip objectReferenceLabel="FluxoEstorno" />
                    <targetFieldPath value="target" />
                    <targetFieldPath value="environment" />
                    <targetFieldPath value="LOCAL" />
                </call>
            </else-if>
            <!-- @Info: Fluxo das transacoes de desfazimento -->
            <else-if objectReferenceLabel="EXPR">
            <expr value="common.msg_category == 'DESFAZIMENTO'" />
                <call label="CallFluxoDesfazimento">
                    <subDataManip objectReferenceLabel="FluxoDesfazimento" />
                    <targetFieldPath value="target" />
                    <targetFieldPath value="environment" />
                    <targetFieldPath value="LOCAL" />
                </call>
            </else-if>
            <else-if objectReferenceLabel="EXPR">
            <expr value="common.msg_category == 'CONFIRMACAO'" />
                <call label="CallFluxoConsulta">
                    <subDataManip objectReferenceLabel="FluxoConfirmacao" />
                    <targetFieldPath value="target" />
                    <targetFieldPath value="environment" />
                    <targetFieldPath value="EVENT_DATA" />
                    <targetFieldPath value="LOCAL" />
                </call>
            </else-if>
            <else>
                <command label=" Parametros determinantes do fluxo desconhecidos: " objectReferenceLabel="XDUMP">
                    <sourceFieldPath value = "common.msg_category" />
                    <sourceFieldPath value = "common.msg_name" />
                </command>
                <command label="  ========= Fluxo nao determinado =========  " objectReferenceLabel="DROP" />
            </else>
        </conditional-block>

    </dataManip>

    <!-- @Info: MANIP DE POS PROC -->
    <dataManip label="PosProc">
        <fieldSetReference reference="arg0" alias="target"/>
        <fieldSetReference reference="arg0.shc_msg" alias="shc_msg"/>
        <fieldSetReference reference="arg0.segments.common" alias="common"/>
        <fieldSetReference reference="arg1" alias="environment"/>
        <fieldSetReference reference="arg2" alias="EVENT_DATA"/>
        <fieldSetReference reference="arg3" alias="LOCAL"/>

        <!-- @Info: Salva os dados da transacao em evento -->
        <call label="CallSalvarDadosEvento">
            <subDataManip objectReferenceLabel="SalvarDadosEvento" />
            <targetFieldPath value="target" />
            <targetFieldPath value="environment" />
            <targetFieldPath value="EVENT_DATA" />
            <targetFieldPath value="LOCAL" />
        </call>

        <!-- Emergencial para contornar o problema de estouro de tamanho de mensagem
                   Desliga o segmento "commerce" nao utilizado pelo POS e PDV     -->
        <command label="SetOFF_seg_commerce" objectReferenceLabel="TURN_OFF" >
            <targetFieldPath value="target.segments.commerce" />
        </command>

        <command label="SetOFF_seg_commerce" objectReferenceLabel="TURN_OFF" >
            <targetFieldPath value="target.segments.voucher" />
        </command>

        <command label="SetOFF_seg_commerce" objectReferenceLabel="TURN_OFF" >
            <targetFieldPath value="target.segments.private_label" />
        </command>

        <command label="SetOFF_seg_pos_acquirer" objectReferenceLabel="TURN_OFF" >
            <targetFieldPath value="target.segments.pos_acquirer" />
        </command>

        <command label="SetOFF_seg_payment" objectReferenceLabel="TURN_OFF" >
            <targetFieldPath value="target.segments.payment" />
        </command>

        <command label="SetOFF_seg_pix" objectReferenceLabel="TURN_OFF" >
            <targetFieldPath value="target.segments.pix" />
        </command>

        <!-- AUT1-3410 - J05/21 - Antifraude Link de Pagamento - INICIO -->
        <command label="SetOFF_seg_web_acquirer" objectReferenceLabel="TURN_OFF" >
            <targetFieldPath value="target.segments.web_acquirer" />
        </command>
        <!-- AUT1-3410 - J05/21 - Antifraude Link de Pagamento - FIM -->
		
	<!-- JPFC - EAK-5604 - Inicio -->
        <command label="SetOFF_seg_pdv_acquirer" objectReferenceLabel="TURN_OFF" >
            <targetFieldPath value="target.segments.pdv_acquirer" />
        </command>		
	<!-- JPFC - EAK-5604 - Fim -->
		
        <!-- AUT1-3543 - Release Bandeira Abril/21 - ELO - ID da Transacao - INICIO -->
        <command label="SetOFF_seg_acquirer_common" objectReferenceLabel="TURN_OFF" >
            <targetFieldPath value="target.segments.acquirer_common" />
        </command>
        <!-- AUT1-3543 - Release Bandeira Abril/21 - ELO - ID da Transacao - FIM -->

    </dataManip>

    <dataManip label="PreEnriquecimento">
        <fieldSetReference reference="arg0" alias="target"/>
        <fieldSetReference reference="arg0.shc_msg" alias="shc_msg"/>
        <fieldSetReference reference="arg0.segments.common" alias="common"/>
        <fieldSetReference reference="arg0.segments.merchant" alias="merchant"/>
        <fieldSetReference reference="arg1" alias="environment"/>
        <fieldSetReference reference="arg2" alias="LOCAL"/>
    
        <call label="CallSet_Valores_Defaults">
            <subDataManip objectReferenceLabel="Set_Valores_Defaults" />
            <targetFieldPath value="target" />
            <targetFieldPath value="environment" />
            <targetFieldPath value="LOCAL" />
        </call>
    
        <call label="Call2NDGAC">
            <dataManipXml filePath="$(FEGEN_XML_DIR)" fileName="DataManipCommon.xml"/>
            <subDataManip objectReferenceLabel="2NDGAC"/>
            <targetFieldPath value="target" />
            <targetFieldPath value="LOCAL" />
        </call>
    
        <call label="CallSetApplData">
            <dataManipXml filePath="$(FEGEN_XML_DIR)" fileName="DataManipCommon.xml"/>
            <subDataManip objectReferenceLabel="SetApplData"/>
            <targetFieldPath value="target" />
            <targetFieldPath value="LOCAL" />
        </call>

        <call label="CallAtribuirNSU">
            <dataManipXml filePath="$(FEGEN_XML_DIR)" fileName="DataManipCommon.xml"/>
            <subDataManip objectReferenceLabel="AtribuirNSU" />
            <targetFieldPath value="target" />
            <targetFieldPath value="LOCAL" />
        </call>

      <!-- EAK-4528 - [PDV75] Modulo acqrsrv stalled -->
      <!--
          // TO DO //
          PRECISA SER IMPLEMENTADO CRIPTOGRAFIA indCripto => SP
          NAO CONSTA AINDA PARA FE-PDV 7.5 | 09/2021
          // TO DO //
      -->
      <command label="=== Limpa MAC amount PDV ===" objectReferenceLabel="VALUE">
        <!-- when objectReferenceLabel="EXPR">
          <expr value="common.msg_category != 'VENDA'" />
        </when -->
        <sourceValue value="" />
        <targetFieldPath value="merchant.mac_amount"/>
      </command>
        
        <conditional-block label="CHECK_CRIPTLEGADO">
        <if objectReferenceLabel="EXPR">
            <expr value="( merchant.tipoCriptLegado != '3' )" />
            <call label="CallDecriptografia">
                <dataManipXml filePath="$(FEGEN_XML_DIR)" fileName="DataManipCommon.xml"/>
                <subDataManip objectReferenceLabel="Decriptografia" />
                <targetFieldPath value="target" />
                <targetFieldPath value="LOCAL" />
            </call>
    
            <call label="CallTrataTrilha">
                <dataManipXml filePath="$(FEGEN_XML_DIR)" fileName="DataManipCommon.xml"/>
                <subDataManip objectReferenceLabel="TrataTrilha" />
                <targetFieldPath value="target" />
                <targetFieldPath value="LOCAL" />
            </call>
        </if>
        </conditional-block>

    </dataManip>
    
    <dataManip label="Set_Valores_Defaults">
        <fieldSetReference reference="arg0" alias="target"/>
        <fieldSetReference reference="arg0.shc_msg" alias="shc_msg"/>
        <fieldSetReference reference="arg0.segments.common" alias="common"/>
        <fieldSetReference reference="arg1" alias="environment"/>
        <fieldSetReference reference="arg2" alias="LOCAL"/>
    
        <command label="Forward_Address" objectReferenceLabel="MAILBOXLOCATOR" >
            <mailboxName value="SharedCash" />
            <targetFieldPath value="environment.FORWARD_ADDRESS" />
        </command>
    
        <command label="set_formatador_origem" objectReferenceLabel="COPY" >
            <sourceFieldPath value="environment.SENDER_ADDRESS" />
            <targetFieldPath value="common.orig_fmt_mb" />
        </command>
    
        <call label="CallSet_Valores_1">
            <dataManipXml filePath="$(FEGEN_XML_DIR)" fileName="DataManipCommon.xml"/>
            <subDataManip objectReferenceLabel="Set_Valores_1"/>
            <targetFieldPath value="target" />
            <targetFieldPath value="LOCAL" />
        </call>
    
    </dataManip>
    
    <dataManip label="TrataRoteamento">
        <fieldSetReference reference="arg0" alias="target"/>
        <fieldSetReference reference="arg0.shc_msg" alias="shc_msg"/>
        <fieldSetReference reference="arg0.segments.common" alias="common"/>
        <fieldSetReference reference="arg1" alias="LOCAL"/>
    
        <declare label="TrxRoutingData" >
            <field label="codTipTran" value="D"/>
            <field label="nomHostAcqr" value="PDV"/>
            <field label="nomFeAcqr"/>
            <field label="codRota"/>
            <field label="codIssrSw"/>
            <field label="networkId"/>
            <field label="networkIdVan"/>
            <field label="nomEmsrSw"/>
            <field label="codEmsrSw"/>
            <field label="codBndr"/>
            <field label="codFeEmsr"/>
            <field label="result"/>
        </declare>
    
        <!-- Se transacao recuperou issuer da original, nao necessita re-executar roteamento -->
        <conditional-block label="Executa_roteamente_se_necessario" >
            <if objectReferenceLabel="EXPR">
            <expr value=" shc_msg.issuer == '' " />
            
                <command label="Roteamento_Issuer" objectReferenceLabel="TRXROUTING" >
                    <sourceFieldPath value="TrxRoutingData" />
                    <targetFieldPath value="TrxRoutingData" />
                    <sourceBin value="common.bin" />
                </command>
    
                <command label="  ========= Roteamento do Issuer =========" objectReferenceLabel="FIELDSET_DUMP">
                    <sourceFieldPath value = "TrxRoutingData"/>
                </command>
    
                <call label="CallGrupoTravasRoteamento">
                    <when objectReferenceLabel="EXPR">
                        <expr value="common.msg_category != 'ADV_NEGADO'" />
                    </when>
                    <dataManipXml filePath="$(ACQSRV_DBT_XML_DIR)" fileName="GrupoTravas.xml"/>
                    <subDataManip objectReferenceLabel="GrupoTravasRoteamento"/>
                    <targetFieldPath value="target" />
                    <targetFieldPath value="LOCAL" />
                    <targetFieldPath value="TrxRoutingData" />
                </call>
    
                <command label="xcopy_set_dados_roteamento" objectReferenceLabel="XCOPY">
                    <value sourceField="TrxRoutingData.codEmsrSw"    type="value" targetFieldPath="common.cd_ems" />
                    <value sourceField="TrxRoutingData.codBndr"      type="value" targetFieldPath="common.cod_bndr" />
                    <value sourceField="TrxRoutingData.networkId"    type="value" targetFieldPath="shc_msg.issuer" />
                    <value sourceField="TrxRoutingData.networkIdVan" type="value" targetFieldPath="LOCAL.network_id_van" />
                </command>
    
            </if>
        </conditional-block>
        
    </dataManip>
    
    <dataManip label="TratamentoCP">
        <fieldSetReference reference="arg0" alias="target"/>
        <fieldSetReference reference="arg0.shc_msg" alias="shc_msg"/>
        <fieldSetReference reference="arg0.segments.common" alias="common"/>
        <fieldSetReference reference="arg0.segments.debt" alias="debt"/>
        <fieldSetReference reference="arg0.segments.merchant" alias="merchant"/>
		<!-- EAK-5604 - JPFC - Inicio -->
        <fieldSetReference reference="arg0.segments.pdv_acquirer" alias="pdv_acquirer"/>
		<!-- EAK-5604 - JPFC - Fim -->
        <fieldSetReference reference="arg1" alias="LOCAL"/>
    
        <declare label="TMP" >
            <field label="length" />
            <field label="CP_Data" />
        </declare>
    
        <command label="GetLengthDadosColetados" objectReferenceLabel="GET_FSPROP">
            <sourceFieldPath value="debt.dados_coletados"/>
            <targetFieldPath value="TMP.length"/>
            <propertyToGet value="length"/>
        </command>
        <!-- Monta o conteudo do acquirer_data conforme esperado pelo issuer -->
        <conditional-block label="Check_ConfirmacaoPositiva">
            <if objectReferenceLabel="EXPR">
            <expr value="common.pdv_trn_id  == LOCAL.FLAG_CONFIRMACAO_POSITIVA" />
    
                <command label="Reset_CP_Data" objectReferenceLabel="VALUE" >
                    <sourceValue value="" />
                    <targetFieldPath value="TMP.CP_Data" />
                </command>
    
                <command label="Add_pdv_trn_id" objectReferenceLabel="CONCAT" >
                    <sourceFieldPath value = "TMP.CP_Data" />
                    <targetFieldPath value = "TMP.CP_Data" />
                    <concatSide value = "RIGHT" />
                    <concatFieldSetPath value = "common.pdv_trn_id" />
                </command>
                <command label="Add_indCripto" objectReferenceLabel="CONCAT" >
                    <sourceFieldPath value = "TMP.CP_Data" />
                    <targetFieldPath value = "TMP.CP_Data" />
                    <concatSide value = "RIGHT" />
                    <concatFieldSetPath value = "merchant.indCripto" />
                </command>
                <command label="Add_cvv2" objectReferenceLabel="CONCAT" >
                    <sourceFieldPath value = "TMP.CP_Data" />
                    <targetFieldPath value = "TMP.CP_Data" />
                    <concatSide value = "RIGHT" />
                    <concatFieldSetPath value = "shc_msg.cvv2" />
                </command>
                <command label="Add_cap_positive_conf" objectReferenceLabel="CONCAT" >
                    <sourceFieldPath value = "TMP.CP_Data" />
                    <targetFieldPath value = "TMP.CP_Data" />
                    <concatSide value = "RIGHT" />
                    <concatFieldSetPath value = "debt.cap_positive_conf" />
                </command>
                <command label="Add_cap_data_positive_conf" objectReferenceLabel="CONCAT" >
                    <sourceFieldPath value = "TMP.CP_Data" />
                    <targetFieldPath value = "TMP.CP_Data" />
                    <concatSide value = "RIGHT" />
                    <concatFieldSetPath value = "debt.cap_data_positive_conf" />
                </command>
                <conditional-block label="Check_ConfirmacaoPositiva">
                   <if objectReferenceLabel="EXPR">
                   <expr value="debt.cap_positive_conf == 'S' &amp;&amp; debt.cap_data_positive_conf == 'S' &amp;&amp; TMP.length > '0'" />
                       <command label="Add_dados_coletados" objectReferenceLabel="CONCAT" >
                           <sourceFieldPath value = "TMP.CP_Data" />
                           <targetFieldPath value = "TMP.CP_Data" />
                           <concatSide value = "RIGHT" />
                           <concatFieldSetPath value = "debt.dados_coletados" />
                       </command>
                   </if>
                </conditional-block>
                <command label="set_acquirer_data" objectReferenceLabel="COPY" >
                    <sourceFieldPath value="TMP.CP_Data" />
                    <targetFieldPath value="shc_msg.acquirer_data" />
                </command>
    
                <conditional-block label="check_tipo_criptograma">
                    <if objectReferenceLabel="EXPR">
					<!-- JPFC - EAK-5604: Sub-Adquirente - Cripto CP    (par com TAG017) -->
                    <expr value="merchant.indCripto == 'S5' || merchant.indCripto == 'S6' || merchant.indCripto == 'S9' || (merchant.indCripto == 'SS' &amp;&amp; pdv_acquirer.tag058CriptoType == 'D' )" />
					<!-- JPFC - EAK-5604: Sub-Adquirente - Cripto CP    (par com TAG017) -->
                        <command label="set_device_devcap_05000000_on" objectReferenceLabel="IST_FLAG">
                            <targetFieldPath value="shc_msg.device_devcap"/>
                            <flagName value="SH_DEVCAP_TERMINALDUKPT_DATA"/>
                            <enableFlag value="true"/>
                        </command>
                    </if>
                    <else>
                        <command label="set_device_devcap_05000000_off" objectReferenceLabel="IST_FLAG">
                            <targetFieldPath value="shc_msg.device_devcap"/>
                            <flagName value="SH_DEVCAP_TERMINALDUKPT_DATA"/>
                            <enableFlag value="false"/>
                        </command>
                    </else>
                </conditional-block>
           </if>
        </conditional-block>
    </dataManip>
    
    <dataManip label="LoadTabelasCadastro">
        <fieldSetReference reference="arg0" alias="target"/>
        <fieldSetReference reference="arg0.shc_msg" alias="shc_msg"/>
        <fieldSetReference reference="arg0.segments.common" alias="common"/>
        <fieldSetReference reference="arg0.segments.merchant" alias="merchant"/>
        <fieldSetReference reference="arg1" alias="LOCAL"/>
    
        <declare label="TBSW0040" >
            <field label="NUM_PDV"/>
            <field label="COD_TIP_ESTB_PDV"/>
            <field label="COD_CTGR"/>
            <field label="NOM_RZAO_SCLA_ESTB"/>
            <field label="NOM_FAT_PDV"/>
            <field label="COD_CEP_PDV"/>
            <field label="COD_CEP_CPL_PDV"/>
            <field label="NOM_CID_PDV"/>
            <field label="NOM_ESTB_PDV"/>
            <field label="COD_PAIS"/>
            <field label="COD_RAM_ATVD"/>
            <field label="COD_RAM_ATVD_MTC"/>
            <field label="COD_CTGR_TRAN_MTC"/>
            <field label="COD_RAM_ATVD_MTC_DNRS"/>
            <field label="COD_MTZ_ESTB"/>
            <field label="COD_GRU_ESTB"/>
            <field label="NUM_CNPJ"/>
            <field label="COD_STTU_REG"/>
            <field label="DAT_ATLZ_REG"/>
            <field label="COD_ID_DSTR"/>
            <field label="IND_PDV_CART_DGTL"/>
            <field label="COD_TIP_PES"/>
            <field label="COD_GRU_CLAS_RAM"/>
            <field label="COD_TIP_FACR"/>
            <field label="COD_MVV"/>                <!-- J10_2020 - Release Outubro -->
            <field label="COD_PRCR_PSP"/>           <!-- AUT1-2121 - Codigo da Chave PIX -->
            <field label="COD_TIP_CHAV_PIX"/>       <!-- AUT1-2121 - Codigo do Parceiro PSP - PIX -->
            <field label="COD_CHAV_PIX"/>           <!-- AUT1-2320 - Codigo do tipo da Chave PIX -->
            <field label="NUM_CNPJ_PIX_OWN_CHAV"/>  <!-- AUT1-2821 - PIX CNPJ Owner -->

            <field label="MER_POST"/>
            <field label="COD_RAM_ATVD_INTER"/>
            <field label="POS_GEO_LOC"/>
            <field label="RESULT_DSTR"/>
            <field label="COD_RAM_ATVD_DSTR"/>

            <field label="NOM_LOGR_PDV"/>           <!-- AUT1-1830 - ELO endereco EC no CV -->
            <field label="NUM_LOGR_PDV"/>           <!-- AUT1-1830 - ELO endereco EC no CV -->
            <field label="NOM_BRR_PDV"/>            <!-- AUT1-1830 - ELO endereco EC no CV -->
            <field label="DES_CPL_ENDR_PDV"/>       <!-- AUT1-1830 - ELO endereco EC no CV -->

            <field label="COD_CNL"/>
            <field label="COD_CEL"/>

            <field label="RESULT"/>
        </declare>
    
        <declare label="TBSW0041" >
            <field label="NUM_PDV"/>
            <field label="COD_BNDR"/>
            <field label="QTD_MXO_PRCL"/>
            <field label="COD_STTU_REG"/>
            <field label="DAT_ATLZ_REG"/>
            <field label="COD_BCO_CMPS"/>
            <field label="COD_AGE"/>
            <field label="NUM_CTA_BNCR"/>
            <field label="DAT_INI_COB_ANT"/>
            <field label="DAT_INI_COB_ATU"/>
            <field label="TIP_COB_TRAN_ANT"/>
            <field label="TIP_COB_TRAN_ATU"/>
            <field label="VAL_COB_TRAN_ANT"/>
            <field label="VAL_COB_TRAN_ATU"/>
            <field label="COD_TRAN"/>
            <field label="IND_PERM_TRAN_DGTD_EMSR"/>
            <field label="IND_MODL_CPTR"/>
            <field label="RESULT"/>
        </declare>
    
        <declare label="TBSW0042" >
            <field label="NUM_PDV"/>
            <field label="COD_TERM"/>
            <field label="COD_STTU_REG"/>
            <field label="DAT_ATLZ_REG"/>
            <field label="COD_PSSE_TERM"/>
            <field label="COD_SIT_TERM"/>
            <field label="COD_PRDC_TERM"/>
            <field label="IND_ATIN"/>
            <field label="IND_ATCG"/>
            <field label="IND_UTLZ_PNPD"/>
            <field label="IND_TRAN_DGTD"/>
            <field label="COD_VERS_SFTW"/>
            <field label="COD_VERS_DLL"/>
            <field label="COD_TCNL"/>
            <field label="SGL_TCNL"/>
            <field label="TIP_LGCO"/>
            <field label="IND_TERM_BLQD"/>
            <field label="TIP_TERM"/>
            <field label="TIP_EQPM"/>
            <field label="IND_TRAN_CHIP"/>
            <field label="IND_TERM_LTRO_CHIP"/>
            <field label="DAT_ATCG"/>
            <field label="IND_TERM_FATR_EXPS"/>
            <field label="QTD_HOR_INTV"/>
            <field label="RESULT"/>
        </declare>
    
        <declare label="TBSW0043" >
            <field label="COD_TERM"/>
            <field label="COD_STTU_REG"/>
            <field label="DAT_ATLZ_REG"/>
            <field label="COD_FUN" value="1"/>
            <field label="RESULT"/>
        </declare>
    
        <declare label="TBSW0047" >
            <field label="RESULT"/>
            <field label="COD_BCO_CMPS"/>
            <field label="COD_INT_BCO"/>
            <field label="COD_MODO_OPE_BCO"/>
            <field label="COD_MODO_PLTO"/>
            <field label="IND_OPE_CDC"/>
            <field label="DAT_VIG_CDC"/>
            <field label="IND_OPE_PRCI"/>
            <field label="DAT_VIG_PRCI"/>
            <field label="DAT_VIG_PDA"/>
            <field label="IND_OPE_GRNT_CHQ"/>
            <field label="IND_SIT_BCO"/>
            <field label="IND_SIT_BCO_ESTB"/>
            <field label="NOM_BCO_CMPL"/>
            <field label="TMS_INCL"/>
            <field label="COD_STTU_REG"/>
            <field label="IND_OPE_PDA"/>
            <field label="DAT_VIG_GRNT_CHQ"/>
        </declare>
        
        <declare label="TBSW0071" >
            <field label="NUM_PDV"/>
            <field label="COD_STTU_REG"/>
            <field label="DAT_ATLZ_REG"/>
            <field label="COD_SERV"/>
            <field label="NUM_PDV_BCO_ARCD"/>
            <field label="TIP_MDLD_PGMN"/>
            <field label="COD_BLTO_BCO_ARCD"/>
            <field label="VAL_MN_VD"/>
            <field label="VAL_MX_SQUE"/>
            <field label="RESULT"/>
        </declare>
    
        <declare label="TBSW0140" >
            <field label="RESULT"/>
            <field label="COD_MCC"/>
        </declare>

        <call label="CallLOADER_TBSW0040">
            <dataManipXml filePath="$(FEGEN_XML_DIR)" fileName="DataBaseCommon.xml"/>
            <subDataManip objectReferenceLabel="LOADER_TBSW0040"/>
            <targetFieldPath value="target" />
            <targetFieldPath value="LOCAL" />
            <targetFieldPath value="TBSW0040" />
        </call>
    
        <call label="CallEnriquecimentoTBSW0040">
            <dataManipXml filePath="$(FEGEN_XML_DIR)" fileName="Enriquecimento.xml"/>
            <subDataManip objectReferenceLabel="EnriquecimentoTBSW0040"/>
            <targetFieldPath value="target" />
            <targetFieldPath value="LOCAL" />
            <targetFieldPath value="TBSW0040" />
        </call>
    
        <call label="CallGrupoTravasTBSW0040">
            <when objectReferenceLabel="EXPR">
                <expr value="common.msg_category != 'ADV_NEGADO'" />
            </when>
            <dataManipXml filePath="$(ACQSRV_DBT_XML_DIR)" fileName="GrupoTravas.xml"/>
            <subDataManip objectReferenceLabel="GrupoTravasTBSW0040"/>
            <targetFieldPath value="target" />
            <targetFieldPath value="LOCAL" />
            <targetFieldPath value="TBSW0040" />
        </call>

        <call label="CallLOADER_TBSW0140">
            <dataManipXml filePath="$(FEGEN_XML_DIR)" fileName="DataBaseCommon.xml"/>
            <subDataManip objectReferenceLabel="LOADER_TBSW0140"/>
            <targetFieldPath value="target" />
            <targetFieldPath value="LOCAL" />
            <targetFieldPath value="TBSW0140" />
        </call>

        <call label="CallEnriquecimentoTBSW0140">
            <dataManipXml filePath="$(FEGEN_XML_DIR)" fileName="Enriquecimento.xml"/>
            <subDataManip objectReferenceLabel="EnriquecimentoTBSW0140"/>
            <targetFieldPath value="target" />
            <targetFieldPath value="LOCAL" />
            <targetFieldPath value="TBSW0140" />
        </call>
        
        <!-- J10_2019 - Release Bandeiras Outubro 2019 - INICIO -->
        <conditional-block label="CHECK_INICIALIZA_DE018">
            <if objectReferenceLabel="EXPR">
            <expr value="common.iss_name in ('VISA_CREDITO , VISA_ELECTRON') &amp;&amp;
                         TBSW0140.RESULT == 'OK'" />
                         
                <command label="INICIALIZA_DE018" objectReferenceLabel="VALUE" >
                    <sourceValue value="0" />
                    <targetFieldPath value="target.segments.sublojista.merchantCategoryCode" />
                </command>
                <command label="  ========= INICIALIZANDO DE18 ==========" objectReferenceLabel="FIELDSET_DUMP">
                  <sourceFieldPath value = "target.segments.sublojista.merchantCategoryCode" />
                </command>
                
            </if>
         </conditional-block>
        <!-- J10_2019 - Release Bandeiras Outubro 2019 - FIM -->

        <!-- No momento que o COD_TRAN foi definido, nao se sabe o mer_cat_code (obtido no EnriquecimentoTBSW0040), portanto eh necessario fazer esse ajuste aqui -->
        <command label="set_cod_trans_duty_free" objectReferenceLabel="VALUE" >
            <when objectReferenceLabel="EXPR">
                <expr value="merchant.mer_cat_code == '61300' &amp;&amp; common.msg_category != 'ESTORNO' &amp;&amp; common.msg_category != 'DESFAZIMENTO'" />
            </when>
            <targetFieldPath value="common.cod_trans" />
            <sourceValue value="1" />
        </command>

        <conditional-block label="TBSW0041: LOAD, ENRIQUECIMENTO E TRAVAS" >
            <if objectReferenceLabel="EXPR">
                <expr value="common.cod_trans != '0' &amp;&amp; common.msg_category != 'ESTORNO' &amp;&amp; common.msg_category != 'DESFAZIMENTO'" />
    
                <call label="CallLOADER_TBSW0041">
                    <dataManipXml filePath="$(FEGEN_XML_DIR)" fileName="DataBaseCommon.xml"/>
                    <subDataManip objectReferenceLabel="LOADER_TBSW0041"/>
                    <targetFieldPath value="target" />
                    <targetFieldPath value="LOCAL" />
                    <targetFieldPath value="TBSW0041" />
                </call>
    
                <call label="CallEnriquecimentoTBSW0041">
                    <dataManipXml filePath="$(FEGEN_XML_DIR)" fileName="Enriquecimento.xml"/>
                    <subDataManip objectReferenceLabel="EnriquecimentoTBSW0041"/>
                    <targetFieldPath value="target" />
                    <targetFieldPath value="LOCAL" />
                    <targetFieldPath value="TBSW0041" />
                </call>
    
                <call label="CallEnriquecimentoTBSW0041Debito">
                    <subDataManip objectReferenceLabel="EnriquecimentoTBSW0041Debito" />
                    <targetFieldPath value="target" />
                    <targetFieldPath value="LOCAL" />
                    <targetFieldPath value="TBSW0041" />
                </call>
    
                <call label="CallGrupoTravasTBSW0041">
                    <when objectReferenceLabel="EXPR">
                        <expr value="common.msg_category != 'ADV_NEGADO'" />
                    </when>
                    <dataManipXml filePath="$(ACQSRV_DBT_XML_DIR)" fileName="GrupoTravas.xml"/>
                    <subDataManip objectReferenceLabel="GrupoTravasTBSW0041"/>
                    <targetFieldPath value="target" />
                    <targetFieldPath value="LOCAL" />
                    <targetFieldPath value="TBSW0041" />
                </call>
    
                <call label="CallLOADER_TBSW0047">
                    <dataManipXml filePath="$(FEGEN_XML_DIR)" fileName="DataBaseCommon.xml"/>
                    <subDataManip objectReferenceLabel="LOADER_TBSW0047"/>
                    <targetFieldPath value="target" />
                    <targetFieldPath value="LOCAL" />
                    <targetFieldPath value="TBSW0047" />
                </call>
        
            </if>
        </conditional-block>
    
        <call label="CallLOADER_TBSW0042">
            <dataManipXml filePath="$(FEGEN_XML_DIR)" fileName="DataBaseCommon.xml"/>
            <subDataManip objectReferenceLabel="LOADER_TBSW0042"/>
            <targetFieldPath value="target" />
            <targetFieldPath value="LOCAL" />
            <targetFieldPath value="TBSW0042" />
        </call>
    
        <call label="CallEnriquecimentoTBSW0042">
            <dataManipXml filePath="$(FEGEN_XML_DIR)" fileName="Enriquecimento.xml"/>
            <subDataManip objectReferenceLabel="EnriquecimentoTBSW0042"/>
            <targetFieldPath value="target" />
            <targetFieldPath value="LOCAL" />
            <targetFieldPath value="TBSW0042" />
        </call>
    
        <call label="CallGrupoTravasTBSW0042">
            <when objectReferenceLabel="EXPR">
                <expr value="common.msg_category != 'ADV_NEGADO'" />
            </when>
            <dataManipXml filePath="$(ACQSRV_DBT_XML_DIR)" fileName="GrupoTravas.xml"/>
            <subDataManip objectReferenceLabel="GrupoTravasTBSW0042"/>
            <targetFieldPath value="target" />
            <targetFieldPath value="LOCAL" />
            <targetFieldPath value="TBSW0042" />
        </call>
    
        <call label="CallLOADER_TBSW0043">
            <dataManipXml filePath="$(FEGEN_XML_DIR)" fileName="DataBaseCommon.xml"/>
            <subDataManip objectReferenceLabel="LOADER_TBSW0043"/>
            <targetFieldPath value="target" />
            <targetFieldPath value="LOCAL" />
            <targetFieldPath value="TBSW0043" />
        </call>
    
        <call label="CallEnriquecimentoTBSW0043">
            <dataManipXml filePath="$(FEGEN_XML_DIR)" fileName="Enriquecimento.xml"/>
            <subDataManip objectReferenceLabel="EnriquecimentoTBSW0043"/>
            <targetFieldPath value="target" />
            <targetFieldPath value="LOCAL" />
            <targetFieldPath value="TBSW0043" />
        </call>
    
        <call label="CallGrupoTravasTBSW0043">
            <when objectReferenceLabel="EXPR">
                <expr value="common.msg_category != 'ADV_NEGADO'" />
            </when>
            <dataManipXml filePath="$(ACQSRV_DBT_XML_DIR)" fileName="GrupoTravas.xml"/>
            <subDataManip objectReferenceLabel="GrupoTravasTBSW0043"/>
            <targetFieldPath value="target" />
            <targetFieldPath value="LOCAL" />
            <targetFieldPath value="TBSW0043" />
        </call>

        <conditional-block label="Valida_Trava_Estorno_Fraude" >
        <if objectReferenceLabel="EXPR">
            <expr value="(common.msg_name == 'EST_VEND_CRT_GEN' ||
                          common.msg_name == 'EST_VEND_DBT_GEN' ) "/>

            <declare label="TMP" >
                <field label="COD_FUN_ANT" />
                <field label="COD_FUN_99" value="99" />
            </declare>

            <command label="copia_cod_fun" objectReferenceLabel="COPY" >
                <sourceFieldPath value="TBSW0043.COD_FUN" />
                <targetFieldPath value="TMP.COD_FUN_ANT" />
            </command>

            <command label="set_cod_fun_99" objectReferenceLabel="COPY" >
                <sourceFieldPath value="TMP.COD_FUN_99" />
                <targetFieldPath value="TBSW0043.COD_FUN" />
            </command>

            <call label="CallLOADER_TBSW0043">
                <dataManipXml filePath="$(FEGEN_XML_DIR)" fileName="DataBaseCommon.xml"/>
                <subDataManip objectReferenceLabel="LOADER_TBSW0043"/>
                <targetFieldPath value="target" />
                <targetFieldPath value="LOCAL" />
                <targetFieldPath value="TBSW0043" />
            </call>

            <call label="CallEnriquecimentoTBSW0043">
                <dataManipXml filePath="$(FEGEN_XML_DIR)" fileName="Enriquecimento.xml"/>
                <subDataManip objectReferenceLabel="EnriquecimentoTBSW0043"/>
                <targetFieldPath value="target" />
                <targetFieldPath value="LOCAL" />
                <targetFieldPath value="TBSW0043" />
            </call>

            <call label="CallGrupoTravasTBSW0043_ESTORNO">
                <when objectReferenceLabel="EXPR">
                    <expr value="common.msg_category != 'ADV_NEGADO'" />
                </when>
                <dataManipXml filePath="$(ACQSRV_DBT_XML_DIR)" fileName="GrupoTravas.xml"/>
                <subDataManip objectReferenceLabel="GrupoTravasTBSW0043_ESTORNO"/>
                <targetFieldPath value="target" />
                <targetFieldPath value="LOCAL" />
                <targetFieldPath value="TBSW0043" />
            </call>

            <command label="set_cod_fun_ant" objectReferenceLabel="COPY" >
                <sourceFieldPath value="TMP.COD_FUN_ANT" />
                <targetFieldPath value="TBSW0043.COD_FUN" />
            </command>
        </if>
        </conditional-block>        

        
        <conditional-block label="TBSW0071: LOAD E TRAVAS" >
            <if objectReferenceLabel="EXPR">
                <expr value="( common.msg_name == 'VEND_CSAQ' )" />
    
                <call label="CallLOADER_TBSW0071">
                    <dataManipXml filePath="$(FEGEN_XML_DIR)" fileName="DataBaseCommon.xml"/>
                    <subDataManip objectReferenceLabel="LOADER_TBSW0071"/>
                    <targetFieldPath value="target" />
                    <targetFieldPath value="LOCAL" />
                    <targetFieldPath value="TBSW0071" />
                </call>
    
                <call label="CallGrupoTravasTBSW0071">
                    <dataManipXml filePath="$(ACQSRV_DBT_XML_DIR)" fileName="GrupoTravas.xml"/>
                    <subDataManip objectReferenceLabel="GrupoTravasTBSW0071"/>
                    <targetFieldPath value="target" />
                    <targetFieldPath value="LOCAL" />
                    <targetFieldPath value="TBSW0071" />
                </call>
    
            </if>
        </conditional-block>
        
        <call label="CallGrupoTravasTabelasCadastro">
            <when objectReferenceLabel="EXPR">
                <expr value="common.msg_category != 'ADV_NEGADO'" />
            </when>
            <dataManipXml filePath="$(ACQSRV_DBT_XML_DIR)" fileName="GrupoTravas.xml"/>
            <subDataManip objectReferenceLabel="GrupoTravasTabelasCadastro"/>
            <targetFieldPath value="target" />
            <targetFieldPath value="LOCAL" />
            <targetFieldPath value="TBSW0040" />
            <targetFieldPath value="TBSW0041" />
            <targetFieldPath value="TBSW0042" />
            <targetFieldPath value="TBSW0043" />
        </call>
        
    </dataManip>
    
    <dataManip label="EnriquecimentoTBSW0041Debito">
        <fieldSetReference reference="arg0" alias="target"/>
        <fieldSetReference reference="arg0.shc_msg" alias="shc_msg"/>
        <fieldSetReference reference="arg0.segments.common" alias="common"/>
        <fieldSetReference reference="arg1" alias="LOCAL"/>
        <fieldSetReference reference="arg2" alias="TBSW0041"/>
    
        <declare label="TBSW0041_TMP" >
            <field label="dat_ini_cob_atu" />
        </declare>
    
        <command label="set_val_cob_tran" objectReferenceLabel="VALUE" >
            <targetFieldPath value="LOCAL.val_cob_tran" />
            <sourceValue value="0" />
        </command>
    
        <command label="tbsw0041_dat_ini_cob_ant" objectReferenceLabel="DATETIME2" >
            <sourceFieldPath value="TBSW0041.DAT_INI_COB_ATU" />
            <sourceValueMask value="UNIX" />
            <targetFieldPath value="TBSW0041_TMP.dat_ini_cob_atu" />
            <targetValueMask value="YYYYMMDD" />
        </command>

		<command label="zera_banco_para_offline_negada" objectReferenceLabel="VALUE" >
			<sourceValue value="0" />
			<targetFieldPath value="target.segments.merchant.nu_bco_etb" />
		</command>
		
		<command label="zera_agencia_para_offline_negada" objectReferenceLabel="VALUE" >
			<sourceValue value="0" />
			<targetFieldPath value="target.segments.merchant.nu_age_etb" />
		</command>

        <conditional-block label="SetaValoresParaNaoOffline" >
		<if objectReferenceLabel="EXPR">
            <expr value="common.msg_category != 'ADV_NEGADO' " />
		
			<command label="seta_codigo_banco_estab" objectReferenceLabel="COPY" >
				<sourceFieldPath value="TBSW0041.COD_BCO_CMPS" />
				<targetFieldPath value="target.segments.merchant.nu_bco_etb" />
			</command>
			
			<command label="seta_codigo_agencia_estab" objectReferenceLabel="COPY" >
				<sourceFieldPath value="TBSW0041.COD_AGE" />
				<targetFieldPath value="target.segments.merchant.nu_age_etb" />
			</command>
			
			<command label="seta_codigo_conta_estab" objectReferenceLabel="TRIM" >
				<sourceFieldPath value="TBSW0041.NUM_CTA_BNCR" />
				<targetFieldPath value="target.segments.merchant.cd_cta_etb" />
                <trimmingChar value="0"/>
                <enableLeftTrimming value="true"/>
                <enableRightTrimming value="false"/>
			</command>
		
			<conditional-block label="ChamaFluxoTrn" >
				<if objectReferenceLabel="EXPR">
				<expr value="shc_msg.local_date &gt;= TBSW0041_TMP.dat_ini_cob_atu" />
					<command label="set_val_cob_tran" objectReferenceLabel="COPY" >
						<sourceFieldPath value="TBSW0041.VAL_COB_TRAN_ATU" />
						<targetFieldPath value="LOCAL.val_cob_tran" />
					</command>
		
					<command label="set_tip_cob_tran_mtc" objectReferenceLabel="VALUE" >
						<targetFieldPath value="LOCAL.tip_cob_tran_mtc" />
						<sourceValue value="X" />
					</command>
					<command label="set_tip_cob_tran_mtc" objectReferenceLabel="VALUE" >
					<when objectReferenceLabel="EXPR">
						<expr value="TBSW0041.TIP_COB_TRAN_ATU == 'S'" />
					</when>
						<targetFieldPath value="LOCAL.tip_cob_tran_mtc" />
						<sourceValue value="V" />
					</command>
					<command label="set_tip_cob_tran_mtc" objectReferenceLabel="VALUE" >
					<when objectReferenceLabel="EXPR">
						<expr value="TBSW0041.TIP_COB_TRAN_ATU == 'N'" />
					</when>
						<targetFieldPath value="LOCAL.tip_cob_tran_mtc" />
						<sourceValue value="T" />
					</command>
				</if>
				<else>
					<command label="set_val_cob_tran" objectReferenceLabel="COPY" >
						<sourceFieldPath value="TBSW0041.VAL_COB_TRAN_ANT" />
						<targetFieldPath value="LOCAL.val_cob_tran" />
					</command>
		
					<command label="set_tip_cob_tran_mtc" objectReferenceLabel="VALUE" >
						<targetFieldPath value="LOCAL.tip_cob_tran_mtc" />
						<sourceValue value="X" />
					</command>
					<command label="set_tip_cob_tran_mtc" objectReferenceLabel="VALUE" >
					<when objectReferenceLabel="EXPR">
						<expr value="TBSW0041.TIP_COB_TRAN_ANT == 'S'" />
					</when>
						<targetFieldPath value="LOCAL.tip_cob_tran_mtc" />
						<sourceValue value="V" />
					</command>
					<command label="set_tip_cob_tran_mtc" objectReferenceLabel="VALUE" >
					<when objectReferenceLabel="EXPR">
						<expr value="TBSW0041.TIP_COB_TRAN_ANT == 'N'" />
					</when>
						<targetFieldPath value="LOCAL.tip_cob_tran_mtc" />
						<sourceValue value="T" />
					</command>
				</else>
			</conditional-block>
			
		</if>
        </conditional-block>
    
        <command label="  ========= LOCAL.val_cob_tran =========  " objectReferenceLabel="FIELDSET_DUMP">
            <sourceFieldPath value = "LOCAL.val_cob_tran" />
        </command>
        <command label="  ========= LOCAL.tip_cob_tran_mtc =========  " objectReferenceLabel="FIELDSET_DUMP">
            <sourceFieldPath value = "LOCAL.tip_cob_tran_mtc" />
        </command>
    
        <command label="move_val_to_swmsg" objectReferenceLabel="COPY" >
            <when objectReferenceLabel="EXPR">
                <expr value="LOCAL.tip_cob_tran_mtc != ''" />
            </when>
            <sourceFieldPath value="LOCAL.tip_cob_tran_mtc" />
            <targetFieldPath value="target.segments.debt.inTrfTxaMtc" />
        </command>
        <command label="move_val_to_swmsg_2" objectReferenceLabel="COPY" >
            <when objectReferenceLabel="EXPR">
                <expr value="LOCAL.val_cob_tran != ''" />
            </when>
            <sourceFieldPath value="LOCAL.val_cob_tran" />
            <targetFieldPath value="target.segments.debt.vlTrfTxaMtc" />
        </command>
    </dataManip>
    
    <dataManip label="FluxoConsulta_FluxoVenda">
        <fieldSetReference reference="arg0" alias="target"/>
        <fieldSetReference reference="arg0.shc_msg" alias="shc_msg"/>
        <fieldSetReference reference="arg0.segments.common" alias="common"/>
        <fieldSetReference reference="arg1" alias="environment"/>
        <fieldSetReference reference="arg2" alias="LOCAL"/>
    
        <conditional-block label="COD_SERV_CORP para DCC" >
            <if objectReferenceLabel="EXPR">
            <expr value="target.segments.acquirer_common.respDcc == '02' &amp;&amp; (common.iss_name == 'VISA_ELECTRON' || common.iss_name == 'MAESTRO')"/>
                <command label="serv_dcc" objectReferenceLabel="VALUE">
                    <sourceValue value="802"/>
                    <targetFieldPath value="target.segments.service.cod_service"/>
                </command>
            </if>
        </conditional-block>

        <call label="INSERT_TBSW0030">
            <subDataManip objectReferenceLabel="INSERT_TBSW0030" />
            <dataManipXml filePath="$(FEGEN_XML_DIR)" fileName="DataBaseCommon.xml"/>
            <targetFieldPath value="target" />
            <targetFieldPath value="LOCAL" />
        </call>
    
        <call label="INSERT_TBSW0032">
            <subDataManip objectReferenceLabel="INSERT_TBSW0032" />
            <dataManipXml filePath="$(FEGEN_XML_DIR)" fileName="DataBaseCommon.xml"/>
            <targetFieldPath value="target" />
            <targetFieldPath value="LOCAL" />
        </call>
    
        <call label="INSERT_TBSW0034">
            <subDataManip objectReferenceLabel="INSERT_TBSW0034" />
            <dataManipXml filePath="$(FEGEN_XML_DIR)" fileName="DataBaseCommon.xml"/>
            <targetFieldPath value="target" />
            <targetFieldPath value="LOCAL" />
        </call>
    
        <conditional-block label="verifica se houve aceite DCC">
            <if objectReferenceLabel="EXPR">
            <expr value="target.segments.acquirer_common.respDcc == '02'"/>
                <call label="INSERT_TBSW0036">
                    <subDataManip objectReferenceLabel="INSERT_TBSW0036" />
                    <dataManipXml filePath="$(FEGEN_XML_DIR)" fileName="DataBaseCommon.xml"/>
                    <targetFieldPath value="target" />
                    <targetFieldPath value="LOCAL" />
                </call>
            </if>
            <else>
                <command label="limpa valor moeda estrangeira" objectReferenceLabel="VALUE">
                    <targetFieldPath value="common.valorMoedaEstrangeira"/>
                    <sourceValue value=""/>
                </command>
                <command label="limpa moeda estrangeira" objectReferenceLabel="VALUE">
                    <targetFieldPath value="common.codigoMoedaEstrangeira"/>
                    <sourceValue value=""/>
                </command>
                <command label="limpa markup" objectReferenceLabel="VALUE">
                    <targetFieldPath value="common.percentualTaxaMarkup"/>
                    <sourceValue value=""/>
                </command>
                <command label="limpa taxa conversao" objectReferenceLabel="VALUE">
                    <targetFieldPath value="common.valorTaxaConvMoeda"/>
                    <sourceValue value=""/>
                </command>
                <command label="limpa data planet" objectReferenceLabel="VALUE">
                    <targetFieldPath value="common.dataTranPlanet"/>
                    <sourceValue value=""/>
                </command>
                <command label="limpa sequencial planet" objectReferenceLabel="VALUE">
                    <targetFieldPath value="common.numSeqUnicoPlanet"/>
                    <sourceValue value=""/>
                </command>
            </else>
        </conditional-block>

        <call label="INSERT_TBSW0121">
            <subDataManip objectReferenceLabel="INSERT_TBSW0121" />
            <dataManipXml filePath="$(FEGEN_XML_DIR)" fileName="DataBaseCommon.xml"/>
            <targetFieldPath value="target" />
            <targetFieldPath value="LOCAL" />
        </call>
		
		<!-- BRUM - EAK-1657 - 29/08/2019 - MCC Dinamico - Inicio -->
        <call label="INSERT_TBSW0165">
            <subDataManip objectReferenceLabel="INSERT_TBSW0165" />
            <dataManipXml filePath="$(FEGEN_XML_DIR)" fileName="DataBaseCommon.xml"/>
            <targetFieldPath value="target" />
            <targetFieldPath value="LOCAL" />
        </call>
        <!-- BRUM - EAK-1657 - Fim -->
    
        <call label="CallTrataMsgRetAoResp">
        <when objectReferenceLabel="EXPR">
            <expr value="common.msg_category == 'ADV_APROVADO' || common.msg_category == 'ADV_NEGADO'" />
        </when>
            <dataManipXml filePath="$(FEGEN_XML_DIR)" fileName="DataManipCommon.xml"/>
            <subDataManip objectReferenceLabel="TrataMsgRetAoResp"/>
            <targetFieldPath value="target" />
            <targetFieldPath value="environment" />
            <targetFieldPath value="LOCAL" />
        </call>
    </dataManip>
    
    <dataManip label="FluxoEstorno">
        <fieldSetReference reference="arg0" alias="target"/>
        <fieldSetReference reference="arg0.shc_msg" alias="shc_msg"/>
        <fieldSetReference reference="arg0.segments.common" alias="common"/>
        <fieldSetReference reference="arg1" alias="environment"/>
        <fieldSetReference reference="arg2" alias="LOCAL"/>
    
        <command label="set_flag_to_skip_reversal_void_treatement_in_SHC" objectReferenceLabel="IST_FLAG">
            <targetFieldPath value="shc_msg.device_cap"/>
            <flagName value="SH_DEVCAP_FROM_REPLAY"/>
            <enableFlag value="true"/>
        </command>
    
        <!-- EAK-1673  Recupera dados TBSW0164/TBSW0165-->
        <call label="Call_RecuperaDadosMCCDinamico">
            <dataManipXml filePath="$(FEGEN_XML_DIR)" fileName="DataManipCommon.xml"/>
            <subDataManip objectReferenceLabel="RecuperaDadosMCCDinamico" />
            <targetFieldPath value="target" />
            <targetFieldPath value="LOCAL" />
        </call>

        <call label="INSERT_TBSW0030">
            <subDataManip objectReferenceLabel="INSERT_TBSW0030" />
            <dataManipXml filePath="$(FEGEN_XML_DIR)" fileName="DataBaseCommon.xml"/>
            <targetFieldPath value="target" />
            <targetFieldPath value="LOCAL" />
        </call>
    
        <call label="INSERT_TBSW0121">
            <subDataManip objectReferenceLabel="INSERT_TBSW0121" />
            <dataManipXml filePath="$(FEGEN_XML_DIR)" fileName="DataBaseCommon.xml"/>
            <targetFieldPath value="target" />
            <targetFieldPath value="LOCAL" />
        </call>

        <conditional-block label="Set_message_destination">
            <if objectReferenceLabel="EXPR">
            <expr value="common.msg_name == 'EST_ADV_VEND_DBT' || common.status_trn_orig == '4'" />
                <call label="CallTrataMsgRetAoResp">
                    <dataManipXml filePath="$(FEGEN_XML_DIR)" fileName="DataManipCommon.xml"/>
                    <subDataManip objectReferenceLabel="TrataMsgRetAoResp"/>
                    <targetFieldPath value="target" />
                    <targetFieldPath value="environment" />
                    <targetFieldPath value="LOCAL" />
                </call>
            </if>
        </conditional-block>
    
    </dataManip>
    
    <dataManip label="FluxoDesfazimento">
        <fieldSetReference reference="arg0" alias="target"/>
        <fieldSetReference reference="arg0.shc_msg" alias="shc_msg"/>
        <fieldSetReference reference="arg0.segments.common" alias="common"/>
        <fieldSetReference reference="arg1" alias="environment"/>
        <fieldSetReference reference="arg2" alias="LOCAL"/>
    
        <command label="set_flag_to_skip_reversal_void_treatement_in_SHC" objectReferenceLabel="IST_FLAG">
            <targetFieldPath value="shc_msg.device_cap"/>
            <flagName value="SH_DEVCAP_FROM_REPLAY"/>
            <enableFlag value="true"/>
        </command>
    
        <!-- EAK-1673  Recupera dados TBSW0164/TBSW0165-->
        <call label="Call_RecuperaDadosMCCDinamico">
            <dataManipXml filePath="$(FEGEN_XML_DIR)" fileName="DataManipCommon.xml"/>
            <subDataManip objectReferenceLabel="RecuperaDadosMCCDinamico" />
            <targetFieldPath value="target" />
            <targetFieldPath value="LOCAL" />
        </call>

        <call label="INSERT_TBSW0030">
            <subDataManip objectReferenceLabel="INSERT_TBSW0030" />
            <dataManipXml filePath="$(FEGEN_XML_DIR)" fileName="DataBaseCommon.xml"/>
            <targetFieldPath value="target" />
            <targetFieldPath value="LOCAL" />
        </call>
    
        <call label="INSERT_TBSW1039">
        <when objectReferenceLabel="EXPR">
            <expr value="LOCAL.trn_tem_original == 'FALSE'" />
        </when>
            <subDataManip objectReferenceLabel="INSERT_TBSW1039" />
            <dataManipXml filePath="$(FEGEN_XML_DIR)" fileName="DataBaseCommon.xml"/>
            <targetFieldPath value="target" />
            <targetFieldPath value="LOCAL" />
        </call>
    
        <conditional-block label="VerificaInsertTBSW0121">
             <if objectReferenceLabel="EXPR">
             <expr value="common.is_desfaz_estorno == 'FALSE'" />
                <call label="INSERT_TBSW0121">
                    <subDataManip objectReferenceLabel="INSERT_TBSW0121" />
                    <dataManipXml filePath="$(FEGEN_XML_DIR)" fileName="DataBaseCommon.xml"/>
                    <targetFieldPath value="target" />
                    <targetFieldPath value="LOCAL" />
                </call>
            </if>
        </conditional-block>

        <call label="CallTrataRetornoDesfazimento">
            <dataManipXml filePath="$(FEGEN_XML_DIR)" fileName="DataManipCommon.xml"/>
            <subDataManip objectReferenceLabel="TrataRetornoDesfazimento" />
            <targetFieldPath value="target" />
            <targetFieldPath value="environment" />
            <targetFieldPath value="LOCAL" />
        </call>
    </dataManip>
    
    <dataManip label="FluxoConfirmacao" >
        <fieldSetReference reference="arg0" alias="target"/>
        <fieldSetReference reference="arg0.shc_msg" alias="shc_msg"/>
        <fieldSetReference reference="arg0.segments.common" alias="common"/>
        <fieldSetReference reference="arg1" alias="environment"/>
        <fieldSetReference reference="arg2" alias="EVENT_DATA"/>
        <fieldSetReference reference="arg3" alias="LOCAL"/>
    
        <conditional-block label="TesteConfirmacaoDeNegada" >
            <if objectReferenceLabel="EXPR">
            <expr value="common.status_trn_orig == '2'" />
                <command label="  ========= Confirmacao de Transacao Negada =========  " objectReferenceLabel="DROP">
                    <disableLog value = "TRUE" />
                </command>
            </if>
        </conditional-block>

        <call label="CallTerceiraPernaCommon">
            <dataManipXml filePath="$(FEGEN_XML_DIR)" fileName="DataManipCommon.xml"/>
            <subDataManip objectReferenceLabel="TerceiraPernaCommon"/>
            <targetFieldPath value="target" />
            <targetFieldPath value="environment" />
            <targetFieldPath value="LOCAL" />
        </call>

        <call label="CallSalvarDadosEvento">
            <subDataManip objectReferenceLabel="SalvarDadosEvento" />
            <targetFieldPath value="target" />
            <targetFieldPath value="environment" />
            <targetFieldPath value="EVENT_DATA" />
            <targetFieldPath value="LOCAL" />
        </call>
    
        <!-- Emergencial para contornar o problema de estouro de tamanho de mensagem
                   Desliga o segmento "commerce" nao utilizado pelo POS e PDV     -->
        <command label="SetOFF_seg_commerce" objectReferenceLabel="TURN_OFF" >
            <targetFieldPath value="target.segments.commerce" />
        </command>

        <!-- AUT1-3410 - J05/21 - Antifraude Link de Pagamento - INICIO -->
        <command label="SetOFF_seg_web_acquirer" objectReferenceLabel="TURN_OFF" >
            <targetFieldPath value="target.segments.web_acquirer" />
        </command>
        <!-- AUT1-3410 - J05/21 - Antifraude Link de Pagamento - FIM -->

        <command label="  ========= Enviando trn para o response =========" objectReferenceLabel="FIELDSET_DUMP">
            <sourceFieldPath value = "target" />
        </command>
    
        <command label="GERA_RESPOSTA_3A_PERNA" objectReferenceLabel="EXIT" />
    
    </dataManip>
    
    <dataManip label="SalvarDadosEvento">
        <fieldSetReference reference="arg0" alias="target"/>
        <fieldSetReference reference="arg0.shc_msg" alias="shc_msg"/>
        <fieldSetReference reference="arg0.segments.common" alias="common"/>
        <fieldSetReference reference="arg0.segments.merchant" alias="merchant"/>
        <fieldSetReference reference="arg0.segments.service" alias="service"/>
        <fieldSetReference reference="arg0.segments.adm" alias="adm"/>
		<fieldSetReference reference="arg0.segments.debt" alias="debt"/>
        <fieldSetReference reference="arg1" alias="environment"/>
        <fieldSetReference reference="arg2" alias="EVENT_DATA"/>
        <fieldSetReference reference="arg3" alias="LOCAL"/>
    
        <command label="setDadosDoEvento" objectReferenceLabel="XCOPY">
            <value sourceField="LOCAL.termid"           type="value" targetFieldPath="EVENT_DATA.termid" />
            <value sourceField="LOCAL.termloc"          type="value" targetFieldPath="EVENT_DATA.termloc" />
            <value sourceField="LOCAL.is_desfz_emissor" type="value" targetFieldPath="EVENT_DATA.is_desfz_emissor" />
            <value sourceField="service.cod_service"    type="value" targetFieldPath="EVENT_DATA.cod_servico" />
            <value sourceField="merchant.tipo_titulo"   type="value" targetFieldPath="EVENT_DATA.tipo_titulo" />
            <value sourceField="common.bndr_name"       type="value" targetFieldPath="EVENT_DATA.bndr_name" />
            <value sourceField="adm.num_sre_term"       type="value" targetFieldPath="EVENT_DATA.num_sre_term" />
            <value sourceField="debt.vlTrfTxaMtc"       type="value" targetFieldPath="EVENT_DATA.vlTrfTxaMtc" />
            <value sourceField="adm.id_pinpad"          type="value" targetFieldPath="EVENT_DATA.id_pinpad" />
            <value sourceField="common.de38IssOff"      type="value" targetFieldPath="EVENT_DATA.de38IssOff" />
            <value sourceField="common.is_fallback"     type="value" targetFieldPath="EVENT_DATA.is_fallback" />
            <value sourceField="common.is_nfc"          type="value" targetFieldPath="EVENT_DATA.is_nfc" />
            <value sourceField="LOCAL.appl_id"          type="value" targetFieldPath="EVENT_DATA.appl_id" />
            <value sourceField="LOCAL.appl_label"       type="value" targetFieldPath="EVENT_DATA.appl_label" />
            <value sourceField="merchant.num_cnpj"      type="value" targetFieldPath="EVENT_DATA.num_cnpj" />
            <value sourceField="common.ecr_fabr_id"     type="value" targetFieldPath="EVENT_DATA.ecr_fabr_id" />
            <value sourceField="common.cvm_code"        type="value" targetFieldPath="EVENT_DATA.cvm_code" />
			<value sourceField="merchant.mer_name"      type="value" targetFieldPath="EVENT_DATA.mer_name" />
            <!-- Release Bandeiras PDV - Abril 2019 - INICIO -->
            <value sourceField="common.indicadorModoEntrada"   type="value" targetFieldPath="EVENT_DATA.indicadorModoEntrada" />
            <!-- Release Bandeiras PDV - Abril 2019 - FIM -->
			<value sourceField="target.segments.sublojista.merchantCategoryCode"   type="value" targetFieldPath="EVENT_DATA.merchantCategoryCodeSubLojista" /> <!-- BRUM - EAK-1660 - 03/09/2019 - MCC Dinamico -->
            <value sourceField="common.reversal_type"       type="value" targetFieldPath="EVENT_DATA.reversalType" />
            <value sourceField="merchant.tpdu"              type="value" targetFieldPath="EVENT_DATA.tpdu" />
            <value sourceField="merchant.in_tpo_tcn"        type="value" targetFieldPath="EVENT_DATA.in_tpo_tcn" />
            <value sourceField="common.ecr_acqterm_id"  type="value" targetFieldPath="EVENT_DATA.ecr_acqterm_id" /> <!-- Nava EAK-3111 -->
            <!-- AUT1-1830 - ELO endereco EC no CV - INICIO -->
            <value sourceField="LOCAL.nom_logr_pdv"     type="value" targetFieldPath="EVENT_DATA.nom_logr_pdv" />
            <value sourceField="LOCAL.num_logr_pdv"     type="value" targetFieldPath="EVENT_DATA.num_logr_pdv" />
            <value sourceField="LOCAL.nom_brr_pdv"      type="value" targetFieldPath="EVENT_DATA.nom_brr_pdv" />
            <value sourceField="LOCAL.des_cpl_endr_pdv" type="value" targetFieldPath="EVENT_DATA.des_cpl_endr_pdv" />
            <value sourceField="merchant.mer_city"      type="value" targetFieldPath="EVENT_DATA.mer_city" />
            <value sourceField="merchant.mer_state"     type="value" targetFieldPath="EVENT_DATA.mer_state" />
            <!-- AUT1-1830 - ELO endereco EC no CV - FIM -->
            <value sourceField="target.segments.acquirer_common.respDcc" type="value" targetFieldPath="EVENT_DATA.respDcc" />
            <value sourceField="common.codigoMoedaEstrangeira"           type="value" targetFieldPath="EVENT_DATA.codigoMoedaEstrangeira" />
            <value sourceField="common.valorMoedaEstrangeira"            type="value" targetFieldPath="EVENT_DATA.valorMoedaEstrangeira" />
            <value sourceField="common.valorTaxaConvMoeda"               type="value" targetFieldPath="EVENT_DATA.valorTaxaConvMoeda" />
            <value sourceField="common.percentualTaxaMarkup"             type="value" targetFieldPath="EVENT_DATA.percentualTaxaMarkup" />
            <value sourceField="shc_msg.amount"                          type="value" targetFieldPath="EVENT_DATA.valorTransacao" />
        </command>
    
        <call label="CallSetValuesEventDefault">
            <dataManipXml filePath="$(FEGEN_XML_DIR)" fileName="DataManipCommon.xml"/>
            <subDataManip objectReferenceLabel="SetValuesEventDefault" />
            <targetFieldPath value="target" />
            <targetFieldPath value="LOCAL" />
            <targetFieldPath value="EVENT_DATA" />
        </call>
    
        <command label="  ========= Dados salvos no evento =========  " objectReferenceLabel="FIELDSET_DUMP">
            <sourceFieldPath value = "EVENT_DATA" />
        </command>
    
        <command label="create_event" objectReferenceLabel="EVENTMANAGER" >
            <operation value = "create" />
            <mailBoxId value = "environment.RETURN_ADDRESS" />
            <timeout value = "LOCAL.event_timeout" />
            <action value = "LOCAL.event_action" />
            <key value = "shc_msg.refnum" />
            <sourceFieldPath value = "EVENT_DATA" />
        </command>
    </dataManip>
    
    <!-- Recupera dados das transacoes originais -->
    <dataManip label="RecuperaDadosTrnOriginal">
        <fieldSetReference reference="arg0" alias="target"/>
        <fieldSetReference reference="arg0.shc_msg" alias="shc_msg"/>
        <fieldSetReference reference="arg0.segments.common" alias="common"/>
        <fieldSetReference reference="arg1" alias="environment"/>
        <fieldSetReference reference="arg2" alias="LOCAL"/>
        
        <!-- @Info: estrutura para armazenar os dados da original -->
        <declare label="TBSW0030_ORIG">
            <field label="DAT_MOV_TRAN"/>
            <field label="NUM_SEQ_UNC"/>
            <field label="DTH_GMT"/>
            <field label="DTH_INI_TRAN"/>
            <field label="DAT_CTB_TRAN"/>
            <field label="COD_MSG_ISO"/>
            <field label="COD_PCM_ISO"/>
            <field label="TIP_TRAN"/>
            <field label="TIP_DTLH_TRAN"/>
            <field label="TIP_VD"/>
            <field label="TIP_PLN_PGMN"/>
            <field label="COD_CTGR_TRAN"/>
            <field label="COD_CMPM_TRAN"/>
            <field label="NUM_RD_ORG"/>
            <field label="NUM_ESTB"/>
            <field label="COD_TERM"/>
            <field label="NUM_STAN"/>
            <field label="TIP_TCNL"/>
            <field label="TIP_TERM"/>
            <field label="COD_RAM_ATVD"/>
            <field label="COD_POS_ENTR_MODO"/>
            <field label="COD_BNDR"/>
            <field label="COD_EMSR"/>
            <field label="NUM_EMSR"/>
            <field label="NUM_ID_CAR"/>
            <field label="COD_PAIS_CAR"/>
            <field label="NUM_CAR"/>
            <field label="DAT_VLD_CAR"/>
            <field label="IND_TRK"/>
            <field label="IND_CPTR_CVC_2"/>
            <field label="NUM_CVC_2"/>
            <field label="COD_TRK_CAR"/>
            <field label="COD_SERV"/>
            <field label="COD_SERV_SNHA"/>
            <field label="IND_ID_PREV"/>
            <field label="VAL_TRAN"/>
            <field label="VAL_TOTL_TRAN"/>
            <field label="COD_MOED"/>
            <field label="NUM_CV"/>
            <field label="NUM_AUT"/>
            <field label="COD_MOT_AUT"/>
            <field label="NUM_MOT_RSPS"/>
            <field label="COD_MOT_RSPS_EXT"/>
            <field label="COD_MOT_SW"/>
            <field label="IND_STTU_TRAN"/>
            <field label="DTH_STTU_TRAN"/>
            <field label="COD_PROD"/>
            <field label="NUM_RSMO_VD"/>
            <field label="DAT_RSMO_VD"/>
            <field label="NOM_LOC_ESTB"/>
            <field label="IND_TERM_RLCD_CHIP"/>
            <field label="IND_DFZM"/>
            <field label="IND_ESTR"/>
            <field label="IND_CPTRDO"/>
            <field label="IND_AGND_TRAN"/>
            <field label="IND_IMPR_CPOM"/>
            <field label="IND_EMSR_MTC"/>
            <field label="IND_DA_RLCD_CHIP"/>
            <field label="IND_DA_RLCD_IATA"/>
            <field label="IND_TRAN_REFD"/>
            <field label="TIP_TRAN_ORGL"/>
            <field label="DAT_EXPC_TRAN"/>
            <field label="VAL_TRAN_DLR"/>
            <field label="VAL_COT_DLR"/>
            <field label="COD_CTR"/>
            <field label="VAL_TX"/>
            <field label="COD_REF_RESTANTE"/>
            <field label="COD_CNDC_CPTR_PAUZ"/>
            <field label="TIP_ENT_PAUZ"/>
            <field label="COD_OPER_CNFR"/>
            <field label="PRCN_TX_RISC"/>
            <field label="VAL_TX_RISC"/>
            <field label="COD_CNDC_CPTR"/>
            <field label="NOM_SITE_ACQR_ORGL"/>
            <field label="NOM_HOST_ACQR_ORGL"/>
            <field label="NOM_FE_ACQR_ORGL"/>
            <field label="NOM_SITE_ISSR"/>
            <field label="NOM_HOST_ISSR"/>
            <field label="NOM_FE_ISSR"/>
            <field label="NOM_SITE_ACQR_ATLZ"/>
            <field label="NOM_HOST_ACQR_ATLZ"/>
            <field label="NOM_FE_ACQR_ATLZ"/>
            <field label="TXT_DA_ADIC_EMSR"/>
            <field label="TIP_MODL_CPTR"/>
            <field label="DTH_TRAN_EMSR"/>
            <field label="DAT_LQDC_EMSR"/>
            <field label="COD_ISTT_ACQR"/>
            <field label="COD_ISTT_FRWD"/>
            <field label="COD_RSPS_DTLH_EMSR"/>
            <field label="COD_RSTD_NUM_CVC_2"/>
            <field label="COD_SERV_TRK_CAR"/>
            <field label="COD_VLDC_EMSR"/>
            <field label="IND_AUT"/>
            <field label="IND_DA_RLCD_KMRC"/>
            <field label="IND_TRAN_SEM_ORGL"/>
            <field label="DAT_PAUZ"/>
            <field label="NUM_SEQ_UNC_PAUZ"/>
            <field label="COD_TRAN_CAD"/>
            <field label="COD_AUT_EMSR"/>
            <field label="COD_NTWK_ID_ACQR_ATLZ"/>
            <field label="COD_NTWK_ID_ACQR_ORGL"/>
            <field label="COD_NTWK_ID_ROUT_ATLZ"/>
            <field label="COD_NTWK_ID_ROUT_ORGL"/>
            <field label="COD_NTWK_ID_ISSR_ATLZ"/>
            <field label="COD_NTWK_ID_ISSR_ORGL"/>
            <field label="COD_RAM_MCC"/>
            <field label="COD_CNDC_CPTR_EMSR"/>
            <field label="COD_PROD_CDST"/>
            <field label="COD_SERV_CORP"/>
            <field label="COD_EMP_ADQT"/>
            <field label="NUM_PDV_EXT"/>
            <field label="NUM_PDV_VAN"/>
            <field label="COD_DSPO_NFC"/>
            <field label="IND_TRAN_TKN"/>
            <field label="COD_ORG_APRV"/>
            <field label="RESULT"/>
			<field label="COD_PORT_PRES_VLDC_BNDR" />
			<field label="COD_CPCD_TERM_VLDC_BNDR" />			
        </declare>

        <declare label="TBSW0101_ORIG" >
            <field label="RESULT" />
            <field label="DAT_MOV_TRAN" />
            <field label="NUM_SEQ_UNC" />
            <field label="COD_NVL_SGRA_TKN" />
            <field label="COD_REF_CTA_PGMN" />
        </declare>

        <declare label="TBSW0034_ORIG" >
            <field label="RESULT" />
            <field label="TXT_RLCD_CHIP" />
            <field label="TXT_INFO_CMPM_CHIP" />
            <field label="TXT_RSTD_ATLZ_CHIP" />
            <field label="IND_NVL_SGRA_KMRC" />
            <field label="DAT_MOV_TRAN" />
            <field label="NUM_SEQ_UNC" />
            <field label="DAT_VD_CHIP" />
            <field label="COD_PGM_AUT" />
            <field label="IND_MTDO_VRFC_PORT" />
            <field label="IND_PRSC_SNHA" />
            <field label="NUM_SEQ_CAR_VLDC_CHIP" />
            <field label="NOM_PORT_CAR" />
        </declare>

        <call label="CallRecuperaDadosOriginal">
            <dataManipXml filePath="$(FEGEN_XML_DIR)" fileName="DataManipCommon.xml"/>
            <subDataManip objectReferenceLabel="RecuperaDadosOriginal" />
            <targetFieldPath value="target" />
            <targetFieldPath value="LOCAL" />
            <targetFieldPath value="TBSW0030_ORIG" />
        </call>

        <!-- Acerta flag de DESFAZIMENTO SEM ORIGINAL .. -->
        <conditional-block label="check_is_find_original_data_from_tbsw0030">
        <if objectReferenceLabel="EXPR">
        <expr value="TBSW0030_ORIG.RESULT == 'NO ROWS' &amp;&amp; 
                     common.msg_category == 'DESFAZIMENTO'"/>
            <command label="set_is_desfz_sem_original" objectReferenceLabel="VALUE" >
                <sourceValue value="TRUE" />
                <targetFieldPath value="LOCAL.is_desfz_sem_original" />
            </command>
        </if>
        </conditional-block>

        <call label="CallRecuperaDadosOriginalToken">
            <dataManipXml filePath="$(FEGEN_XML_DIR)" fileName="DataManipCommon.xml"/>
            <subDataManip objectReferenceLabel="RecuperaDadosOriginalToken" />
            <targetFieldPath value="target" />
            <targetFieldPath value="LOCAL" />
            <targetFieldPath value="TBSW0101_ORIG" />
        </call>

        <call label="CallRecuperaDadosOriginalChip">
            <dataManipXml filePath="$(FEGEN_XML_DIR)" fileName="DataManipCommon.xml"/>
            <subDataManip objectReferenceLabel="RecuperaDadosOriginalChip" />
            <targetFieldPath value="target" />
            <targetFieldPath value="LOCAL" />
            <targetFieldPath value="TBSW0034_ORIG" />
        </call>

        <conditional-block label="RecuperaCodigoServicoQuandoDCC" >
            <if objectReferenceLabel="EXPR">
            <expr value="TBSW0030_ORIG.COD_SERV_CORP == '802'" />
                <command label="SetCodServCorp" objectReferenceLabel="COPY">
                    <sourceFieldPath value = "TBSW0030_ORIG.COD_SERV_CORP" />
                    <targetFieldPath value = "target.segments.service.cod_service" />
                </command>
            </if>
        </conditional-block>

        <!-- @Info: Travas Estorno -->
        <call label="CallGrupoTravasEstorno">
        <when objectReferenceLabel="EXPR">
            <expr value="common.msg_category == 'ESTORNO'" />
        </when>
            <dataManipXml filePath="$(ACQSRV_DBT_XML_DIR)" fileName="GrupoTravas.xml"/>
            <subDataManip objectReferenceLabel="GrupoTravasEstorno"/>
            <targetFieldPath value="target" />
            <targetFieldPath value="LOCAL" />
            <targetFieldPath value="TBSW0030_ORIG" />
        </call>
        
        <!-- Chamar aqui a trava para negar desfazimento de transacao confirmada -->
        <call label="CallGrupoTravasDesfazimento">
            <when objectReferenceLabel="EXPR">
                <expr value="common.msg_category == 'DESFAZIMENTO' " />
            </when>
            <dataManipXml filePath="$(ACQSRV_DBT_XML_DIR)" fileName="GrupoTravas.xml"/>
            <subDataManip objectReferenceLabel="GrupoTravasDesfazimento"/>
            <targetFieldPath value="target" />
            <targetFieldPath value="LOCAL" />
            <targetFieldPath value="TBSW0030_ORIG" />
        </call>
        
    </dataManip>

</dataManip-list>
