<?xml version="1.0" encoding="iso-8859-1"?>
<!DOCTYPE dataManip-list SYSTEM "../../../PDV/dtd/fwsw/DataManip.dtd">

<dataManip-list>

    <!-- @Info: CHAMANDA DO MANIP PRINCIAL  -->
    <dataManip label="RES_ACQSRV_DBT">
        <fieldSetReference reference="shc_side_msg" alias="source" />
        <fieldSetReference reference="fmt_side_msg" alias="target" />
        <fieldSetReference reference="target.shc_msg" alias="shc_msg" />
        <fieldSetReference reference="target.segments.common" alias="common" />

        <command label="CopyFieldSetFromShcToFormatter" objectReferenceLabel="FIELDSET_COPY">
            <sourceFieldPath value="source"/>
            <targetFieldPath value="target"/>
        </command>

        <declare label="LOCAL" >
            <field label="network_id_van" />
            <field label="trap_id" />
            <field label="mailboxName" />  <!-- Usado no RegistraTrace* -->
            <field label="swreplic" />
            <field label="orig_fmt_mb" />
            <field label="trn_tem_original" />
            <field label="num_mot_rsps" />
            <field label="ind_modl_cptr" /><!--  necessario por causa do update do campo TIP_MODL_CPTR da tabela 30 -->
            <field label="isVAN" /><!-- Para poder fazer o map certo caso o iss negue a trn -->
            <field label="termid" />
            <field label="termloc" />
            <field label="LeEvento" value="TRUE" /> <!-- necessario para indicar se o evento criado deve, ou nao, ser recuperado -->
            <field label="IND_TRAN_REFD" value = "0" />
            <field label="TBSW_RESULT" />
            <field label="is_desfz_emissor" value="FALSE" /> <!-- Utilizado no tratamento do desfazimento. Se resposta do emissor -->
            <!-- Dados Validacao Ordem de Servico - DE48 TAG 80 ..  -->
            <field label="data_baixa" />
            <field label="hora_baixa" />
            <field label="cod_ocorr" />
            <field label="appl_id" />
            <field label="appl_label" />
            <field label="saldo_parcial" value="" /> <!-- utilizado na chamada da funcao TratamentoSaldoDisponivel -->
            <!-- AUT1-1830 - ELO endereco EC no CV -->
            <field label="nom_logr_pdv" />
            <field label="num_logr_pdv" />
            <field label="nom_brr_pdv" />
            <field label="des_cpl_endr_pdv" />
            <!-- AUT1-1830 - ELO endereco EC no CV -->
            <field label="MARKUP" />
            <field label="CONVRATE" />
        </declare>

        <call label="Dump_Recebimento_Msg">
            <dataManipXml filePath="$(FEGEN_XML_DIR)" fileName="DataManipCommon.xml"/>
            <subDataManip objectReferenceLabel="Dump_Recebimento_Msg" />
            <targetFieldPath value="source" />
            <targetFieldPath value="LOCAL" />
            <targetFieldPath value="environment.SENDER_ADDRESS" />
        </call>
        
        <call label="CallPreProcessamento">
            <subDataManip objectReferenceLabel="PreProc" />
            <targetFieldPath value="target" />
            <targetFieldPath value="EVENT_DATA" />
            <targetFieldPath value="LOCAL" />
        </call>

        <call label="CallProcessamento">
            <subDataManip objectReferenceLabel="Proc" />
            <targetFieldPath value="target" />
            <targetFieldPath value="environment" />
            <targetFieldPath value="LOCAL" />
        </call>

        <call label="CallPosProcessamento">
            <subDataManip objectReferenceLabel="PosProc" />
            <targetFieldPath value="target" />
            <targetFieldPath value="environment" />
            <targetFieldPath value="LOCAL" />
        </call>

        <call label="Dump_Destino_Msg">
            <dataManipXml filePath="$(FEGEN_XML_DIR)" fileName="DataManipCommon.xml"/>
            <subDataManip objectReferenceLabel="Dump_Destino_Msg" />
            <targetFieldPath value="target" />
            <targetFieldPath value="LOCAL" />
            <targetFieldPath value="environment.SENDER_ADDRESS" />
        </call>
        
    </dataManip>

    <!-- @Info: MANIP DE PRE PROC -->
    <dataManip label="PreProc">
        <fieldSetReference reference="arg0" alias="target"/>
        <fieldSetReference reference="arg0.shc_msg" alias="shc_msg"/>
        <fieldSetReference reference="arg0.segments.common" alias="common"/>
        <fieldSetReference reference="arg1" alias="EVENT_DATA"/>
        <fieldSetReference reference="arg2" alias="LOCAL"/>

        <!-- @Info: Chamada do Pre Processamento Trata Segmento .. -->
        <call label="CallPreProcTrataSegmento">
            <dataManipXml filePath="$(FEGEN_XML_DIR)" fileName="DataManipCommon.xml"/>
            <subDataManip objectReferenceLabel="PreProcTrataSegmento" />
            <targetFieldPath value="target" />
        </call>

        <!-- @Info: Processa o desfazimento sendo rebatido para o terminal -->
        <call label="CallPreProcessamentoDesfz">
            <dataManipXml filePath="$(FEGEN_XML_DIR)" fileName="DataManipCommon.xml"/>
            <subDataManip objectReferenceLabel="PreProcessamentoDesfz" />
            <targetFieldPath value="target" />
            <targetFieldPath value="LOCAL" />
        </call>

        <!-- @Info: Chamada do Pre Enriquecimento -->
        <call label="CallPreEnriquecimento">
            <subDataManip objectReferenceLabel="PreEnriquecimento" />
            <targetFieldPath value="target" />
            <targetFieldPath value="LOCAL" />
        </call>

        <!-- @Info: Recupera os dados da transacao do evento -->
        <call label="CallRecuperarDadosEvento">
            <subDataManip objectReferenceLabel="RecuperarDadosEvento" />
            <targetFieldPath value="target" />
            <targetFieldPath value="EVENT_DATA" />
            <targetFieldPath value="LOCAL" />
        </call>

    </dataManip>

    <!-- @Info: MANIP DE PROC -->
    <dataManip label="Proc">
        <fieldSetReference reference="arg0" alias="target"/>
        <fieldSetReference reference="arg0.shc_msg" alias="shc_msg"/>
        <fieldSetReference reference="arg0.segments.common" alias="common"/>
        <fieldSetReference reference="arg1" alias="environment"/>
        <fieldSetReference reference="arg2" alias="LOCAL"/>

        <declare label="TMP_MAPPING" >
            <field label="chave1" />
            <field label="chave2" />
        </declare>

        <!-- Nao precisa executar estas operacoes nas confirmacoes -->
        <conditional-block label="Valida_Termid_Type" >
            <if objectReferenceLabel="EXPR">
            <expr value=" common.msg_category != 'CONFIRMACAO' " />
            
                <!-- @Info: Tratamento Saldo Disponivel (antes do NormalizaRespcode que sobrescreve bit63) -->
                <conditional-block label="GetSaldoDisponivel" >
                    <if objectReferenceLabel="EXPR">
                    <expr value="common.msg_category == 'VENDA' &amp;&amp; common.install_num &lt;= '0' &amp;&amp; common.iss_name == 'ELO_DBT_FULL'" />
                        <call label="CallTratamentoSaldoDisponivel">
                            <dataManipXml filePath="$(COMMON_XML_DIR)" fileName="TrataCupom.xml"/>
                            <subDataManip objectReferenceLabel="TratamentoSaldoDisponivel" />
                            <targetFieldPath value="target" />
                            <targetFieldPath value="LOCAL" />
                        </call>
                        <command label="atualizaSaldoDisponivel" objectReferenceLabel="COPY" >
                            <sourceFieldPath value="LOCAL.saldo_parcial" />
                            <targetFieldPath value="common.saldo_disponivel" />
                        </command>
                    </if>
                </conditional-block>

                <call label="CallNormalizaRespcode">
                    <dataManipXml filePath="$(FEGEN_XML_DIR)" fileName="DataManipCommon.xml"/>
                    <subDataManip objectReferenceLabel="NormalizaRespcode" />
                    <targetFieldPath value="target" />
                    <targetFieldPath value="TMP_MAPPING" />
                    <targetFieldPath value="LOCAL" />
                </call>
        
                <call label="CallDefineMapping">
                    <dataManipXml filePath="$(FEGEN_XML_DIR)" fileName="DataManipCommon.xml"/>
                    <subDataManip objectReferenceLabel="DefineMapping" />
                    <targetFieldPath value="target" />
                    <targetFieldPath value="LOCAL" />
                    <targetFieldPath value="TMP_MAPPING" />
                </call>
        
                <call label="CallDefineStatusTrnResp">
                    <dataManipXml filePath="$(FEGEN_XML_DIR)" fileName="DataManipCommon.xml"/>
                    <subDataManip objectReferenceLabel="DefineStatusTrnResp" />
                    <targetFieldPath value="target" />
                    <targetFieldPath value="LOCAL" />
                </call>
        
                <!-- Mantis-667: Nao permitir que transacoes negadas pelo SHC (ou timeout) enviem o DE038 preenchido -->
                <command label="Reset_authnum_if_core_has_denied" objectReferenceLabel="VALUE" >
                    <when objectReferenceLabel="EXPR" >
                        <expr value="shc_msg.respcode != '0' &amp;&amp; common.quem_negou == 'SWCORE'" />
                    </when>
                    <sourceValue value="" />
                    <targetFieldPath value="shc_msg.authnum" />
                </command>

                <!-- t689049@FIS - 15/01/2017 - Passar a tratar o cupom no ACQSRV .. -->
                <call label="CallAnalisaGeraCupom">
                    <dataManipXml filePath="$(COMMON_XML_DIR)" fileName="TrataCupom.xml"/>
                    <subDataManip objectReferenceLabel="AnalisaGeraCupom" />
                    <targetFieldPath value="target" />
                    <targetFieldPath value="LOCAL" />
                </call> 
    
            </if>
        </conditional-block>
        
        <!-- J10_2019 - Release Bandeiras Outubro 2019 - INICIO -->
        <conditional-block label="Mastercard_altera_respcode_nfc_65">
            <if objectReferenceLabel="EXPR">
            <expr value=" ( common.iss_name == 'MAESTRO' ||
                            common.iss_name == 'MASTER_HIPER_DBT' ) &amp;&amp; 
                          common.is_nfc == 'TRUE' &amp;&amp; 
                          common.ext_network_code == '65' &amp;&amp; 
                          common.versao_aplicativo &gt;= '700' " />
            
                <command label="   ======== MAESTRO - Alterando o responde para 65 em transacao de nfc negada 65 ========   " objectReferenceLabel="XDUMP">
                    <sourceFieldPath value = "shc_msg.trace" />
                    <sourceFieldPath value = "shc_msg.pos_entry_code" />
                    <sourceFieldPath value = "shc_msg.termid" />
                    <sourceFieldPath value = "common.versao_aplicativo" />
                    <sourceFieldPath value = "shc_msg.refnum" />
                </command>
                
                <command label="Setando_DE39_65" objectReferenceLabel="XCOPY">
                    <!-- DE39 -->
                    <value sourceValue="65"   type="value" targetFieldPath="common.az_reason_code" />
                </command>
            </if>
        </conditional-block>
        <!-- J10_2019 - Release Bandeiras Outubro 2019 - FIM -->

        <!-- @Info: Chamada do Fluxo das transacoes -->
        <conditional-block label="ChamaFluxoTrn" >
            <!-- @Info: Fluxo das transacoes de consulta e Fluxo das transacoes de venda ( ambos sao iguais ) -->
            <if objectReferenceLabel="EXPR">
            <expr value="common.msg_category == 'CONSULTA' || common.msg_category == 'VENDA' ||
                         common.msg_category == 'ADV_APROVADO' || common.msg_category == 'ADV_NEGADO'" />
                <call label="CallFluxoConsulta_FluxoVenda">
                    <subDataManip objectReferenceLabel="FluxoConsulta_FluxoVenda" />
                    <targetFieldPath value="target" />
                    <targetFieldPath value="LOCAL" />
                </call>
            </if>
            <!-- @Info: Fluxo das transacoes de estorno -->
            <else-if objectReferenceLabel="EXPR">
            <expr value="common.msg_category == 'ESTORNO'" />
                <call label="CallFluxoEstorno">
                    <subDataManip objectReferenceLabel="FluxoEstorno" />
                    <targetFieldPath value="target" />
                    <targetFieldPath value="LOCAL" />
                </call>
            </else-if>
            <!-- @Info: Fluxo das transacoes de desfazimento -->
            <else-if objectReferenceLabel="EXPR">
            <expr value="common.msg_category == 'DESFAZIMENTO'" />
                <call label="CallFluxoDesfazimento">
                    <subDataManip objectReferenceLabel="FluxoDesfazimento" />
                    <targetFieldPath value="target" />
                    <targetFieldPath value="LOCAL" />
                </call>
            </else-if>
            <!-- @Info: Fluxo das transacoes de confirmacao -->
            <else-if objectReferenceLabel="EXPR">
            <expr value="common.msg_category == 'CONFIRMACAO'" />
                <call label="CallDefineStatusTrnResp">
                    <dataManipXml filePath="$(FEGEN_XML_DIR)" fileName="DataManipCommon.xml"/>
                    <subDataManip objectReferenceLabel="DefineStatusTrnResp" />
                    <targetFieldPath value="target" />
                    <targetFieldPath value="LOCAL" />
                </call>

                <!-- Mantis-667: Nao permitir que transacoes negadas pelo SHC (ou timeout) enviem o DE038 preenchido -->
                <command label="Reset_authnum_if_core_has_denied" objectReferenceLabel="VALUE" >
                    <when objectReferenceLabel="EXPR" >
                        <expr value="shc_msg.respcode != '0' &amp;&amp; common.quem_negou == 'SWCORE'" />
                    </when>
                    <sourceValue value="" />
                    <targetFieldPath value="shc_msg.authnum" />
                </command>

                <call label="CallFluxoConfirmacao">
                    <subDataManip objectReferenceLabel="FluxoConfirmacao" />
                    <targetFieldPath value="target" />
                    <targetFieldPath value="environment" />
                    <targetFieldPath value="LOCAL" />
                </call>
            </else-if>
            <else>
                <command label=" Parametros determinantes do fluxo desconhecidos: " objectReferenceLabel="XDUMP">
                    <sourceFieldPath value = "common.msg_category" />
                    <sourceFieldPath value = "common.msg_name" />
                </command>
                <command label="  ========= Fluxo nao determinado =========  " objectReferenceLabel="DROP" />
            </else>
        </conditional-block>

    </dataManip>

    <!-- @Info: MANIP DE POS PROC -->
    <dataManip label="PosProc">
        <fieldSetReference reference="arg0" alias="target"/>
        <fieldSetReference reference="arg0.shc_msg" alias="shc_msg"/>
        <fieldSetReference reference="arg0.segments.common" alias="common"/>
        <fieldSetReference reference="arg1" alias="environment"/>
        <fieldSetReference reference="arg2" alias="LOCAL"/>

        <conditional-block label="RecuperaValoresEspecificos" >
            <if objectReferenceLabel="EXPR">
            <expr value="LOCAL.LeEvento == 'TRUE'" />
                <command label="setDados" objectReferenceLabel="XCOPY">
                    <value sourceField="LOCAL.termid"  type="value" targetFieldPath="shc_msg.termid" />
                    <value sourceField="LOCAL.termloc" type="value" targetFieldPath="shc_msg.termloc" />
                </command>
            </if>
            <else>
              <command label="setDados" objectReferenceLabel="XCOPY">
                  <value sourceField="common.terminal_pdv"  type="value" targetFieldPath="shc_msg.termid" />
              </command>
            </else>
        </conditional-block>

        <command label="zera_respcode" objectReferenceLabel="VALUE">
            <when objectReferenceLabel="EXPR">
                <expr value="common.msg_name == 'ADV_VEND_DBT_NEG'" />
            </when>
            <sourceValue value="0"/>
            <targetFieldPath value="shc_msg.respcode"/>
        </command>

        <!-- AUT1-3543 - Release Bandeira Abril/21 - ELO - ID da Transacao - INICIO -->
        <command label="SetOFF_seg_acquirer_common" objectReferenceLabel="TURN_ON" >
            <targetFieldPath value="target.segments.acquirer_common" />
        </command>
        <!-- AUT1-3543 - Release Bandeira Abril/21 - ELO - ID da Transacao - FIM -->

        <call label="CallDefineEnderecoTrnCommon">
            <dataManipXml filePath="$(FEGEN_XML_DIR)" fileName="DataManipCommon.xml"/>
            <subDataManip objectReferenceLabel="DefineEnderecoTrnCommon" />
            <targetFieldPath value="target" />
            <targetFieldPath value="environment" />
            <targetFieldPath value="LOCAL" />
        </call>

        <!-- Registra trace da transacao no arquivo de log -->
        <call label="CallRegistraTraceResp">
            <dataManipXml filePath="$(FEGEN_XML_DIR)" fileName="DataManipCommon.xml"/>
            <subDataManip objectReferenceLabel="RegistraTraceResp"/>
            <targetFieldPath value="target" />
            <targetFieldPath value="environment" />
            <targetFieldPath value="LOCAL" />
        </call>

    </dataManip>

    <dataManip label="PreEnriquecimento">
        <fieldSetReference reference="arg0" alias="target"/>
        <fieldSetReference reference="arg0.shc_msg" alias="shc_msg"/>
        <fieldSetReference reference="arg0.segments.common" alias="common"/>
        <fieldSetReference reference="arg1" alias="LOCAL"/>
    
    </dataManip>
    
    <dataManip label="RecuperarDadosEvento">
        <fieldSetReference reference="arg0" alias="target"/>
        <fieldSetReference reference="arg0.shc_msg" alias="shc_msg"/>
        <fieldSetReference reference="arg0.segments.common" alias="common"/>
        <fieldSetReference reference="arg0.segments.service" alias="service"/>
        <fieldSetReference reference="arg0.segments.merchant" alias="merchant"/>
        <fieldSetReference reference="arg0.segments.adm" alias="adm"/>
        <fieldSetReference reference="arg0.segments.debt" alias="debt"/>
        <fieldSetReference reference="arg1" alias="EVENT_DATA"/>
        <fieldSetReference reference="arg2" alias="LOCAL"/>
    
        <conditional-block label="VerificaSeEventoDeveSerLido" >
            <if objectReferenceLabel="EXPR">
            <expr value="LOCAL.LeEvento == 'TRUE'" />
    
                <command label="restore_event" objectReferenceLabel="EVENTMANAGER" >
                    <operation value = "recover" />
                    <key value = "shc_msg.refnum" />
                    <targetFieldPath value = "EVENT_DATA" />
                </command>
    
                <command label="  ========= Dados recuperados do evento =========  " objectReferenceLabel="FIELDSET_DUMP">
                    <sourceFieldPath value = "EVENT_DATA" />
                </command>
    
                <call label="CallGetValuesEventDefault">
                    <dataManipXml filePath="$(FEGEN_XML_DIR)" fileName="DataManipCommon.xml"/>
                    <subDataManip objectReferenceLabel="GetValuesEventDefault"/>
                    <targetFieldPath value="target" />
                    <targetFieldPath value="LOCAL" />
                    <targetFieldPath value="EVENT_DATA" />
                </call>

                <!-- BRUM - EAK-1660 - 03/09/2019 - MCC Dinamico - Inicio -->
                <!-- O SWReplic utiliza o segmento do sublojista para enviar o campo MCC.
                Esse segmento esta sendo desligado no response do swfmt3, por isso é necessário
                ligar esse segmento neste momento -->
                <command label="SetON_seg_sublojista" objectReferenceLabel="TURN_ON" >
                    <when objectReferenceLabel="EXPR">
                        <expr value="EVENT_DATA.merchantCategoryCodeSubLojista != ''"/>
                    </when>
                    <targetFieldPath value="target.segments.sublojista" />
                </command>
                <!-- BRUM - EAK-1660 - Fim -->
    
                <command label="getDadosDoEvento" objectReferenceLabel="XCOPY">
                    <value sourceField="EVENT_DATA.termid"              type="value" targetFieldPath="LOCAL.termid" />
                    <value sourceField="EVENT_DATA.termloc"             type="value" targetFieldPath="LOCAL.termloc" />
                    <value sourceField="EVENT_DATA.is_desfz_emissor"    type="value" targetFieldPath="LOCAL.is_desfz_emissor" />
                    <value sourceField="EVENT_DATA.cod_servico"         type="value" targetFieldPath="service.cod_service" />
                    <value sourceField="EVENT_DATA.tipo_titulo"         type="value" targetFieldPath="merchant.tipo_titulo" />
                    <value sourceField="EVENT_DATA.bndr_name"           type="value" targetFieldPath="common.bndr_name" />
                    <value sourceField="EVENT_DATA.num_sre_term"        type="value" targetFieldPath="adm.num_sre_term" />
                    <value sourceField="EVENT_DATA.vlTrfTxaMtc"         type="value" targetFieldPath="debt.vlTrfTxaMtc" />
                    <value sourceField="EVENT_DATA.id_pinpad"           type="value" targetFieldPath="adm.id_pinpad" />
                    <value sourceField="EVENT_DATA.is_fallback"         type="value" targetFieldPath="common.is_fallback" />
                    <value sourceField="EVENT_DATA.is_nfc"              type="value" targetFieldPath="common.is_nfc" />
                    <value sourceField="EVENT_DATA.appl_id"             type="value" targetFieldPath="LOCAL.appl_id" />
                    <value sourceField="EVENT_DATA.appl_label"          type="value" targetFieldPath="LOCAL.appl_label" />
                    <value sourceField="EVENT_DATA.num_cnpj"            type="value" targetFieldPath="merchant.num_cnpj" />
                    <value sourceField="EVENT_DATA.ecr_fabr_id"         type="value" targetFieldPath="common.ecr_fabr_id" />
                    <value sourceField="EVENT_DATA.cvm_code"            type="value" targetFieldPath="common.cvm_code" />
					<value sourceField="EVENT_DATA.mer_name"            type="value" targetFieldPath="merchant.mer_name" />
                    <!-- Release Bandeiras PDV - Abril 2019 - INICIO -->
                    <value sourceField="EVENT_DATA.indicadorModoEntrada"  type="value" targetFieldPath="common.indicadorModoEntrada" />
                    <!-- Release Bandeiras PDV - Abril 2019 - FIM -->
                    <value sourceField="EVENT_DATA.merchantCategoryCodeSubLojista"  type="value" targetFieldPath="target.segments.sublojista.merchantCategoryCode" /> <!-- BRUM - EAK-1660 - 03/09/2019 - MCC Dinamico -->
                    <value sourceField="EVENT_DATA.reversalType"        type="value" targetFieldPath="common.reversal_type" />
                    <value sourceField="EVENT_DATA.tpdu"                type="value" targetFieldPath="merchant.tpdu" />
                    <value sourceField="EVENT_DATA.in_tpo_tcn"          type="value" targetFieldPath="merchant.in_tpo_tcn" />
                    <value sourceField="EVENT_DATA.ecr_acqterm_id"      type="value" targetFieldPath="common.ecr_acqterm_id" /> <!-- Nava EAK-3111 -->

                    <!-- AUT1-1830 - ELO endereco EC no CV - INICIO -->
                    <value sourceField="EVENT_DATA.nom_logr_pdv"        type="value" targetFieldPath="LOCAL.nom_logr_pdv" />
                    <value sourceField="EVENT_DATA.num_logr_pdv"        type="value" targetFieldPath="LOCAL.num_logr_pdv" />
                    <value sourceField="EVENT_DATA.nom_brr_pdv"         type="value" targetFieldPath="LOCAL.nom_brr_pdv" />
                    <value sourceField="EVENT_DATA.des_cpl_endr_pdv"    type="value" targetFieldPath="LOCAL.des_cpl_endr_pdv" />
                    <value sourceField="EVENT_DATA.mer_city"            type="value" targetFieldPath="merchant.mer_city" />
                    <value sourceField="EVENT_DATA.mer_state"           type="value" targetFieldPath="merchant.mer_state" />
                    <!-- AUT1-1830 - ELO endereco EC no CV - FIM -->
                    <value sourceField="EVENT_DATA.respDcc"             type="value" targetFieldPath="target.segments.acquirer_common.respDcc" />
                    <value sourceField="EVENT_DATA.codigoMoedaEstrangeira"  type="value" targetFieldPath="common.codigoMoedaEstrangeira" />
                    <value sourceField="EVENT_DATA.valorMoedaEstrangeira"   type="value" targetFieldPath="common.valorMoedaEstrangeira" />
                    <value sourceField="EVENT_DATA.valorTaxaConvMoeda"      type="value" targetFieldPath="common.valorTaxaConvMoeda" />
                    <value sourceField="EVENT_DATA.percentualTaxaMarkup"    type="value" targetFieldPath="common.percentualTaxaMarkup" />
                </command>

                <conditional-block label="ResetValorTransacaoMaestroDCC" >
                    <if objectReferenceLabel="EXPR">
                    <expr value="service.cod_service == '802' &amp;&amp; common.iss_name == 'MAESTRO' " />
                        <command label="copy_amount" objectReferenceLabel="XCOPY">
                                <value sourceField="EVENT_DATA.valorTransacao"     type="value" targetFieldPath="shc_msg.amount" />
                        </command>
                    </if>
                </conditional-block>

                <command label="SetDe38IssOff" objectReferenceLabel="XCOPY">
                    <when objectReferenceLabel="EXPR" >
                        <expr value="common.de38IssOff == ''" />
                    </when>
                    <value sourceField="EVENT_DATA.de38IssOff" type="value" targetFieldPath="common.de38IssOff" />
                </command>
    
            </if>
        </conditional-block>
    </dataManip>
    
    <dataManip label="FluxoConsulta_FluxoVenda">
        <fieldSetReference reference="arg0" alias="target"/>
        <fieldSetReference reference="arg0.shc_msg" alias="shc_msg"/>
        <fieldSetReference reference="arg0.segments.common" alias="common"/>
        <fieldSetReference reference="arg1" alias="LOCAL"/>

        <command label="set_status_advice_negado" objectReferenceLabel="VALUE">
            <when objectReferenceLabel="EXPR" >
                <expr value="common.msg_category in ('ADV_NEGADO')"/>
            </when>
            <targetFieldPath value="common.status"/>
            <sourceValue value="2"/>
        </command>
		
		<!-- SCSW-3275- Blindagem CABAL | DE38 e DE39 - WRB - INICIO -->		
		<command label="DefineStatusTrnCABALOffDE38andDE39" objectReferenceLabel="VALUE">
			<when objectReferenceLabel="EXPR">
				<expr value="(((common.iss_name =='CABAL_DBT'     &amp;&amp; 
							   shc_msg.authnum == ''             &amp;&amp; 
							   common.ext_network_code == '00' )   || 
							  (common.iss_name=='CABAL_DBT'      &amp;&amp; 
							   shc_msg.authnum == '      '       &amp;&amp; 
  						       common.ext_network_code == '00' )) &amp;&amp; 
						      shc_msg.msgtype         == '210')"/>
			</when>
				<sourceValue value="2"/>
				<targetFieldPath value="common.status"/>
		</command>		
		<!-- SCSW-3275- Blindagem CABAL | DE38 e DE39 - WRB - FIM -->		

    
        <call label="UPDATE_TBSW0030">
            <subDataManip objectReferenceLabel="UPDATE_TBSW0030" />
            <dataManipXml filePath="$(FEGEN_XML_DIR)" fileName="DataBaseCommon.xml"/>
            <targetFieldPath value="target" />
            <targetFieldPath value="LOCAL" />
        </call>
    
        <call label="UPDATE_TBSW0032">
            <subDataManip objectReferenceLabel="UPDATE_TBSW0032" />
            <dataManipXml filePath="$(FEGEN_XML_DIR)" fileName="DataBaseCommon.xml"/>
            <targetFieldPath value="target" />
            <targetFieldPath value="LOCAL" />
        </call>
    
        <call label="INSERT_TBSW0101">
            <subDataManip objectReferenceLabel="INSERT_TBSW0101" />
            <dataManipXml filePath="$(FEGEN_XML_DIR)" fileName="DataBaseCommon.xml"/>
            <targetFieldPath value="target" />
            <targetFieldPath value="LOCAL" />
        </call>

        <call label="Insere_Atualiza_TBSW0139">
            <dataManipXml filePath="$(FEGEN_XML_DIR)" fileName="DataManipCommon.xml"/>
            <subDataManip objectReferenceLabel="INSERE_ATUALIZA_TBSW00139"/>
            <targetFieldPath value="target" />
        </call>
    </dataManip>
    
    <dataManip label="FluxoEstorno">
        <fieldSetReference reference="arg0" alias="target"/>
        <fieldSetReference reference="arg0.shc_msg" alias="shc_msg"/>
        <fieldSetReference reference="arg0.segments.common" alias="common"/>
        <fieldSetReference reference="arg0.segments" alias="segments"/>
        <fieldSetReference reference="arg1" alias="LOCAL"/>
    
        <call label="UPDATE_TBSW0030">
            <subDataManip objectReferenceLabel="UPDATE_TBSW0030" />
            <dataManipXml filePath="$(FEGEN_XML_DIR)" fileName="DataBaseCommon.xml"/>
            <targetFieldPath value="target" />
            <targetFieldPath value="LOCAL" />
        </call>
    
        <call label="INSERT_TBSW0101">
            <subDataManip objectReferenceLabel="INSERT_TBSW0101" />
            <dataManipXml filePath="$(FEGEN_XML_DIR)" fileName="DataBaseCommon.xml"/>
            <targetFieldPath value="target" />
            <targetFieldPath value="LOCAL" />
        </call>

        <conditional-block label="status_trn">
            <if objectReferenceLabel="EXPR">
            <expr value="common.status != '1'" />
                <call label="REVINSERTER_TBSW0033">
                    <subDataManip objectReferenceLabel="REVINSERTER_TBSW0033" />
                    <dataManipXml filePath="$(FEGEN_XML_DIR)" fileName="DataBaseCommon.xml"/>
                    <targetFieldPath value="target" />
                    <targetFieldPath value="LOCAL" />
                </call>
            </if>
            <else-if objectReferenceLabel="EXPR">
                <expr value="common.msg_name == 'EST_VEND_DBT_GEN' &amp;&amp; 
                            common.msg_category == 'ESTORNO' &amp;&amp; 
                            segments.service.cod_service  == '802'" />

                    <call label="CallAnalisaGeraCupom">
                        <dataManipXml filePath="$(COMMON_XML_DIR)" fileName="TrataCupom.xml"/>
                        <subDataManip objectReferenceLabel="AnalisaGeraCupom" />
                        <targetFieldPath value="target" />
                        <targetFieldPath value="LOCAL" />
                    </call>
                    <call label="UPDATE_ORIG_TBSW0030">
                        <subDataManip objectReferenceLabel="UPDATE_ORIG_TBSW0030" />
                        <dataManipXml filePath="$(FEGEN_XML_DIR)" fileName="DataBaseCommon.xml"/>
                        <targetFieldPath value="target" />
                        <targetFieldPath value="LOCAL" />
                    </call>
            </else-if>
            <else>
                <call label="UPDATE_ORIG_TBSW0030">
                    <subDataManip objectReferenceLabel="UPDATE_ORIG_TBSW0030" />
                    <dataManipXml filePath="$(FEGEN_XML_DIR)" fileName="DataBaseCommon.xml"/>
                    <targetFieldPath value="target" />
                    <targetFieldPath value="LOCAL" />
                </call>
            </else>
        </conditional-block>
    </dataManip>
    
    <dataManip label="FluxoDesfazimento">
        <fieldSetReference reference="arg0" alias="target"/>
        <fieldSetReference reference="arg0.shc_msg" alias="shc_msg"/>
        <fieldSetReference reference="arg0.segments.common" alias="common"/>
        <fieldSetReference reference="arg1" alias="LOCAL"/>
    
        <!-- Processamento da resposta oriunda do issuer. -->
        <!-- Atualiza campos da tabela relativos ao issuer que tratou o 420 -->
        <conditional-block label="Atualiza original com dados do issuer" >
            <if objectReferenceLabel="EXPR">
            <expr value=" LOCAL.is_desfz_emissor == 'TRUE' " />
                <call label="UPDATE_TBSW0030_REV_ISS">
                    <subDataManip objectReferenceLabel="UPDATE_TBSW0030_REV_ISS" />
                    <dataManipXml filePath="$(FEGEN_XML_DIR)" fileName="DataBaseCommon.xml"/>
                    <targetFieldPath value="target" />
                    <targetFieldPath value="LOCAL" />
                </call>

                <!-- EAK-4046 - Removendo mensagem do arquivo de drop -->
                <command label=" Dropando resposta do DESFAZIMENTO do issuer " objectReferenceLabel="DROP">
                    <disableLog value = "TRUE" />
                </command>
				
            </if>
        </conditional-block>
    
        <!-- A partir deste ponto o processamento e da resposta local do desfazimento -->
        <call label="UPDATE_TBSW0030">
            <subDataManip objectReferenceLabel="UPDATE_TBSW0030" />
            <dataManipXml filePath="$(FEGEN_XML_DIR)" fileName="DataBaseCommon.xml"/>
            <targetFieldPath value="target" />
            <targetFieldPath value="LOCAL" />
        </call>
    
        <conditional-block label="UPDATE_DESFAZIMENTO">
            <if objectReferenceLabel="EXPR">
            <expr value="LOCAL.trn_tem_original == 'FALSE'" />
                <call label="REVINSERTER_TBSW0033">
                    <subDataManip objectReferenceLabel="REVINSERTER_TBSW0033" />
                    <dataManipXml filePath="$(FEGEN_XML_DIR)" fileName="DataBaseCommon.xml"/>
                    <targetFieldPath value="target" />
                    <targetFieldPath value="LOCAL" />
                </call>
            </if>
            <else>
                <call label="UPDATE_ORIG_TBSW0030">
                    <subDataManip objectReferenceLabel="UPDATE_ORIG_TBSW0030" />
                    <dataManipXml filePath="$(FEGEN_XML_DIR)" fileName="DataBaseCommon.xml"/>
                    <targetFieldPath value="target" />
                    <targetFieldPath value="LOCAL" />
                </call>
    
                <call label="REVINSERTER_TBSW0033">
                <when objectReferenceLabel="EXPR">
                    <expr value="common.is_desfaz_estorno == 'TRUE'"/>
                </when>
                    <subDataManip objectReferenceLabel="REVINSERTER_TBSW0033" />
                    <dataManipXml filePath="$(FEGEN_XML_DIR)" fileName="DataBaseCommon.xml"/>
                    <targetFieldPath value="target" />
                    <targetFieldPath value="LOCAL" />
                </call>
            </else>
        </conditional-block>
        
        <!-- Para desfazimento, nao eviar authnum nem da original -->
        <command label="Reset_authnum" objectReferenceLabel="VALUE" >
            <sourceValue value="" />
            <targetFieldPath value="shc_msg.authnum" />
        </command>

    </dataManip>
    
    <dataManip label="FluxoConfirmacao">
        <fieldSetReference reference="arg0" alias="target"/>
        <fieldSetReference reference="arg0.shc_msg" alias="shc_msg"/>
        <fieldSetReference reference="arg0.segments.common" alias="common"/>
        <fieldSetReference reference="arg1" alias="environment"/>
        <fieldSetReference reference="arg2" alias="LOCAL"/>
    
        <conditional-block label="Atualiza somente se encontrou" >
        <if objectReferenceLabel="EXPR">
        <expr value="common.reversal_type in ('1, 2')" />
            <command label="update_to_confirmed" objectReferenceLabel="XCOPY" >
                <value sourceValue="1" type="value" targetFieldPath="common.status" />
            </command>
            
            <call label="UPDATE_ORIG_TBSW0030">
                <subDataManip objectReferenceLabel="UPDATE_ORIG_TBSW0030" />
                <dataManipXml filePath="$(FEGEN_XML_DIR)" fileName="DataBaseCommon.xml"/>
                <targetFieldPath value="target" />
                <targetFieldPath value="LOCAL" />
            </call>

            <command label="  ========= Dropando Mensagem Confirmacao =========  " objectReferenceLabel="DROP" >
                <disableLog value = "TRUE" />
            </command>
        </if>
        </conditional-block>     
    </dataManip>
    
</dataManip-list>
