<?xml version="1.0" encoding="iso-8859-1"?>
<!DOCTYPE dataManip-list SYSTEM "../../../PDV/dtd/fwsw/DataManip.dtd">

<!-- ===================================================================================== >
< @Author: Fernando Ramires, framires, 694449 - FIS                                        >
< @Create-Date: 25.09.2013                                                                 >
< @History: version 1.0 - 29.09.13                                                         >
< ====================================================================================== -->

<!-- ===================================================================================== >
< TODO:                                                                                    >
< ======================================================================================== >
< Plugin de Update na tabela TBSW0139                                                      >
< ====================================================================================== -->

<!-- ===================================================================================== >
< @DatabaseUpdates - @Lista de Travas de Erros - ON                                        >
< ======================================================================================== >
< ERU00301 - Trava de erro no update a tabela TBSW0030                (TBSW0030_UPD_ERROR) >
< ERU01391 - Trava de erro no update a tabela TBSW0139                (TBSW0139_UPD_ERROR) >
<                                                                                          >
< ====================================================================================== -->

<!-- ==================================
     MainDataManipList:
     ================================== -->
<dataManip-list>
    
    <!-- =============================================================================== -->
    <!-- ================== D A T A B A S E - T R A N S A C T I O N S ================== -->
    <!-- =============================================================================== -->
    
    <!-- ==================================
         ValidacaoInternaTBSW0030:
         ================================== -->
    <dataManip label="ValidacaoInternaTBSW0030">
        <fieldSetReference reference="arg0" alias="target"/>
        <fieldSetReference reference="arg1" alias="TBSW0030"/>
        <fieldSetReference reference="arg2" alias="LOCAL"/>
        
        <!-- @Trap: ERU00301 - Trava de erro no update a tabela TBSW0030 -->
        <call label="CALL_CHECK__UPD_TBSW0030_ERROR">
        <dataManipXml filePath="$(ACQSRV_DBT_XML_DIR)" fileName="DatabaseRules.xml"/>
        <subDataManip objectReferenceLabel="TBSW0030_UPD_ERROR"/>
            <targetFieldPath value="target"/>
            <targetFieldPath value="TBSW0030"/>
            <targetFieldPath value="LOCAL"/>
        </call>
        
    </dataManip>

    <!-- ==================================
         ValidacaoInternaTBSW0032:
         ================================== -->
    <dataManip label="ValidacaoInternaTBSW0032">
        <fieldSetReference reference="arg0" alias="target"/>
        <fieldSetReference reference="arg1" alias="TBSW0032"/>
        <fieldSetReference reference="arg2" alias="LOCAL"/>
        
        <!-- @Trap: ERU00322 - Trava de erro no update a tabela TBSW0032 -->
        <call label="CALL_CHECK__UPD_TBSW0032_ERROR">
        <dataManipXml filePath="$(ACQSRV_DBT_XML_DIR)" fileName="DatabaseRules.xml"/>
        <subDataManip objectReferenceLabel="TBSW0032_UPD_ERROR"/>
            <targetFieldPath value="target"/>
            <targetFieldPath value="TBSW0032"/>
            <targetFieldPath value="LOCAL"/>
        </call>
        
    </dataManip>
 
    
    <!-- ==================================
         UpdateTBSW0030:
         ================================== -->     
    <dataManip label="UpdateTBSW0030">
        <fieldSetReference reference="arg0" alias="target"/>
        <fieldSetReference reference="arg1" alias="LOCAL"/>
        
        <!-- @Info: Struct of result for TBSW0030 -->
        <declare label="TBSW0030">
            <field label="RESULT"/>
        </declare>
        
        <!-- @Info: Update the table TBSW0030 -->
        <command label="update_tbsw0030_record" objectReferenceLabel="TBSW0030UPDATER">
            <sourceFieldPath value="target"/>
            <sourceFieldPath value="LOCAL"/>
            <targetFieldPath value="TBSW0030"/>
        </command>
        
        <!-- @Info: Validate the data from TBSW0030 -->
        <call label="call_ValidacaoInternaTBSW0030">
        <subDataManip objectReferenceLabel="ValidacaoInternaTBSW0030"/>
            <targetFieldPath value="target"/>
            <targetFieldPath value="TBSW0030"/>
            <targetFieldPath value="LOCAL"/>
        </call>
        
        <!-- @Info: Show info in the log -->
        <command label=" ========== TRANSACAO ATUALIZADA NA TBSW0030 (Transacoes) =========" objectReferenceLabel="FIELDSET_DUMP">
            <sourceFieldPath value="TBSW0030.RESULT"/>
        </command>        
        
    </dataManip>

     <!-- ==================================
         UpdateTBSW0032:
         ================================== -->     
    <dataManip label="UpdateTBSW0032">
        <fieldSetReference reference="arg0" alias="target"/>
        <fieldSetReference reference="arg1" alias="LOCAL"/>
        
        <!-- @Info: Struct of result for TBSW0032 -->
        <declare label="TBSW0032">
            <field label="RESULT"/>
        </declare>
        
        <!-- @Info: Update the table TBSW0032 -->
        <command label="update_tbsw0032_record" objectReferenceLabel="TBSW0032UPDATER">
            <sourceFieldPath value="target"/>
            <sourceFieldPath value="LOCAL"/>
            <targetFieldPath value="TBSW0032"/>
        </command>
        
        <!-- @Info: Validate the data from TBSW0032 -->
        <call label="call_ValidacaoInternaTBSW0032">
        <subDataManip objectReferenceLabel="ValidacaoInternaTBSW0032"/>
            <targetFieldPath value="target"/>
            <targetFieldPath value="TBSW0032"/>
            <targetFieldPath value="LOCAL"/>
        </call>
        
        <!-- @Info: Show info in the log -->
        <command label=" ========== TRANSACAO ATUALIZADA NA TBSW0032 =========" objectReferenceLabel="FIELDSET_DUMP">
            <sourceFieldPath value="TBSW0032.RESULT"/>
        </command>        
        
    </dataManip>
    
<!-- t689066@FIS_BEGIN: 27.10.2013 porte do pos  -->         
        <!-- ==================================
         UpdateOriginalTBSW0030:
         ================================== -->     
    <dataManip label="UpdateOriginalTBSW0030">
        <fieldSetReference reference="arg0" alias="target"/>
        <fieldSetReference reference="arg1" alias="LOCAL"/>
        
        <!-- @Info: Struct of result for TBSW0030 -->
        <declare label="TBSW0030">
            <field label="RESULT"/>
        </declare>
        
        <!-- @Info: Update the table TBSW0030 -->
        <command label="update_tbsw0030_record" objectReferenceLabel="TBSW0030ORIGUPDATER">
            <sourceFieldPath value="target"/>
            <targetFieldPath value="TBSW0030"/>
        </command>
        
        <!-- @Info: Validate the data from TBSW0030 -->
        <call label="call_ValidacaoInternaTBSW0030">
        <subDataManip objectReferenceLabel="ValidacaoInternaTBSW0030"/>
            <targetFieldPath value="target"/>
            <targetFieldPath value="TBSW0030"/>
            <targetFieldPath value="LOCAL"/>
        </call>
        
        <!-- @Info: Show info in the log -->
        <command label=" ========== TRANSACAO ORIGINAL ATUALIZADA NA TBSW0030 (Transacoes) =========" objectReferenceLabel="FIELDSET_DUMP">
            <sourceFieldPath value="TBSW0030.RESULT"/>
        </command>        
        
    </dataManip>    
<!-- t689066@FIS_END: 27.10.2013 porte do pos  -->         
    
    <!-- =============================================================================== -->
    <!-- ============ D A T A B A S E - A N A L I S E - D E - F R A U D E S ============ -->
    <!-- =============================================================================== -->
    
    <!-- =============================================================================== -->
    <!-- === D A T A B A S E - C ON F I R M A C O E S - N A O - R E S O L V I D A S ==== -->
    <!-- =============================================================================== -->
    
    <!-- ==================================
         ValidacaoInternaTBSW0139:
         ================================== -->
    <dataManip label="ValidacaoInternaTBSW0139">
        <fieldSetReference reference="arg0" alias="target"/>
        <fieldSetReference reference="arg1" alias="TBSW0139"/>
        <fieldSetReference reference="arg2" alias="LOCAL"/>
        
        <!-- @Trap: ERU01391 - Trava de erro no update a tabela TBSW0139 -->
        <call label="CALL_CHECK__UPD_TBSW0139_ERROR">
        <dataManipXml filePath="$(ACQSRV_DBT_XML_DIR)" fileName="DatabaseRules.xml"/>
        <subDataManip objectReferenceLabel="TBSW0139_UPD_ERROR"/>
            <targetFieldPath value="target"/>
            <targetFieldPath value="TBSW0139"/>
            <targetFieldPath value="LOCAL"/>
        </call>
        
    </dataManip>
    
    <!-- ==================================
         UpdateTBSW0139:
         ================================== -->
    <dataManip label="UpdateTBSW0139">
        <fieldSetReference reference="arg0" alias="target"/>
        <fieldSetReference reference="arg1" alias="LOCAL"/>
        
        <!-- @Info: Result status for update -->
        <declare label="TBSW0139">
            <field label="RESULT"/>
        </declare>
        
        <!-- @Info: Update the table TBSW0139 -->
        <command label="update_tbsw0139_record" objectReferenceLabel="TBSW0139UPDATER">
            <sourceFieldPath value="target"/>
            <targetFieldPath value="TBSW0139"/>
        </command>
        
        <!-- @Info: Validate the data from TBSW0139 -->
        <call label="call_ValidacaoInternaTBSW0139">
        <subDataManip objectReferenceLabel="ValidacaoInternaTBSW0139"/>
            <targetFieldPath value="target"/>
            <targetFieldPath value="TBSW0139"/>
            <targetFieldPath value="LOCAL"/>
        </call>
        
        <!-- @Info: Show info in the log -->
        <command label=" ========== TRANSACAO ATUALIZADA NA TBSW0139 (Dados do PDVDial) =========" objectReferenceLabel="FIELDSET_DUMP">
            <sourceFieldPath value="TBSW0139.RESULT"/>
        </command>
        
    </dataManip>
    
</dataManip-list>

