<?xml version="1.0" encoding="iso-8859-1"?>
<!DOCTYPE dataManip-list SYSTEM "../../../PDV/dtd/fwsw/DataManip.dtd">

<!-- ===================================================================================== >
< @Author: Fernando Ramires, framires, 694449 - FIS                                        >
< @Create-Date: 25.09.2013                                                                 >
< @History: version 1.0 - 29.09.13                                                         >
< ====================================================================================== -->

<!-- ===================================================================================== >
< @DatabaseLoaders - @Lista de Travas de Erros - ON                                        >
< ======================================================================================== >
< ERL00301 - Trava de Erro na consulta a tabela TBSW0030                  (TBSW0030_ERROR) >
< ERL00401 - Trava de Erro na consulta a tabela TBSW0040                  (TBSW0040_ERROR) >
< ERL00411 - Trava de Erro na consulta a tabela TBSW0041                  (TBSW0041_ERROR) >
< ERL00421 - Trava de Erro na consulta a tabela TBSW0042                  (TBSW0042_ERROR) >
< ERL00431 - Trava de Erro na consulta a tabela TBSW0043                  (TBSW0043_ERROR) >
< ERL00471 - Trava de Erro na consulta a tabela TBSW0047                  (TBSW0047_ERROR) >
< ERL00711 - Trava de Erro na consulta a tabela TBSW0071                  (TBSW0071_ERROR) >
< ERL01391 - Trava de Erro na consulta a tabela TBSW0139                  (TBSW0139_ERROR) >
<                                                                                          >
< ======================================================================================== >
< @DatabaseLoaders - @Lista de Travas de Erros - OFF                                       >
< ======================================================================================== >
< ERL00302 - Trava de Erro na consulta a tabela TBSW0030                  (TBSW0030_NO_OK) >
< ERL00402 - Trava de Erro na consulta a tabela TBSW0040                  (TBSW0040_NO_OK) >
< ERL00412 - Trava de Erro na consulta a tabela TBSW0041                  (TBSW0041_NO_OK) >
< ERL00422 - Trava de Erro na consulta a tabela TBSW0042                  (TBSW0042_NO_OK) >
< ERL00432 - Trava de Erro na consulta a tabela TBSW0043                  (TBSW0043_NO_OK) >
< ERL00472 - Trava de Erro na consulta a tabela TBSW0047                  (TBSW0047_NO_OK) >
< ERL00712 - Trava de Erro na consulta a tabela TBSW0047                  (TBSW0071_NO_OK) >
< ERL01392 - Trava de Erro na consulta a tabela TBSW0139                  (TBSW0139_NO_OK) >
< ERL20201 - Trava de Erro na consulta a tabela TBSW2020                  (TBSW2020_ERROR) >
< ERL20202 - Trava de Erro na consulta a tabela TBSW2020                  (TBSW2020_NO_OK) >
<                                                                                          >
< ====================================================================================== -->

<!-- ==================================
     MainDataManipList:
     ================================== -->
<dataManip-list>

    <!-- =============================================================================== -->
    <!-- ===================== D A T A B A S E - F R A M E W O R K ===================== -->
    <!-- =============================================================================== -->

    <!-- ====================================== -->
    <!-- @Copy the struct to use this functions -->
    <!-- ======================================== >
    <declare label="TBSW2020">
        <field label="REF_NUM"/>
    </declare>
    =========================================== -->

    <!-- ==================================
         ValidacaoInternaTBSW2020:
         ================================== -->
    <dataManip label="ValidacaoInternaTBSW2020">
        <fieldSetReference reference="arg0" alias="target"/>
        <fieldSetReference reference="arg1" alias="TBSW2020"/>
        <fieldSetReference reference="arg2" alias="LOCAL"/>

        <!-- @Trap: ERL20201 - Trava de Erro na consulta a tabela TBSW2020 -->
        <!--call label="CALL_CHECK_TBSW2020_ERROR">
        <dataManipXml filePath="$(ACQSRV_DBT_XML_DIR)" fileName="DatabaseRules.xml"/>
        <subDataManip objectReferenceLabel="TBSW2020_ERROR"/>
            <targetFieldPath value="target"/>
            <targetFieldPath value="TBSW2020"/>
            <targetFieldPath value="LOCAL"/>
        </call-->

        <!-- @Trap: ERL20202 - Trava de Erro na consulta a tabela TBSW2020 -->
        <!--call label="CALL_CHECK_TBSW2020_NO_OK">
        <dataManipXml filePath="$(ACQSRV_DBT_XML_DIR)" fileName="DatabaseRules.xml"/>
        <subDataManip objectReferenceLabel="TBSW2020_NO_OK"/>
            <targetFieldPath value="target"/>
            <targetFieldPath value="TBSW2020"/>
            <targetFieldPath value="LOCAL"/>
        </call-->

    </dataManip>

    <!-- ==================================
         SetValuesFromTBSW2020:
         ================================== -->
    <dataManip label="SetValuesFromTBSW2020">
        <fieldSetReference reference="arg0" alias="target"/>
        <fieldSetReference reference="arg0.shc_msg" alias="shc_msg"/>
        <fieldSetReference reference="arg1" alias="TBSW2020"/>

        <!-- @Info: Set reference number -->
        <command label="set_reference_number_or_nsu" objectReferenceLabel="COPY">
            <sourceFieldPath value="TBSW2020.REF_NUM"/>
            <targetFieldPath value="shc_msg.refnum"/>
        </command>

    </dataManip>

    <!-- ==================================
         RestoreFromTBSW2020:
         ================================== -->
    <dataManip label="RestoreFromTBSW2020">
        <fieldSetReference reference="arg0" alias="target"/>
        <fieldSetReference reference="arg1" alias="TBSW2020"/>
        <fieldSetReference reference="arg2" alias="LOCAL"/>

        <!-- @Info: Get nsu number from TBSW2020 -->
        <command label="restore_tbsw2020_record_(get_nsu)" objectReferenceLabel="TBSW2020_GET_NSU" >
            <targetFieldPath value="TBSW2020.REF_NUM"/>
        </command>

        <!-- @Info: Print nsu number (ref num) -->
        <command label="  ========= NSU for this Transaction =========" objectReferenceLabel="FIELDSET_DUMP">
            <sourceFieldPath value="TBSW2020.REF_NUM"/>
        </command>

        <!-- @Info: Validate the data from TBSW2020 -->
        <call label="call_ValidacaoInternaTBSW2020">
        <subDataManip objectReferenceLabel="ValidacaoInternaTBSW2020"/>
            <targetFieldPath value="target"/>
            <targetFieldPath value="TBSW2020"/>
            <targetFieldPath value="LOCAL"/>
        </call>

    </dataManip>

    <!-- =============================================================================== -->
    <!-- ==================== D A T A B A S E - T R X R O U T I N G ==================== -->
    <!-- =============================================================================== -->

    <!-- ====================================== -->
    <!-- @Copy the struct to use this functions -->
    <!-- ======================================== >
    <declare label="TrxRoutingData">
        <field label="codTipTran" value="D"/>
        <field label="nomHostAcqr"/>
        <field label="nomFeAcqr"/>
        <field label="codRota"/>
        <field label="codIssrSw"/>
        <field label="networkId"/>
        <field label="networkIdVan"/>
        <field label="nomEmsrSw"/>
        <field label="codEmsrSw"/>
        <field label="codBndr"/>
        <field label="codFeEmsr"/>
        <field label="result"/>
    </declare>
    =========================================== -->

    <!-- ==================================
         ValidacaoInternaTRXROUTING:
         ================================== -->
    <dataManip label="ValidacaoInternaTRXROUTING">
        <fieldSetReference reference="arg0" alias="target"/>
        <fieldSetReference reference="arg1" alias="TrxRoutingData"/>
        <fieldSetReference reference="arg2" alias="LOCAL"/>

        <!-- TRAVA012 :: R-1.1.36 - Emissor Invalido-->
        <call label="TRAVA_EMISSOR_NAO_IDENTIFICADO">
            <dataManipXml filePath="$(ACQSRV_DBT_XML_DIR)" fileName="BusinessRules.xml" />
            <subDataManip objectReferenceLabel="TRAVA_EMISSOR_NAO_IDENTIFICADO" />
            <targetFieldPath value="target" />
            <targetFieldPath value="TrxRoutingData" />
            <targetFieldPath value="LOCAL" />
        </call>

    </dataManip>

    <!-- ==================================
         SetValuesFromTRXROUTING:
         ================================== -->
    <dataManip label="SetValuesFromTRXROUTING">
        <fieldSetReference reference="arg0" alias="target"/>
        <fieldSetReference reference="arg0.shc_msg" alias="shc_msg"/>
        <fieldSetReference reference="arg0.segments.common" alias="common"/>
        <fieldSetReference reference="arg1" alias="TrxRoutingData"/>
        <fieldSetReference reference="arg2" alias="LOCAL"/>

        <!-- @Info: Set issuer id -->
        <command label="set_issuerId" objectReferenceLabel="COPY">
            <sourceFieldPath value="TrxRoutingData.codIssrSw"/>
            <targetFieldPath value="common.issuer_id"/>
        </command>

        <!-- @Info: Set cod emissor -->
        <command label="set_codEmsr" objectReferenceLabel="COPY">
            <sourceFieldPath value="TrxRoutingData.codEmsrSw"/>
            <targetFieldPath value="common.cd_ems"/>
        </command>
        <command label="set_AuthDevcap" objectReferenceLabel="COPY" >
            <sourceFieldPath value="TrxRoutingData.codEmsrSw" />
            <targetFieldPath value="shc_msg.auth_devcap" />
        </command>

        <!-- @Info: Set cod of bndr -->
        <command label="set_codBndr" objectReferenceLabel="COPY">
            <sourceFieldPath value="TrxRoutingData.codBndr"/>
            <targetFieldPath value="common.cod_bndr"/>
        </command>

        <!-- @Info: Set network id from issuer -->
        <command label="set_networkId" objectReferenceLabel="COPY">
            <sourceFieldPath value="TrxRoutingData.networkId"/>
            <targetFieldPath value="shc_msg.issuer"/>
        </command>

        <!-- @Info: Set network id van -->
        <command label="set_networkIdVan" objectReferenceLabel="COPY">
            <sourceFieldPath value="TrxRoutingData.networkIdVan"/>
            <targetFieldPath value="LOCAL.network_id_van"/>
        </command>

    </dataManip>

    <!-- ==================================
         RestoreFromTRXROUTING:
         ================================== -->
    <dataManip label="RestoreFromTRXROUTING">
        <fieldSetReference reference="arg0" alias="target"/>
        <fieldSetReference reference="arg0.segments.common" alias="common"/>
        <fieldSetReference reference="arg1" alias="TrxRoutingData"/>
        <fieldSetReference reference="arg2" alias="LOCAL"/>

        <!-- @Info: Run transaction routing plugin -->
        <command label="restore_trxrouting_record_(binSearch)" objectReferenceLabel="TRXROUTING">
            <sourceFieldPath value="TrxRoutingData"/>
            <targetFieldPath value="TrxRoutingData"/>
            <sourceBin value="common.bin"/>
        </command>

        <!-- @Info: Print trxrouting data -->
        <command label="  ========= Enriquecimento do Issuer (Roteamento) =========" objectReferenceLabel="FIELDSET_DUMP">
            <sourceFieldPath value="TrxRoutingData"/>
        </command>

        <!-- @Info: Validate the data from trxrouting -->
        <call label="call_ValidacaoInternaTRXROUTING">
        <subDataManip objectReferenceLabel="ValidacaoInternaTRXROUTING"/>
            <targetFieldPath value="target"/>
            <targetFieldPath value="TrxRoutingData"/>
            <targetFieldPath value="LOCAL"/>
        </call>

    </dataManip>

    <!-- =============================================================================== -->
    <!-- ================== D A T A B A S E - T R A N S A C T I O N S ================== -->
    <!-- =============================================================================== -->

    <!-- ====================================== -->
    <!-- @Copy the struct to use this functions -->
    <!-- ======================================== >
    <declare label="TBSW0030">
        <field label="DAT_MOV_TRAN"/>
        <field label="NUM_SEQ_UNC"/>
        <field label="DTH_GMT"/>
        <field label="DTH_INI_TRAN"/>
        <field label="DAT_CTB_TRAN"/>
        <field label="COD_MSG_ISO"/>
        <field label="COD_PCM_ISO"/>
        <field label="TIP_TRAN"/>
        <field label="TIP_DTLH_TRAN"/>
        <field label="TIP_VD"/>
        <field label="TIP_PLN_PGMN"/>
        <field label="COD_CTGR_TRAN"/>
        <field label="COD_CMPM_TRAN"/>
        <field label="NUM_RD_ORG"/>
        <field label="NUM_ESTB"/>
        <field label="COD_TERM"/>
        <field label="NUM_STAN"/>
        <field label="TIP_TCNL"/>
        <field label="TIP_TERM"/>
        <field label="COD_RAM_ATVD"/>
        <field label="COD_POS_ENTR_MODO"/>
        <field label="COD_BNDR"/>
        <field label="COD_EMSR"/>
        <field label="NUM_EMSR"/>
        <field label="NUM_ID_CAR"/>
        <field label="COD_PAIS_CAR"/>
        <field label="NUM_CAR"/>
        <field label="DAT_VLD_CAR"/>
        <field label="IND_TRK"/>
        <field label="IND_CPTR_CVC_2"/>
        <field label="NUM_CVC_2"/>
        <field label="COD_TRK_CAR"/>
        <field label="COD_SERV"/>
        <field label="COD_SERV_SNHA"/>
        <field label="IND_ID_PREV"/>
        <field label="VAL_TRAN"/>
        <field label="VAL_TOTL_TRAN"/>
        <field label="COD_MOED"/>
        <field label="NUM_CV"/>
        <field label="NUM_AUT"/>
        <field label="COD_MOT_AUT"/>
        <field label="NUM_MOT_RSPS"/>
        <field label="COD_MOT_RSPS_EXT"/>
        <field label="COD_MOT_SW"/>
        <field label="IND_STTU_TRAN"/>
        <field label="DTH_STTU_TRAN"/>
        <field label="COD_PROD"/>
        <field label="NUM_RSMO_VD"/>
        <field label="DAT_RSMO_VD"/>
        <field label="NOM_LOC_ESTB"/>
        <field label="IND_TERM_RLCD_CHIP"/>
        <field label="IND_DFZM"/>
        <field label="IND_ESTR"/>
        <field label="IND_CPTRDO"/>
        <field label="IND_AGND_TRAN"/>
        <field label="IND_IMPR_CPOM"/>
        <field label="IND_EMSR_MTC"/>
        <field label="IND_DA_RLCD_CHIP"/>
        <field label="IND_DA_RLCD_IATA"/>
        <field label="IND_TRAN_REFD"/>
        <field label="TIP_TRAN_ORGL"/>
        <field label="DAT_EXPC_TRAN"/>
        <field label="VAL_TRAN_DLR"/>
        <field label="VAL_COT_DLR"/>
        <field label="COD_CTR"/>
        <field label="VAL_TX"/>
        <field label="COD_REF_RESTANTE"/>
        <field label="COD_CNDC_CPTR_PAUZ"/>
        <field label="TIP_ENT_PAUZ"/>
        <field label="COD_OPER_CNFR"/>
        <field label="PRCN_TX_RISC"/>
        <field label="VAL_TX_RISC"/>
        <field label="COD_CNDC_CPTR"/>
        <field label="NOM_SITE_ACQR_ORGL"/>
        <field label="NOM_HOST_ACQR_ORGL"/>
        <field label="NOM_FE_ACQR_ORGL"/>
        <field label="NOM_SITE_ISSR"/>
        <field label="NOM_HOST_ISSR"/>
        <field label="NOM_FE_ISSR"/>
        <field label="NOM_SITE_ACQR_ATLZ"/>
        <field label="NOM_HOST_ACQR_ATLZ"/>
        <field label="NOM_FE_ACQR_ATLZ"/>
        <field label="TXT_DA_ADIC_EMSR"/>
        <field label="TIP_MODL_CPTR"/>
        <field label="DTH_TRAN_EMSR"/>
        <field label="DAT_LQDC_EMSR"/>
        <field label="COD_ISTT_ACQR"/>
        <field label="COD_ISTT_FRWD"/>
        <field label="COD_RSPS_DTLH_EMSR"/>
        <field label="COD_RSTD_NUM_CVC_2"/>
        <field label="COD_SERV_TRK_CAR"/>
        <field label="COD_VLDC_EMSR"/>
        <field label="IND_AUT"/>
        <field label="IND_DA_RLCD_KMRC"/>
        <field label="COD_AUT_EMSR"/>
        <field label="COD_TRAN_CAD"/>

        <field label="RESULT"/>
    </declare>
    =========================================== -->

    <!-- ==================================
         ValidacaoInternaTBSW0030:
         ================================== -->
    <dataManip label="ValidacaoInternaTBSW0030">
        <fieldSetReference reference="arg0" alias="target"/>
        <fieldSetReference reference="arg1" alias="TBSW0030"/>
        <fieldSetReference reference="arg2" alias="LOCAL"/>

        <!-- @Trap: ERL00301 - Trava de Erro na consulta a tabela TBSW0030 -->
        <call label="CALL_CHECK_TBSW0030_ERROR">
        <dataManipXml filePath="$(ACQSRV_DBT_XML_DIR)" fileName="DatabaseRules.xml"/>
            <subDataManip objectReferenceLabel="TBSW0030_ERROR"/>
            <targetFieldPath value="target"/>
            <targetFieldPath value="TBSW0030"/>
            <targetFieldPath value="LOCAL"/>
        </call>

        <!-- @Trap: ERL00302 - Trava de Erro na consulta a tabela TBSW0030 -->
        <!--call label="CALL_CHECK_TBSW0030_NO_OK">
        <dataManipXml filePath="$(ACQSRV_DBT_XML_DIR)" fileName="DatabaseRules.xml"/>
            <subDataManip objectReferenceLabel="TBSW0030_NO_OK"/>
            <targetFieldPath value="target"/>
            <targetFieldPath value="TBSW0030"/>
            <targetFieldPath value="LOCAL"/>
        </call-->

    </dataManip>

    <!-- ==================================
         SetValuesFromTBSW0030:
         ================================== -->
    <dataManip label="SetValuesFromTBSW0030" >
        <fieldSetReference reference="arg0" alias="target"/>
        <fieldSetReference reference="arg0.shc_msg" alias="shc_msg"/>
        <fieldSetReference reference="arg0.shc_data" alias="shc_data"/>
        <fieldSetReference reference="arg0.segments.common" alias="common"/>
        <fieldSetReference reference="arg1" alias="TBSW0030"/>
        <fieldSetReference reference="arg2" alias="LOCAL"/>

<!--t689066@FIS-BEGIN - Data:27/11/2013 - Ajustes necessarios para a insercao correta no rev da 0033 -->
                <command label="set_origmsg_from_original" objectReferenceLabel="COPY" >
                    <when objectReferenceLabel="EXPR">
                        <expr value="shc_msg.origmsg == ''" />
                    </when>
                    <sourceFieldPath value="TBSW0030.COD_MSG_ISO" />
                    <targetFieldPath value="shc_msg.origmsg" />
                </command>
<!--t689066@FIS-END - Data:27/11/2013 - Ajustes necessarios para a insercao correta no rev da 0033 -->

        <!-- cr689721@FIS.BEGIN - Data: 05/08/2014 - Ref. Problema coletado em teste de cobertura. -->
        <!-- Para mensagens de desfazimento de estorno setar campo is_void para "Y" -->
        <command label="set_origmsg_from_original" objectReferenceLabel="VALUE" >
            <when objectReferenceLabel="EXPR">
                <expr value="shc_msg.msgtype == '420' &amp;&amp; TBSW0030.COD_MSG_ISO == '400'" />
            </when>
            <sourceValue value="Y"/>
            <targetFieldPath value="common.is_void" />
        </command>
        <!-- cr689721@FIS.END - Data: 05/08/2014 - Ref. Problema coletado em teste de cobertura. -->

        <!-- @Info: Set original auth num -->
        <command label="set_orig_authnum_from_original" objectReferenceLabel="COPY">
        <when objectReferenceLabel="EXPR">
            <expr value="common.orig_authnum == ''"/>
        </when>
            <sourceFieldPath value="TBSW0030.COD_AUT_EMSR"/>
            <targetFieldPath value="common.orig_authnum"/>
        </command>

        <command label="save_date_from_tbsw0030" objectReferenceLabel="COPY" >
            <sourceFieldPath value="TBSW0030.DAT_MOV_TRAN" />
            <targetFieldPath value="LOCAL.data_tbsw0030" />
        </command>

        <command label="set_origdate_from_original" objectReferenceLabel="DATETIME" >
            <sourceFieldPath value="TBSW0030.DTH_GMT" />
            <sourceValueMask value="UNIX" />
            <targetFieldPath value="shc_msg.origdate" />
            <targetValueMask value="YYYYMMDD" />
        </command>

        <command label="set_origtime_from_original" objectReferenceLabel="DATETIME" >
            <sourceFieldPath value="TBSW0030.DTH_GMT" />
            <sourceValueMask value="UNIX" />
            <targetFieldPath value="shc_msg.origtime" />
            <targetValueMask value="HHMISS" />
        </command>

        <command label="set_origmsg_from_original" objectReferenceLabel="COPY" >
            <sourceFieldPath value="TBSW0030.COD_MSG_ISO" />
            <targetFieldPath value="shc_msg.origmsg" />
        </command>

        <!-- @Info: Set original ref num -->
        <command label="set_orig_refnum_from_original" objectReferenceLabel="COPY">
        <when objectReferenceLabel="EXPR">
            <expr value="common.origrefnum == ''"/>
        </when>
            <sourceFieldPath value="TBSW0030.NUM_SEQ_UNC"/>
            <targetFieldPath value="common.origrefnum"/>
        </command>

        <!-- @Info: Set cvv2 -->
        <command label="set_cvv2_from_original" objectReferenceLabel="COPY">
        <when objectReferenceLabel="EXPR">
            <expr value="shc_msg.cvv2 == '' &amp;&amp; TBSW0030.IND_CPTR_CVC_2 == 'S'"/>
        </when>
            <sourceFieldPath value="TBSW0030.NUM_CVC_2"/>
            <targetFieldPath value="shc_msg.cvv2"/>
        </command>

        <!-- @Info: Set original transcode -->
        <command label="set_orig_transcode_from_original" objectReferenceLabel="COPY">
        <when objectReferenceLabel="EXPR">
            <expr value="common.orig_transcode == '' || common.orig_transcode == '0'"/>
        </when>
            <sourceFieldPath value="TBSW0030.TIP_TRAN"/>
            <targetFieldPath value="common.orig_transcode"/>
        </command>

        <!-- @Info: Set original transcode -->
        <command label="set_COD_TRAN_CAD" objectReferenceLabel="COPY">
            <sourceFieldPath value="TBSW0030.COD_TRAN_CAD"/>
            <targetFieldPath value="LOCAL.L_COD_TRAN"/>
        </command>

        <!-- @Info: Set original pan -->
        <command label="set_orig_pan_from_original" objectReferenceLabel="TRIM">
        <when objectReferenceLabel="EXPR">
            <expr value="common.orig_pan == ''||
                         common.is_void == 'Y' ||
                         common.is_reversal == 'Y'"/>
        </when>
            <sourceFieldPath value="TBSW0030.NUM_CAR"/>
            <targetFieldPath value="common.orig_pan"/>
            <trimmingChar value=" "/>
            <enableLeftTrimming value="true"/>
            <enableRightTrimming value="true"/>
        </command>

        <!-- t694449@BT58339@18.03.2014@BGN -->
        <command label="set_COD_SERV" objectReferenceLabel="COPY">
            <sourceFieldPath value="TBSW0030.COD_SERV"/>
            <targetFieldPath value="LOCAL.L_COD_SERV"/>
        </command>
        <!-- t694449@BT58339@18.03.2014@END -->

        <!-- @Info: Set pan from original pan -->
        <command label="set_pan_from_original" objectReferenceLabel="PAD">
            <sourceFieldPath value="common.orig_pan"/>
            <targetFieldPath value="shc_msg.pan"/>
            <paddingChar value="0"/>
            <mode value="left"/>
            <length value="19"/>
        </command>

        <!-- @Info: Set original settlement data-->
        <command label="set_settlement_date_from_original" objectReferenceLabel="DATETIME" >
        <when objectReferenceLabel="EXPR">
            <expr value="shc_msg.settlement_date == '' || shc_msg.settlement_date == '0'"/>
        </when>
            <sourceFieldPath value="TBSW0030.DAT_CTB_TRAN"/>
            <sourceValueMask value="UNIX"/>
            <targetFieldPath value="shc_msg.settlement_date"/>
            <targetValueMask value="YYYYMMDD"/>
        </command>

        <!-- @Info: Set original cod of emissor -->
        <command label="set_cd_ems_from_original" objectReferenceLabel="COPY">
        <when objectReferenceLabel="EXPR">
            <expr value="common.cd_ems == ''"/>
        </when>
            <sourceFieldPath value="TBSW0030.COD_EMSR"/>
            <targetFieldPath value="common.cd_ems"/>
        </command>

        <!-- t689049@FIS-BEGIN - Data: 27/12/2013 - Ref BT 52.771 -->
        <!-- cr689721@FIS - Data: 22/12/2014 - Ref. Desativando a recuperacao do COD_SERV_SNHA -->
        <!--command label="set_COD_SERV_SNHA_from_original" objectReferenceLabel="COPY" >
            <when objectReferenceLabel="EXPR">
                <expr value="common.is_void == 'Y' || common.is_reversal == 'Y'" />
            </when>
            <sourceFieldPath value="TBSW0030.COD_SERV_SNHA" />
            <targetFieldPath value="LOCAL.COD_SERV_SNHA" />
        </command-->
        <!-- t689049@FIS-END - Data: 27/12/2013 - Ref BT 52.771 -->

        <!-- @Info: Set original expiry date -->
        <!-- t689721@FIS-BEGIN - Data: 12/02/2014 - Ref BT 55.002 -->
        <command label="set_expiry_date_from_original" objectReferenceLabel="DATETIME">
            <when objectReferenceLabel="EXPR">
                <expr value="TBSW0030.DAT_VLD_CAR != ''"/>
            </when>
            <sourceFieldPath value="TBSW0030.DAT_VLD_CAR"/>
            <sourceValueMask value="YYYYMMDD"/>
            <targetFieldPath value="shc_data.expiry_date"/>
            <targetValueMask value="YYMM"/>
        </command>
        <!-- t689721@FIS-END - Data: 12/02/2014 - Ref BT 55.002 -->

        <!-- t689721@FIS-BEGIN - Data: 20/02/2014 - Ref BT 55.769 -->
        <!-- @Info: Set original cod_trans -->
        <command label="set_cod_trans_from_original" objectReferenceLabel="COPY">
            <when objectReferenceLabel="EXPR">
                <expr value="TBSW0030.COD_TRAN_CAD != '' &amp;&amp;
                            (common.is_void == 'Y' ||
                             common.is_reversal == 'Y')"/>
            </when>
            <sourceFieldPath value="TBSW0030.COD_TRAN_CAD"/>
            <targetFieldPath value="common.cod_trans"/>
        </command>
        <!-- t689721@FIS-END - Data: 20/02/2014 - Ref BT 55.769 -->

        <!-- t689049@FIS - Data: 27/03/2014 - Ref BT 59.185 -->
        <command label="set_ind_trk_from_original" objectReferenceLabel="COPY" >
            <sourceFieldPath value="TBSW0030.IND_TRK" />
            <targetFieldPath value="LOCAL.IND_TRK" />
        </command>
        <command label="set_cod_trk_car_from_original" objectReferenceLabel="COPY" >
            <sourceFieldPath value="TBSW0030.COD_TRK_CAR" />
            <targetFieldPath value="LOCAL.COD_TRK_CAR" />
        </command>

        <command label="set_cod_serv_trk_car_from_original" objectReferenceLabel="COPY" >
            <sourceFieldPath value="TBSW0030.COD_SERV_TRK_CAR" />
            <targetFieldPath value="LOCAL.COD_SERV_TRK_CAR" />
        </command>


        <!-- t689049@FIS - Data: 31/03/2014 - Ref BT 59.610 -->
        <command label="set_cod_vldc_emsr_from_original" objectReferenceLabel="COPY" >
            <when objectReferenceLabel="EXPR">
                <expr value="common.is_void == 'Y' || common.is_reversal == 'Y'" />
            </when>
            <sourceFieldPath value="TBSW0030.COD_VLDC_EMSR" />
            <targetFieldPath value="LOCAL.COD_VLDC_EMSR" />
        </command>

        <command label="set_de_adc_ete" objectReferenceLabel="COPY" >
            <when objectReferenceLabel="EXPR">
                <expr value="common.de_adc_ete == '' ||
                             common.is_void == 'Y' || common.is_reversal == 'Y'" />
            </when>
            <sourceFieldPath value="TBSW0030.TXT_DA_ADIC_EMSR" />
            <targetFieldPath value="common.de_adc_ete" />
        </command>

        <!-- BT 60.484 - Inicio -->
        <command label="set_service_code" objectReferenceLabel="COPY" >
            <when objectReferenceLabel="EXPR">
                <expr value="shc_msg.msgtype  in ( '420' )" />
            </when>
            <sourceFieldPath value="TBSW0030.COD_SERV" />
            <targetFieldPath value="shc_data.service_code" />
        </command>
        <!-- BT 60.484 - Fim -->

    </dataManip>

    <!-- ==================================
         RestoreFromTBSW0030:
         ================================== -->
    <dataManip label="RestoreFromTBSW0030">
        <fieldSetReference reference="arg0" alias="target"/>
        <fieldSetReference reference="arg1" alias="TBSW0030"/>
        <fieldSetReference reference="arg2" alias="LOCAL"/>

        <!-- @Info: Load data from TBSW0030 -->
        <command label="restore_tbsw0030_record" objectReferenceLabel="TBSW0030LOADER">
            <sourceFieldPath value="target"/>
            <targetFieldPath value="TBSW0030"/>
        </command>

        <!-- @Info: Show info in the log -->
        <command label="  ========= Campos da transacao original da tabela TBSW0030 (Transacao) =========" objectReferenceLabel="FIELDSET_DUMP">
            <sourceFieldPath value="TBSW0030"/>
        </command>

        <!-- @Info: Validate the data from TBSW0030 -->
        <call label="call_ValidacaoInternaTBSW0030">
        <subDataManip objectReferenceLabel="ValidacaoInternaTBSW0030"/>
            <targetFieldPath value="target"/>
            <targetFieldPath value="TBSW0030"/>
            <targetFieldPath value="LOCAL"/>
        </call>

    </dataManip>

    <!-- =============================================================================== -->
    <!-- ============== D A T A B A S E - E S T A B E L E C I M E N T O S ============== -->
    <!-- =============================================================================== -->

    <!-- =========================================================== -->
    <!-- @Copy the struct to use this functions                      -->
    <!-- ============================================================= >
    <declare label="TBSW0040">
        <field label="RESULT"/>
        <field label="NUM_PDV"/>
        <field label="COD_TIP_ESTB_PDV"/>
        <field label="COD_CTGR"/>
        <field label="NOM_RZAO_SCLA_ESTB"/>
        <field label="NOM_FAT_PDV"/>
        <field label="COD_CEP_PDV"/>
        <field label="COD_CEP_CPL_PDV"/>
        <field label="NOM_CID_PDV"/>
        <field label="NOM_ESTB_PDV"/>
        <field label="COD_PAIS"/>
        <field label="COD_RAM_ATVD"/>
        <field label="COD_RAM_ATVD_MTC"/>
        <field label="COD_CTGR_TRAN_MTC"/>
        <field label="COD_RAM_ATVD_MTC_DNRS"/>
        <field label="COD_MTZ_ESTB"/>
        <field label="COD_GRU_ESTB"/>
        <field label="NUM_CNPJ"/>
        <field label="COD_STTU_REG"/>
        <field label="DAT_ATLZ_REG"/>
        <field label="COD_ID_DSTR"/>
        <field label="MER_POST"/>
        <field label="COD_RAM_ATVD_INTER"/>
        <field label="POS_GEO_LOC"/>
    </declare>
    ================================================================ -->

    <!-- ==================================
         ValidacaoInternaTBSW0040:
         ================================== -->
    <dataManip label="ValidacaoInternaTBSW0040">
        <fieldSetReference reference="arg0" alias="target"/>
        <fieldSetReference reference="arg1" alias="TBSW0040"/>
        <fieldSetReference reference="arg2" alias="LOCAL"/>

        <!-- @Trap: ERL00401 - Trava de Erro na consulta a tabela TBSW0040 -->
        <call label="CALL_CHECK_TBSW0040_ERROR">
        <dataManipXml filePath="$(ACQSRV_DBT_XML_DIR)" fileName="DatabaseRules.xml"/>
            <subDataManip objectReferenceLabel="TBSW0040_ERROR"/>
            <targetFieldPath value="target"/>
            <targetFieldPath value="TBSW0040"/>
            <targetFieldPath value="LOCAL"/>
        </call>

        <!-- @Trap: ERL00402 - Trava de Erro na consulta a tabela TBSW0040 -->
        <!--call label="CALL_CHECK_TBSW0040_NO_OK">
        <dataManipXml filePath="$(ACQSRV_DBT_XML_DIR)" fileName="DatabaseRules.xml"/>
            <subDataManip objectReferenceLabel="TBSW0040_NO_OK"/>
            <targetFieldPath value="target"/>
            <targetFieldPath value="TBSW0040"/>
            <targetFieldPath value="LOCAL"/>
        </call-->

    </dataManip>

    <!-- ==================================
         SetValuesFromTBSW0040:
         ================================== -->
    <dataManip label="SetValuesFromTBSW0040">
        <fieldSetReference reference="arg0" alias="target"/>
        <fieldSetReference reference="arg0.shc_msg" alias="shc_msg"/>
        <fieldSetReference reference="arg0.segments.common" alias="common"/>
        <fieldSetReference reference="arg0.segments.merchant" alias="merchant"/>
        <fieldSetReference reference="arg1" alias="TBSW0040"/>
        <fieldSetReference reference="arg2" alias="LOCAL"/>

        <!-- @Info: Set number of cpf or cnpj -->
        <command label="set_nu_cgc_cpf" objectReferenceLabel="COPY">
            <sourceFieldPath value="TBSW0040.NUM_CNPJ"/>
            <targetFieldPath value="merchant.nu_cgc_cpf"/>
        </command>

        <!-- @Info: Set merchant cat code -->
        <command label="set_mer_cat_code" objectReferenceLabel="COPY">
            <sourceFieldPath value="TBSW0040.COD_RAM_ATVD"/>
            <targetFieldPath value="merchant.mer_cat_code"/>
        </command>

        <!-- @Info: Set merchant type -->
        <command label="set_merchant_type" objectReferenceLabel="COPY">
            <sourceFieldPath value="TBSW0040.COD_RAM_ATVD_MTC"/>
            <targetFieldPath value="shc_msg.merchant_type"/>
        </command>

        <!-- @Info: Set merchant name -->
        <command label="set_mer_name" objectReferenceLabel="COPY">
            <sourceFieldPath value="TBSW0040.NOM_FAT_PDV"/>
            <targetFieldPath value="merchant.mer_name"/>
        </command>

        <!-- @Info: Set merchant post -->
        <command label="set_mer_post" objectReferenceLabel="COPY">
            <sourceFieldPath value="TBSW0040.MER_POST"/>
            <targetFieldPath value="merchant.mer_post"/>
        </command>

        <!-- @Info: Set merchant country -->
        <command label="set_mer_country" objectReferenceLabel="COPY">
            <sourceFieldPath value="TBSW0040.COD_PAIS"/>
            <targetFieldPath value="merchant.mer_country"/>
        </command>

        <!-- @Info: Set merchant city -->
        <command label="set_mer_city" objectReferenceLabel="COPY">
            <sourceFieldPath value="TBSW0040.NOM_CID_PDV"/>
            <targetFieldPath value="merchant.mer_city"/>
        </command>

        <!-- @Info: Set merchant state -->
        <command label="set_mer_state" objectReferenceLabel="COPY">
            <sourceFieldPath value="TBSW0040.NOM_ESTB_PDV"/>
            <targetFieldPath value="merchant.mer_state"/>
        </command>

        <!-- @Info: Set cod grup of estabelecimento -->
        <command label="set_cod_gru_estb" objectReferenceLabel="COPY">
            <sourceFieldPath value="TBSW0040.COD_GRU_ESTB"/>
            <targetFieldPath value="LOCAL.cod_gru_estb"/>
        </command>

        <!-- @Info: Set cod mtz of estabelecimento -->
        <command label="set_cod_mtz_estb" objectReferenceLabel="COPY">
            <sourceFieldPath value="TBSW0040.COD_MTZ_ESTB"/>
            <targetFieldPath value="LOCAL.cod_mtz_estb"/>
        </command>

        <!-- @Info: Set position geographic location -->
        <command label="set_pos_geo_loc" objectReferenceLabel="COPY">
            <sourceFieldPath value="TBSW0040.POS_GEO_LOC"/>
            <targetFieldPath value="shc_msg.pos_geo_loc"/>
        </command>

        <!-- @Info: Set merchant distribution id -->
        <command label="set_cod_dstr" objectReferenceLabel="COPY">
            <sourceFieldPath value="TBSW0040.COD_ID_DSTR"/>
            <targetFieldPath value="merchant.cod_dstr"/>
        </command>

        <!--==================================================== >
        < @Info: Check if is cod ctg trax is null:               >
        < ====================================================== >
        < @Cnd1: null      - common.cd_ctg_trx                   >
        < ==================================================== -->

        <!-- @Info: Set cod ctg trx-->
        <command label="set_cd_ctg_trx" objectReferenceLabel="COPY">
            <sourceFieldPath value="TBSW0040.COD_CTGR_TRAN_MTC"/>
            <targetFieldPath value="common.cd_ctg_trx"/>
        </command>

        <command label="=== cd_ctg_trx from TBSW0040 ===" objectReferenceLabel="FIELDSET_DUMP">
            <sourceFieldPath value="common.cd_ctg_trx"/>
        </command>

        <!--==================================================== >
        < @Info: Check if acceptorn name is null:                >
        < ====================================================== >
        < @Cnd1: null      - shc_msg.acceptorname                >
        < ==================================================== -->
        <conditional-block label="Enriquece_acceptorname">
        <if objectReferenceLabel="EXPR">
        <expr value="shc_msg.acceptorname == '' &amp;&amp; common.transactionId != '0315' &amp;&amp; common.transactionId != '0355'"/>

            <!-- @Info: Set and pad merchannt mer name -->
            <command label="Pad_Mer_Name" objectReferenceLabel="PAD">
                <sourceFieldPath value="merchant.mer_name"/>
                <targetFieldPath value="shc_msg.acceptorname"/>
                <paddingChar value=" "/>
                <mode value="right"/>
                <length value="24"/>
            </command>

            <!-- @Info: Concat merchant mer name with mer city -->
            <command label="Concat_Mer_City" objectReferenceLabel="CONCAT">
                <sourceFieldPath value="merchant.mer_city"/>
                <targetFieldPath value="shc_msg.acceptorname"/>
                <concatSide value="left"/>
                <concatFieldSetPath value="shc_msg.acceptorname"/>
            </command>

            <!-- @Info: concat and Pad again merchant mer name -->
            <command label="Pad_acceptorname" objectReferenceLabel="PAD">
                <sourceFieldPath value="shc_msg.acceptorname"/>
                <targetFieldPath value="shc_msg.acceptorname"/>
                <paddingChar value=" "/>
                <mode value="right"/>
                <length value="37"/>
            </command>

            <!-- @Info: Concat country with merchant mer name -->
            <command label="Concat_Country" objectReferenceLabel="CONCAT">
                <sourceFieldPath value="shc_msg.acceptorname"/>
                <targetFieldPath value="shc_msg.acceptorname"/>
                <concatSide value="RIGHT"/>
                <concatValue value="BRA"/>
            </command>

        </if>
        <else-if objectReferenceLabel="EXPR">
        <expr value="common.transactionId == '0315' || common.transactionId == '0355'" />
                <declare label="RECARGA_TMP" >
                        <field label="operadora" />
                        <field label="nome_fantasia" />
                        <field label="acceptorname_recarga" />
                </declare>

                <command label="trim_operadora" objectReferenceLabel="TRIM">
                        <sourceFieldPath value="merchant.mer_name" />
                        <targetFieldPath value="RECARGA_TMP.operadora" />
                        <trimmingChar value=" "/>
                        <enableLeftTrimming value="true"/>
                        <enableRightTrimming value="true"/>
                </command>

                <command label="trim_nome_fantasia" objectReferenceLabel="TRIM">
                        <sourceFieldPath value="target.segments.service.nome_fantasia_estab" />
                        <targetFieldPath value="RECARGA_TMP.nome_fantasia" />
                        <trimmingChar value=" "/>
                        <enableLeftTrimming value="true"/>
                        <enableRightTrimming value="true"/>
                </command>

                <command label="Concat_nome_fantasia" objectReferenceLabel="CONCAT" >
                        <sourceFieldPath value = "RECARGA_TMP.nome_fantasia" />
                        <targetFieldPath value = "RECARGA_TMP.acceptorname_recarga" />
                        <concatSide value = "left" />
                        <concatFieldSetPath value = "RECARGA_TMP.acceptorname_recarga" />
                </command>

        <command label="Concat_Separator" objectReferenceLabel="CONCAT" >
            <sourceFieldPath value = "RECARGA_TMP.acceptorname_recarga" />
            <targetFieldPath value = "RECARGA_TMP.acceptorname_recarga" />
            <concatSide value = "RIGHT" />
            <concatValue value = "/" />
        </command>

                <command label="Concat_operadora" objectReferenceLabel="CONCAT" >
                        <sourceFieldPath value = "RECARGA_TMP.operadora" />
                        <targetFieldPath value = "RECARGA_TMP.acceptorname_recarga" />
                        <concatSide value = "left" />
                        <concatFieldSetPath value = "RECARGA_TMP.acceptorname_recarga" />
                </command>

                <command label="copy_acceptorname_recarga" objectReferenceLabel="COPY" >
                        <sourceFieldPath value="RECARGA_TMP.acceptorname_recarga" />
                        <targetFieldPath value="shc_msg.acceptorname" />
                </command>

                <command label="  ========= RECARGA: acceptorname (DE43) =========" objectReferenceLabel="FIELDSET_DUMP">
                        <sourceFieldPath value = "shc_msg.acceptorname" />
                </command>

        </else-if>
        </conditional-block>

        <!--==================================================== >
        < @Info: Check if is internacional ramo:                 >
        < ====================================================== >
        < @Cnd1:  8      - COD_RAM_ATVD_INTER                    >
        < ==================================================== -->
        <command label="set_isRamoInternacional" objectReferenceLabel="VALUE">
        <when objectReferenceLabel="EXPR">
            <expr value="TBSW0040.COD_RAM_ATVD_INTER == '8'"/>
        </when>
            <targetFieldPath value="LOCAL.isRamoInternacional"/>
            <sourceValue value="Y"/>
        </command>

        <!--==================================================== >
        < @Info: Check if is duty free:                          >
        < ====================================================== >
        < @Cnd1: 61300   - COD_RAM_ATVD                          >
        < ==================================================== -->
        <command label="set_isDutyFree" objectReferenceLabel="VALUE">
        <when objectReferenceLabel="EXPR">
            <expr value="TBSW0040.COD_RAM_ATVD == '61300'"/>
        </when>
            <targetFieldPath value="LOCAL.isDutyFree"/>
            <sourceValue value="Y"/>
        </command>

        <!--==================================================== >
        < @Info: Restore data for transactions:                  >
        < ====================================================== >
        < @Cnd1:  Y      - LOCAL.isRamoInternacional             >
        < @Cnd2:  Y      - LOCAL.isDutyFree                      >
        < ==================================================== -->
        <conditional-block label="set_acq_currency_code">
        <if objectReferenceLabel="EXPR">
        <expr value="LOCAL.isRamoInternacional == 'Y' || LOCAL.isDutyFree == 'Y'"/>

            <!-- @Info: Set acq currency code -->
            <command label="set_acq_currency_code" objectReferenceLabel="VALUE">
                <targetFieldPath value="shc_msg.acq_currency_code"/>
                <sourceValue value="840"/>
            </command>

        </if>
        <else>

            <!-- @Info: Set acq currency code -->
            <command label="set_acq_currency_code" objectReferenceLabel="COPY">
                <sourceFieldPath value="shc_msg.tra_currency_code"/>
                <targetFieldPath value="shc_msg.acq_currency_code"/>
            </command>

        </else>
        </conditional-block>

    </dataManip>

    <!-- ==================================
         RestoreFromTBSW0040:
         ================================== -->
    <dataManip label="RestoreFromTBSW0040">
        <fieldSetReference reference="arg0" alias="target"/>
        <fieldSetReference reference="arg1" alias="TBSW0040"/>
        <fieldSetReference reference="arg2" alias="LOCAL"/>

        <!-- @Info: Load data from TBSW0040 -->
        <command label="load_tbsw0040_record" objectReferenceLabel="TBSW0040LOADER">
            <sourceFieldPath value="target"/>
            <targetFieldPath value="TBSW0040"/>
        </command>

        <!-- @Info: Show info in the log -->
        <command label="  ========= Enriquecendo campos da tabela TBSW0040 (Cadastro de Estabelecimentos) =========" objectReferenceLabel="FIELDSET_DUMP">
            <sourceFieldPath value="TBSW0040"/>
        </command>

        <!-- @Info: Validate the data from TBSW0040 -->
        <call label="call_ValidacaoInternaTBSW0040">
        <subDataManip objectReferenceLabel="ValidacaoInternaTBSW0040"/>
            <targetFieldPath value="target"/>
            <targetFieldPath value="TBSW0040"/>
            <targetFieldPath value="LOCAL"/>
        </call>

    </dataManip>

    <!-- =============================================================================== -->
    <!-- === D A T A B A S E - E S T A B E L E C I M E N T O S - P E R M I S S O E S === -->
    <!-- =============================================================================== -->

    <!-- ====================================== -->
    <!-- @Copy the struct to use this functions -->
    <!-- ======================================== >
    <declare label="TBSW0041">
        <field label="RESULT"/>
        <field label="NUM_PDV"/>
        <field label="COD_BNDR"/>
        <field label="QTD_MXO_PRCL"/>
        <field label="COD_STTU_REG"/>
        <field label="DAT_ATLZ_REG"/>
        <field label="COD_BCO_CMPS"/>
        <field label="COD_AGE"/>
        <field label="NUM_CTA_BNCR"/>
        <field label="DAT_INI_COB_ANT"/>
        <field label="DAT_INI_COB_ATU"/>
        <field label="TIP_COB_TRAN_ANT"/>
        <field label="TIP_COB_TRAN_ATU"/>
        <field label="VAL_COB_TRAN_ANT"/>
        <field label="VAL_COB_TRAN_ATU"/>
        <field label="COD_TRAN"/>
        <field label="IND_PERM_TRAN_DGTD_EMSR"/>
        <field label="IND_MODL_CPTR"/>
    </declare>
    =========================================== -->

    <!-- ==================================
         ValidacaoInternaTBSW0041:
         ================================== -->
    <dataManip label="ValidacaoInternaTBSW0041">
        <fieldSetReference reference="arg0" alias="target"/>
        <fieldSetReference reference="arg1" alias="TBSW0041"/>
        <fieldSetReference reference="arg2" alias="LOCAL"/>

        <!-- @Trap: ERL00411 - Trava de Erro na consulta a tabela TBSW0041 -->
        <call label="CALL_CHECK_TBSW0041_ERROR">
        <dataManipXml filePath="$(ACQSRV_DBT_XML_DIR)" fileName="DatabaseRules.xml"/>
        <subDataManip objectReferenceLabel="TBSW0041_ERROR"/>
            <targetFieldPath value="target"/>
            <targetFieldPath value="TBSW0041"/>
            <targetFieldPath value="LOCAL"/>
        </call>

        <!-- @Trap: ERL00412 - Trava de Erro na consulta a tabela TBSW0041 -->
        <!--call label="CALL_CHECK_TBSW0041_NO_OK">
        <dataManipXml filePath="$(ACQSRV_DBT_XML_DIR)" fileName="DatabaseRules.xml"/>
        <subDataManip objectReferenceLabel="TBSW0041_NO_OK"/>
            <targetFieldPath value="target"/>
            <targetFieldPath value="TBSW0041"/>
            <targetFieldPath value="LOCAL"/>
        </call-->

    </dataManip>

    <!-- ==================================
         SetValuesFromTBSW0041:
         ================================== -->
    <dataManip label="SetValuesFromTBSW0041">
        <fieldSetReference reference="arg0" alias="target"/>
        <fieldSetReference reference="arg0.shc_msg" alias="shc_msg"/>
        <fieldSetReference reference="arg0.segments.merchant" alias="merchant"/>
        <fieldSetReference reference="arg0.segments.common" alias="common"/>
        <fieldSetReference reference="arg1" alias="TBSW0041"/>
        <fieldSetReference reference="arg2" alias="LOCAL"/>

        <!-- @Info: Set bank number of estabelecimento -->
        <command label="set_nu_bco_etb" objectReferenceLabel="COPY">
            <sourceFieldPath value="TBSW0041.COD_BCO_CMPS"/>
            <targetFieldPath value="merchant.nu_bco_etb"/>
        </command>

        <!-- @Info: Set age of estabelecimento -->
        <command label="set_nu_age_etb" objectReferenceLabel="COPY">
            <sourceFieldPath value="TBSW0041.COD_AGE"/>
            <targetFieldPath value="merchant.nu_age_etb"/>
        </command>

        <!-- @Info: Set cod cta of estabelecimento -->
        <!-- t689049@FIS-BEGIN - Data: 18/02/2014 - Ref BT 54576 -->
        <command label="set_cd_cta_etb" objectReferenceLabel="TRIM">
            <sourceFieldPath value="TBSW0041.NUM_CTA_BNCR" />
            <targetFieldPath value="merchant.cd_cta_etb" />
            <trimmingChar value="0"/>
            <enableLeftTrimming value="true"/>
            <enableRightTrimming value="false"/>
        </command>
        <command label="set_cd_cta_etb" objectReferenceLabel="TRIM">
            <sourceFieldPath value="merchant.cd_cta_etb" />
            <targetFieldPath value="merchant.cd_cta_etb" />
            <trimmingChar value=" "/>
            <enableLeftTrimming value="false"/>
            <enableRightTrimming value="true"/>
        </command>
        <!-- t689049@FIS-BEGIN - Data: 18/02/2014 - Ref BT 54576 -->

        <!-- cr689721@FIS - Data: 28/09/2014 - Ref. Gravar o conteudo de TBSW0041.IND_MODL_CPTR -->
        <command label="set_ind_modl_cptr" objectReferenceLabel="COPY" >
            <when objectReferenceLabel="EXPR">
                <expr value="TBSW0041.IND_MODL_CPTR != ''" />
            </when>
            <sourceFieldPath value="TBSW0041.IND_MODL_CPTR" />
            <targetFieldPath value="LOCAL.ind_modl_cptr" />
        </command>

        <!--==================================================== >
        < @Info: Check if is a VAN                               >
        < ====================================================== >
        < @Cnd1:       V - IND_MODL_CPTR                         >
        < ==================================================== -->
        <conditional-block label="check_is_van">
        <if objectReferenceLabel="EXPR">
        <expr value="TBSW0041.IND_MODL_CPTR == 'V'"/>

            <!-- @Info: Set is van on -->
            <command label="set_isVAN" objectReferenceLabel="VALUE">
                <targetFieldPath value="LOCAL.isVAN"/>
                <sourceValue value="Y"/>
            </command>

            <!-- @Info: Set networkid van in issuer id -->
            <command label="change_network_id_for_van" objectReferenceLabel="COPY">
                <sourceFieldPath value="LOCAL.network_id_van"/>
                <targetFieldPath value="shc_msg.issuer"/>
            </command>

            <command label="set_isVAN" objectReferenceLabel="VALUE" >
                <targetFieldPath value="common.is_van" />
                <sourceValue value="Y" />
            </command>

        </if>
        </conditional-block>

<!--t689066@FIS-BEGIN - Data:26/11/2013 - Preenchimento de tip_cob_tran e tip_cob_tran_mtc  -->
         <conditional-block label="check_is_not_reversal" >
            <if objectReferenceLabel="EXPR">
            <expr value="common.is_reversal != 'Y'" />

                  <declare label="TBSW0041_TMP" >
                    <field label="dat_ini_cob_atu" />
                  </declare>

                  <command label="tbsw0041_dat_ini_cob_ant" objectReferenceLabel="DATETIME" >
                   <sourceFieldPath value="TBSW0041.DAT_INI_COB_ATU" />
                   <sourceValueMask value="UNIX" />
                   <targetFieldPath value="TBSW0041_TMP.dat_ini_cob_atu" />
                   <targetValueMask value="YYYYMMDD" />
                  </command>

                  <command label="set_tip_cob_tran_atu" objectReferenceLabel="COPY" >
                  <when objectReferenceLabel="EXPR">
                  <expr value="shc_msg.local_date &gt;= TBSW0041_TMP.dat_ini_cob_atu" />
                  </when>
                      <sourceFieldPath value="TBSW0041.TIP_COB_TRAN_ATU" />
                      <targetFieldPath value="LOCAL.tip_cob_tran" />
                  </command>

                  <command label="set_val_cob_tran_atu" objectReferenceLabel="COPY" >
                  <when objectReferenceLabel="EXPR">
                  <expr value="shc_msg.local_date &gt;= TBSW0041_TMP.dat_ini_cob_atu" />
                  </when>
                      <sourceFieldPath value="TBSW0041.VAL_COB_TRAN_ATU" />
                      <targetFieldPath value="LOCAL.val_cob_tran" />
                  </command>

                 <command label="set_tip_cob_tran_ant" objectReferenceLabel="COPY" >
                 <when objectReferenceLabel="EXPR">
                    <expr value="shc_msg.local_date &lt; TBSW0041_TMP.dat_ini_cob_atu" />
                 </when>
                     <sourceFieldPath value="TBSW0041.TIP_COB_TRAN_ANT" />
                     <targetFieldPath value="LOCAL.tip_cob_tran" />
                 </command>

                 <command label="set_val_cob_tran_ant" objectReferenceLabel="COPY" >
                 <when objectReferenceLabel="EXPR">
                    <expr value="shc_msg.local_date &lt; TBSW0041_TMP.dat_ini_cob_atu" />
                 </when>
                     <sourceFieldPath value="TBSW0041.VAL_COB_TRAN_ANT" />
                     <targetFieldPath value="LOCAL.val_cob_tran" />
                 </command>

                 <conditional-block label="check_tip_cob_tran_mtc" >
                 <if objectReferenceLabel="EXPR">
                 <expr value="LOCAL.tip_cob_tran=='S'" />
                         <command label="set_tip_cob_tran_mtc_V" objectReferenceLabel="VALUE" >
                          <targetFieldPath value="LOCAL.tip_cob_tran_mtc" />
                          <sourceValue value="V" />
                         </command>
               </if>
               <else-if objectReferenceLabel="EXPR">
                 <expr value="LOCAL.tip_cob_tran=='N'" />
                     <command label="set_tip_cob_tran_mtc_T" objectReferenceLabel="VALUE" >
                      <targetFieldPath value="LOCAL.tip_cob_tran_mtc" />
                      <sourceValue value="T" />
                     </command>
                 </else-if>
                 <else>
                     <command label="set_tip_cob_tran_mtc_X" objectReferenceLabel="VALUE" >
                      <targetFieldPath value="LOCAL.tip_cob_tran_mtc" />
                      <sourceValue value="X" />
                     </command>
               </else>
               </conditional-block>

            <command label="move_val_to_swmsg" objectReferenceLabel="COPY" >
                <when objectReferenceLabel="EXPR">
                    <expr value="LOCAL.tip_cob_tran_mtc != ''" />
                </when>
                <sourceFieldPath value="LOCAL.tip_cob_tran_mtc" />
                <targetFieldPath value="target.segments.debt.inTrfTxaMtc" />
            </command>

            <!-- PROJETO GAPS - FXC - 27 10 2015 - Copia valor para setagem do VAL_RPSS -->
            <command label="Set_VAL_RPSS" objectReferenceLabel="COPY" >
                <sourceFieldPath value="LOCAL.val_cob_tran" />
                <targetFieldPath value="target.segments.debt.vlTrfTxaMtc" />
            </command>
        </if>
     </conditional-block>
<!--t689066@FIS-END - Data:26/11/2013 - Preenchimento de tip_cob_tran e tip_cob_tran_mtc  -->

    </dataManip>

    <!-- ==================================
         RestoreFromTBSW0041:
         ================================== -->
    <dataManip label="RestoreFromTBSW0041">
        <fieldSetReference reference="arg0" alias="target"/>
        <fieldSetReference reference="arg1" alias="TBSW0041"/>
        <fieldSetReference reference="arg2" alias="LOCAL"/>

        <!-- @Info: Load data from TBSW0041 -->
        <command label="load_tbsw0041_record" objectReferenceLabel="TBSW0041LOADER">
            <sourceFieldPath value="target"/>
            <targetFieldPath value="TBSW0041"/>
        </command>

        <!-- @Info: Show info in the log -->
        <command label="  ========= Enriquecendo campos da tabela TBSW0041 (Permissoes de Estabelecimentos) =========" objectReferenceLabel="FIELDSET_DUMP">
            <sourceFieldPath value="TBSW0041"/>
        </command>

        <!-- @Info: Validate the data from TBSW0041 -->
        <call label="call_ValidacaoInternaTBSW0041">
        <subDataManip objectReferenceLabel="ValidacaoInternaTBSW0041"/>
            <targetFieldPath value="target"/>
            <targetFieldPath value="TBSW0041"/>
            <targetFieldPath value="LOCAL"/>
        </call>

    </dataManip>

    <!-- =============================================================================== -->
    <!-- ===================== D A T A B A S E - T E R M I N A I S ===================== -->
    <!-- =============================================================================== -->

    <!-- ====================================== -->
    <!-- @Copy the struct to use this functions -->
    <!-- ======================================== >
    <declare label="TBSW0042">
        <field label="RESULT"/>
        <field label="NUM_PDV"/>
        <field label="COD_TERM"/>
        <field label="COD_STTU_REG"/>
        <field label="DAT_ATLZ_REG"/>
        <field label="COD_PSSE_TERM"/>
        <field label="COD_SIT_TERM"/>
        <field label="COD_PRDC_TERM"/>
        <field label="IND_ATIN"/>
        <field label="IND_ATCG"/>
        <field label="IND_UTLZ_PNPD"/>
        <field label="IND_TRAN_DGTD"/>
        <field label="COD_VERS_SFTW"/>
        <field label="COD_VERS_DLL"/>
        <field label="COD_TCNL"/>
        <field label="SGL_TCNL"/>
        <field label="TIP_LGCO"/>
        <field label="IND_TERM_BLQD"/>
        <field label="TIP_TERM"/>
        <field label="TIP_EQPM"/>
        <field label="IND_TRAN_CHIP"/>
        <field label="IND_TERM_LTRO_CHIP"/>
        <field label="DAT_ATCG"/>
    </declare>
    =========================================== -->

    <!-- ==================================
         ValidacaoInternaTBSW0042:
         ================================== -->
    <dataManip label="ValidacaoInternaTBSW0042">
        <fieldSetReference reference="arg0" alias="target"/>
        <fieldSetReference reference="arg1" alias="TBSW0042"/>
        <fieldSetReference reference="arg2" alias="LOCAL"/>

        <!-- @Trap: ERL00421 - Trava de Erro na consulta a tabela TBSW0042 -->
        <call label="CALL_CHECK_TBSW0042_ERROR">
        <dataManipXml filePath="$(ACQSRV_DBT_XML_DIR)" fileName="DatabaseRules.xml"/>
        <subDataManip objectReferenceLabel="TBSW0042_ERROR"/>
            <targetFieldPath value="target"/>
            <targetFieldPath value="TBSW0042"/>
            <targetFieldPath value="LOCAL"/>
        </call>

        <!-- @Trap: ERL00422 - Trava de Erro na consulta a tabela TBSW0042 -->
        <!--call label="CALL_CHECK_TBSW0042_NO_OK">
        <dataManipXml filePath="$(ACQSRV_DBT_XML_DIR)" fileName="DatabaseRules.xml"/>
        <subDataManip objectReferenceLabel="TBSW0042_NO_OK"/>
            <targetFieldPath value="target"/>
            <targetFieldPath value="TBSW0042"/>
            <targetFieldPath value="LOCAL"/>
        </call-->

    </dataManip>

    <!-- ==================================
         SetValuesFromTBSW0042:
         ================================== -->
    <dataManip label="SetValuesFromTBSW0042">
        <fieldSetReference reference="arg0" alias="target"/>
        <fieldSetReference reference="arg0.shc_msg" alias="shc_msg"/>
        <fieldSetReference reference="arg0.segments.merchant" alias="merchant"/>
        <fieldSetReference reference="arg1" alias="TBSW0042"/>
        <fieldSetReference reference="arg2" alias="LOCAL"/>

        <!-- @Info: Set term id -->
        <!-- cr689721@FIS - Data: 03/09/2014 - ref. Teste de cobertura. -->
        <!-- Nas respostas para o terminal, o formatador n�o encontra -->
        <!-- o evento, respondendo somente parte da mensagem para o -->
        <!-- terminal, pois, o termid faz parte do eventkey. -->
        <!--
        <command label="set_termid_with_tbsw0042_cod_term" objectReferenceLabel="COPY">
            <sourceFieldPath value="TBSW0042.COD_TERM"/>
            <targetFieldPath value="shc_msg.termid"/>
        </command>
        -->

        <command label="set_load_program" objectReferenceLabel="COPY" >
            <sourceFieldPath value="TBSW0042.IND_ATCG" />
            <targetFieldPath value="merchant.load_program" />
        </command>

        <command label="set_load_init" objectReferenceLabel="COPY" >
            <sourceFieldPath value="TBSW0042.IND_ATIN" />
            <targetFieldPath value="merchant.load_init" />
        </command>

        <!-- @Info: Set cod tpo merchant -->
        <command label="set_cd_tpo_trm_from_tbsw0042" objectReferenceLabel="COPY">
            <sourceFieldPath value="TBSW0042.TIP_TERM"/>
            <targetFieldPath value="merchant.cd_tpo_trm"/>
        </command>

        <!-- @Info: Set in tpo tnc merchant -->
        <command label="set_in_tpo_tcn_from_tbsw0042" objectReferenceLabel="COPY">
            <sourceFieldPath value="TBSW0042.COD_TCNL"/>
            <targetFieldPath value="merchant.in_tpo_tcn"/>
        </command>

<!--t689066@FIS-BEGIN - Data:27/11/2013 - Ajustes necessarios para a insercao correta no rev da 0033 -->
        <command label="set_IND_UTLZ_PNPD_with_tbsw0042_IND_UTLZ_PNPD" objectReferenceLabel="COPY" >
            <sourceFieldPath value="TBSW0042.IND_UTLZ_PNPD" />
            <targetFieldPath value="LOCAL.IND_UTLZ_PNPD" />
        </command>
<!--t689066@FIS-END - Data:27/11/2013 - Ajustes necessarios para a insercao correta no rev da 0033 -->

        <!-- cr689721@FIS - Data: 10/09/2014 - Ref. Analise Campos BD. -->
        <!-- Coleta para gravar o campo IND_TERM_RLCD_CHIP da TBSW0030 -->
        <command label="set_ind_term_ltro_chip" objectReferenceLabel="COPY" >
            <sourceFieldPath value="TBSW0042.IND_TERM_LTRO_CHIP" />
            <targetFieldPath value="LOCAL.IND_TERM_LTRO_CHIP" />
        </command>

        <!--==================================================== >
        < @Info: Check if ind_atin is set to N, if is, set auto  >
        <        init to 1.                                      >
        < ====================================================== >
        < @Cnd1: IND_ATIN equal S                                >
        < ==================================================== -->
        <command label="set_auto_ini" objectReferenceLabel="VALUE">
        <when objectReferenceLabel="EXPR">
            <expr value="TBSW0042.IND_ATIN == 'S'"/>
        </when>
            <sourceValue value="1"/>
            <targetFieldPath value="LOCAL.auto_ini"/>
        </command>

        <!-- @Info: Set indicator auto carga -->
        <command label="set_indicacao_auto_carga" objectReferenceLabel="COPY">
            <targetFieldPath value="TBSW0042.IND_ATCG"/>
            <sourceFieldPath value="LOCAL.auto_carga"/>
        </command>

        <!--==================================================== >
        < @Info: Check if indicator auto carga is on, if is, set >
        <        data_auto carga.                                >
        < ====================================================== >
        < @Cnd1: IND_ATIN equal S                                >
        < ==================================================== -->
        <command label="set_data_auto_carga" objectReferenceLabel="DATETIME">
        <when objectReferenceLabel="EXPR">
            <expr value="LOCAL.auto_carga == 'S'"/>
        </when>
            <sourceFieldPath value="TBSW0042.DAT_ATCG"/>
            <sourceValueMask value="UNIX"/>
            <targetFieldPath value="LOCAL.data_auto_carga"/>
            <targetValueMask value="DDMMYYYYHHMI"/>
        </command>


        <command label="set_IND_UTLZ_PNPD" objectReferenceLabel="COPY" >
            <sourceFieldPath value="TBSW0042.IND_UTLZ_PNPD" />
            <targetFieldPath value="LOCAL.L_IND_UTLZ_PNPD" />
        </command>



        <!-- @Info: Set indicator terminal flex -->
        <command label="set_identificao_terminal_flex_from_tbsw0042" objectReferenceLabel="COPY">
            <sourceFieldPath value="TBSW0042.IND_TERM_FATR_EXPS"/>
            <targetFieldPath value="merchant.ind_term_flex"/>
        </command>



    </dataManip>

    <!-- ==================================
         RestoreFromTBSW0042:
         ================================== -->
    <dataManip label="RestoreFromTBSW0042">
        <fieldSetReference reference="arg0" alias="target"/>
        <fieldSetReference reference="arg0.segments.common" alias="common"/>
        <fieldSetReference reference="arg1" alias="TBSW0042"/>
        <fieldSetReference reference="arg2" alias="LOCAL"/>

        <declare label="EMSR">
            <field label="HIPER" value="58" />
        </declare>

        <declare label="EMP_ADQT">
            <field label="CIELO" value="020" />
            <field label="GETNET" value="021" />
        </declare>
        <!-- @Info: Load data from TBSW0042 -->
        <command label="load_tbsw0042_record" objectReferenceLabel="TBSW0042LOADER">
            <sourceFieldPath value="target"/>
            <targetFieldPath value="TBSW0042"/>
        </command>

        <!-- @Info: Show info in the log -->
        <command label="  ========= Enriquecendo campos da tabela TBSW0042 (Terminais) =========" objectReferenceLabel="FIELDSET_DUMP">
            <sourceFieldPath value="TBSW0042"/>
        </command>

        <!-- @Info: Validate the data from TBSW0042 -->
        <call label="call_ValidacaoInternaTBSW0042">
        <subDataManip objectReferenceLabel="ValidacaoInternaTBSW0042"/>
            <targetFieldPath value="target"/>
            <targetFieldPath value="TBSW0042"/>
            <targetFieldPath value="LOCAL"/>
        </call>

    </dataManip>

    <!-- =============================================================================== -->
    <!-- ============= D A T A B A S E - T E R M I N A I S - F U N C O E S ============= -->
    <!-- =============================================================================== -->

    <!-- ====================================== -->
    <!-- @Copy the struct to use this functions -->
    <!-- ======================================== >
    <declare label="TBSW0043">
        <field label="RESULT"/>
        <field label="COD_TERM"/>
        <field label="COD_STTU_REG"/>
        <field label="DAT_ATLZ_REG"/>
        <field label="COD_FUN"/>
    </declare>
    =========================================== -->

    <!-- ==================================
         ValidacaoInternaTBSW0043:
         ================================== -->
    <dataManip label="ValidacaoInternaTBSW0043">
        <fieldSetReference reference="arg0" alias="target"/>
        <fieldSetReference reference="arg1" alias="TBSW0043"/>
        <fieldSetReference reference="arg2" alias="LOCAL"/>

        <!-- @Trap: ERL00431 - Trava de Erro na consulta a tabela TBSW0043 -->
        <call label="CALL_CHECK_TBSW0043_ERROR">
            <dataManipXml filePath="$(ACQSRV_DBT_XML_DIR)" fileName="DatabaseRules.xml"/>
            <subDataManip objectReferenceLabel="TBSW0043_ERROR"/>
            <targetFieldPath value="target"/>
            <targetFieldPath value="TBSW0043"/>
            <targetFieldPath value="LOCAL"/>
        </call>

        <!-- @Trap: ERL00432 - Trava de Erro na consulta a tabela TBSW0043 -->
        <!--call label="CALL_CHECK_TBSW0043_NO_OK">
        <dataManipXml filePath="$(ACQSRV_DBT_XML_DIR)" fileName="DatabaseRules.xml"/>
        <subDataManip objectReferenceLabel="TBSW0043_NO_OK"/>
            <targetFieldPath value="target"/>
            <targetFieldPath value="TBSW0043"/>
            <targetFieldPath value="LOCAL"/>
        </call-->

    </dataManip>

    <!-- ==================================
         SetValuesFromTBSW0043:
         ================================== -->
    <dataManip label="SetValuesFromTBSW0043">
        <fieldSetReference reference="arg0" alias="TBSW0043"/>

        <!-- @Info: if is need to store values in imf, use this data manip -->

    </dataManip>

    <!-- ==================================
         RestoreFromTBSW0043:
         ================================== -->
    <dataManip label="RestoreFromTBSW0043">
        <fieldSetReference reference="arg0" alias="target"/>
        <fieldSetReference reference="arg1" alias="TBSW0043"/>
        <fieldSetReference reference="arg2" alias="LOCAL"/>

        <!-- @Info: Set cod_fun to use in where clause -->
        <command label="set_cod_fun_in_where_clause" objectReferenceLabel="COPY">
            <sourceFieldPath value="LOCAL.COD_FUN"/>
            <targetFieldPath value="TBSW0043.COD_FUN"/>
        </command>

        <!-- @Info: Load data from TBSW0043 -->
        <command label="load_tbsw0043_record" objectReferenceLabel="TBSW0043LOADER">
            <targetFieldPath value="TBSW0043"/>
            <sourceFieldPath value="target"/>
        </command>

        <!-- @Info: Show info in the log -->
        <command label="  ========= Enriquecendo campos da tabela TBSW0043 (Funcoes permitidas por terminais) =========" objectReferenceLabel="FIELDSET_DUMP">
            <sourceFieldPath value="TBSW0043"/>
        </command>

        <!-- @Info: Validate the data from TBSW0043 -->
        <call label="call_ValidacaoInternaTBSW0043">
        <subDataManip objectReferenceLabel="ValidacaoInternaTBSW0043"/>
            <targetFieldPath value="target"/>
            <targetFieldPath value="TBSW0043"/>
            <targetFieldPath value="LOCAL"/>
        </call>

    </dataManip>

    <!-- =============================================================================== -->
    <!-- ======================== D A T A B A S E - B A N C O S ======================== -->
    <!-- =============================================================================== -->

    <!-- ====================================== -->
    <!-- @Copy the struct to use this functions -->
    <!-- ======================================== >
    <declare label="TBSW0047">
        <field label="RESULT"/>
        <field label="COD_BCO_CMPS"/>
        <field label="COD_INT_BCO"/>
        <field label="COD_MODO_OPE_BCO"/>
        <field label="COD_MODO_PLTO"/>
        <field label="IND_OPE_CDC"/>
        <field label="DAT_VIG_CDC"/>
        <field label="IND_OPE_PRCI"/>
        <field label="DAT_VIG_PRCI"/>
        <field label="DAT_VIG_PDA"/>
        <field label="IND_OPE_GRNT_CHQ"/>
        <field label="IND_SIT_BCO"/>
        <field label="IND_SIT_BCO_ESTB"/>
        <field label="NOM_BCO_CMPL"/>
        <field label="TMS_INCL"/>
        <field label="COD_STTU_REG"/>
        <field label="IND_OPE_PDA"/>
        <field label="DAT_VIG_GRNT_CHQ"/>
    </declare>
    =========================================== -->

    <!-- ==================================
         ValidacaoInternaTBSW0047:
         ================================== -->
    <dataManip label="ValidacaoInternaTBSW0047">
        <fieldSetReference reference="arg0" alias="target"/>
        <fieldSetReference reference="arg1" alias="TBSW0047"/>
        <fieldSetReference reference="arg2" alias="LOCAL"/>

        <!-- @Trap: ERL00471 - Trava de Erro na consulta a tabela TBSW0047 -->
        <call label="CALL_CHECK_TBSW0047_ERROR">
        <dataManipXml filePath="$(ACQSRV_DBT_XML_DIR)" fileName="DatabaseRules.xml"/>
        <subDataManip objectReferenceLabel="TBSW0047_ERROR"/>
            <targetFieldPath value="target"/>
            <targetFieldPath value="TBSW0047"/>
            <targetFieldPath value="LOCAL"/>
        </call>

        <!-- @Trap: ERL00472 - Trava de Erro na consulta a tabela TBSW0047 -->
        <!--call label="CALL_CHECK_TBSW0047_NO_OK">
        <dataManipXml filePath="$(ACQSRV_DBT_XML_DIR)" fileName="DatabaseRules.xml"/>
        <subDataManip objectReferenceLabel="TBSW0047_NO_OK"/>
            <targetFieldPath value="target"/>
            <targetFieldPath value="TBSW0047"/>
            <targetFieldPath value="LOCAL"/>
        </call-->

    </dataManip>

    <!-- ==================================
         SetValuesFromTBSW0047:
         ================================== -->
    <dataManip label="SetValuesFromTBSW0047">
        <fieldSetReference reference="arg0" alias="TBSW0047"/>

        <!-- @Info: if is need to store values in imf, use this data manip -->

    </dataManip>

    <!-- ==================================
         RestoreFromTBSW0047:
         ================================== -->
    <dataManip label="RestoreFromTBSW0047">
        <fieldSetReference reference="arg0" alias="target"/>
        <fieldSetReference reference="arg1" alias="TBSW0047"/>
        <fieldSetReference reference="arg2" alias="LOCAL"/>

        <!-- @Info: Load data from TBSW0047 -->
        <command label="load_tbsw0047_record" objectReferenceLabel="TBSW0047LOADER">
            <sourceFieldPath value="target"/>
            <targetFieldPath value="TBSW0047"/>
        </command>

        <!-- @Info: Show info in the log -->
        <command label="  ========= Enriquecendo campos da tabela TBSW0047 (Cadastro de Bancos) =========" objectReferenceLabel="FIELDSET_DUMP">
            <sourceFieldPath value="TBSW0047"/>
        </command>

        <!-- @Info: Validate the data from TBSW0047 -->
        <call label="call_ValidacaoInternaTBSW0047">
        <subDataManip objectReferenceLabel="ValidacaoInternaTBSW0047"/>
            <targetFieldPath value="target"/>
            <targetFieldPath value="TBSW0047"/>
            <targetFieldPath value="LOCAL"/>
        </call>

    </dataManip>

    <!-- =============================================================================== -->
    <!-- ====================== D A T A B A S E - S E R V I C O S ====================== -->
    <!-- =============================================================================== -->

    <!-- ====================================== -->
    <!-- @Copy the struct to use this functions -->
    <!-- ======================================== >
    <declare label="TBSW0047">
        <field label="RESULT"/>
        <field label="COD_BCO_CMPS"/>
        <field label="COD_INT_BCO"/>
        <field label="COD_MODO_OPE_BCO"/>
        <field label="COD_MODO_PLTO"/>
        <field label="IND_OPE_CDC"/>
        <field label="DAT_VIG_CDC"/>
        <field label="IND_OPE_PRCI"/>
        <field label="DAT_VIG_PRCI"/>
        <field label="DAT_VIG_PDA"/>
        <field label="IND_OPE_GRNT_CHQ"/>
        <field label="IND_SIT_BCO"/>
        <field label="IND_SIT_BCO_ESTB"/>
        <field label="NOM_BCO_CMPL"/>
        <field label="TMS_INCL"/>
        <field label="COD_STTU_REG"/>
        <field label="IND_OPE_PDA"/>
        <field label="DAT_VIG_GRNT_CHQ"/>
    </declare>
    =========================================== -->

    <!-- ==================================
         ValidacaoInternaTBSW0071:
         ================================== -->
    <dataManip label="ValidacaoInternaTBSW0071">
        <fieldSetReference reference="arg0" alias="target"/>
        <fieldSetReference reference="arg1" alias="TBSW0071"/>
        <fieldSetReference reference="arg2" alias="LOCAL"/>

        <!-- @Trap: ERL00711 - Trava de Erro na consulta a tabela TBSW0071 -->
        <call label="CALL_CHECK_TBSW0071_ERROR">
        <dataManipXml filePath="$(ACQSRV_DBT_XML_DIR)" fileName="DatabaseRules.xml"/>
        <subDataManip objectReferenceLabel="TBSW0071_ERROR"/>
            <targetFieldPath value="target"/>
            <targetFieldPath value="TBSW0071"/>
            <targetFieldPath value="LOCAL"/>
        </call>

        <!-- @Trap: ERL00712 - Trava de Erro na consulta a tabela TBSW0071 -->
        <!--call label="CALL_CHECK_TBSW0071_NO_OK">
        <dataManipXml filePath="$(ACQSRV_DBT_XML_DIR)" fileName="DatabaseRules.xml"/>
        <subDataManip objectReferenceLabel="TBSW0071_NO_OK"/>
            <targetFieldPath value="target"/>
            <targetFieldPath value="TBSW0071"/>
            <targetFieldPath value="LOCAL"/>
        </call-->

    </dataManip>

    <!-- ==================================
         SetValuesFromTBSW0047:
         ================================== -->
    <dataManip label="SetValuesFromTBSW0071">
        <fieldSetReference reference="arg0" alias="TBSW0071"/>

        <!-- @Info: if is need to store values in imf, use this data manip -->

    </dataManip>

    <!-- ==================================
         RestoreFromTBSW0071:
         ================================== -->
    <dataManip label="RestoreFromTBSW0071">
        <fieldSetReference reference="arg0" alias="target"/>
        <fieldSetReference reference="arg1" alias="TBSW0071"/>
        <fieldSetReference reference="arg2" alias="LOCAL"/>

        <!-- @Info: Load data from TBSW0071 -->
        <command label="load_tbsw0071_record" objectReferenceLabel="TBSW0071LOADER">
            <sourceFieldPath value="target"/>
            <targetFieldPath value="TBSW0071"/>
        </command>

        <!-- @Info: Show info in the log -->
        <command label="  ========= Enriquecendo campos da tabela TBSW0071 (Servicos) =========" objectReferenceLabel="FIELDSET_DUMP">
            <sourceFieldPath value="TBSW0071"/>
        </command>

        <!-- @Info: Validate the data from TBSW0071 -->
        <call label="call_ValidacaoInternaTBSW0071">
        <subDataManip objectReferenceLabel="ValidacaoInternaTBSW0071"/>
            <targetFieldPath value="target"/>
            <targetFieldPath value="TBSW0071"/>
            <targetFieldPath value="LOCAL"/>
        </call>

    </dataManip>

    <!-- =============================================================================== -->
    <!-- ================= D A T A B A S E - D A D O S - P D V D I A L ================= -->
    <!-- =============================================================================== -->

    <!-- ====================================== -->
    <!-- @Copy the struct to use this functions -->
    <!-- ======================================== >
    <declare label="TBSW0139">
        <field label="RESULT"/>
        <field label="COD_PNPD_PDV"/>
        <field label="TIP_CIP"/>
        <field label="NUM_VERS_SRVD_PDV"/>
        <field label="NUM_VERS_CLIT"/>
        <field label="NUM_VERS_SFTW_BBLT_PNPD"/>
        <field label="NUM_VERS_ESPF_BBLT_PNPD"/>
        <field label="COD_FBRC_PDV"/>
        <field label="COD_TERM"/>
        <field label="NUM_PDV"/>
        <field label="DAT_MOV_TRAN"/>
    </declare>
    =========================================== -->

    <!-- ==================================
         ValidacaoInternaTBSW0139:
         ================================== -->
    <dataManip label="ValidacaoInternaTBSW0139">
        <fieldSetReference reference="arg0" alias="target"/>
        <fieldSetReference reference="arg1" alias="TBSW0139"/>
        <fieldSetReference reference="arg2" alias="LOCAL"/>

        <!-- @Trap: ERL01391 - Trava de Erro na consulta a tabela TBSW0139 -->
        <call label="CALL_CHECK_TBSW0139_ERROR">
        <dataManipXml filePath="$(ACQSRV_DBT_XML_DIR)" fileName="DatabaseRules.xml"/>
        <subDataManip objectReferenceLabel="TBSW0139_ERROR"/>
            <targetFieldPath value="target"/>
            <targetFieldPath value="TBSW0139"/>
            <targetFieldPath value="LOCAL"/>
        </call>

        <!-- @Trap: ERL01392 - Trava de Erro na consulta a tabela TBSW0139 -->
        <!--call label="CALL_CHECK_TBSW0139_NO_OK">
        <dataManipXml filePath="$(ACQSRV_DBT_XML_DIR)" fileName="DatabaseRules.xml"/>
        <subDataManip objectReferenceLabel="TBSW0139_NO_OK"/>
            <targetFieldPath value="target"/>
            <targetFieldPath value="TBSW0139"/>
            <targetFieldPath value="LOCAL"/>
        </call-->

    </dataManip>

    <!-- ==================================
         SetValuesFromTBSW0139:
         ================================== -->
    <dataManip label="SetValuesFromTBSW0139">
        <fieldSetReference reference="arg0" alias="TBSW0139"/>

        <!-- @Info: if is need to store values in imf, use this data manip -->

    </dataManip>

    <!-- ==================================
         RestoreFromTBSW0139:
         ================================== -->
    <dataManip label="RestoreFromTBSW0139">
        <fieldSetReference reference="arg0" alias="target"/>
        <fieldSetReference reference="arg1" alias="TBSW0139"/>
        <fieldSetReference reference="arg2" alias="LOCAL"/>

        <!-- @Info: Load data from TBSW0139 -->
        <command label="load_tbsw0139_record" objectReferenceLabel="TBSW0139LOADER">
            <sourceFieldPath value="target"/>
            <targetFieldPath value="TBSW0139"/>
        </command>

        <!-- @Info: Show info in the log -->
        <command label="  ========= Enriquecendo campos da tabela TBSW0139 (Dados PDVDial) =========" objectReferenceLabel="FIELDSET_DUMP">
            <sourceFieldPath value="TBSW0139"/>
        </command>

        <!-- @Info: Validate the data from TBSW0139 -->
        <call label="call_ValidacaoInternaTBSW0139">
        <subDataManip objectReferenceLabel="ValidacaoInternaTBSW0139"/>
            <targetFieldPath value="target"/>
            <targetFieldPath value="TBSW0139"/>
            <targetFieldPath value="LOCAL"/>
        </call>

    </dataManip>

    <!-- =============================================================================== -->
    <!-- ================ D A T A B A S E - T R X - D B T - P R E - D T ================ -->
    <!-- =============================================================================== -->

    <!-- ====================================== -->
    <!-- @Copy the struct to use this functions -->
    <!-- ======================================== >
    <declare label="TRXDBTPREDT">
            <field label="TAXA"/>
            <field label="DIFF_DIAS"/>
            <field label="DIAS_MIN"/>
            <field label="DIAS_MAX"/>
            <field label="TX_RISC"/>
            <field label="VL_RISC"/>
            <field label="RESULT"/>
    </declare>
    =========================================== -->

    <!-- ==================================
         ValidacaoInternaTRXDBTPREDT:
         ================================== -->
    <dataManip label="ValidacaoInternaTRXDBTPREDT">
        <fieldSetReference reference="arg0" alias="TRXDBTPREDT"/>

        <!-- @Info: Check if is error is a business trap -->

    </dataManip>

    <!-- ==================================
         SetValuesFromTRXDBTPREDT:
         ================================== -->
    <dataManip label="SetValuesFromTRXDBTPREDT">
        <fieldSetReference reference="arg0" alias="target"/>
        <fieldSetReference reference="arg0.shc_msg" alias="shc_msg"/>
        <fieldSetReference reference="arg0.segments.credit" alias="credit"/>
        <fieldSetReference reference="arg1" alias="TRXDBTPREDT"/>

        <!-- @Info: Set risc taxes -->
        <command label="set_risc_taxes" objectReferenceLabel="COPY">
            <sourceFieldPath value="TRXDBTPREDT.TX_RISC"/>
            <targetFieldPath value="credit.vl_pca_ent"/>
            <!-- t689049@FIS - Data: 24/09/2014 -->
            <!-- targetFieldPath value="credit.vl_txa"/ -->
        </command>

        <!-- @Info: Set risc value -->
        <command label="set_risc_value" objectReferenceLabel="COPY">
            <sourceFieldPath value="TRXDBTPREDT.VL_RISC"/>
            <targetFieldPath value="credit.vl_txa"/>
            <!-- t689049@FIS - Data: 24/09/2014 -->
            <!-- targetFieldPath value="credit.vl_pca_ent"/ -->
        </command>

    </dataManip>

    <!-- ==================================
         RestoreFromTRXDBTPREDT:
         ================================== -->
    <dataManip label="RestoreFromTRXDBTPREDT">
        <fieldSetReference reference="arg0" alias="target"/>
        <fieldSetReference reference="arg1" alias="TRXDBTPREDT"/>
        <fieldSetReference reference="arg2" alias="LOCAL"/>

        <!-- @Info: Load data from TRXDBTPREDT -->
        <command label="load_TRXDBTPREDT_record" objectReferenceLabel="TRXDBTPREDTLOADER">
            <sourceFieldPath value="target"/>
            <targetFieldPath value="TRXDBTPREDT"/>
        </command>

        <!-- @Info: Show info in the log -->
        <command label="  ========= Enriquecendo campos do plugin TRXDBTPREDT (Calculos - Debito Pre-Datado) =========" objectReferenceLabel="FIELDSET_DUMP">
            <sourceFieldPath value="TRXDBTPREDT"/>
        </command>

        <!-- @Info: Validate the data from TRXDBTPREDT -->
        <!--call label="call_ValidacaoInternaTRXDBTPREDT">
        <subDataManip objectReferenceLabel="ValidacaoInternaTRXDBTPREDT"/>
            <targetFieldPath value="TRXDBTPREDT"/>
        </call-->

    </dataManip>

    <!-- =============================================================================== -->
    <!-- =============================================================================== -->
    <!-- =============================================================================== -->

</dataManip-list>

