<?xml version="1.0" encoding="iso-8859-1"?>
<!DOCTYPE dataManip-list SYSTEM "../../../PDV/dtd/fwsw/DataManip.dtd">

<!-- ===================================================================================== >
< @Author: Fernando Ramires, framires, 694449 - FIS                                        >
< @Create-Date: 25.09.2013                                                                 >
< @History: version 1.0 - 29.09.13                                                         >
<           version 1.1 - 19.11.13 - GAP3 Insercao de Estorno e Desfazimento               >
< ====================================================================================== -->

<!-- ===================================================================================== >
< @DatabaseInserts - @Lista de Travas de Erros - ON                                        >
< ======================================================================================== >
< ERI00301 - Trava de erro no insert a tabela TBSW0030                (TBSW0030_INS_ERROR) >
< ERI00321 - Trava de erro no insert a tabela TBSW0032                (TBSW0032_INS_ERROR) >
< ERI00331 - Trava de erro no insert a tabela TBSW0033                (TBSW0033_INS_ERROR) >
< ERI00341 - Trava de erro no insert a tabela TBSW0034                (TBSW0034_INS_ERROR) >
< ERI01391 - Trava de erro no insert a tabela TBSW0139                (TBSW0139_INS_ERROR) >
< ERI10391 - Trava de erro no insert a tabela TBSW1039                (TBSW1039_INS_ERROR) >
<                                                                                          >
< ======================================================================================== >
< @DatabaseInserts - @Lista de Travas de Erros - OFF                                       >
< ======================================================================================== >
< ERI00302 - Trava de erro no insert a tabela TBSW0030                (TBSW0030_INS_NO_OK) >
< ERI00322 - Trava de erro no insert a tabela TBSW0032                (TBSW0032_INS_NO_OK) >
< ERI00332 - Trava de erro no insert a tabela TBSW0033                (TBSW0033_INS_NO_OK) >
< ERI00342 - Trava de erro no insert a tabela TBSW0034                (TBSW0034_INS_NO_OK) >
< ERI01392 - Trava de erro no insert a tabela TBSW0139                (TBSW0139_INS_NO_OK) >
< ERI10392 - Trava de erro no insert a tabela TBSW1039                (TBSW1039_INS_NO_OK) >
<                                                                                          >
< ====================================================================================== -->

<!-- ==================================
     MainDataManipList:
     ================================== -->
<dataManip-list>
    
    <!-- =============================================================================== -->
    <!-- ==================== D A T A B A S E - T R A N S A C O E S ==================== -->
    <!-- =============================================================================== -->
    
    <!-- ==================================
         ValidacaoInternaTBSW0030:
         ================================== -->
    <dataManip label="ValidacaoInternaTBSW0030">
        <fieldSetReference reference="arg0" alias="target"/>
        <fieldSetReference reference="arg1" alias="TBSW0030"/>
        <fieldSetReference reference="arg2" alias="LOCAL"/>
        
        <!-- @Trap: ERI00301 - Trava de erro no insert a tabela TBSW0030 -->
        <call label="CALL_CHECK_TBSW0030_INS_ERROR">
        <dataManipXml filePath="$(ACQSRV_DBT_XML_DIR)" fileName="DatabaseRules.xml"/>
        <subDataManip objectReferenceLabel="TBSW0030_INS_ERROR"/>
            <targetFieldPath value="target"/>
            <targetFieldPath value="TBSW0030"/>
            <targetFieldPath value="LOCAL"/>
        </call>
        
        <!-- @Trap: ERI00302 - Trava de erro no insert a tabela TBSW0030 -->
        <!--call label="CALL_CHECK_TBSW0030_INS_NO_OK">
        <dataManipXml filePath="$(ACQSRV_DBT_XML_DIR)" fileName="DatabaseRules.xml"/>
        <subDataManip objectReferenceLabel="TBSW0030_INS_NO_OK"/>
            <targetFieldPath value="target"/>
            <targetFieldPath value="TBSW0030"/>
            <targetFieldPath value="LOCAL"/>
        </call-->
        
    </dataManip>
    
    <!-- ==================================
         InsertInTBSW0030:
         ================================== -->
    <dataManip label="InsertInTBSW0030">
        <fieldSetReference reference="arg0" alias="target"/>
        <fieldSetReference reference="arg1" alias="LOCAL"/>
        
        <!-- @Info: Result status for update -->
        <declare label="TBSW0030">
            <field label="RESULT"/>
        </declare>
        
        <!-- @Info: Validate the insert from TBSW0030 -->
        <command label="insert_TBSW0030_record" objectReferenceLabel="TBSW0030INSERTER">
            <sourceFieldPath value="target"/>
            <sourceFieldPath value="LOCAL"/>
            <targetFieldPath value="TBSW0030"/>
        </command>
        
        <!-- @Info: Validate the insert from TBSW0030 -->
        <call label="call_ValidacaoInternaTBSW0030">
        <subDataManip objectReferenceLabel="ValidacaoInternaTBSW0030"/>
            <targetFieldPath value="target"/>
            <targetFieldPath value="TBSW0030"/>
            <targetFieldPath value="LOCAL"/>
        </call>
        
        <!-- @Info: Show info in the log -->
        <command label=" ========== TRANSACAO INSERIDA NA TBSW0030 (Transacoes) =========" objectReferenceLabel="FIELDSET_DUMP">
            <sourceFieldPath value="TBSW0030.RESULT"/>
        </command>
        
    </dataManip>
    
    <!-- =============================================================================== -->
    <!-- ============= D A T A B A S E - D A D O S - E S P E C I F I C O S ============= -->
    <!-- =============================================================================== -->
    
    <!-- ==================================
         ValidacaoInternaTBSW0032:
         ================================== -->
    <dataManip label="ValidacaoInternaTBSW0032">
        <fieldSetReference reference="arg0" alias="target"/>
        <fieldSetReference reference="arg1" alias="TBSW0032"/>
        <fieldSetReference reference="arg2" alias="LOCAL"/>
        
        <!-- @Trap: ERI00321 - Trava de erro no insert a tabela TBSW0032 -->
        <call label="CALL_CHECK_TBSW0032_INS_ERROR">
        <dataManipXml filePath="$(ACQSRV_DBT_XML_DIR)" fileName="DatabaseRules.xml"/>
        <subDataManip objectReferenceLabel="TBSW0032_INS_ERROR"/>
            <targetFieldPath value="target"/>
            <targetFieldPath value="TBSW0032"/>
            <targetFieldPath value="LOCAL"/>
        </call>
        
        <!-- @Trap: ERI00322 - Trava de erro no insert a tabela TBSW0032 -->
        <!--call label="CALL_CHECK_TBSW0032_INS_NO_OK">
        <dataManipXml filePath="$(ACQSRV_DBT_XML_DIR)" fileName="DatabaseRules.xml"/>
        <subDataManip objectReferenceLabel="TBSW0032_INS_NO_OK"/>
            <targetFieldPath value="target"/>
            <targetFieldPath value="TBSW0032"/>
            <targetFieldPath value="LOCAL"/>
        </call-->
        
    </dataManip>
    
    <!-- ==================================
         InsertInTBSW0032:
         ================================== -->
    <dataManip label="InsertInTBSW0032">
        <fieldSetReference reference="arg0" alias="target"/>
        <fieldSetReference reference="arg1" alias="LOCAL"/>
        
        <!-- @Info: Result status for update -->
        <declare label="TBSW0032">
            <field label="RESULT"/>
        </declare>
        
        <!-- @Info: Validate the insert from TBSW0032 -->
        <command label="insert_TBSW0032_record" objectReferenceLabel="TBSW0032INSERTER">
            <sourceFieldPath value="target"/>
			<sourceFieldPath value="LOCAL"/>
            <targetFieldPath value="TBSW0032"/>
        </command>
        
        <!-- @Info: Validate the insert from TBSW0032 -->
        <call label="call_ValidacaoInternaTBSW0032">
        <subDataManip objectReferenceLabel="ValidacaoInternaTBSW0032"/>
            <targetFieldPath value="target"/>
            <targetFieldPath value="TBSW0032"/>
            <targetFieldPath value="LOCAL"/>
        </call>
        
        <!-- @Info: Show info in the log -->
        <command label=" ========== TRANSACAO INSERIDA NA TBSW0032 (Especs transacoes de cartao de debito) =========" objectReferenceLabel="FIELDSET_DUMP">
            <sourceFieldPath value="TBSW0032.RESULT"/>
        </command>
        
    </dataManip>
    
    <!-- =============================================================================== -->
    <!-- ================ D A T A B A S E - N A O - F I N A N C E I R A ================ -->
    <!-- =============================================================================== -->
    
    <!-- ==================================
         ValidacaoInternaTBSW0033:
         ================================== -->
    <dataManip label="ValidacaoInternaTBSW0033">
        <fieldSetReference reference="arg0" alias="target"/>
        <fieldSetReference reference="arg1" alias="TBSW0033"/>
        <fieldSetReference reference="arg2" alias="LOCAL"/>
        
        <!-- @Trap: ERI00331 - Trava de erro no insert a tabela TBSW0033 -->
        <call label="CALL_CHECK_TBSW0033_INS_ERROR">
        <dataManipXml filePath="$(ACQSRV_DBT_XML_DIR)" fileName="DatabaseRules.xml"/>
        <subDataManip objectReferenceLabel="TBSW0033_INS_ERROR"/>
            <targetFieldPath value="target"/>
            <targetFieldPath value="TBSW0033"/>
            <targetFieldPath value="LOCAL"/>
        </call>
        
        <!-- @Trap: ERI00332 - Trava de erro no insert a tabela TBSW0033 -->
        <!--call label="CALL_CHECK_TBSW0033_INS_NO_OK">
        <dataManipXml filePath="$(ACQSRV_DBT_XML_DIR)" fileName="DatabaseRules.xml"/>
        <subDataManip objectReferenceLabel="TBSW0033_INS_NO_OK"/>
            <targetFieldPath value="target"/>
            <targetFieldPath value="TBSW0033"/>
            <targetFieldPath value="LOCAL"/>
        </call-->
        
    </dataManip>
    
    <!-- ==================================
         InsertInTBSW0033:
         ================================== -->
    <dataManip label="InsertInTBSW0033">
        <fieldSetReference reference="arg0" alias="target"/>
        <fieldSetReference reference="arg1" alias="LOCAL"/>
        
        <!-- @Info: Result status for update -->
        <declare label="TBSW0033">
            <field label="RESULT"/>
        </declare>
        
        <!-- @Info: Validate the insert from TBSW0033 -->
        <command label="insert_TBSW0033_record" objectReferenceLabel="TBSW0033REVINSERTER">
            <sourceFieldPath value="target"/>
            <sourceFieldPath value="LOCAL"/>
            <targetFieldPath value="TBSW0033"/>
        </command>
        
        <!-- @Info: Validate the insert from TBSW0033 -->
        <call label="call_ValidacaoInternaTBSW0033">
        <subDataManip objectReferenceLabel="ValidacaoInternaTBSW0033"/>
            <targetFieldPath value="target"/>
            <targetFieldPath value="TBSW0033"/>
            <targetFieldPath value="LOCAL"/>
        </call>
        
        <!-- @Info: Show info in the log -->
        <command label=" ========== TRANSACAO INSERIDA NA TBSW0033 (Nao Financeira) =========" objectReferenceLabel="FIELDSET_DUMP">
            <sourceFieldPath value="TBSW0033.RESULT"/>
        </command>
        
    </dataManip>
    
    <!-- =============================================================================== -->
    <!-- ========================== D A T A B A S E - C H I P ========================== -->
    <!-- =============================================================================== -->
    
    <!-- ==================================
         ValidacaoInternaTBSW0034:
         ================================== -->
    <dataManip label="ValidacaoInternaTBSW0034">
        <fieldSetReference reference="arg0" alias="target"/>
        <fieldSetReference reference="arg1" alias="TBSW0034"/>
        <fieldSetReference reference="arg2" alias="LOCAL"/>
        
        <!-- @Trap: ERI00341 - Trava de erro no insert a tabela TBSW0034 -->
        <call label="CALL_CHECK_TBSW0034_INS_ERROR">
        <dataManipXml filePath="$(ACQSRV_DBT_XML_DIR)" fileName="DatabaseRules.xml"/>
        <subDataManip objectReferenceLabel="TBSW0034_INS_ERROR"/>
            <targetFieldPath value="target"/>
            <targetFieldPath value="TBSW0034"/>
            <targetFieldPath value="LOCAL"/>
        </call>
        
        <!-- @Trap: ERI00342 - Trava de erro no insert a tabela TBSW0034 -->
        <!--call label="CALL_CHECK_TBSW0034_INS_NO_OK">
        <dataManipXml filePath="$(ACQSRV_DBT_XML_DIR)" fileName="DatabaseRules.xml"/>
        <subDataManip objectReferenceLabel="TBSW0034_INS_NO_OK"/>
            <targetFieldPath value="target"/>
            <targetFieldPath value="TBSW0034"/>
            <targetFieldPath value="LOCAL"/>
        </call-->
        
    </dataManip>
    
    <!-- ==================================
         InsertInTBSW0034:
         ================================== -->
    <dataManip label="InsertInTBSW0034">
        <fieldSetReference reference="arg0" alias="target"/>
        <fieldSetReference reference="arg1" alias="LOCAL"/>
        
        <!-- @Info: Result status for update -->
        <declare label="TBSW0034">
            <field label="RESULT"/>
        </declare>
        
        <!-- @Info: Validate the insert from TBSW0034 -->
        <command label="insert_TBSW0034_record" objectReferenceLabel="TBSW0034INSERTER">
            <sourceFieldPath value="target"/>
            <targetFieldPath value="TBSW0034"/>
        </command>
        
        <!-- @Info: Validate the insert from TBSW0034 -->
        <call label="call_ValidacaoInternaTBSW0034">
        <subDataManip objectReferenceLabel="ValidacaoInternaTBSW0034"/>
            <targetFieldPath value="target"/>
            <targetFieldPath value="TBSW0034"/>
            <targetFieldPath value="LOCAL"/>
        </call>
        
        <!-- @Info: Show info in the log -->
        <command label=" ========== TRANSACAO INSERIDA NA TBSW0034 (Transacoes capturadas com chip) =========" objectReferenceLabel="FIELDSET_DUMP">
            <sourceFieldPath value="TBSW0034.RESULT"/>
        </command>
        
    </dataManip>
    
    <!-- =============================================================================== -->
    <!-- ==================== D A T A B A S E - P R E - D A T A D O ==================== -->
    <!-- =============================================================================== -->
    
    <!-- =============================================================================== -->
    <!-- ============ D A T A B A S E - A N A L I S E - D E - F R A U D E S ============ -->
    <!-- =============================================================================== -->
    
    <!-- ==================================/
         ValidacaoInternaTBSW0121:
         ================================== -->
    <dataManip label="ValidacaoInternaTBSW0121">
        <fieldSetReference reference="arg0" alias="target"/>
        <fieldSetReference reference="arg1" alias="TBSW0121"/>
        <fieldSetReference reference="arg2" alias="LOCAL"/>
        
        <!-- @Trap: ERI01061 - Trava de erro no insert a tabela TBSW0121 -->
        <call label="CALL_CHECK_TBSW0121_INS_ERROR">
        <dataManipXml filePath="$(ACQSRV_DBT_XML_DIR)" fileName="DatabaseRules.xml"/>
        <subDataManip objectReferenceLabel="TBSW0121_INS_ERROR"/>
            <targetFieldPath value="target"/>
            <targetFieldPath value="TBSW0121"/>
            <targetFieldPath value="LOCAL"/>
        </call>
    </dataManip>
    
     <!-- ==================================
         InsertInTBSW0121:
         ================================== -->
    <dataManip label="InsertInTBSW0121">
        <fieldSetReference reference="arg0" alias="target"/>
        <fieldSetReference reference="arg1" alias="LOCAL"/>
        
        <!-- @Info: Result status for update -->
        <declare label="TBSW0121">
            <field label="RESULT"/>
        </declare>
        
        <!-- @Info: Validate the insert from TBSW0121 -->
        <command label="insert_TBSW0121_record" objectReferenceLabel="TBSW0121INSERTER">
            <sourceFieldPath value="target"/>
            <targetFieldPath value="TBSW0121"/>
        </command>
        
        <!-- @Info: Validate the insert from TBSW0121 -->
        <call label="Call_ValidacaoInternaTBSW0121">
        <subDataManip objectReferenceLabel="ValidacaoInternaTBSW0121"/>
            <targetFieldPath value="target"/>
            <targetFieldPath value="TBSW0121"/>
            <targetFieldPath value="LOCAL"/>
        </call>
        
        <!-- @Info: Show info in the log -->
        <command label=" ========== TRANSACAO INSERIDA NA TBSW0121 =========" objectReferenceLabel="FIELDSET_DUMP">
            <sourceFieldPath value="TBSW0121.RESULT"/>
        </command>
        
    </dataManip>
    
    
    <!-- =============================================================================== -->
    <!-- ================= D A T A B A S E - D A D O S - P D V D I A L ================= -->
    <!-- =============================================================================== -->
    
    <!-- ==================================
         ValidacaoInternaTBSW0139:
         ================================== -->
    <dataManip label="ValidacaoInternaTBSW0139">
        <fieldSetReference reference="arg0" alias="target"/>
        <fieldSetReference reference="arg1" alias="TBSW0139"/>
        <fieldSetReference reference="arg2" alias="LOCAL"/>
        
        <!-- @Trap: ERI01391 - Trava de erro no insert a tabela TBSW0139 -->
        <call label="CALL_CHECK_TBSW0139_INS_ERROR">
        <dataManipXml filePath="$(ACQSRV_DBT_XML_DIR)" fileName="DatabaseRules.xml"/>
        <subDataManip objectReferenceLabel="TBSW0139_INS_ERROR"/>
            <targetFieldPath value="target"/>
            <targetFieldPath value="TBSW0139"/>
            <targetFieldPath value="LOCAL"/>
        </call>
        
        <!-- @Trap: ERI01392 - Trava de erro no insert a tabela TBSW0139 -->
        <!--call label="CALL_CHECK_TBSW0139_INS_NO_OK">
        <dataManipXml filePath="$(ACQSRV_DBT_XML_DIR)" fileName="DatabaseRules.xml"/>
        <subDataManip objectReferenceLabel="TBSW0139_INS_NO_OK"/>
            <targetFieldPath value="target"/>
            <targetFieldPath value="TBSW0139"/>
            <targetFieldPath value="LOCAL"/>
        </call-->
        
    </dataManip>
    
    <!-- ==================================
         InsertInTBSW0139:
         ================================== -->
    <dataManip label="InsertInTBSW0139">
        <fieldSetReference reference="arg0" alias="target"/>
        <fieldSetReference reference="arg1" alias="LOCAL"/>
        
        <!-- @Info: Result status for update -->
        <declare label="TBSW0139">
            <field label="RESULT"/>
        </declare>
        
        <!-- @Info: Validate the insert from TBSW0139 -->
        <command label="insert_TBSW0139_record" objectReferenceLabel="TBSW0139INSERTER">
            <sourceFieldPath value="target"/>
            <targetFieldPath value="TBSW0139"/>
        </command>
        
        <!-- @Info: Validate the insert from TBSW0139 -->
        <call label="call_ValidacaoInternaTBSW0139">
        <subDataManip objectReferenceLabel="ValidacaoInternaTBSW0139"/>
            <targetFieldPath value="target"/>
            <targetFieldPath value="TBSW0139"/>
            <targetFieldPath value="LOCAL"/>
        </call>
        
        <!-- @Info: Show info in the log -->
        <command label=" ========== TRANSACAO INSERIDA NA TBSW0139 (Dados do PDVDial) =========" objectReferenceLabel="FIELDSET_DUMP">
            <sourceFieldPath value="TBSW0139.RESULT"/>
        </command>
        
    </dataManip>
    
    <!-- =============================================================================== -->
    <!-- === D A T A B A S E - C ON F I R M A C O E S - N A O - R E S O L V I D A S ==== -->
    <!-- =============================================================================== -->
    
    <!-- ==================================
         ValidacaoInternaTBSW1039:
         ================================== -->
    <dataManip label="ValidacaoInternaTBSW1039">
        <fieldSetReference reference="arg0" alias="target"/>
        <fieldSetReference reference="arg1" alias="TBSW1039"/>
        <fieldSetReference reference="arg2" alias="LOCAL"/>
        
        <!-- @Trap: ERI10391 - Trava de erro no insert a tabela TBSW1039 -->
        <call label="CALL_CHECK_TBSW1039_INS_ERROR">
        <dataManipXml filePath="$(ACQSRV_DBT_XML_DIR)" fileName="DatabaseRules.xml"/>
        <subDataManip objectReferenceLabel="TBSW1039_INS_ERROR"/>
            <targetFieldPath value="target"/>
            <targetFieldPath value="TBSW1039"/>
            <targetFieldPath value="LOCAL"/>
        </call>
        
        <!-- @Trap: ERI10392 - Trava de erro no insert a tabela TBSW1039 -->
        <!--call label="CALL_CHECK_TBSW1039_INS_NO_OK">
        <dataManipXml filePath="$(ACQSRV_DBT_XML_DIR)" fileName="DatabaseRules.xml"/>
        <subDataManip objectReferenceLabel="TBSW1039_INS_NO_OK"/>
            <targetFieldPath value="target"/>
            <targetFieldPath value="TBSW1039"/>
            <targetFieldPath value="LOCAL"/>
        </call-->
        
    </dataManip>
    
    <!-- ==================================
         InsertInTBSW1039:
         ================================== -->
    <dataManip label="InsertInTBSW1039">
        <fieldSetReference reference="arg0" alias="target"/>
        <fieldSetReference reference="arg1" alias="LOCAL"/>
        
        <!-- @Info: Result status for update -->
        <declare label="TBSW1039">
            <field label="RESULT"/>
        </declare>
        
        <!-- @Info: Validate the insert from TBSW1039 -->
        <command label="insert_TBSW1039_record" objectReferenceLabel="TBSW1039INSERTER">
            <sourceFieldPath value="target"/>
            <targetFieldPath value="TBSW1039"/>
        </command>
        
        <!-- @Info: Validate the insert from TBSW1039 -->
        <call label="call_ValidacaoInternaTBSW1039">
        <subDataManip objectReferenceLabel="ValidacaoInternaTBSW1039"/>
            <targetFieldPath value="target"/>
            <targetFieldPath value="TBSW1039"/>
            <targetFieldPath value="LOCAL"/>
        </call>
        
        <!-- @Info: Show info in the log -->
        <command label=" ========== TRANSACAO INSERIDA NA TBSW1039 (Confirmacoes nao resolvidas) =========" objectReferenceLabel="FIELDSET_DUMP">
            <sourceFieldPath value="TBSW1039.RESULT"/>
        </command>
        
    </dataManip>
    
    <!-- =============================================================================== -->
    <!-- =============================================================================== -->
    <!-- =============================================================================== -->
    
</dataManip-list>

