<?xml version="1.0" encoding="iso-8859-1"?>
<!DOCTYPE dataManip-list SYSTEM "../../../PDV/dtd/fwsw/DataManip.dtd">

<dataManip-list>

    <!-- @Info: Faz as chamadas das travas relacionadas a pre-processamento -->
    <dataManip label="GrupoTravasPreProcessamento">
        <fieldSetReference reference="arg0" alias="target"/>
        <fieldSetReference reference="arg1" alias="LOCAL"/>

        <call label="CALL_TRAP090_TRANSACOES_DESCONTINUADAS">
            <dataManipXml filePath="$(COMMON_XML_DIR)" fileName="BusinessRules.xml" />
            <subDataManip objectReferenceLabel="TRAP090_TRANSACOES_DESCONTINUADAS" />
            <targetFieldPath value="target" />
            <targetFieldPath value="LOCAL" />
        </call>

        <call label="TRAP089_CRIPTO_NEWDES">
            <dataManipXml filePath="$(COMMON_XML_DIR)" fileName="BusinessRules.xml" />
            <subDataManip objectReferenceLabel="TRAP089_CRIPTO_NEWDES" />
            <targetFieldPath value="target" />
            <targetFieldPath value="LOCAL" />
        </call>

        <call label="CALL_TRAP073_DEBITO_TRILHA2">
            <dataManipXml filePath="$(COMMON_XML_DIR)" fileName="BusinessRules.xml" />
            <subDataManip objectReferenceLabel="TRAP073_DEBITO_TRILHA2" />
            <targetFieldPath value="target" />
            <targetFieldPath value="LOCAL" />
        </call>

        <call label="CALL_TRAP029_CVM_PAYPASS_CHIP">
            <dataManipXml filePath="$(COMMON_XML_DIR)" fileName="BusinessRules.xml" />
            <subDataManip objectReferenceLabel="TRAP029_CVM_PAYPASS_CHIP" />
            <targetFieldPath value="target" />
            <targetFieldPath value="LOCAL" />
        </call>

        <call label="CALL_TRAP079_VERSAO_APLICATIVO">
            <dataManipXml filePath="$(COMMON_XML_DIR)" fileName="BusinessRules.xml" />
            <subDataManip objectReferenceLabel="TRAP079_VERSAO_APLICATIVO" />
            <targetFieldPath value="target" />
            <targetFieldPath value="LOCAL" />
        </call>
		
		<call label="CALL_TRAP111_VALIDA_TIPO_CRIPTOGRAFIA">
            <dataManipXml filePath="$(COMMON_XML_DIR)" fileName="BusinessRules.xml" />
            <subDataManip objectReferenceLabel="TRAP111_VALIDA_TIPO_CRIPTOGRAFIA" />
            <targetFieldPath value="target" />
            <targetFieldPath value="LOCAL" />
        </call>

		<call label="CALL_TRAP295_PRE_DCC">
            <dataManipXml filePath="$(COMMON_XML_DIR)" fileName="BusinessRules.xml" />
            <subDataManip objectReferenceLabel="TRAP295_PRE_DCC" />
            <targetFieldPath value="target" />
            <targetFieldPath value="LOCAL" />
        </call>

    </dataManip>

    <!-- @Info: Faz as chamadas das travas relacionadas a Roteamento -->
    <dataManip label="GrupoTravasRoteamento">
        <fieldSetReference reference="arg0" alias="target"/>
        <fieldSetReference reference="arg1" alias="LOCAL"/>
        <fieldSetReference reference="arg2" alias="ROTA"/>

		<!-- EAK-6279 - Verificar que BIN Voucher subiu como Debito -->
        <call label="CALL_TRAP292_BINVOUCHER">
            <dataManipXml filePath="$(COMMON_XML_DIR)" fileName="BusinessRules.xml" />
            <subDataManip objectReferenceLabel="TRAP292_BINVOUCHER" />
            <targetFieldPath value="target" />
            <targetFieldPath value="LOCAL" />
        </call>
		<!-- EAK-6279 - Verificar que BIN Voucher subiu como Debito -->

        <call label="CALL_TRAP012_ROTEAMENTO_ISSUER">
            <dataManipXml filePath="$(COMMON_XML_DIR)" fileName="BusinessRules.xml" />
            <subDataManip objectReferenceLabel="TRAP012_ROTEAMENTO_ISSUER" />
            <targetFieldPath value="target" />
            <targetFieldPath value="LOCAL" />
            <targetFieldPath value="ROTA" />
        </call>

    </dataManip>

    <!-- @Info: Faz as chamadas das travas relacionadas as tabelas de cadastro -->
    <dataManip label="GrupoTravasTabelasCadastro">
        <fieldSetReference reference="arg0" alias="target"/>
        <fieldSetReference reference="arg1" alias="LOCAL"/>
        <fieldSetReference reference="arg2" alias="TBSW0040"/>
        <fieldSetReference reference="arg3" alias="TBSW0041"/>
        <fieldSetReference reference="arg4" alias="TBSW0042"/>
        <fieldSetReference reference="arg5" alias="TBSW0043"/>

        <call label="CALL_TRAP054_TRANS_DIG1">
            <dataManipXml filePath="$(COMMON_XML_DIR)" fileName="BusinessRules.xml" />
            <subDataManip objectReferenceLabel="TRAP054_TRANS_DIG1" />
            <targetFieldPath value="target" />
            <targetFieldPath value="LOCAL" />
            <targetFieldPath value="TBSW0041" />
            <targetFieldPath value="TBSW0042" />
            <targetFieldPath value="TBSW0043" />
        </call>

        <call label="CALL_TRAP055_TRANS_DIG2">
            <dataManipXml filePath="$(COMMON_XML_DIR)" fileName="BusinessRules.xml" />
            <subDataManip objectReferenceLabel="TRAP055_TRANS_DIG2" />
            <targetFieldPath value="target" />
            <targetFieldPath value="LOCAL" />
            <targetFieldPath value="TBSW0041" />
            <targetFieldPath value="TBSW0042" />
            <targetFieldPath value="TBSW0043" />
        </call>

	</dataManip>

    <!-- @Info: Faz as chamadas das travas relacionadas a tabela 40 -->
    <dataManip label="GrupoTravasTBSW0040">
        <fieldSetReference reference="arg0" alias="target"/>
        <fieldSetReference reference="arg1" alias="LOCAL"/>
        <fieldSetReference reference="arg2" alias="TBSW0040"/>

        <call label="CALL_TRAP059_ESTABELECIMENTO_CADASTRADO">
            <dataManipXml filePath="$(COMMON_XML_DIR)" fileName="BusinessRules.xml" />
            <subDataManip objectReferenceLabel="TRAP059_ESTABELECIMENTO_CADASTRADO" />
            <targetFieldPath value="target" />
            <targetFieldPath value="LOCAL" />
            <targetFieldPath value="TBSW0040" />
        </call>

        <call label="CALL_TRAP060_ESTABELECIMENTO_FRAUDULENTO">
            <dataManipXml filePath="$(COMMON_XML_DIR)" fileName="BusinessRules.xml" />
            <subDataManip objectReferenceLabel="TRAP060_ESTABELECIMENTO_FRAUDULENTO" />
            <targetFieldPath value="target" />
            <targetFieldPath value="LOCAL" />
            <targetFieldPath value="TBSW0040" />
        </call>

        <call label="CALL_TRAP061_ESTABELECIMENTO_CANCELADO">
            <dataManipXml filePath="$(COMMON_XML_DIR)" fileName="BusinessRules.xml" />
            <subDataManip objectReferenceLabel="TRAP061_ESTABELECIMENTO_CANCELADO" />
            <targetFieldPath value="target" />
            <targetFieldPath value="LOCAL" />
            <targetFieldPath value="TBSW0040" />
        </call>

        <call label="CALL_TRAP046_RAMO_ATIVIDADE">
            <dataManipXml filePath="$(COMMON_XML_DIR)" fileName="BusinessRules.xml" />
            <subDataManip objectReferenceLabel="TRAP046_RAMO_ATIVIDADE" />
            <targetFieldPath value="target" />
            <targetFieldPath value="LOCAL" />
        </call>

        <call label="CALL_TRAP024_RAMO_ATIVIDADE_60806">
            <dataManipXml filePath="$(COMMON_XML_DIR)" fileName="BusinessRules.xml" />
            <subDataManip objectReferenceLabel="TRAP024_RAMO_ATIVIDADE_60806" />
            <targetFieldPath value="target" />
            <targetFieldPath value="LOCAL" />
        </call>

        <call label="CALL_TRAP048_CEF">
            <dataManipXml filePath="$(COMMON_XML_DIR)" fileName="BusinessRules.xml" />
            <subDataManip objectReferenceLabel="TRAP048_CEF" />
            <targetFieldPath value="target" />
            <targetFieldPath value="LOCAL" />
        </call>

        <call label="CALL_TRAP095_VALIDACAO_CNPJ">
            <dataManipXml filePath="$(COMMON_XML_DIR)" fileName="BusinessRules.xml" />
            <subDataManip objectReferenceLabel="TRAP095_VALIDACAO_CNPJ" />
            <targetFieldPath value="target" />
            <targetFieldPath value="LOCAL" />
            <targetFieldPath value="TBSW0040" />
        </call>

    </dataManip>

    <!-- @Info: Faz as chamadas das travas relacionadas a tabela 41 -->
    <dataManip label="GrupoTravasTBSW0041">
        <fieldSetReference reference="arg0" alias="target"/>
        <fieldSetReference reference="arg1" alias="LOCAL"/>
        <fieldSetReference reference="arg2" alias="TBSW0041"/>

        <call label="CALL_TRAP062_BANDEIRA_TRANSACAO_NAO_CADASTRADO">
            <dataManipXml filePath="$(COMMON_XML_DIR)" fileName="BusinessRules.xml" />
            <subDataManip objectReferenceLabel="TRAP062_BANDEIRA_TRANSACAO_NAO_CADASTRADO" />
            <targetFieldPath value="target" />
            <targetFieldPath value="LOCAL" />
            <targetFieldPath value="TBSW0041" />
        </call>

        <call label="CALL_TRAP033_TRANSACAO_INTL_DE_EMISSOR_NACIONAL">
            <dataManipXml filePath="$(COMMON_XML_DIR)" fileName="BusinessRules.xml" />
            <subDataManip objectReferenceLabel="TRAP033_TRANSACAO_INTL_DE_EMISSOR_NACIONAL" />
            <targetFieldPath value="target" />
            <targetFieldPath value="LOCAL" />
        </call>

        <!-- EAK-2476 -->
        <conditional-block label="CHECK">
            <if objectReferenceLabel="EXPR">
                <expr value=" ( LOCAL.isVAN != 'TRUE' ) " />
        <call label="CALL_TRAP066_TAXA_TARIFA">
            <dataManipXml filePath="$(COMMON_XML_DIR)" fileName="BusinessRules.xml" />
            <subDataManip objectReferenceLabel="TRAP066_TAXA_TARIFA" />
            <targetFieldPath value="target" />
            <targetFieldPath value="LOCAL" />
            <targetFieldPath value="TBSW0041" />
        </call>

        <call label="CALL_TRAP067_TAXA_TARIFA_ZERADA">
            <dataManipXml filePath="$(COMMON_XML_DIR)" fileName="BusinessRules.xml" />
            <subDataManip objectReferenceLabel="TRAP067_TAXA_TARIFA_ZERADA" />
            <targetFieldPath value="target" />
            <targetFieldPath value="LOCAL" />
            <targetFieldPath value="TBSW0041" />
        </call>

            </if>
        </conditional-block>

        <!-- TRAVA 085 removida - Duvida C27 .. MANTIS-4184 -->

        <call label="CALL_TRAP098_ESTAB_VAN">
            <dataManipXml filePath="$(COMMON_XML_DIR)" fileName="BusinessRules.xml" />
            <subDataManip objectReferenceLabel="TRAP098_ESTAB_VAN" />
            <targetFieldPath value="target" />
            <targetFieldPath value="LOCAL" />
        </call>

        <!-- AUT2-2816 - REDECOMPRAS HUB DE BANDEIRAS - INICIO -->
        <call label="CALL_TRAP290_SERVICO_NAO_PERMITIDO_VAN">
            <dataManipXml filePath="$(COMMON_XML_DIR)" fileName="BusinessRules.xml" />
            <subDataManip objectReferenceLabel="TRAP290_SERVICO_NAO_PERMITIDO_VAN" />
            <targetFieldPath value="target" />
            <targetFieldPath value="LOCAL" />
        </call>

        <call label="CALL_TRAP291_PGTO_FATURA_NAO_PERMITIDO_VAN">
            <dataManipXml filePath="$(COMMON_XML_DIR)" fileName="BusinessRules.xml" />
            <subDataManip objectReferenceLabel="TRAP291_PGTO_FATURA_NAO_PERMITIDO_VAN" />
            <targetFieldPath value="target" />
            <targetFieldPath value="LOCAL" />
        </call>
        <!-- AUT2-2816 - REDECOMPRAS HUB DE BANDEIRAS - FIM -->

    </dataManip>

    <!-- @Info: Faz as chamadas das travas relacionadas a tabela 42 -->
    <dataManip label="GrupoTravasTBSW0042">
        <fieldSetReference reference="arg0" alias="target"/>
        <fieldSetReference reference="arg1" alias="LOCAL"/>
        <fieldSetReference reference="arg2" alias="TBSW0042"/>

        <call label="CALL_TRAP051_TERMINAL_NAO_CADASTRADO">
            <dataManipXml filePath="$(COMMON_XML_DIR)" fileName="BusinessRules.xml" />
            <subDataManip objectReferenceLabel="TRAP051_TERMINAL_NAO_CADASTRADO" />
            <targetFieldPath value="target" />
            <targetFieldPath value="LOCAL" />
            <targetFieldPath value="TBSW0042" />
        </call>

        <call label="CALL_TRAP056_TERMINAL_BLOQUEADO">
            <dataManipXml filePath="$(COMMON_XML_DIR)" fileName="BusinessRules.xml" />
            <subDataManip objectReferenceLabel="TRAP056_TERMINAL_BLOQUEADO" />
            <targetFieldPath value="target" />
            <targetFieldPath value="LOCAL" />
            <targetFieldPath value="TBSW0042" />
        </call>

        <call label="CALL_TRAP057_TERMINAL_NAO_PRODUTIVO">
            <dataManipXml filePath="$(COMMON_XML_DIR)" fileName="BusinessRules.xml" />
            <subDataManip objectReferenceLabel="TRAP057_TERMINAL_NAO_PRODUTIVO" />
            <targetFieldPath value="target" />
            <targetFieldPath value="LOCAL" />
            <targetFieldPath value="TBSW0042" />
        </call>
        
        <call label="CALL_TRAP087_TERMINAL_CAPTURA_CHIP">
            <dataManipXml filePath="$(COMMON_XML_DIR)" fileName="BusinessRules.xml" />
            <subDataManip objectReferenceLabel="TRAP087_TERMINAL_CAPTURA_CHIP" />
            <targetFieldPath value="target" />
            <targetFieldPath value="LOCAL" />
            <targetFieldPath value="TBSW0042" />
        </call>


    </dataManip>

    <!-- @Info: Faz as chamadas das travas relacionadas a tabela 43 -->
    <dataManip label="GrupoTravasTBSW0043">
        <fieldSetReference reference="arg0" alias="target"/>
        <fieldSetReference reference="arg1" alias="LOCAL"/>
        <fieldSetReference reference="arg2" alias="TBSW0043"/>

        <call label="CALL_TRAP058_FUNCAO_AUTORIZADA">
            <dataManipXml filePath="$(COMMON_XML_DIR)" fileName="BusinessRules.xml" />
            <subDataManip objectReferenceLabel="TRAP058_FUNCAO_AUTORIZADA" />
            <targetFieldPath value="target" />
            <targetFieldPath value="LOCAL" />
            <targetFieldPath value="TBSW0043" />
        </call>

    </dataManip>

    <!-- @Info: Faz as chamadas das travas relacionadas a tabela 43 -->
    <dataManip label="GrupoTravasTBSW0043_ESTORNO">
        <fieldSetReference reference="arg0" alias="target"/>
        <fieldSetReference reference="arg1" alias="LOCAL"/>
        <fieldSetReference reference="arg2" alias="TBSW0043"/>

        <call label="CALL_TRAP058_FUNCAO_AUTORIZADA_ESTORNO">
            <dataManipXml filePath="$(COMMON_XML_DIR)" fileName="BusinessRules.xml" />
            <subDataManip objectReferenceLabel="TRAP058_FUNCAO_AUTORIZADA_ESTORNO" />
            <targetFieldPath value="target" />
            <targetFieldPath value="LOCAL" />
            <targetFieldPath value="TBSW0043" />
        </call>
    </dataManip> 

    <!-- @Info: Faz as chamadas das travas relacionadas a tabela 71 -->
    <dataManip label="GrupoTravasTBSW0071">
        <fieldSetReference reference="arg0" alias="target"/>
        <fieldSetReference reference="arg1" alias="LOCAL"/>
        <fieldSetReference reference="arg2" alias="TBSW0071"/>

        <call label="CALL_TRAP013_SERVICO">
            <dataManipXml filePath="$(COMMON_XML_DIR)" fileName="BusinessRules.xml" />
            <subDataManip objectReferenceLabel="TRAP013_SERVICO" />
            <targetFieldPath value="target" />
            <targetFieldPath value="LOCAL" />
            <targetFieldPath value="TBSW0071" />
        </call>

        <call label="CALL_TRAP014_VALOR_MINIMO_CASHBACK">
            <dataManipXml filePath="$(COMMON_XML_DIR)" fileName="BusinessRules.xml" />
            <subDataManip objectReferenceLabel="TRAP014_VALOR_MINIMO_CASHBACK" />
            <targetFieldPath value="target" />
            <targetFieldPath value="LOCAL" />
            <targetFieldPath value="TBSW0071" />
        </call>

        <call label="CALL_TRAP015_VALOR_MAXIMO_CASHBACK">
            <dataManipXml filePath="$(COMMON_XML_DIR)" fileName="BusinessRules.xml" />
            <subDataManip objectReferenceLabel="TRAP015_VALOR_MAXIMO_CASHBACK" />
            <targetFieldPath value="target" />
            <targetFieldPath value="LOCAL" />
            <targetFieldPath value="TBSW0071" />
        </call>

    </dataManip>

    <!-- @Info: Faz as chamadas das travas relacionadas a estorno -->
    <dataManip label="GrupoTravasEstorno">
        <fieldSetReference reference="arg0" alias="target"/>
        <fieldSetReference reference="arg1" alias="LOCAL"/>
        <fieldSetReference reference="arg2" alias="TBSW0030_ORIG"/>

        <call label="CALL_TRAP038_TXN_ORIGINAL_NAO_ENCONTRADA">
            <dataManipXml filePath="$(COMMON_XML_DIR)" fileName="BusinessRules.xml" />
            <subDataManip objectReferenceLabel="TRAP038_TXN_ORIGINAL_NAO_ENCONTRADA" />
            <targetFieldPath value="target" />
            <targetFieldPath value="LOCAL" />
            <targetFieldPath value="TBSW0030_ORIG" />
        </call>

        <call label="CALL_TRAP043_TXN_ORIGINAL_CANCELADA">
            <dataManipXml filePath="$(COMMON_XML_DIR)" fileName="BusinessRules.xml" />
            <subDataManip objectReferenceLabel="TRAP043_TXN_ORIGINAL_CANCELADA" />
            <targetFieldPath value="target" />
            <targetFieldPath value="LOCAL" />
            <targetFieldPath value="TBSW0030_ORIG" />
        </call>

        <call label="CALL_TRAP042_ESTORNO_FORA_DA_DATA">
            <dataManipXml filePath="$(COMMON_XML_DIR)" fileName="BusinessRules.xml" />
            <subDataManip objectReferenceLabel="TRAP042_ESTORNO_FORA_DA_DATA" />
            <targetFieldPath value="target" />
            <targetFieldPath value="LOCAL" />
            <targetFieldPath value="TBSW0030_ORIG" />
        </call>

    </dataManip>

    <!-- @Info: Faz as chamadas das travas relacionadas ao desfazimento -->
    <dataManip label="GrupoTravasDesfazimento">
        <fieldSetReference reference="arg0" alias="target"/>
        <fieldSetReference reference="arg1" alias="LOCAL"/>
        <fieldSetReference reference="arg2" alias="TBSW0030_ORIG"/>

        <call label="CALL_TRAP092_DESFAZ_TRN_CONFIRMADA">
            <dataManipXml filePath="$(COMMON_XML_DIR)" fileName="BusinessRules.xml" />
            <subDataManip objectReferenceLabel="TRAP092_DESFAZ_TRN_CONFIRMADA" />
            <targetFieldPath value="target" />
            <targetFieldPath value="LOCAL" />
            <targetFieldPath value="TBSW0030_ORIG" />
        </call>

    </dataManip>

    <!-- Anti-Fraude - Bloqueio de BINs - INICIO -->
    <dataManip label="VerificaBinBloqueado">
        <fieldSetReference reference="arg0" alias="acq"/>
        <fieldSetReference reference="arg0.shc_msg" alias="shc_msg"/>
        <fieldSetReference reference="arg1" alias="LOCAL"/>

        <declare label="TBSW0268">
            <field label="RESULT"/>
            <field label="COD_BIN_INFR"/>
            <field label="COD_BIN_SUPR"/>
            <field label="COD_POS_ENTR_MODO"/>
            <field label="COD_PROD_BLQO"/>
            <field label="COD_STTU_REG"/>
            <field label="DAT_INCL_REG"/>
        </declare>

        <declare label="TBSW0268_PARAM">
            <field label="NUMERO_CARTAO"/>
            <field label="ENTRY_MODE"/>
            <field label="COD_PROD"/>
        </declare>

        <command label="set_tbsw0268_numero_cartao" objectReferenceLabel="COPY" >
            <sourceFieldPath value = "shc_msg.pan" />
            <targetFieldPath value = "TBSW0268_PARAM.NUMERO_CARTAO" />
        </command>
        <command label="set_tbsw0268_entry_mode" objectReferenceLabel="COPY" >
            <sourceFieldPath value = "shc_msg.pos_entry_code" />
            <targetFieldPath value = "TBSW0268_PARAM.ENTRY_MODE" />
        </command>
        <command label="trim_spaces_tbsw0268_numero_cartao" objectReferenceLabel="TRIM" >
            <sourceFieldPath value = "TBSW0268_PARAM.NUMERO_CARTAO" />
            <targetFieldPath value = "TBSW0268_PARAM.NUMERO_CARTAO" />
            <trimmingChar value=" " />
            <enableLeftTrimming value="true" />
            <enableRightTrimming value="true" />
        </command>
        <command label="trim_zeros_tbsw0268_numero_cartao" objectReferenceLabel="TRIM" >
            <sourceFieldPath value = "TBSW0268_PARAM.NUMERO_CARTAO" />
            <targetFieldPath value = "TBSW0268_PARAM.NUMERO_CARTAO" />
            <trimmingChar value="0" />
            <enableLeftTrimming value="true" />
            <enableRightTrimming value="false" />
        </command>
        <command label="pad_zeros_tbsw0268_numero_cartao" objectReferenceLabel="PAD" >
            <sourceFieldPath value = "TBSW0268_PARAM.NUMERO_CARTAO" />
            <targetFieldPath value = "TBSW0268_PARAM.NUMERO_CARTAO" />
            <paddingChar value="0" />
            <mode value="left" />
            <length value="19" />
        </command>
        <command label="pad_zeros_tbsw0268_entry_mode" objectReferenceLabel="PAD" >
            <sourceFieldPath value = "TBSW0268_PARAM.ENTRY_MODE" />
            <targetFieldPath value = "TBSW0268_PARAM.ENTRY_MODE" />
            <paddingChar value="0" />
            <mode value="left" />
            <length value="03" />
        </command>
        <command label="set_cod_prod" objectReferenceLabel="VALUE" >
            <sourceValue value="D" />
            <targetFieldPath value="TBSW0268_PARAM.COD_PROD" />
        </command>

        <command label="load_tbsw0268_record" objectReferenceLabel="TBSW0268LOADER" >
          <sourceFieldPath value="TBSW0268_PARAM"/>
          <targetFieldPath value="TBSW0268"/>
        </command>
        <command label=" ============ Dump TBSW0268 ============" objectReferenceLabel="FIELDSET_DUMP">
          <sourceFieldPath value = "TBSW0268" />
        </command>

        <conditional-block label="verificaBloqueioBin">
            <if objectReferenceLabel="EXPR">
                <expr value="TBSW0268.RESULT != 'NO ROWS' " />
                <command label="set_trap_id" objectReferenceLabel="VALUE" >
                    <targetFieldPath value="LOCAL.trap_id" />
                    <sourceValue value="TRAVA285" />
                </command>
                <command label="TRAP285_BIN_BLOQUEADO" objectReferenceLabel="TRAP" />
            </if>
        </conditional-block>
    </dataManip>
    <!-- Anti-Fraude - Bloqueio de BINs - FIM -->

</dataManip-list>
