<?xml version="1.0" encoding="iso-8859-1"?>
<!DOCTYPE dataManip-list SYSTEM "../../../PDV/dtd/fwsw/DataManip.dtd">
<dataManip-list>
  <dataManip label="DB_2_SHC">   

    <command label="  ========= DB_2_SHC - imf_inq =========&gt;&gt;" objectReferenceLabel="FIELDSET_DUMP">
      <sourceFieldPath value = "imf_inq" />
    </command>
    
    <command label="InicializaForwardAddress" objectReferenceLabel="VALUE" >
        <sourceValue value="" />
        <targetFieldPath value="environment.FORWARD_ADDRESS" />
    </command>

    <conditional-block label="check_transaction_exists" >
    <if objectReferenceLabel="EXPR">
        <expr value="imf_inq.shc_msg.msgtype != ''" />

        <command label="Set mailbox do formatador como destino" objectReferenceLabel="MBLOCATORGERAL" >
		    <operation value="GERAL" />
		    <propertyToGet value="outbound" />
            <networkIdFieldPath value = "imf_inq.shc_msg.acquirer" />
            <targetFieldPath value="environment.FORWARD_ADDRESS" />
        </command>
	    
        <command label="  ========= MBLOCATORGERAL - environment.FORWARD_ADDRESS =========&gt;&gt;" objectReferenceLabel="FIELDSET_DUMP">
            <sourceFieldPath value = "environment.FORWARD_ADDRESS" />
        </command>	
        
        <!-- EAK-4221 - Nao tenta enviar sonda sem endereco valido - INICIO -->
        <conditional-block label="Verifica networkid valido da sonda" >
            <if objectReferenceLabel="EXPR">
            <expr value=" environment.FORWARD_ADDRESS &lt;= '0' " />
                <command label=" Dropando sonda sem networkid valido no site" objectReferenceLabel="DROP">
                    <disableLog value = "TRUE" />
                </command>
            </if>
        </conditional-block>
        <!-- EAK-4221 - Nao tenta enviar sonda sem endereco valido - FIM -->
	
        <command label="Set mailbox do formatador como destino" objectReferenceLabel="MBLOCATORGERAL" >
		    <operation value="PORTA" />
		    <propertyToGet value="inbound" />
            <networkIdFieldPath value = "imf_inq.shc_msg.acquirer" />
            <targetFieldPath value="imf_inq.shc_msg.unit" />
        </command>	
    
        <command label="  ========= MBLOCATORGERAL - imf_inq.shc_msg.unit =========&gt;&gt;" objectReferenceLabel="FIELDSET_DUMP">
            <sourceFieldPath value = "imf_inq.shc_msg.unit" />
        </command>	
	
        <command label="  ========= DB_2_SHC - environment =========&gt;&gt;" objectReferenceLabel="FIELDSET_DUMP">
            <sourceFieldPath value = "environment" />
        </command>
    
        <command label="CopyStatusInq2Fmt" objectReferenceLabel="FIELDSET_COPY">
          <sourceFieldPath value="imf_inq"/> 
	      <targetFieldPath value="imf_fmt"/>
        </command>

    </if>
    </conditional-block>

    <command label="  ========= DB_2_SHC - FINAL =========&gt;&gt;" objectReferenceLabel="FIELDSET_DUMP">
        <sourceFieldPath value = "imf_fmt" />
    </command>	
	    
  </dataManip>
</dataManip-list>

