<!DOCTYPE dispatcher-list SYSTEM "../../../PDV/dtd/fwsw/Dispatcher.dtd">

<dispatcher-list>	
	<dispatcher label="statusinq" >
		<xmlFiles>
			<librarianXml filePath="$(FWSW_XML_DIR)" fileName="StandardLibrarian.xml" />
			<librarianXml filePath="$(STATUSINQ_XML_DIR)" fileName="Librarian.xml" />
			<pluginManagerXml filePath="$(FWSW_XML_DIR)" fileName="StandardPlugins.xml" />
			<pluginManagerXml filePath="$(STATUSINQ_XML_DIR)" fileName="PluginManager.xml" />
			<fieldSetXml filePath="$(FWSW_XML_DIR)" fileName="ShcMsg.xml" />
			<fieldSetXml filePath="$(STATUSINQ_XML_DIR)" fileName="EventData.xml" />
			<dataManipXml filePath="$(STATUSINQ_XML_DIR)" fileName="DataManip.xml" />
		</xmlFiles>

		<librarian referenceLabel="STANDARD_LIBRARIAN" />
		<librarian referenceLabel="FEPDV_LIBRARIAN" />
		<pluginManager referenceLabel="STANDARD_PLUGINS" />
		<pluginManager referenceLabel="FEPDV_PLUGINS" />
		<xmfFieldSet referenceLabel="IMF_FIELDSET" symbol="imf_inq"/>
		<imfFieldSet referenceLabel="IMF_FIELDSET" symbol="imf_fmt"/>
		<shdFieldSet referenceLabel="event_data" symbol="EVENT_DATA"/>
		<internalEnvironment symbol="environment" />
		<dataManipDispatch referenceLabel="DB_2_SHC" />
		<reader referenceLabel="STATUSINQREADER"></reader>
        <intervalSeconds value="5" />
		<converter outboundType="SHC" />

	</dispatcher>
</dispatcher-list>




