<!DOCTYPE engine-list SYSTEM "../../../../PDV/dtd/fwsw/Engine.dtd">

<engine-list>	
	<engine label="fe_interf" >
		<xmlFiles>
			<librarianXml filePath="$(FWSW_XML_DIR)" fileName="StandardLibrarian.xml" />
			<pluginManagerXml filePath="$(FWSW_XML_DIR)" fileName="StandardPlugins.xml" />
			<fieldSetXml filePath="$(FWSW_XML_DIR)" fileName="ShcMsg.xml" />
			<librarianXml filePath="$(FE_INTERF_XML_DIR)" fileName="Librarian.xml" />
			<pluginManagerXml filePath="$(FE_INTERF_XML_DIR)" fileName="PluginManager.xml" />
			<fieldSetXml filePath="$(FE_INTERF_XML_DIR)" fileName="FieldSetFEI.xml" />
			<dataManipXml filePath="$(FE_INTERF_XML_DIR)" fileName="DataManip.xml" />
		</xmlFiles>

		<librarian referenceLabel="STANDARD_LIBRARIAN" /> 
		<librarian referenceLabel="FE_INTERF_LIBRARIAN" />
		<pluginManager referenceLabel="STANDARD_PLUGINS" />
		<pluginManager referenceLabel="FE_INTERF_PLUGINS" />
		<xmfFieldSet referenceLabel="IMF_FIELDSET" symbol="source"/>
		<imfFieldSet referenceLabel="FEI_FIELDSET" symbol="target"/>
		<internalEnvironment symbol="environment" />
		<dataManipRequest referenceLabel="FEI_INTERF" />
		<dataManipResponse referenceLabel="DUMMY" />
		<dataManipNegative referenceLabel="DUMMY" />
		
		<converter inboundType="SHC" outboundType="CUSTOM">
			<outboundCustomLoader referenceLabel="FE_INTERF_PARSER" />
			<outboundCustomExtractor referenceLabel="FE_INTERF_BUILDER" />
		</converter>
		
		<trxEngine objectReferenceLabel="STDTRXENGINE" />
		<inputMailboxName value="$(FE_INTERF_MAILBOXNAME)" />
	</engine>
</engine-list>

