<?xml version="1.0" encoding="iso-8859-1"?>
<!DOCTYPE dataManip-list SYSTEM "../../../PDV/dtd/fwsw/DataManip.dtd">

<dataManip-list>

    <!-- @Info: CHAMANDA DO MANIP PRINCIAL  -->
    <dataManip label="NEG_ACQSRV_CRT">
        <fieldSetReference reference="shc_side_msg" alias="source" />
        <fieldSetReference reference="fmt_side_msg" alias="target" />
        <fieldSetReference reference="target.shc_msg" alias="shc_msg" />
        <fieldSetReference reference="target.segments.common" alias="common" />
        <fieldSetReference reference="REQ_ACQSRV_CRT::LOCAL" alias="LOCAL" />
        
        <command label="copyMsgFromAcquirerServerToFormatter" objectReferenceLabel="FIELDSET_COPY">
            <sourceFieldPath value="source"/>
            <targetFieldPath value="target"/>
        </command>
        
        <call label="Dump_Recebimento_Msg">
            <dataManipXml filePath="$(FEGEN_XML_DIR)" fileName="DataManipCommon.xml"/>
            <subDataManip objectReferenceLabel="Dump_Recebimento_Msg" />
            <targetFieldPath value="source" />
            <targetFieldPath value="LOCAL" />
            <targetFieldPath value="environment.SENDER_ADDRESS" />
        </call>
            
        <call label="CallPreProcessamento">
            <subDataManip objectReferenceLabel="PreProc" />
            <targetFieldPath value="target" />
            <targetFieldPath value="environment" />
            <targetFieldPath value="LOCAL" />
        </call>        
        
        <call label="CallProcessamento">
            <subDataManip objectReferenceLabel="Proc" />
            <targetFieldPath value="target" />
            <targetFieldPath value="environment" />
            <targetFieldPath value="LOCAL" />
        </call>                
        
        <call label="CallPosProcessamento">
            <subDataManip objectReferenceLabel="PosProc" />
            <targetFieldPath value="target" />
            <targetFieldPath value="environment" />
            <targetFieldPath value="LOCAL" />
        </call>            
        
        <call label="Dump_Destino_Msg">
            <dataManipXml filePath="$(FEGEN_XML_DIR)" fileName="DataManipCommon.xml"/>
            <subDataManip objectReferenceLabel="Dump_Destino_Msg" />
            <targetFieldPath value="target" />
            <targetFieldPath value="LOCAL" />
            <targetFieldPath value="environment.SENDER_ADDRESS" />
        </call>
        
    </dataManip>
    
    <!-- @Info: MANIP DE PRE PROC -->
    <dataManip label="PreProc">
        <fieldSetReference reference="arg0" alias="target"/>
        <fieldSetReference reference="arg0.shc_msg" alias="shc_msg"/>
        <fieldSetReference reference="arg0.segments.common" alias="common"/>
        <fieldSetReference reference="arg1" alias="environment"/>
        <fieldSetReference reference="arg2" alias="LOCAL"/>

        <!-- Registra trace da transacao no arquivo de log 
             Necessario ser executada neste ponto do DataManipNegative, porque a transacao foi barrada antes 
             de executar esta operacao no DataManipRequest.-->
        <call label="CallRegistraTraceReq">
            <dataManipXml filePath="$(FEGEN_XML_DIR)" fileName="DataManipCommon.xml"/>
            <subDataManip objectReferenceLabel="RegistraTraceReq"/>
            <targetFieldPath value="target" />
            <targetFieldPath value="environment" />
            <targetFieldPath value="LOCAL" />
        </call>
        
        <!-- @Info: trata o respcode e o respmsg -->
        <call label="CALL_TRATA_RESP_MSG">
            <dataManipXml filePath="$(FEGEN_XML_DIR)" fileName="DataManipCommon.xml"/>
            <subDataManip objectReferenceLabel="TRATA_RESP_MSG" />
            <targetFieldPath value="target" />
            <targetFieldPath value="LOCAL" />
        </call>
        
        <call label="CallPreEnriquecimento">
            <subDataManip objectReferenceLabel="PreEnriquecimento" />
            <targetFieldPath value="target" />
            <targetFieldPath value="LOCAL" />
        </call>
    </dataManip>
    
    <!-- @Info: MANIP DE PROC -->
    <dataManip label="Proc">
        <fieldSetReference reference="arg0" alias="target"/>
        <fieldSetReference reference="arg0.shc_msg" alias="shc_msg"/>
        <fieldSetReference reference="arg0.segments.common" alias="common"/>
        <fieldSetReference reference="arg1" alias="environment"/>
        <fieldSetReference reference="arg2" alias="LOCAL"/>

        <!-- t689049@FIS - 15/01/2017 - Passar a tratar o cupom no ACQSRV .. -->
        <call label="CallAnalisaGeraCupom">
            <dataManipXml filePath="$(COMMON_XML_DIR)" fileName="TrataCupom.xml"/>
            <subDataManip objectReferenceLabel="AnalisaGeraCupom" />
            <targetFieldPath value="target" />
            <targetFieldPath value="LOCAL" />
        </call> 

        <!-- @Info: Chamada do Fluxo das transacoes -->
        <conditional-block label="ChamaFluxoTrn" >
            <!-- @Info: Fluxo das transacoes de venda -->
            <if objectReferenceLabel="EXPR">
            <expr value="common.msg_category == 'VENDA' || common.msg_category == 'CONSULTA' || 
                         common.msg_category == 'ADV_APROVADO' || common.msg_category == 'ADV_NEGADO'" />
                <call label="CallFluxoVenda">
                    <subDataManip objectReferenceLabel="FluxoVenda" />
                    <targetFieldPath value="target" />
                    <targetFieldPath value="environment" />
                    <targetFieldPath value="LOCAL" />
                </call>            
            </if>
            <!-- @Info: Fluxo das transacoes de estorno -->
            <else-if objectReferenceLabel="EXPR">
            <expr value="common.msg_category == 'ESTORNO'" />        
                <call label="CallFluxoEstorno">
                    <subDataManip objectReferenceLabel="FluxoEstorno" />
                    <targetFieldPath value="target" />
                    <targetFieldPath value="LOCAL" />
                </call>            
            </else-if>
            <!-- @Info: Fluxo das transacoes de Desfazimento -->
            <else-if objectReferenceLabel="EXPR">
            <expr value="common.msg_category == 'DESFAZIMENTO'" />        
                <call label="CallFluxoDesfazimento">
                    <subDataManip objectReferenceLabel="FluxoDesfazimento" />
                    <targetFieldPath value="target" />
                    <targetFieldPath value="LOCAL" />
                </call>            
            </else-if>
            <!-- Padronizacao Crediario PDV - INICIO -->
            <else-if objectReferenceLabel="EXPR">
            <expr value="common.msg_category == 'SIMULACAO'" />
                <call label="CallFluxoSimulacao">
                    <subDataManip objectReferenceLabel="FluxoSimulacao" />
                    <targetFieldPath value="target" />
                    <targetFieldPath value="environment" />
                    <targetFieldPath value="LOCAL" />
                </call>
            </else-if>
            <!-- Padronizacao Crediario PDV - FIM -->
            <!-- @Info: Fluxo das transacoes de pre autorizacao -->
            <else-if objectReferenceLabel="EXPR">
            <expr value="common.msg_category == 'PRE_AUTORIZACAO'" />            
                <call label="CallFluxoPreAutorizacao">
                    <subDataManip objectReferenceLabel="FluxoPreAutorizacao" />
                    <targetFieldPath value="target" />
                    <targetFieldPath value="LOCAL" />
                </call>
            </else-if>
            <!-- @Info: Fluxo das transacoes de confirmacao pre autorizacao -->
            <else-if objectReferenceLabel="EXPR">
            <expr value="common.msg_category == 'CONF_PREAUT'" />            
                <call label="CallConfPreAutorizacao">
                    <subDataManip objectReferenceLabel="FluxoConfPreAutorizacao" />
                    <targetFieldPath value="target" />
                    <targetFieldPath value="LOCAL" />
                </call>
            </else-if>
            <else>
                <command label=" Parametros determinantes do fluxo desconhecidos: " objectReferenceLabel="XDUMP">
                    <sourceFieldPath value = "common.msg_category" />
                    <sourceFieldPath value = "common.msg_name" />
                </command>
                <command label="  ========= Fluxo nao determinado =========  " objectReferenceLabel="DROP" />
            </else>
        </conditional-block>
        
    </dataManip>
    
    <!-- @Info: MANIP DE POS PROC -->
    <dataManip label="PosProc">
        <fieldSetReference reference="arg0" alias="target"/>
        <fieldSetReference reference="arg0.shc_msg" alias="shc_msg"/>
        <fieldSetReference reference="arg0.segments.common" alias="common"/>
        <fieldSetReference reference="arg1" alias="environment"/>
        <fieldSetReference reference="arg2" alias="LOCAL"/>

        <command label="setDados" objectReferenceLabel="XCOPY">
            <value sourceField="LOCAL.termid"  type="value" targetFieldPath="shc_msg.termid" />
            <value sourceField="LOCAL.termloc" type="value" targetFieldPath="shc_msg.termloc" />
        </command>
        
        <call label="CallDefineEnderecoTrnCommon">
            <dataManipXml filePath="$(FEGEN_XML_DIR)" fileName="DataManipCommon.xml"/>
            <subDataManip objectReferenceLabel="DefineEnderecoTrnCommon" />
            <targetFieldPath value="target" />
            <targetFieldPath value="environment" />
            <targetFieldPath value="LOCAL" />
        </call>

        <!-- Registra trace da transacao no arquivo de log -->
        <call label="CallRegistraTraceResp">
            <dataManipXml filePath="$(FEGEN_XML_DIR)" fileName="DataManipCommon.xml"/>
            <subDataManip objectReferenceLabel="RegistraTraceResp"/>
            <targetFieldPath value="target" />
            <targetFieldPath value="environment" />
            <targetFieldPath value="LOCAL" />
        </call>
        
    </dataManip>

    <dataManip label="PreEnriquecimento">
        <fieldSetReference reference="arg0" alias="target"/>
        <fieldSetReference reference="arg0.shc_msg" alias="shc_msg"/>
        <fieldSetReference reference="arg0.segments.common" alias="common"/>
        <fieldSetReference reference="arg1" alias="LOCAL"/>
    
        <!-- @Info: Muda o msgtype da transacao -->
        <command label="MudaMsgtype" objectReferenceLabel="MATH" >
            <value1 value = "shc_msg.msgtype" />
            <value2 value = "10" />
            <operator value = "+" />
            <targetFieldPath value = "shc_msg.msgtype" />
        </command>
    
    </dataManip>
    
    <dataManip label="FluxoVenda">
        <fieldSetReference reference="arg0" alias="target"/>
        <fieldSetReference reference="arg0.shc_msg" alias="shc_msg"/>
        <fieldSetReference reference="arg0.segments.common" alias="common"/>
        <fieldSetReference reference="arg1" alias="environment"/>
        <fieldSetReference reference="arg2" alias="LOCAL"/>
                    
                    
        <call label="INSERT_TBSW0030">
            <subDataManip objectReferenceLabel="INSERT_TBSW0030" />
            <dataManipXml filePath="$(FEGEN_XML_DIR)" fileName="DataBaseCommon.xml"/>
            <targetFieldPath value="target" />
            <targetFieldPath value="LOCAL" />
        </call>
    
        <call label="INSERT_TBSW0031">
            <subDataManip objectReferenceLabel="INSERT_TBSW0031" />
            <dataManipXml filePath="$(FEGEN_XML_DIR)" fileName="DataBaseCommon.xml"/>
            <targetFieldPath value="target" />
            <targetFieldPath value="LOCAL" />
        </call>
    
        <call label="INSERT_TBSW0034">
            <subDataManip objectReferenceLabel="INSERT_TBSW0034" />
            <dataManipXml filePath="$(FEGEN_XML_DIR)" fileName="DataBaseCommon.xml"/>
            <targetFieldPath value="target" />
            <targetFieldPath value="LOCAL" />
        </call>
    
        <call label="INSERT_TBSW0121">
            <subDataManip objectReferenceLabel="INSERT_TBSW0121" />
            <dataManipXml filePath="$(FEGEN_XML_DIR)" fileName="DataBaseCommon.xml"/>
            <targetFieldPath value="target" />
            <targetFieldPath value="LOCAL" />
        </call>
    
        <call label="INSERT_TBSW0152">
            <when objectReferenceLabel="EXPR">
                <expr value="LOCAL.tip_vd == '2' || LOCAL.tip_vd == '3'" />
            </when>
            <subDataManip objectReferenceLabel="INSERT_TBSW0152" />
            <dataManipXml filePath="$(FEGEN_XML_DIR)" fileName="DataBaseCommon.xml"/>
            <targetFieldPath value="target" />
            <targetFieldPath value="LOCAL" />
        </call>
    
        <call label="Insere_Atualiza_TBSW0139">
            <dataManipXml filePath="$(FEGEN_XML_DIR)" fileName="DataManipCommon.xml"/>
            <subDataManip objectReferenceLabel="INSERE_ATUALIZA_TBSW00139"/>
            <targetFieldPath value="target" />
        </call>

        <!-- BRUM - EAK-1657 - 29/08/2019 - MCC Dinamico - Inicio -->
        <call label="INSERT_TBSW0165">
            <subDataManip objectReferenceLabel="INSERT_TBSW0165" />
            <dataManipXml filePath="$(FEGEN_XML_DIR)" fileName="DataBaseCommon.xml"/>
            <targetFieldPath value="target" />
            <targetFieldPath value="LOCAL" />
        </call>
        <!-- BRUM - EAK-1657 - Fim -->

    </dataManip>
    
    <dataManip label="FluxoEstorno">
        <fieldSetReference reference="arg0" alias="target"/>
        <fieldSetReference reference="arg0.shc_msg" alias="shc_msg"/>
        <fieldSetReference reference="arg0.segments.common" alias="common"/>
        <fieldSetReference reference="arg1" alias="LOCAL"/>
            
        <call label="INSERT_TBSW0030">
            <subDataManip objectReferenceLabel="INSERT_TBSW0030" />
            <dataManipXml filePath="$(FEGEN_XML_DIR)" fileName="DataBaseCommon.xml"/>
            <targetFieldPath value="target" />
            <targetFieldPath value="LOCAL" />
        </call>
        
        <!-- @Info: TBSW0033 -->
        <call label="CALL_INSERT_TBSW0033">
            <dataManipXml filePath="$(FEGEN_XML_DIR)" fileName="DataBaseCommon.xml" />
            <subDataManip objectReferenceLabel="INSERT_TBSW0033" />
            <targetFieldPath value="target" />
            <targetFieldPath value="LOCAL" />
        </call>

        <call label="INSERT_TBSW0121">
            <when objectReferenceLabel="EXPR">
                <expr value="common.msg_name != 'EST_PREAUT' &amp;&amp; common.msg_name != 'EST_PREAUT_PARC_SJURO'" />
            </when>
            <subDataManip objectReferenceLabel="INSERT_TBSW0121" />
            <dataManipXml filePath="$(FEGEN_XML_DIR)" fileName="DataBaseCommon.xml"/>
            <targetFieldPath value="target" />
            <targetFieldPath value="LOCAL" />
        </call>

    </dataManip>
    
    <dataManip label="FluxoDesfazimento">
        <fieldSetReference reference="arg0" alias="target"/>
        <fieldSetReference reference="arg0.shc_msg" alias="shc_msg"/>
        <fieldSetReference reference="arg0.segments.common" alias="common"/>
        <fieldSetReference reference="arg1" alias="LOCAL"/>
       
        <call label="INSERT_TBSW0030">
            <subDataManip objectReferenceLabel="INSERT_TBSW0030" />
            <dataManipXml filePath="$(FEGEN_XML_DIR)" fileName="DataBaseCommon.xml"/>
            <targetFieldPath value="target" />
            <targetFieldPath value="LOCAL" />
        </call>

        <call label="INSERT_TBSW1039">
            <when objectReferenceLabel="EXPR">
                <expr value="LOCAL.trn_tem_original == 'FALSE'" />
            </when>
            <subDataManip objectReferenceLabel="INSERT_TBSW1039" />
            <dataManipXml filePath="$(FEGEN_XML_DIR)" fileName="DataBaseCommon.xml"/>
            <targetFieldPath value="target" />
            <targetFieldPath value="LOCAL" />
        </call>

        <conditional-block label="VerificaRestauraTBSW0031eInsertTBSW0121">
            <if objectReferenceLabel="EXPR">
            <expr value="common.is_desfaz_estorno == 'FALSE' &amp;&amp; common.msg_name != 'DESF_PREAUT'" />

                <call label="INSERT_TBSW0121">
                    <subDataManip objectReferenceLabel="INSERT_TBSW0121" />
                    <dataManipXml filePath="$(FEGEN_XML_DIR)" fileName="DataBaseCommon.xml"/>
                    <targetFieldPath value="target" />
                    <targetFieldPath value="LOCAL" />
                </call>
            </if>
        </conditional-block>

    </dataManip>
    
    <dataManip label="FluxoPreAutorizacao">
        <fieldSetReference reference="arg0" alias="target"/>
        <fieldSetReference reference="arg0.shc_msg" alias="shc_msg"/>
        <fieldSetReference reference="arg0.segments.common" alias="common"/>
        <fieldSetReference reference="arg1" alias="LOCAL"/>
        
        <call label="INSERT_TBSW0058">
            <subDataManip objectReferenceLabel="INSERT_TBSW0058" />
            <dataManipXml filePath="$(FEGEN_XML_DIR)" fileName="DataBaseCommon.xml"/>
            <targetFieldPath value="target" />
            <targetFieldPath value="LOCAL" />
        </call>
        
        <call label="INSERT_TBSW0160">
            <subDataManip objectReferenceLabel="INSERT_TBSW0160" />
            <dataManipXml filePath="$(FEGEN_XML_DIR)" fileName="DataBaseCommon.xml"/>
            <targetFieldPath value="target" />
            <targetFieldPath value="LOCAL" />
        </call>
        <call label="Insere_Atualiza_TBSW0139">
            <dataManipXml filePath="$(FEGEN_XML_DIR)" fileName="DataManipCommon.xml"/>
            <subDataManip objectReferenceLabel="INSERE_ATUALIZA_TBSW00139"/>
            <targetFieldPath value="target" />
        </call>
        <!-- BRUM - EAK-1657 - 29/08/2019 - MCC Dinamico - Inicio -->
        <call label="INSERT_TBSW0164">
            <subDataManip objectReferenceLabel="INSERT_TBSW0164" />
            <dataManipXml filePath="$(FEGEN_XML_DIR)" fileName="DataBaseCommon.xml"/>
            <targetFieldPath value="target" />
            <targetFieldPath value="LOCAL" />
        </call>
        <!-- BRUM - EAK-1657 - Fim -->
    </dataManip>  
    
    <!-- Padronizacao Crediario PDV - INICIO -->
    <dataManip label="FluxoSimulacao">
        <fieldSetReference reference="arg0" alias="target"/>
        <fieldSetReference reference="arg0.shc_msg" alias="shc_msg"/>
        <fieldSetReference reference="arg0.segments.common" alias="common"/>
        <fieldSetReference reference="arg1" alias="environment"/>
        <fieldSetReference reference="arg2" alias="LOCAL"/>
        
        <call label="INSERT_TBSW0030">
            <subDataManip objectReferenceLabel="INSERT_TBSW0030" />
            <dataManipXml filePath="$(FEGEN_XML_DIR)" fileName="DataBaseCommon.xml"/>
            <targetFieldPath value="target" />
            <targetFieldPath value="LOCAL" />
        </call>

        <call label="INSERT_TBSW0031">
            <subDataManip objectReferenceLabel="INSERT_TBSW0031" />
            <dataManipXml filePath="$(FEGEN_XML_DIR)" fileName="DataBaseCommon.xml"/>
            <targetFieldPath value="target" />
            <targetFieldPath value="LOCAL" />
        </call>
    </dataManip>
    <!-- Padronizacao Crediario PDV - FIM -->
    
    <dataManip label="FluxoConfPreAutorizacao">
        <fieldSetReference reference="arg0" alias="target"/>
        <fieldSetReference reference="arg0.shc_msg" alias="shc_msg"/>
        <fieldSetReference reference="arg0.segments.common" alias="common"/>
        <fieldSetReference reference="arg1" alias="LOCAL"/>
    
        <call label="INSERT_TBSW0030">
            <subDataManip objectReferenceLabel="INSERT_TBSW0030" />
            <dataManipXml filePath="$(FEGEN_XML_DIR)" fileName="DataBaseCommon.xml"/>
            <targetFieldPath value="target" />
            <targetFieldPath value="LOCAL" />
        </call>
    
        <call label="INSERT_TBSW0031">
            <subDataManip objectReferenceLabel="INSERT_TBSW0031" />
            <dataManipXml filePath="$(FEGEN_XML_DIR)" fileName="DataBaseCommon.xml"/>
            <targetFieldPath value="target" />
            <targetFieldPath value="LOCAL" />
        </call>
    
        <call label="INSERT_TBSW0034">
            <subDataManip objectReferenceLabel="INSERT_TBSW0034" />
            <dataManipXml filePath="$(FEGEN_XML_DIR)" fileName="DataBaseCommon.xml"/>
            <targetFieldPath value="target" />
            <targetFieldPath value="LOCAL" />
        </call>
    
        <call label="INSERT_TBSW0121">
            <subDataManip objectReferenceLabel="INSERT_TBSW0121" />
            <dataManipXml filePath="$(FEGEN_XML_DIR)" fileName="DataBaseCommon.xml"/>
            <targetFieldPath value="target" />
            <targetFieldPath value="LOCAL" />
        </call>
    
        <call label="INSERT_TBSW0152">
            <when objectReferenceLabel="EXPR">
                <expr value="LOCAL.tip_vd == '2' || LOCAL.tip_vd == '3'" />
            </when>
            <subDataManip objectReferenceLabel="INSERT_TBSW0152" />
            <dataManipXml filePath="$(FEGEN_XML_DIR)" fileName="DataBaseCommon.xml"/>
            <targetFieldPath value="target" />
            <targetFieldPath value="LOCAL" />
        </call>
        <call label="Insere_Atualiza_TBSW0139">
            <dataManipXml filePath="$(FEGEN_XML_DIR)" fileName="DataManipCommon.xml"/>
            <subDataManip objectReferenceLabel="INSERE_ATUALIZA_TBSW00139"/>
            <targetFieldPath value="target" />
        </call>
    </dataManip>   
    
</dataManip-list>
