<?xml version="1.0" encoding="iso-8859-1"?>
<!DOCTYPE dataManip-list SYSTEM "../../../PDV/dtd/fwsw/DataManip.dtd">

<dataManip-list>

    <!-- @Info: CHAMANDA DO MANIP PRINCIAL  -->
    <dataManip label="RES_ACQSRV_CRT">
        <fieldSetReference reference="shc_side_msg" alias="source" />
        <fieldSetReference reference="fmt_side_msg" alias="target" />
        <fieldSetReference reference="target.shc_msg" alias="shc_msg" />
        <fieldSetReference reference="target.segments.common" alias="common" />

        <command label="CopyFieldSetFromShcToFormatter" objectReferenceLabel="FIELDSET_COPY">
            <sourceFieldPath value="source"/>
            <targetFieldPath value="target"/>
        </command>        

        <declare label="LOCAL" >
            <field label="network_id_van" />
            <field label="trap_id" />
            <field label="swreplic" />
            <field label="mailboxName" />  <!-- Usado no RegistraTrace* -->
            <field label="trn_tem_original" value="FALSE" />
            <field label="num_mot_rsps" />
            <field label="ind_modl_cptr" /><!--  necessario por causa do update do campo TIP_MODL_CPTR da tabela 30 -->
            <field label="isVAN" /><!-- Para poder fazer o map certo caso o iss negue a trn -->
            <field label="termid" />
            <field label="termloc" />
            <field label="LeEvento" value="TRUE" /> <!-- necessario para indicar se o evento criado deve, ou nao, ser recuperado -->
            <field label="TBSW_RESULT" />
            <field label="is_desfz_emissor" value="FALSE" /> <!-- Utilizado no tratamento do desfazimento. Se resposta do emissor -->
            <field label="IND_TRAN_REFD" value = "" /> <!-- utilizado para atualizar o status de um transacao referral na TBSW0030 -->
            <field label="az_reason_code_orig" value="   "/>
            <!-- Dados Validacao Ordem de Servico - DE48 TAG 80 ..  -->
            <field label="data_baixa" />
            <field label="hora_baixa" />
            <field label="cod_ocorr" />
            <field label="appl_id" />
            <field label="appl_label" />
            <field label="orig_local_date" />
            <field label="orig_local_time" />
            <field label="origtrace" />
            <field label="saldo_parcial" value="" /> <!-- utilizado na chamada da funcao TratamentoSaldoDisponivel -->
            <!-- AUT1-1830 - ELO endereco EC no CV -->
            <field label="nom_logr_pdv" />
            <field label="num_logr_pdv" />
            <field label="nom_brr_pdv" />
            <field label="des_cpl_endr_pdv" />
            <!-- AUT1-1830 - ELO endereco EC no CV -->
            <field label="porta_origem" />
            <field label="COD_TRAN_CAD" />
            <field label="MARKUP" />
            <field label="CONVRATE" />
            
        </declare>
        
        <call label="Dump_Recebimento_Msg">
            <dataManipXml filePath="$(FEGEN_XML_DIR)" fileName="DataManipCommon.xml"/>
            <subDataManip objectReferenceLabel="Dump_Recebimento_Msg" />
            <targetFieldPath value="source" />
            <targetFieldPath value="LOCAL" />
            <targetFieldPath value="environment.SENDER_ADDRESS" />
        </call>

        <call label="CallPreProcessamento">
            <subDataManip objectReferenceLabel="PreProc" />
            <targetFieldPath value="target" />
            <targetFieldPath value="EVENT_DATA" />
            <targetFieldPath value="LOCAL" />
        </call>        
        
        <call label="CallProcessamento">
            <subDataManip objectReferenceLabel="Proc" />
            <targetFieldPath value="target" />
            <targetFieldPath value="LOCAL" />
        </call>                
        
        <call label="CallPosProcessamento">
            <subDataManip objectReferenceLabel="PosProc" />
            <targetFieldPath value="target" />
            <targetFieldPath value="environment" />
            <targetFieldPath value="LOCAL" />
        </call>
        
        <call label="Dump_Destino_Msg">
            <dataManipXml filePath="$(FEGEN_XML_DIR)" fileName="DataManipCommon.xml"/>
            <subDataManip objectReferenceLabel="Dump_Destino_Msg" />
            <targetFieldPath value="target" />
            <targetFieldPath value="LOCAL" />
            <targetFieldPath value="environment.SENDER_ADDRESS" />
        </call>
        
    </dataManip>
    
    <!-- @Info: MANIP DE PRE PROC -->
    <dataManip label="PreProc">
        <fieldSetReference reference="arg0" alias="target"/>
        <fieldSetReference reference="arg0.shc_msg" alias="shc_msg"/>
        <fieldSetReference reference="arg0.segments.common" alias="common"/>
        <fieldSetReference reference="arg1" alias="EVENT_DATA"/>
        <fieldSetReference reference="arg2" alias="LOCAL"/>

        <!-- @Info: Chamada do Pre Processamento Trata Segmento .. -->
        <call label="CallPreProcTrataSegmento">
            <dataManipXml filePath="$(FEGEN_XML_DIR)" fileName="DataManipCommon.xml"/>
            <subDataManip objectReferenceLabel="PreProcTrataSegmento" />
            <targetFieldPath value="target" />
        </call>

        <!-- @Info: Processa o desfazimento sendo rebatido para o terminal -->
        <call label="CallPreProcessamentoDesfz">
            <dataManipXml filePath="$(FEGEN_XML_DIR)" fileName="DataManipCommon.xml"/>
            <subDataManip objectReferenceLabel="PreProcessamentoDesfz" />
            <targetFieldPath value="target" />
            <targetFieldPath value="LOCAL" />
        </call>

        <!-- @Info: Chamada do Pre Enriquecimento -->
        <call label="CallPreEnriquecimento">
            <subDataManip objectReferenceLabel="PreEnriquecimento" />
            <targetFieldPath value="target" />
            <targetFieldPath value="LOCAL" />
        </call>
        
        <!-- @Info: Recupera os dados da transacao do evento -->
        <call label="CallRecuperarDadosEvento">
            <subDataManip objectReferenceLabel="RecuperarDadosEvento" />
            <targetFieldPath value="target" />
            <targetFieldPath value="EVENT_DATA" />
            <targetFieldPath value="LOCAL" />
        </call>
        
        <!-- Padronizacao Crediario PDV - INICIO -->
        <call label="CallPreProcessamentoCrediario">
            <subDataManip objectReferenceLabel="PreProcessamentoCrediario" />
            <targetFieldPath value="target" />
            <targetFieldPath value="LOCAL" />
        </call>
        <!-- Padronizacao Crediario PDV - FIM -->
        
    </dataManip>
    
    <!-- @Info: MANIP DE PROC -->
    <dataManip label="Proc">
        <fieldSetReference reference="arg0" alias="target"/>
        <fieldSetReference reference="arg0.shc_msg" alias="shc_msg"/>
        <fieldSetReference reference="arg0.segments.common" alias="common"/>
        <fieldSetReference reference="arg1" alias="LOCAL"/>

        <declare label="TMP_MAPPING" >
            <field label="chave1" />
            <field label="chave2" />
        </declare>
        
        <!-- Nao precisa executar estas operacoes nas confirmacoes -->
        <conditional-block label="Excluir execucao se for CONFIRMACAO" >
            <if objectReferenceLabel="EXPR">
            <expr value=" common.msg_category != 'CONFIRMACAO' " />

                <!-- @Info: Tratamento Saldo Disponivel (antes do NormalizaRespcode que sobrescreve bit63) -->
                <conditional-block label="GetSaldoDisponivel" >
                    <if objectReferenceLabel="EXPR">
                    <expr value="common.msg_category == 'VENDA' &amp;&amp; common.install_num &lt;= '0' &amp;&amp; common.iss_name == 'ELO_CRT_FULL'" />

                        <call label="CallTratamentoSaldoDisponivel">
                            <dataManipXml filePath="$(COMMON_XML_DIR)" fileName="TrataCupom.xml"/>
                            <subDataManip objectReferenceLabel="TratamentoSaldoDisponivel" />
                            <targetFieldPath value="target" />
                            <targetFieldPath value="LOCAL" />
                        </call>
		        <command label="atualizaSaldoDisponivel" objectReferenceLabel="COPY" >
			    <sourceFieldPath value="LOCAL.saldo_parcial" />
			    <targetFieldPath value="common.saldo_disponivel" />
		        </command>                
                    </if>
                </conditional-block>

                <call label="CallNormalizaRespcode">
                    <dataManipXml filePath="$(FEGEN_XML_DIR)" fileName="DataManipCommon.xml"/>
                    <subDataManip objectReferenceLabel="NormalizaRespcode" />
                    <targetFieldPath value="target" />
                    <targetFieldPath value="TMP_MAPPING" />
                    <targetFieldPath value="LOCAL" />
                </call>
                
                <call label="CallDefineMapping">
                    <dataManipXml filePath="$(FEGEN_XML_DIR)" fileName="DataManipCommon.xml"/>
                    <subDataManip objectReferenceLabel="DefineMapping" />
                    <targetFieldPath value="target" />
                    <targetFieldPath value="LOCAL" />
                    <targetFieldPath value="TMP_MAPPING" />
                </call>
                
                <call label="CallDefineStatusTrnResp">
                    <dataManipXml filePath="$(FEGEN_XML_DIR)" fileName="DataManipCommon.xml"/>
                    <subDataManip objectReferenceLabel="DefineStatusTrnResp" />
                    <targetFieldPath value="target" />
                    <targetFieldPath value="LOCAL" />
                </call>

                <!-- t689049@FIS - 15/01/2017 - Passar a tratar o cupom no ACQSRV .. -->
                <call label="CallAnalisaGeraCupom">
                    <dataManipXml filePath="$(COMMON_XML_DIR)" fileName="TrataCupom.xml"/>
                    <subDataManip objectReferenceLabel="AnalisaGeraCupom" />
                    <targetFieldPath value="target" />
                    <targetFieldPath value="LOCAL" />
                </call> 
            
            </if>
            <else>
                <call label="CallDefineStatusTrnResp">
                    <dataManipXml filePath="$(FEGEN_XML_DIR)" fileName="DataManipCommon.xml"/>
                    <subDataManip objectReferenceLabel="DefineStatusTrnResp" />
                    <targetFieldPath value="target" />
                    <targetFieldPath value="LOCAL" />
                </call>     
            </else>
        </conditional-block>

        <!-- BRUM - EAK-1636 - 19/07/2019 - Alteracao do Respcode para 73 - Amex Full - Unable to go online - Inicio -->
        <conditional-block label="AmexFull_altera_respcode_timeout_unabletogoonline">
            <if objectReferenceLabel="EXPR">
            <expr value=" common.iss_name == 'AMEX_FULL' &amp;&amp; common.msg_entrymode == 'CHIP' &amp;&amp; common.az_reason_code == '91'" />
            
                <command label="   ======== Amex Full - Alterando o responde para 73 em transacao de timeout (unable to go online) ========   " objectReferenceLabel="XDUMP">
                    <sourceFieldPath value = "shc_msg.trace" />
                    <sourceFieldPath value = "shc_msg.pos_entry_code" />
                    <sourceFieldPath value = "shc_msg.termid" />
                    <sourceFieldPath value = "shc_msg.refnum" />
                </command>
                
                <command label="Setando_DE39_unabletogoonline" objectReferenceLabel="XCOPY">
                    <!-- DE39 -->
                    <value sourceValue="73"   type="value" targetFieldPath="common.az_reason_code" />
                    <!-- TBSW0030.NUM_MOT_RSPS -->
                    <value sourceValue="73"   type="value" targetFieldPath="common.pb_reason_code" />
                </command>
            </if>
        </conditional-block>
        <!-- EAK-1636 - Fim -->

        <!-- J10_2019 - Release Bandeiras Outubro 2019 - INICIO -->
        <conditional-block label="Mastercard_altera_respcode_nfc_65">
            <if objectReferenceLabel="EXPR">
            <expr value=" ( common.iss_name == 'MASTERCARD' ||
                            common.iss_name == 'MASTER_HIPER_CRT' ) &amp;&amp; 
                          common.is_nfc == 'TRUE' &amp;&amp; 
                          common.ext_network_code == '65' &amp;&amp; 
                          common.versao_aplicativo &gt;= '700' " />
            
                <command label="   ======== Mastercard - Alterando o responde para 65 em transacao de nfc negada 65 ========   " objectReferenceLabel="XDUMP">
                    <sourceFieldPath value = "shc_msg.trace" />
                    <sourceFieldPath value = "shc_msg.pos_entry_code" />
                    <sourceFieldPath value = "shc_msg.termid" />
                    <sourceFieldPath value = "common.versao_aplicativo" />
                    <sourceFieldPath value = "shc_msg.refnum" />
                </command>
                
                <command label="Setando_DE39_65" objectReferenceLabel="XCOPY">
                    <!-- DE39 -->
                    <value sourceValue="65"   type="value" targetFieldPath="common.az_reason_code" />
                </command>
            </if>
        </conditional-block>
        <!-- J10_2019 - Release Bandeiras Outubro 2019 - FIM -->

        <!-- Mantis-667: Nao permitir que transacoes negadas pelo SHC (ou timeout) enviem o DE038 preenchido -->
        <command label="Reset_authnum_if_core_has_denied" objectReferenceLabel="VALUE" >
            <when objectReferenceLabel="EXPR" >
                <expr value="shc_msg.respcode != '0' &amp;&amp; common.quem_negou == 'SWCORE'" />
            </when>
            <sourceValue value="" />
            <targetFieldPath value="shc_msg.authnum" />
        </command>

        <!-- @Info: Chamada do Fluxo das transacoes -->
        <conditional-block label="ChamaFluxoTrn" >
            <!-- @Info: Fluxo das transacoes de venda -->
            <if objectReferenceLabel="EXPR">
            <expr value="common.msg_category == 'VENDA' || common.msg_category == 'CONSULTA' || 
                         common.msg_category == 'ADV_APROVADO' || common.msg_category == 'ADV_NEGADO'" />
                <call label="FluxoVenda">
                    <subDataManip objectReferenceLabel="FluxoVenda" />
                    <targetFieldPath value="target" />
                    <targetFieldPath value="LOCAL" />
                </call>            
            </if>
            <!-- @Info: Fluxo das transacoes de estorno -->
            <else-if objectReferenceLabel="EXPR">
            <expr value="common.msg_category == 'ESTORNO'" />        
                <call label="CallFluxoEstorno">
                    <subDataManip objectReferenceLabel="FluxoEstorno" />
                    <targetFieldPath value="target" />
                    <targetFieldPath value="LOCAL" />
                </call>            
            </else-if>
            <!-- @Info: Fluxo das transacoes de desfazimento -->
            <else-if objectReferenceLabel="EXPR">
            <expr value="common.msg_category == 'DESFAZIMENTO'" />            
                <call label="CallFluxoDesfazimento">
                    <subDataManip objectReferenceLabel="FluxoDesfazimento" />
                    <targetFieldPath value="target" />
                    <targetFieldPath value="LOCAL" />
                </call>
            </else-if>
            <!-- @Info: Fluxo das transacoes de confirmacao -->
            <else-if objectReferenceLabel="EXPR">
            <expr value="common.msg_category == 'CONFIRMACAO'" />            
                <call label="CallFluxoConfirmacao">
                    <subDataManip objectReferenceLabel="FluxoConfirmacao" />
                    <targetFieldPath value="target" />
                    <targetFieldPath value="LOCAL" />
                </call>
            </else-if>
            <!-- Padronizacao Crediario PDV - INICIO -->
            <else-if objectReferenceLabel="EXPR">
            <expr value="common.msg_category == 'SIMULACAO'" />
                <call label="CallFluxoSimulacao">
                    <subDataManip objectReferenceLabel="FluxoSimulacao" />
                    <targetFieldPath value="target" />
                    <targetFieldPath value="LOCAL" />
                </call>
            </else-if>
            <!-- Padronizacao Crediario PDV - FIM -->
            <!-- @Info: Fluxo das transacoes de pre autorizacao -->
            <else-if objectReferenceLabel="EXPR">
            <expr value="common.msg_category == 'PRE_AUTORIZACAO'" />            
                <call label="CallFluxoPreAutorizacao">
                    <subDataManip objectReferenceLabel="FluxoPreAutorizacao" />
                    <targetFieldPath value="target" />
                    <targetFieldPath value="LOCAL" />
                </call>
            </else-if>
            <!-- @Info: Fluxo das transacoes de confirmacao pre autorizacao -->
            <else-if objectReferenceLabel="EXPR">
            <expr value="common.msg_category == 'CONF_PREAUT'" />            
                <call label="CallFluxoConfPreAutorizacao">
                    <subDataManip objectReferenceLabel="FluxoConfPreAutorizacao" />
                    <targetFieldPath value="target" />
                    <targetFieldPath value="LOCAL" />
                </call>
            </else-if>
            <else>
                <command label=" Parametros determinantes do fluxo desconhecidos: " objectReferenceLabel="XDUMP">
                    <sourceFieldPath value = "common.msg_category" />
                    <sourceFieldPath value = "common.msg_name" />
                </command>
                <command label="  ========= Fluxo nao determinado =========  " objectReferenceLabel="DROP" />
            </else>
        </conditional-block>
        
    </dataManip>
    
    <!-- @Info: MANIP DE POS PROC -->
    <dataManip label="PosProc">
        <fieldSetReference reference="arg0" alias="target"/>
        <fieldSetReference reference="arg0.shc_msg" alias="shc_msg"/>
        <fieldSetReference reference="arg0.segments.common" alias="common"/>
        <fieldSetReference reference="arg1" alias="environment"/>
        <fieldSetReference reference="arg2" alias="LOCAL"/>

        <conditional-block label="RecuperaValoresEspecificos" >
            <if objectReferenceLabel="EXPR">
            <expr value="LOCAL.LeEvento == 'TRUE'" />
                <command label="setDados" objectReferenceLabel="XCOPY">
                    <value sourceField="LOCAL.termid"  type="value" targetFieldPath="shc_msg.termid" />
                    <value sourceField="LOCAL.termloc" type="value" targetFieldPath="shc_msg.termloc" />
                </command>
            </if>
            <else>
                <command label="setDados" objectReferenceLabel="XCOPY">
                    <value sourceField="common.ecr_acqterm_id"  type="value" targetFieldPath="shc_msg.termid" />
                </command>
            </else>
        </conditional-block>

        <command label="zera_respcode" objectReferenceLabel="VALUE">
            <when objectReferenceLabel="EXPR">
                <expr value="common.msg_name == 'ADV_VEND_CRT_NEG'" />
            </when>
            <sourceValue value="0"/>
            <targetFieldPath value="shc_msg.respcode"/>
        </command>
         
        <!-- AUT1-3543 - Release Bandeira Abril/21 - ELO - ID da Transacao - INICIO -->
        <command label="SetOFF_seg_acquirer_common" objectReferenceLabel="TURN_ON" >
            <targetFieldPath value="target.segments.acquirer_common" />
        </command>
        <!-- AUT1-3543 - Release Bandeira Abril/21 - ELO - ID da Transacao - FIM -->

        <call label="CallDefineEnderecoTrnCommon">
            <dataManipXml filePath="$(FEGEN_XML_DIR)" fileName="DataManipCommon.xml"/>
            <subDataManip objectReferenceLabel="DefineEnderecoTrnCommon" />
            <targetFieldPath value="target" />
            <targetFieldPath value="environment" />
            <targetFieldPath value="LOCAL" />
        </call>
        
        <!-- Registra trace da transacao no arquivo de log -->
        <call label="CallRegistraTraceResp">
            <dataManipXml filePath="$(FEGEN_XML_DIR)" fileName="DataManipCommon.xml"/>
            <subDataManip objectReferenceLabel="RegistraTraceResp"/>
            <targetFieldPath value="target" />
            <targetFieldPath value="environment" />
            <targetFieldPath value="LOCAL" />
        </call>
        
    </dataManip>

    <dataManip label="PreEnriquecimento">
        <fieldSetReference reference="arg0" alias="target"/>
        <fieldSetReference reference="arg0.shc_msg" alias="shc_msg"/>
        <fieldSetReference reference="arg0.segments.common" alias="common"/>
        <fieldSetReference reference="arg1" alias="LOCAL"/>
    
		<command label="salva_az_reason_code" objectReferenceLabel="COPY" >
			<when objectReferenceLabel="EXPR" >
				<expr value="common.az_reason_code != '' &amp;&amp; (common.iss_name == 'DINERS_NACIONAL' || common.iss_name == 'DINERS_INTERNAC')" />
			</when>
			<sourceFieldPath value="common.az_reason_code" />
			<targetFieldPath value="LOCAL.az_reason_code_orig" />
		</command>                
		
    </dataManip>
    
    <dataManip label="RecuperarDadosEvento">
        <fieldSetReference reference="arg0"                     alias="target"/>
        <fieldSetReference reference="arg0.shc_msg"             alias="shc_msg"/>
        <fieldSetReference reference="arg0.segments.common"     alias="common"/>
        <fieldSetReference reference="arg0.segments.acq_common" alias="acq_common"/>
        <fieldSetReference reference="arg0.segments.credit"     alias="credit"/>
        <fieldSetReference reference="arg0.segments.merchant"   alias="merchant"/>
        <fieldSetReference reference="arg0.segments.adm"        alias="adm"/>
        <fieldSetReference reference="arg0.segments.service"    alias="service"/>
        <fieldSetReference reference="arg1"                     alias="EVENT_DATA"/>
        <fieldSetReference reference="arg2"                     alias="LOCAL"/>
   
        <conditional-block label="VerificaSeEventoDeveSerLido" >
            <if objectReferenceLabel="EXPR">
            <expr value="LOCAL.LeEvento == 'TRUE'" />
        
                <command label="restore_event" objectReferenceLabel="EVENTMANAGER" >
                    <operation value = "recover" />
                    <key value = "shc_msg.refnum" />
                    <targetFieldPath value = "EVENT_DATA" />
                </command>
                
                <command label="  ========= Dados recuperados do evento =========  " objectReferenceLabel="FIELDSET_DUMP2">
                    <sourceFieldPath value = "EVENT_DATA" />
                </command>
    
                <call label="CallGetValuesEventDefault">
                    <dataManipXml filePath="$(FEGEN_XML_DIR)" fileName="DataManipCommon.xml"/>
                    <subDataManip objectReferenceLabel="GetValuesEventDefault"/>
                    <targetFieldPath value="target" />
                    <targetFieldPath value="LOCAL" />
                    <targetFieldPath value="EVENT_DATA" />
                </call>
                
                <!-- BRUM - EAK-1660 - 03/09/2019 - MCC Dinamico - Inicio -->
                <!-- O SWReplic utiliza o segmento do sublojista para enviar o campo MCC.
                Esse segmento esta sendo desligado no response do swfmt3, por isso é necessário
                ligar esse segmento neste momento -->
                <command label="SetON_seg_sublojista" objectReferenceLabel="TURN_ON" >
                    <when objectReferenceLabel="EXPR">
                        <expr value="EVENT_DATA.merchantCategoryCodeSubLojista != ''"/>
                    </when>
                    <targetFieldPath value="target.segments.sublojista" />
                </command>
                <!-- BRUM - EAK-1660 - Fim -->
                
                <command label="getDadosDoEvento" objectReferenceLabel="XCOPY">
                    <value sourceField="EVENT_DATA.origrefnum_pauz"     type="value" targetFieldPath="common.origrefnum_pauz" />
                    <value sourceField="EVENT_DATA.origdate_pauz"       type="value" targetFieldPath="common.origdate_pauz" />
                    <value sourceField="EVENT_DATA.termid_type"         type="value" targetFieldPath="common.termid_type" />
                    <value sourceField="EVENT_DATA.termid"              type="value" targetFieldPath="LOCAL.termid" />
                    <value sourceField="EVENT_DATA.termloc"             type="value" targetFieldPath="LOCAL.termloc" />
                    <value sourceField="EVENT_DATA.is_desfz_emissor"    type="value" targetFieldPath="LOCAL.is_desfz_emissor" />
                    <value sourceField="EVENT_DATA.dt_vdd_pre_auz"      type="value" targetFieldPath="credit.dt_vdd_pre_auz" />
                    <value sourceField="EVENT_DATA.num_sre_term"        type="value" targetFieldPath="adm.num_sre_term" />
                    <value sourceField="EVENT_DATA.ind_tran_refd"       type="value" targetFieldPath="LOCAL.IND_TRAN_REFD" />
                    <value sourceField="EVENT_DATA.id_pinpad"           type="value" targetFieldPath="adm.id_pinpad" />
                    <value sourceField="EVENT_DATA.avs_end_fat"         type="value" targetFieldPath="credit.avs_end_fat" />
                    <value sourceField="EVENT_DATA.avs_cep"             type="value" targetFieldPath="credit.avs_cep" />
                    <value sourceField="EVENT_DATA.avs_cpf"             type="value" targetFieldPath="credit.avs_cpf" />
                    <value sourceField="EVENT_DATA.ecr_orig_elems"      type="value" targetFieldPath="common.ecr_orig_elems" />
                    <value sourceField="EVENT_DATA.is_fallback"         type="value" targetFieldPath="common.is_fallback" />
                    <value sourceField="EVENT_DATA.is_nfc"              type="value" targetFieldPath="common.is_nfc" />
                    <value sourceField="EVENT_DATA.appl_id"             type="value" targetFieldPath="LOCAL.appl_id" />
                    <value sourceField="EVENT_DATA.appl_label"          type="value" targetFieldPath="LOCAL.appl_label" />
                    <value sourceField="EVENT_DATA.num_cnpj"            type="value" targetFieldPath="merchant.num_cnpj" />
                    <value sourceField="EVENT_DATA.ecr_fabr_id"         type="value" targetFieldPath="common.ecr_fabr_id" />
                    <value sourceField="EVENT_DATA.orig_local_date"     type="value" targetFieldPath="LOCAL.orig_local_date" />
                    <value sourceField="EVENT_DATA.orig_local_time"     type="value" targetFieldPath="LOCAL.orig_local_time" />
                    <value sourceField="EVENT_DATA.origtrace"           type="value" targetFieldPath="LOCAL.origtrace" />
					<value sourceField="EVENT_DATA.mer_name"            type="value" targetFieldPath="merchant.mer_name" />					
                    <value sourceField="EVENT_DATA.cvm_code"            type="value" targetFieldPath="common.cvm_code" />
                    <!-- Release Bandeiras PDV - Abril 2019 - INICIO -->
                    <value sourceField="EVENT_DATA.indicadorModoEntrada"  type="value" targetFieldPath="common.indicadorModoEntrada" />
                    <!-- Release Bandeiras PDV - Abril 2019 - FIM -->
                    <value sourceField="EVENT_DATA.merchantCategoryCodeSubLojista"  type="value" targetFieldPath="target.segments.sublojista.merchantCategoryCode" />
                    <value sourceField="EVENT_DATA.vl_pca_ent"  type="value" targetFieldPath="common.vl_pca_ent" />
                    <value sourceField="EVENT_DATA.ecr_acqterm_id"      type="value" targetFieldPath="common.ecr_acqterm_id" /> <!-- Nava EAK-2258 -->
                    <value sourceField="EVENT_DATA.reversalType"        type="value" targetFieldPath="common.reversal_type" />
                    <value sourceField="EVENT_DATA.tpdu"                type="value" targetFieldPath="merchant.tpdu" />
                    <value sourceField="EVENT_DATA.in_tpo_tcn"          type="value" targetFieldPath="merchant.in_tpo_tcn" />
					<!-- EAK-7121 - Inicio - JPFC -->
                    <value sourceField="EVENT_DATA.cod_trans"          type="value" targetFieldPath="common.cod_trans" />
					<!-- EAK-7121 - Fim - JPFC -->
                    <!-- AUT1-1830 - ELO endereco EC no CV - INICIO -->
                    <value sourceField="EVENT_DATA.nom_logr_pdv"        type="value" targetFieldPath="LOCAL.nom_logr_pdv" />
                    <value sourceField="EVENT_DATA.num_logr_pdv"        type="value" targetFieldPath="LOCAL.num_logr_pdv" />
                    <value sourceField="EVENT_DATA.nom_brr_pdv"         type="value" targetFieldPath="LOCAL.nom_brr_pdv" />
                    <value sourceField="EVENT_DATA.des_cpl_endr_pdv"    type="value" targetFieldPath="LOCAL.des_cpl_endr_pdv" />
                    <value sourceField="EVENT_DATA.mer_city"            type="value" targetFieldPath="merchant.mer_city" />
                    <value sourceField="EVENT_DATA.mer_state"           type="value" targetFieldPath="merchant.mer_state" />
                    <!-- AUT1-1830 - ELO endereco EC no CV - FIM -->
                    <value sourceField="EVENT_DATA.porta_origem"        type="value" targetFieldPath="LOCAL.porta_origem" />
                    <value sourceField="EVENT_DATA.COD_TRAN_CAD"        type="value" targetFieldPath="LOCAL.COD_TRAN_CAD" />
                    <value sourceField="EVENT_DATA.respDcc"             type="value" targetFieldPath="target.segments.acquirer_common.respDcc" />
                    <value sourceField="EVENT_DATA.codigoMoedaEstrangeira"  type="value" targetFieldPath="common.codigoMoedaEstrangeira" />
                    <value sourceField="EVENT_DATA.valorMoedaEstrangeira"   type="value" targetFieldPath="common.valorMoedaEstrangeira" />
                    <value sourceField="EVENT_DATA.valorTaxaConvMoeda"      type="value" targetFieldPath="common.valorTaxaConvMoeda" />
                    <value sourceField="EVENT_DATA.percentualTaxaMarkup"    type="value" targetFieldPath="common.percentualTaxaMarkup" />
                    <value sourceField="EVENT_DATA.cod_servico"             type="value" targetFieldPath="service.cod_service" />
                </command>
                
                <command label="substr_porta" objectReferenceLabel="SUBSTR">
                    <sourceFieldPath value = "LOCAL.porta_origem" />
                    <targetFieldPath value = "acq_common.porta_origem" />
                    <startPosition value = "2" />
                    <length value = "4" />
                    <mode value = "left" />
                </command>

                <conditional-block label="Preenche_COD_TRAN_CAD" >
                    <if objectReferenceLabel="EXPR">
                    <expr value="acq_common.COD_TRAN_CAD == '0' || acq_common.COD_TRAN_CAD == '' " />
                        <command label="copy_COD_TRAN_CAD" objectReferenceLabel="XCOPY">
                                <value sourceField="LOCAL.COD_TRAN_CAD"        type="value" targetFieldPath="acq_common.COD_TRAN_CAD" />
                        </command>
                    </if>
                </conditional-block>

                <!-- AUT1-1830 - ELO endereco EC no CV - INI -->
                <command label="Trim_EVENT_DATA_mer_city" objectReferenceLabel="TRIM">
                    <sourceFieldPath value="EVENT_DATA.mer_city"/>
                    <targetFieldPath value="merchant.mer_city"/>
                    <trimmingChar value=" "/>
                    <enableLeftTrimming value="true"/>
                    <enableRightTrimming value="true"/>
                </command>
                <!-- AUT1-1830 - ELO endereco EC no CV - FIM -->

                <command label="SetDe38IssOff" objectReferenceLabel="XCOPY">
                <when objectReferenceLabel="EXPR" >
                    <expr value="common.de38IssOff == ''" />
                </when>
                    <value sourceField="EVENT_DATA.de38IssOff" type="value" targetFieldPath="common.de38IssOff" />
                </command>
                
            </if>
        </conditional-block>
    </dataManip>   
    
    <dataManip label="FluxoVenda">
        <fieldSetReference reference="arg0" alias="target"/>
        <fieldSetReference reference="arg0.shc_msg" alias="shc_msg"/>
        <fieldSetReference reference="arg0.segments.common" alias="common"/>
        <fieldSetReference reference="arg1" alias="LOCAL"/>
        
        <command label="set_status_advice_negado" objectReferenceLabel="VALUE">
            <when objectReferenceLabel="EXPR" >
                <expr value="common.msg_category in ('ADV_NEGADO')"/>
            </when>
            <targetFieldPath value="common.status"/>
            <sourceValue value="2"/>
        </command>        
		
		<!-- SCSW-3275- Blindagem CABAL | DE38 e DE39 - WRB - INICIO -->		
		<command label="DefineStatusTrnCABALOffDE38andDE39" objectReferenceLabel="VALUE">
			<when objectReferenceLabel="EXPR">
				<expr value="(((common.iss_name =='CABAL_CRT' 	 &amp;&amp; 
							   shc_msg.authnum == ''         	 &amp;&amp; 
							   common.ext_network_code == '00' )  || 
							  (common.iss_name=='CABAL_CRT'  	 &amp;&amp; 
							   shc_msg.authnum == '      '   	 &amp;&amp; 
							   common.ext_network_code == '00' )) &amp;&amp; 
							   shc_msg.msgtype         == '210')"/>
			</when>
				<sourceValue value="2"/>
				<targetFieldPath value="common.status"/>
		</command>		
		<!-- SCSW-3275- Blindagem CABAL | DE38 e DE39 - WRB - FIM -->		

		
        <call label="UPDATE_TBSW0030">
            <subDataManip objectReferenceLabel="UPDATE_TBSW0030" />
            <dataManipXml filePath="$(FEGEN_XML_DIR)" fileName="DataBaseCommon.xml"/>
            <targetFieldPath value="target" />
            <targetFieldPath value="LOCAL" />
        </call>  
    
        <call label="UPDATE_TBSW0031">
            <subDataManip objectReferenceLabel="UPDATE_TBSW0031" />
            <dataManipXml filePath="$(FEGEN_XML_DIR)" fileName="DataBaseCommon.xml"/>
            <targetFieldPath value="target" />
            <targetFieldPath value="LOCAL" />
        </call>

        <call label="UPDATE_TBSW0033">
        <when objectReferenceLabel="EXPR">
            <expr value="common.msg_name == 'CONS_AVS'" /> 
        </when>
            <subDataManip objectReferenceLabel="UPDATE_TBSW0033" />
            <dataManipXml filePath="$(FEGEN_XML_DIR)" fileName="DataBaseCommon.xml"/>
            <targetFieldPath value="target" />
            <targetFieldPath value="LOCAL" />
        </call>
        
        <call label="UPDATE_TBSW0083">
            <subDataManip objectReferenceLabel="UPDATE_TBSW0083" />
            <dataManipXml filePath="$(FEGEN_XML_DIR)" fileName="DataBaseCommon.xml"/>
            <targetFieldPath value="target" />
            <targetFieldPath value="LOCAL" />
        </call>  

        <!-- Insere na resposta pois o tokenIdenfier soh eh obtido no issuer (swfmt3_iss) -->
        <call label="INSERT_TBSW0101">
            <subDataManip objectReferenceLabel="INSERT_TBSW0101" />
            <dataManipXml filePath="$(FEGEN_XML_DIR)" fileName="DataBaseCommon.xml"/>
            <targetFieldPath value="target" />
            <targetFieldPath value="LOCAL" />
        </call>
    
        <call label="UPDATE_TBSW0152">
            <subDataManip objectReferenceLabel="UPDATE_TBSW0152" />
            <dataManipXml filePath="$(FEGEN_XML_DIR)" fileName="DataBaseCommon.xml"/>
            <targetFieldPath value="target" />
            <targetFieldPath value="LOCAL" />
        </call>  
    
        <call label="Insere_Atualiza_TBSW0139">
            <dataManipXml filePath="$(FEGEN_XML_DIR)" fileName="DataManipCommon.xml"/>
            <subDataManip objectReferenceLabel="INSERE_ATUALIZA_TBSW00139"/>
            <targetFieldPath value="target" />
        </call>
    </dataManip>
    
    <dataManip label="FluxoEstorno">
        <fieldSetReference reference="arg0" alias="target"/>
        <fieldSetReference reference="arg0.shc_msg" alias="shc_msg"/>
        <fieldSetReference reference="arg0.segments.common" alias="common"/>
        <fieldSetReference reference="arg0.segments" alias="segments"/>
        <fieldSetReference reference="arg1" alias="LOCAL"/>
        
        <call label="UPDATE_TBSW0030">
            <subDataManip objectReferenceLabel="UPDATE_TBSW0030" />
            <dataManipXml filePath="$(FEGEN_XML_DIR)" fileName="DataBaseCommon.xml"/>
            <targetFieldPath value="target" />
            <targetFieldPath value="LOCAL" />
        </call>
        
        <call label="INSERT_TBSW0101">
            <subDataManip objectReferenceLabel="INSERT_TBSW0101" />
            <dataManipXml filePath="$(FEGEN_XML_DIR)" fileName="DataBaseCommon.xml"/>
            <targetFieldPath value="target" />
            <targetFieldPath value="LOCAL" />
        </call>

        <conditional-block label="status_trn">
            <if objectReferenceLabel="EXPR">
            <expr value="common.status != '1'" />
                <command label="setDados" objectReferenceLabel="XCOPY">
                    <when objectReferenceLabel="EXPR">
                       <expr value="common.msg_name == 'EST_CONF_PREAUT' || common.msg_name == 'EST_CONF_PREAUT_GEN' || common.msg_name == 'EST_CONF_PREAUT_PARC_SJURO'" />
                    </when>
                    <value sourceField="LOCAL.orig_local_date" type="value" targetFieldPath="common.orig_local_date" />
                    <value sourceField="LOCAL.orig_local_time" type="value" targetFieldPath="common.orig_local_time" />
                    <value sourceField="LOCAL.origtrace"       type="value" targetFieldPath="shc_msg.origtrace" />
                </command>
                <call label="REVINSERTER_TBSW0033">
                    <subDataManip objectReferenceLabel="REVINSERTER_TBSW0033" />
                    <dataManipXml filePath="$(FEGEN_XML_DIR)" fileName="DataBaseCommon.xml"/>
                    <targetFieldPath value="target" />
                    <targetFieldPath value="LOCAL" />
                </call>
            </if>
            <else-if objectReferenceLabel="EXPR">
            <expr value="common.msg_name == 'EST_PREAUT' || common.msg_name == 'EST_PREAUT_PARC_SJURO'" />
                <call label="UPDATE_ORIG_TBSW0058">
                    <subDataManip objectReferenceLabel="UPDATE_ORIG_TBSW0058" />
                    <dataManipXml filePath="$(FEGEN_XML_DIR)" fileName="DataBaseCommon.xml"/>
                    <targetFieldPath value="target" />
                    <targetFieldPath value="LOCAL" />
                </call>
            </else-if>

            <else-if objectReferenceLabel="EXPR">
            <expr value="common.msg_name == 'EST_CONF_PREAUT' || 
            common.msg_name == 'EST_CONF_PREAUT_PARC_SJURO' ||
            common.msg_name == 'EST_CONF_PREAUT_GEN'" />
			
				<declare label="TBSW0058_ORIG">
					<field label="RESULT"/>
                    <field label="DAT_MOV_TRAN"/>
                    <field label="NUM_SEQ_UNC"/>
                    <field label="TIP_TRAN"/>
                    <field label="NUM_MOT_RSPS"/>
                    <field label="NUM_ESTB"/>
                    <field label="COD_TERM"/>
                    <field label="NUM_RD_ORG"/>
                    <field label="COD_POS_ENTR_MODO"/>
                    <field label="COD_EMSR"/>
                    <field label="VAL_TRAN"/>
                    <field label="COD_RAM_ATVD"/>
                    <field label="NUM_CAR"/>
                    <field label="NUM_AUT"/>
                    <field label="VAL_COT_DLR"/>
                    <field label="DAT_VLD_CAR"/>
                    <field label="COD_TRK_CAR"/>
                    <field label="COD_MOED"/>
                    <field label="COD_PAIS_CAR"/>
                    <field label="COD_SERV_SNHA"/>
                    <field label="IND_RD_ORG"/>
                    <field label="COD_MOT_AUT"/>
                    <field label="DAT_PAUZ"/>
                    <field label="COD_GRU_ESTB"/>
                    <field label="COD_MTZ_ESTB"/>
                    <field label="DTH_INI_TRAN"/>
                    <field label="DTH_STTU_TRAN"/>
                    <field label="DTH_GMT"/>
                    <field label="NUM_STAN"/>
                    <field label="VAL_EFTV_CPTR"/>
                    <field label="QTD_PRCL_CNFR"/>
                    <field label="IND_RD_CPTR"/>
                    <field label="COD_CNDC_CPTR"/>
                    <field label="DAT_CNFR_PAUZ"/>
                    <field label="VAL_TRAN_DLR"/>
                    <field label="DAT_CAN_PAUZ"/>
                    <field label="DAT_VLD_PAUZ"/>
                    <field label="NOM_PORT_CAR"/>
                    <field label="COD_MSG_ISO"/>
                    <field label="COD_PCM_ISO"/>
                    <field label="NOM_SITE_ACQR_ORGL"/>
                    <field label="NOM_HOST_ACQR_ORGL"/>
                    <field label="NOM_FE_ACQR_ORGL"/>
                    <field label="NOM_SITE_ISSR"/>
                    <field label="NOM_HOST_ISSR"/>
                    <field label="NOM_FE_ISSR"/>
                    <field label="NOM_SITE_ACQR_ATLZ"/>
                    <field label="NOM_HOST_ACQR_ATLZ"/>
                    <field label="NOM_FE_ACQR_ATLZ"/>
                    <field label="COD_MOT_ISO_EMSR"/>
                    <field label="COD_TERM_CNFR"/>
                    <field label="DAT_MOV_TRAN_CNFR"/>
                    <field label="DTH_CNFR"/>
                    <field label="IND_RD_ORG_ESTR"/>
                    <field label="IND_STTU_TRAN"/>
                    <field label="NUM_EMSR"/>
                    <field label="NUM_ESTB_CNFR"/>
                    <field label="NUM_ESTB_ESTR"/>
                    <field label="NUM_ID_CAR"/>
                    <field label="NUM_SEQ_UNC_CNFR"/>
                    <field label="NUM_STAN_ORGL"/>
                    <field label="COD_BNDR"/>
                    <field label="IND_EMSR_MTC"/>
                    <field label="NUM_AVSO_AUT"/>
                    <field label="TXT_DA_ADIC_EMSR"/>
                    <field label="NOM_FNTS_PDV"/>
                    <field label="COD_PGM_AUT"/>
                    <field label="IND_NVL_SGRA_KMRC"/>
                    <field label="COD_UCAF"/>
                    <field label="COD_AUT_EMSR_CNVT"/>
                    <field label="COD_AUT_EMSR"/>
                    <field label="NTWK_ID_ACQR_ATLZ"/>
                    <field label="NTWK_ID_ACQR_ORGL"/>
                    <field label="NTWK_ID_ROUTE_ATLZ"/>
                    <field label="NTWK_ID_ROUTE_ORGL"/>
                    <field label="NTWK_ID_ISSR_ATLZ"/>
                    <field label="NTWK_ID_ISSR_ORGL"/>
                    <field label="COD_CTAH_VOCH"/>
                    <field label="COD_TIP_PROD_CAR"/>
                    <field label="NUM_REF_TRAN"/>
                    <field label="COD_CPCD_TERM"/>
                    <field label="IND_TRAN_TKN"/>
                    <field label="COD_ORG_APRV"/>
                    <field label="COD_PROD_MTC"/> 
                    <field label="COD_RGAO_MTC"/>
                    <field label="COD_PORT_PRES_VLDC_BNDR"/>
                    <field label="COD_CPCD_TERM_VLDC_BNDR"/>
                    <field label="ID_REF_BNDR"/>
                    <field label="LAST_TB_FIELD"/>
				</declare>
				
				<declare label="RESTORE_TRX_ORIG">
					<field label="NSU_TRX_ORIG" value="" />
					<field label="DAT_TRX_ORIG" value="" />					
				</declare>
                                
				<command label="save_nsu_trx_orig" objectReferenceLabel="XCOPY">
					<value sourceField="common.origrefnum" type="value" targetFieldPath="RESTORE_TRX_ORIG.NSU_TRX_ORIG"/>
					<value sourceField="common.orig_local_date" type="value" targetFieldPath="RESTORE_TRX_ORIG.DAT_TRX_ORIG"/>					
				</command>

                <command label="replace_origrefnum" objectReferenceLabel="XCOPY">
					<value sourceField="shc_msg.refnum" type="value" targetFieldPath="common.origrefnum"/>
				</command>
				
				<call label="CallRecuperaDadosOriginalPreAuth2">
					<dataManipXml filePath="$(FEGEN_XML_DIR)" fileName="DataManipCommon.xml"/>
					<subDataManip objectReferenceLabel="RecuperaDadosOriginalPreAuth2" />
					<targetFieldPath value="target" />
					<targetFieldPath value="LOCAL" />
					<targetFieldPath value="TBSW0058_ORIG" />
				</call>
				
				<command label="DefineStatusTrxOrigEstConfPre" objectReferenceLabel="VALUE">
					<sourceValue value="4"/>
					<targetFieldPath value="common.status_trn_orig"/>
				</command>
				
				<command label="Data_mov_tran_Pre" objectReferenceLabel="XCOPY">
					<value sourceField="common.origdate_pauz"        type="value" targetFieldPath="common.orig_local_date" />
				</command>				
				
				<call label="UPDATE_ORIG_TBSW0058">
					<subDataManip objectReferenceLabel="UPDATE_ORIG_TBSW0058" />
					<dataManipXml filePath="$(FEGEN_XML_DIR)" fileName="DataBaseCommon.xml"/>
					<targetFieldPath value="target" />
					<targetFieldPath value="LOCAL" />
				</call>
				
				<command label="restore_nsu_trx_orig" objectReferenceLabel="XCOPY">
					<value sourceField="RESTORE_TRX_ORIG.NSU_TRX_ORIG" type="value" targetFieldPath="common.origrefnum"/>
					<value sourceField="RESTORE_TRX_ORIG.DAT_TRX_ORIG" type="value" targetFieldPath="common.orig_local_date"/>					
				</command>

                <call label="UPDATE_ORIG_TBSW0030">
                    <subDataManip objectReferenceLabel="UPDATE_ORIG_TBSW0030" />
                    <dataManipXml filePath="$(FEGEN_XML_DIR)" fileName="DataBaseCommon.xml"/>
                    <targetFieldPath value="target" />
                    <targetFieldPath value="LOCAL" />
                </call>
            </else-if>
            <else-if objectReferenceLabel="EXPR">
                <expr value="common.msg_name == 'EST_VEND_CRT_GEN' &amp;&amp; 
                             common.msg_category == 'ESTORNO' &amp;&amp; 
                             segments.service.cod_service  == '802'" />

                    <call label="CallAnalisaGeraCupom">
                        <dataManipXml filePath="$(COMMON_XML_DIR)" fileName="TrataCupom.xml"/>
                        <subDataManip objectReferenceLabel="AnalisaGeraCupom" />
                        <targetFieldPath value="target" />
                        <targetFieldPath value="LOCAL" />
                    </call>

                    <call label="UPDATE_ORIG_TBSW0030">
                        <subDataManip objectReferenceLabel="UPDATE_ORIG_TBSW0030" />
                        <dataManipXml filePath="$(FEGEN_XML_DIR)" fileName="DataBaseCommon.xml"/>
                        <targetFieldPath value="target" />
                        <targetFieldPath value="LOCAL" />
                    </call>
            </else-if>
            <else>
                <call label="UPDATE_ORIG_TBSW0030">
                    <subDataManip objectReferenceLabel="UPDATE_ORIG_TBSW0030" />
                    <dataManipXml filePath="$(FEGEN_XML_DIR)" fileName="DataBaseCommon.xml"/>
                    <targetFieldPath value="target" />
                    <targetFieldPath value="LOCAL" />
                </call>
            </else>
        </conditional-block>
        
    </dataManip>
    
    <dataManip label="FluxoDesfazimento">
        <fieldSetReference reference="arg0" alias="target"/>
        <fieldSetReference reference="arg0.shc_msg" alias="shc_msg"/>
        <fieldSetReference reference="arg0.segments.common" alias="common"/>
        <fieldSetReference reference="arg1" alias="LOCAL"/>
        
        <!-- Processamento da resposta oriunda do issuer. -->
        <!-- Atualiza campos da tabela relativos ao issuer que tratou o 420 -->
        <conditional-block label="Atualiza original com dados do issuer" >
            <if objectReferenceLabel="EXPR">
            <expr value=" LOCAL.is_desfz_emissor == 'TRUE' " />
                <call label="UPDATE_TBSW0030_REV_ISS">
                    <subDataManip objectReferenceLabel="UPDATE_TBSW0030_REV_ISS" />
                    <dataManipXml filePath="$(FEGEN_XML_DIR)" fileName="DataBaseCommon.xml"/>
                    <targetFieldPath value="target" />
                    <targetFieldPath value="LOCAL" />
                </call>
    
                <!-- EAK-4046 - Removendo mensagem do arquivo de drop -->
                <command label=" Dropando resposta do DESFAZIMENTO do issuer " objectReferenceLabel="DROP">
                    <disableLog value = "TRUE" />
                </command>

            </if>
        </conditional-block>
    
        <!-- Para UPI: Desfazimento de Estorno nao vem do ISSUER .. zerar settlement_date -->
        <command label="zera_settlement_date" objectReferenceLabel="VALUE">
            <when objectReferenceLabel="EXPR">
                <expr value="common.iss_name == 'UPI' &amp;&amp; 
                             ( common.msg_name == 'DESF_EST_VEND_CRT_GEN' || 
                               common.msg_name == 'DESF_EST_CAT_PREAUT_GEN' ||
                               common.msg_name == 'DESF_CONF_PREAUT_GEN' )" />
            </when>
            <sourceValue value="0"/>
            <targetFieldPath value="shc_msg.settlement_date"/>
        </command>

        <!-- A partir deste ponto o processamento e da resposta local do desfazimento -->
        <call label="UPDATE_TBSW0030">
            <subDataManip objectReferenceLabel="UPDATE_TBSW0030" />
            <dataManipXml filePath="$(FEGEN_XML_DIR)" fileName="DataBaseCommon.xml"/>
            <targetFieldPath value="target" />
            <targetFieldPath value="LOCAL" />
        </call>
        
        <conditional-block label="UPDATE_DESFAZIMENTO">
            <if objectReferenceLabel="EXPR">
            <expr value="LOCAL.trn_tem_original == 'FALSE'" />
                <call label="REVINSERTER_TBSW0033">
                    <subDataManip objectReferenceLabel="REVINSERTER_TBSW0033" />
                    <dataManipXml filePath="$(FEGEN_XML_DIR)" fileName="DataBaseCommon.xml"/>
                    <targetFieldPath value="target" />
                    <targetFieldPath value="LOCAL" />
                </call>
            </if>
            <else>                                        
                <conditional-block label="Update das transacoes originais" >
                    <if objectReferenceLabel="EXPR">
                    <expr value="common.msg_name == 'DESF_PREAUT' || common.msg_name == 'DESF_PREAUT_PARC_SJURO'" />
                        <call label="UPDATE_ORIG_TBSW0058">
                            <subDataManip objectReferenceLabel="UPDATE_ORIG_TBSW0058" />
                            <dataManipXml filePath="$(FEGEN_XML_DIR)" fileName="DataBaseCommon.xml"/>
                            <targetFieldPath value="target" />
                            <targetFieldPath value="LOCAL" />
                        </call>
                    </if>
                    <else-if objectReferenceLabel="EXPR">
                    <expr value="common.msg_name == 'DESF_EST_CONF_PREAUT' || common.msg_name == 'DESF_EST_CONF_PREAUT_SJURO' || common.msg_name == 'DESF_EST_CAT_PREAUT_GEN'" />
                        <call label="UPDATE_ORIG_TBSW0030">
                            <subDataManip objectReferenceLabel="UPDATE_ORIG_TBSW0030" />
                            <dataManipXml filePath="$(FEGEN_XML_DIR)" fileName="DataBaseCommon.xml"/>
                            <targetFieldPath value="target" />
                            <targetFieldPath value="LOCAL" />
                        </call>
                    </else-if>

                    <else-if objectReferenceLabel="EXPR">
                    <expr value="common.msg_name == 'DESF_CONF_PREAUT' ||
                     common.msg_name == 'DESF_CONF_PREAUT_SJURO' || 
                     common.msg_name == 'DESF_CONF_PREAUT_GEN'" />

                        <declare label="TBSW0058_ORIG">
                            <field label="RESULT"/>
                            <field label="DAT_MOV_TRAN"/>
                            <field label="NUM_SEQ_UNC"/>
                            <field label="TIP_TRAN"/>
                            <field label="NUM_MOT_RSPS"/>
                            <field label="NUM_ESTB"/>
                            <field label="COD_TERM"/>
                            <field label="NUM_RD_ORG"/>
                            <field label="COD_POS_ENTR_MODO"/>
                            <field label="COD_EMSR"/>
                            <field label="VAL_TRAN"/>
                            <field label="COD_RAM_ATVD"/>
                            <field label="NUM_CAR"/>
                            <field label="NUM_AUT"/>
                            <field label="VAL_COT_DLR"/>
                            <field label="DAT_VLD_CAR"/>
                            <field label="COD_TRK_CAR"/>
                            <field label="COD_MOED"/>
                            <field label="COD_PAIS_CAR"/>
                            <field label="COD_SERV_SNHA"/>
                            <field label="IND_RD_ORG"/>
                            <field label="COD_MOT_AUT"/>
                            <field label="DAT_PAUZ"/>
                            <field label="COD_GRU_ESTB"/>
                            <field label="COD_MTZ_ESTB"/>
                            <field label="DTH_INI_TRAN"/>
                            <field label="DTH_STTU_TRAN"/>
                            <field label="DTH_GMT"/>
                            <field label="NUM_STAN"/>
                            <field label="VAL_EFTV_CPTR"/>
                            <field label="QTD_PRCL_CNFR"/>
                            <field label="IND_RD_CPTR"/>
                            <field label="COD_CNDC_CPTR"/>
                            <field label="DAT_CNFR_PAUZ"/>
                            <field label="VAL_TRAN_DLR"/>
                            <field label="DAT_CAN_PAUZ"/>
                            <field label="DAT_VLD_PAUZ"/>
                            <field label="NOM_PORT_CAR"/>
                            <field label="COD_MSG_ISO"/>
                            <field label="COD_PCM_ISO"/>
                            <field label="NOM_SITE_ACQR_ORGL"/>
                            <field label="NOM_HOST_ACQR_ORGL"/>
                            <field label="NOM_FE_ACQR_ORGL"/>
                            <field label="NOM_SITE_ISSR"/>
                            <field label="NOM_HOST_ISSR"/>
                            <field label="NOM_FE_ISSR"/>
                            <field label="NOM_SITE_ACQR_ATLZ"/>
                            <field label="NOM_HOST_ACQR_ATLZ"/>
                            <field label="NOM_FE_ACQR_ATLZ"/>
                            <field label="COD_MOT_ISO_EMSR"/>
                            <field label="COD_TERM_CNFR"/>
                            <field label="DAT_MOV_TRAN_CNFR"/>
                            <field label="DTH_CNFR"/>
                            <field label="IND_RD_ORG_ESTR"/>
                            <field label="IND_STTU_TRAN"/>
                            <field label="NUM_EMSR"/>
                            <field label="NUM_ESTB_CNFR"/>
                            <field label="NUM_ESTB_ESTR"/>
                            <field label="NUM_ID_CAR"/>
                            <field label="NUM_SEQ_UNC_CNFR"/>
                            <field label="NUM_STAN_ORGL"/>
                            <field label="COD_BNDR"/>
                            <field label="IND_EMSR_MTC"/>
                            <field label="NUM_AVSO_AUT"/>
                            <field label="TXT_DA_ADIC_EMSR"/>
                            <field label="NOM_FNTS_PDV"/>
                            <field label="COD_PGM_AUT"/>
                            <field label="IND_NVL_SGRA_KMRC"/>
                            <field label="COD_UCAF"/>
                            <field label="COD_AUT_EMSR_CNVT"/>
                            <field label="COD_AUT_EMSR"/>
                            <field label="NTWK_ID_ACQR_ATLZ"/>
                            <field label="NTWK_ID_ACQR_ORGL"/>
                            <field label="NTWK_ID_ROUTE_ATLZ"/>
                            <field label="NTWK_ID_ROUTE_ORGL"/>
                            <field label="NTWK_ID_ISSR_ATLZ"/>
                            <field label="NTWK_ID_ISSR_ORGL"/>
                            <field label="COD_CTAH_VOCH"/>
                            <field label="COD_TIP_PROD_CAR"/>
                            <field label="NUM_REF_TRAN"/>
                            <field label="COD_CPCD_TERM"/>
                            <field label="IND_TRAN_TKN"/>
                            <field label="COD_ORG_APRV"/>
                            <field label="COD_PROD_MTC"/> 
                            <field label="COD_RGAO_MTC"/>
                            <field label="COD_PORT_PRES_VLDC_BNDR"/>
                            <field label="COD_CPCD_TERM_VLDC_BNDR"/>
                            <field label="ID_REF_BNDR"/>
                            <field label="LAST_TB_FIELD"/>
                        </declare>

                        <declare label="RESTORE_TRX_ORIG">
                            <field label="NSU_TRX_ORIG" value="" />
							<field label="DAT_TRX_ORIG" value="" />
                        </declare>
                                        
                        <command label="save_nsu_trx_orig" objectReferenceLabel="XCOPY">
                            <value sourceField="common.origrefnum" type="value" targetFieldPath="RESTORE_TRX_ORIG.NSU_TRX_ORIG"/>
							<value sourceField="common.orig_local_date" type="value" targetFieldPath="RESTORE_TRX_ORIG.DAT_TRX_ORIG"/>
                        </command>

                        <command label="replace_origrefnum" objectReferenceLabel="XCOPY">
                            <value sourceField="shc_msg.refnum" type="value" targetFieldPath="common.origrefnum"/>
                        </command>

                    	<call label="CallRecuperaDadosOriginalPreAuth2">
							<dataManipXml filePath="$(FEGEN_XML_DIR)" fileName="DataManipCommon.xml"/>
							<subDataManip objectReferenceLabel="RecuperaDadosOriginalPreAuth2" />
							<targetFieldPath value="target" />
							<targetFieldPath value="LOCAL" />
							<targetFieldPath value="TBSW0058_ORIG" />
						</call>
						
						<command label="DefineStatusTrxOrigDesfConfPre" objectReferenceLabel="VALUE">
							<sourceValue value="0"/>
							<targetFieldPath value="common.status_trn_orig"/>
						</command>
						
						<command label="Data_mov_tran_Pre" objectReferenceLabel="XCOPY">
							<value sourceField="common.origdate_pauz"        type="value" targetFieldPath="common.orig_local_date" />
						</command>						
						
						<call label="UPDATE_ORIG_TBSW0058">
							<subDataManip objectReferenceLabel="UPDATE_ORIG_TBSW0058" />
							<dataManipXml filePath="$(FEGEN_XML_DIR)" fileName="DataBaseCommon.xml"/>
							<targetFieldPath value="target" />
							<targetFieldPath value="LOCAL" />
						</call>

                        <command label="restore_nsu_trx_orig" objectReferenceLabel="XCOPY">
                            <value sourceField="RESTORE_TRX_ORIG.NSU_TRX_ORIG" type="value" targetFieldPath="common.origrefnum"/>
							<value sourceField="RESTORE_TRX_ORIG.DAT_TRX_ORIG" type="value" targetFieldPath="common.orig_local_date"/>							
                        </command>
						
						<command label="DefineStatusTrxOrigConfPre" objectReferenceLabel="VALUE">
							<sourceValue value="3"/>
							<targetFieldPath value="common.status_trn_orig"/>
						</command>
						
						<call label="UPDATE_ORIG_TBSW0030">
                            <subDataManip objectReferenceLabel="UPDATE_ORIG_TBSW0030" />
                            <dataManipXml filePath="$(FEGEN_XML_DIR)" fileName="DataBaseCommon.xml"/>
                            <targetFieldPath value="target" />
                            <targetFieldPath value="LOCAL" />
                        </call>
                    </else-if>

                    <else>
                        <call label="UPDATE_ORIG_TBSW0030">
                            <subDataManip objectReferenceLabel="UPDATE_ORIG_TBSW0030" />
                            <dataManipXml filePath="$(FEGEN_XML_DIR)" fileName="DataBaseCommon.xml"/>
                            <targetFieldPath value="target" />
                            <targetFieldPath value="LOCAL" />
                        </call>
                    </else>
                </conditional-block>
            </else>
        </conditional-block>
                        
        <call label="REVINSERTER_TBSW0033">
        <when objectReferenceLabel="EXPR">
            <expr value="common.is_desfaz_estorno == 'TRUE'"/>
        </when>
            <subDataManip objectReferenceLabel="REVINSERTER_TBSW0033" />
            <dataManipXml filePath="$(FEGEN_XML_DIR)" fileName="DataBaseCommon.xml"/>
            <targetFieldPath value="target" />
            <targetFieldPath value="LOCAL" />
        </call>
        
        <!-- Para desfazimento, nao eviar authnum nem da original -->
        <command label="Reset_authnum" objectReferenceLabel="VALUE" >
            <sourceValue value="" />
            <targetFieldPath value="shc_msg.authnum" />
        </command>

    </dataManip>    
    
    <dataManip label="FluxoConfirmacao">
        <fieldSetReference reference="arg0" alias="target"/>
        <fieldSetReference reference="arg0.shc_msg" alias="shc_msg"/>
        <fieldSetReference reference="arg0.segments.common" alias="common"/>
        <fieldSetReference reference="arg1" alias="LOCAL"/>

        <conditional-block label="Atualiza somente se encontrou" >
        <if objectReferenceLabel="EXPR">
        <expr value="common.reversal_type in ('1, 2')" />
            <command label="update_to_confirmed" objectReferenceLabel="XCOPY" >
                <value sourceValue="1" type="value" targetFieldPath="common.status" />
            </command>
            
            <call label="UPDATE_ORIG_TBSW0030">
                <subDataManip objectReferenceLabel="UPDATE_ORIG_TBSW0030" />
                <dataManipXml filePath="$(FEGEN_XML_DIR)" fileName="DataBaseCommon.xml"/>
                <targetFieldPath value="target" />
                <targetFieldPath value="LOCAL" />
            </call>

            <command label="  ========= Dropando Mensagem Confirmacao =========  " objectReferenceLabel="DROP" >
                <disableLog value = "TRUE" />
            </command>
        </if>
        </conditional-block>     
    </dataManip>
    
    <dataManip label="FluxoPreAutorizacao">
        <fieldSetReference reference="arg0" alias="target"/>
        <fieldSetReference reference="arg0.shc_msg" alias="shc_msg"/>
        <fieldSetReference reference="arg0.segments.common" alias="common"/>
        <fieldSetReference reference="arg1" alias="LOCAL"/>
        
        <call label="UPDATE_TBSW0058">
            <subDataManip objectReferenceLabel="UPDATE_TBSW0058" />
            <dataManipXml filePath="$(FEGEN_XML_DIR)" fileName="DataBaseCommon.xml"/>
            <targetFieldPath value="target" />
            <targetFieldPath value="LOCAL" />
        </call>

        <call label="INSERT_TBSW0102">
            <subDataManip objectReferenceLabel="INSERT_TBSW0102" />
            <dataManipXml filePath="$(FEGEN_XML_DIR)" fileName="DataBaseCommon.xml"/>
            <targetFieldPath value="target" />
            <targetFieldPath value="LOCAL" />
        </call>

        <call label="Insere_Atualiza_TBSW0139">
            <dataManipXml filePath="$(FEGEN_XML_DIR)" fileName="DataManipCommon.xml"/>
            <subDataManip objectReferenceLabel="INSERE_ATUALIZA_TBSW00139"/>
            <targetFieldPath value="target" />
        </call>
    </dataManip>
    
    <!-- Padronizacao Crediario PDV - INICIO -->
    <dataManip label="FluxoSimulacao">
        <fieldSetReference reference="arg0" alias="target"/>
        <fieldSetReference reference="arg0.shc_msg" alias="shc_msg"/>
        <fieldSetReference reference="arg0.segments.common" alias="common"/>
        <fieldSetReference reference="arg1" alias="LOCAL"/>
        
        <!-- Simulacao nao tem a terceira perna - INICIO -->
        <command label="set_status_simulacao_aprovado" objectReferenceLabel="VALUE">
            <when objectReferenceLabel="EXPR" >
                <expr value="common.msg_category in ('SIMULACAO') &amp;&amp;
                             common.status == '0'  "/>
            </when>
            <targetFieldPath value="common.status"/>
            <sourceValue value="1"/> <!-- Confirmado -->
        </command>
        <command label=" ========== Status Transacao Simulacao =========" objectReferenceLabel="FIELDSET_DUMP2">
            <sourceFieldPath value = "common.status" />
        </command>
        <!-- Simulacao nao tem a terceira perna - FIM -->
        
        <call label="UPDATE_TBSW0030">
            <subDataManip objectReferenceLabel="UPDATE_TBSW0030" />
            <dataManipXml filePath="$(FEGEN_XML_DIR)" fileName="DataBaseCommon.xml"/>
            <targetFieldPath value="target" />
            <targetFieldPath value="LOCAL" />
        </call>  
    
        <call label="UPDATE_TBSW0031">
            <subDataManip objectReferenceLabel="UPDATE_TBSW0031" />
            <dataManipXml filePath="$(FEGEN_XML_DIR)" fileName="DataBaseCommon.xml"/>
            <targetFieldPath value="target" />
            <targetFieldPath value="LOCAL" />
        </call>
        
        <call label="INSERT_TBSW0101">
            <subDataManip objectReferenceLabel="INSERT_TBSW0101" />
            <dataManipXml filePath="$(FEGEN_XML_DIR)" fileName="DataBaseCommon.xml"/>
            <targetFieldPath value="target" />
            <targetFieldPath value="LOCAL" />
        </call>

    </dataManip>
    <!-- Padronizacao Crediario PDV - FIM -->
    
    <dataManip label="FluxoConfPreAutorizacao">
        <fieldSetReference reference="arg0" alias="target"/>
        <fieldSetReference reference="arg0.shc_msg" alias="shc_msg"/>
        <fieldSetReference reference="arg0.segments.common" alias="common"/>
        <fieldSetReference reference="arg1" alias="LOCAL"/>
        
        <!-- Para UPI: Transacao que nao vem do ISSUER .. zerar settlement_date -->
        <command label="zera_settlement_date" objectReferenceLabel="VALUE">
            <when objectReferenceLabel="EXPR">
                <expr value="common.iss_name == 'UPI'" />
            </when>
            <sourceValue value="0"/>
            <targetFieldPath value="shc_msg.settlement_date"/>
        </command>
        
        <call label="UPDATE_TBSW0030">
            <subDataManip objectReferenceLabel="UPDATE_TBSW0030" />
            <dataManipXml filePath="$(FEGEN_XML_DIR)" fileName="DataBaseCommon.xml"/>
            <targetFieldPath value="target" />
            <targetFieldPath value="LOCAL" />
        </call>
        
        <call label="INSERT_TBSW0101">
            <subDataManip objectReferenceLabel="INSERT_TBSW0101" />
            <dataManipXml filePath="$(FEGEN_XML_DIR)" fileName="DataBaseCommon.xml"/>
            <targetFieldPath value="target" />
            <targetFieldPath value="LOCAL" />
        </call>

        <call label="UPDATE_ORIG_TBSW0058">
            <subDataManip objectReferenceLabel="UPDATE_ORIG_TBSW0058" />
            <dataManipXml filePath="$(FEGEN_XML_DIR)" fileName="DataBaseCommon.xml"/>
            <targetFieldPath value="target" />
            <targetFieldPath value="LOCAL" />
        </call>
    
        <call label="UPDATE_ORIG_TBSW0160">
            <subDataManip objectReferenceLabel="UPDATE_ORIG_TBSW0160" />
            <dataManipXml filePath="$(FEGEN_XML_DIR)" fileName="DataBaseCommon.xml"/>
            <targetFieldPath value="target" />
            <targetFieldPath value="LOCAL" />
        </call>

        <call label="Insere_Atualiza_TBSW0139">
            <dataManipXml filePath="$(FEGEN_XML_DIR)" fileName="DataManipCommon.xml"/>
            <subDataManip objectReferenceLabel="INSERE_ATUALIZA_TBSW00139"/>
            <targetFieldPath value="target" />
        </call>

        <call label="UPDATE_ORIG_TBSW0152">
            <subDataManip objectReferenceLabel="UPDATE_TBSW0152" />
            <dataManipXml filePath="$(FEGEN_XML_DIR)" fileName="DataBaseCommon.xml"/>
            <targetFieldPath value="target" />
            <targetFieldPath value="LOCAL" />
        </call>  

    </dataManip>
    
    <!-- EAN [AUTMPDV-273] <dataManip label="BuildReferralQuestions">
        <fieldSetReference reference="arg0" alias="target"/>
        <fieldSetReference reference="arg0.shc_msg" alias="shc_msg"/>
        <fieldSetReference reference="arg0.segments.common" alias="common"/>
        <fieldSetReference reference="arg0.segments.credit" alias="credit"/>
        <fieldSetReference reference="arg1" alias="LOCAL"/>
        
        <command label="BuildingReferralQuestions" objectReferenceLabel="REFERRALQUESTIONS" >
            <sourceFieldPath value="shc_msg.issuer_data" />
            <targetFieldPath value="shc_msg.acquirer_data" />
            <inputFile value="$(ACQSRV_CRT_XML_DIR)/issuerQuestions.xml" />
        </command>
        
        <command label="set_flag_referral" objectReferenceLabel="VALUE">
            <when objectReferenceLabel="EXPR">
                <expr value="shc_msg.acquirer_data != ''" />
            </when>
            <sourceValue value="1"/>
            <targetFieldPath value="credit.flag_referral"/>
        </command> EAN [AUTMPDV-273] -->
      
        <!-- atualiza campo para update TBSW0030 -->
        <!-- EAN [AUTMPDV-273] <conditional-block label="atualiza_IND_TRAN_REFD" >
           <if objectReferenceLabel="EXPR">
           <expr value="common.ext_network_code == '01'" />
               <command label="set_flag_referral" objectReferenceLabel="VALUE">
                   <sourceValue value="1"/>
                   <targetFieldPath value="LOCAL.IND_TRAN_REFD"/>
               </command>
           </if> EAN [AUTMPDV-273] -->
           <!-- Desbloqueio de cartao -->
           <!-- EAN [AUTMPDV-273] <else-if objectReferenceLabel="EXPR">
           <expr value="common.ext_network_code == '78'" />
               <command label="set_flag_referral" objectReferenceLabel="VALUE">
                   <sourceValue value="3"/>
                   <targetFieldPath value="LOCAL.IND_TRAN_REFD"/>
               </command>
           </else-if>
       </conditional-block>

    </dataManip> EAN [AUTMPDV-273] -->
    
    <!-- Padronizacao Crediario PDV - INICIO -->
    <dataManip label="PreProcessamentoCrediario">
        <fieldSetReference reference="arg0" alias="target"/>
        <fieldSetReference reference="arg0.shc_msg" alias="shc_msg"/>
        <fieldSetReference reference="arg0.segments.common" alias="common"/>
        <fieldSetReference reference="arg0.segments.credit" alias="credit"/>
        <fieldSetReference reference="arg1" alias="LOCAL"/>

        <conditional-block label="TratamentoSimulacaoCrediarioSemOpcoes" >
        <if objectReferenceLabel="EXPR">
        <!-- Faz a validacao se a transacao foi aprovada -->
        <expr value="common.msg_name == 'CREDIARIO_SIMUL'  &amp;&amp;
                     shc_msg.respcode == '0' &amp;&amp; common.pb_reason_code &lt; '50'" />
            <call label="CALL_TRAP109_CREDIARIO_SIMUL_SEM_OPCAO_PARCEL">
                <dataManipXml filePath="$(COMMON_XML_DIR)" fileName="BusinessRules.xml" />
                <subDataManip objectReferenceLabel="TRAP109_CREDIARIO_SIMUL_SEM_OPCAO_PARCEL" />
                <targetFieldPath value="target" />
                <targetFieldPath value="LOCAL" />
            </call>
        </if>
        </conditional-block>

    </dataManip>
    <!-- Padronizacao Crediario PDV - FIM -->
    
</dataManip-list>
