<?xml version="1.0" encoding="iso-8859-1"?>
<!DOCTYPE dataManip-list SYSTEM "../../../PDV/dtd/fwsw/DataManip.dtd">

<dataManip-list>

    <!-- @Info: Faz as chamadas das travas relacionadas a pre-processamento -->
    <dataManip label="GrupoTravasPreProcessamento">
        <fieldSetReference reference="arg0" alias="target"/>
        <fieldSetReference reference="arg1" alias="LOCAL"/>

        <call label="CALL_TRAP090_TRANSACOES_DESCONTINUADAS">
            <dataManipXml filePath="$(COMMON_XML_DIR)" fileName="BusinessRules.xml" />
            <subDataManip objectReferenceLabel="TRAP090_TRANSACOES_DESCONTINUADAS" />
            <targetFieldPath value="target" />
            <targetFieldPath value="LOCAL" />
        </call>

        <call label="TRAP089_CRIPTO_NEWDES">
            <dataManipXml filePath="$(COMMON_XML_DIR)" fileName="BusinessRules.xml" />
            <subDataManip objectReferenceLabel="TRAP089_CRIPTO_NEWDES" />
            <targetFieldPath value="target" />
            <targetFieldPath value="LOCAL" />
        </call>

        <call label="CALL_TRAP031_TRANSACAO_PSJ_1REAL">
            <dataManipXml filePath="$(COMMON_XML_DIR)" fileName="BusinessRules.xml" />
            <subDataManip objectReferenceLabel="TRAP031_TRANSACAO_PSJ_1REAL" />
            <targetFieldPath value="target" />
            <targetFieldPath value="LOCAL" />
        </call>

        <call label="CALL_TRAP029_CVM_PAYPASS_CHIP">
            <dataManipXml filePath="$(COMMON_XML_DIR)" fileName="BusinessRules.xml" />
            <subDataManip objectReferenceLabel="TRAP029_CVM_PAYPASS_CHIP" />
            <targetFieldPath value="target" />
            <targetFieldPath value="LOCAL" />
        </call>

        <call label="CALL_TRAP050_VALOR_ENTRADA">
            <dataManipXml filePath="$(COMMON_XML_DIR)" fileName="BusinessRules.xml" />
            <subDataManip objectReferenceLabel="TRAP050_VALOR_ENTRADA" />
            <targetFieldPath value="target" />
            <targetFieldPath value="LOCAL" />
        </call>

        <call label="CALL_TRAP079_VERSAO_APLICATIVO">
            <dataManipXml filePath="$(COMMON_XML_DIR)" fileName="BusinessRules.xml" />
            <subDataManip objectReferenceLabel="TRAP079_VERSAO_APLICATIVO" />
            <targetFieldPath value="target" />
            <targetFieldPath value="LOCAL" />
        </call>

        <call label="CALL_TRAP111_VALIDA_TIPO_CRIPTOGRAFIA">
            <dataManipXml filePath="$(COMMON_XML_DIR)" fileName="BusinessRules.xml" />
            <subDataManip objectReferenceLabel="TRAP111_VALIDA_TIPO_CRIPTOGRAFIA" />
            <targetFieldPath value="target" />
            <targetFieldPath value="LOCAL" />
        </call>

		<call label="CALL_TRAP295_PRE_DCC">
            <dataManipXml filePath="$(COMMON_XML_DIR)" fileName="BusinessRules.xml" />
            <subDataManip objectReferenceLabel="TRAP295_PRE_DCC" />
            <targetFieldPath value="target" />
            <targetFieldPath value="LOCAL" />
        </call>

    </dataManip>

    <!-- @Info: Faz as chamadas das travas relacionadas a Roteamento -->
    <dataManip label="GrupoTravasRoteamento">
        <fieldSetReference reference="arg0" alias="target"/>
        <fieldSetReference reference="arg1" alias="LOCAL"/>
        <fieldSetReference reference="arg2" alias="ROTA"/>

        <call label="CALL_TRAP012_ROTEAMENTO_ISSUER">
            <dataManipXml filePath="$(COMMON_XML_DIR)" fileName="BusinessRules.xml" />
            <subDataManip objectReferenceLabel="TRAP012_ROTEAMENTO_ISSUER" />
            <targetFieldPath value="target" />
            <targetFieldPath value="LOCAL" />
            <targetFieldPath value="ROTA" />
        </call>

    </dataManip>

    <!-- @Info: Faz as chamadas das travas relacionadas a pos-roteamento -->
    <dataManip label="GrupoTravasPosRoteamento">
        <fieldSetReference reference="arg0" alias="target"/>
        <fieldSetReference reference="arg1" alias="LOCAL"/>

        <call label="CALL_TRAP019_PRE_AUTORIZACAO">
            <dataManipXml filePath="$(COMMON_XML_DIR)" fileName="BusinessRules.xml" />
            <subDataManip objectReferenceLabel="TRAP019_PRE_AUTORIZACAO" />
            <targetFieldPath value="target" />
            <targetFieldPath value="LOCAL" />
        </call>

        <call label="CALL_TRAP020_TRN_CREDITO_SENHA">
            <dataManipXml filePath="$(COMMON_XML_DIR)" fileName="BusinessRules.xml" />
            <subDataManip objectReferenceLabel="TRAP020_TRN_CREDITO_SENHA" />
            <targetFieldPath value="target" />
            <targetFieldPath value="LOCAL" />
        </call>

        <call label="CALL_TRAP032_CVC2">
            <dataManipXml filePath="$(COMMON_XML_DIR)" fileName="BusinessRules.xml" />
            <subDataManip objectReferenceLabel="TRAP032_CVC2" />
            <targetFieldPath value="target" />
            <targetFieldPath value="LOCAL" />
        </call>

        <call label="CALL_TRAP077_SENHA_CREDITO_ENTRY_MODE_INVALIDO">
            <dataManipXml filePath="$(COMMON_XML_DIR)" fileName="BusinessRules.xml" />
            <subDataManip objectReferenceLabel="TRAP077_SENHA_CREDITO_ENTRY_MODE_INVALIDO" />
            <targetFieldPath value="target" />
            <targetFieldPath value="LOCAL" />
        </call>

        <call label="CALL_TRAP091_CAPTURE_MODE_CREDZ">
            <dataManipXml filePath="$(COMMON_XML_DIR)" fileName="BusinessRules.xml" />
            <subDataManip objectReferenceLabel="TRAP091_CAPTURE_MODE_CREDZ" />
            <targetFieldPath value="target" />
            <targetFieldPath value="LOCAL" />
        </call>

        <call label="CALL_TRAP078_SENHA_CREDITO_SEM_TRILHA">
            <dataManipXml filePath="$(COMMON_XML_DIR)" fileName="BusinessRules.xml" />
            <subDataManip objectReferenceLabel="TRAP078_SENHA_CREDITO_SEM_TRILHA" />
            <targetFieldPath value="target" />
            <targetFieldPath value="LOCAL" />
        </call>

        <call label="CALL_TRAP017_CUP_CRED">
            <dataManipXml filePath="$(COMMON_XML_DIR)" fileName="BusinessRules.xml" />
            <subDataManip objectReferenceLabel="TRAP017_CUP_CRED" />
            <targetFieldPath value="target" />
            <targetFieldPath value="LOCAL" />
        </call>

        <call label="CALL_TRAP035_AVS">
            <dataManipXml filePath="$(COMMON_XML_DIR)" fileName="BusinessRules.xml" />
            <subDataManip objectReferenceLabel="TRAP035_AVS" />
            <targetFieldPath value="target" />
            <targetFieldPath value="LOCAL" />
        </call>

        <call label="CALL_TRAP099_CONF_PREAUT_PSJ_RECEPTIVO">
            <dataManipXml filePath="$(COMMON_XML_DIR)" fileName="BusinessRules.xml" />
            <subDataManip objectReferenceLabel="TRAP099_CONF_PREAUT_PSJ_RECEPTIVO" />
            <targetFieldPath value="target" />
            <targetFieldPath value="LOCAL" />
        </call>

        <call label="CALL_TRAP093_FALLBACK_NAO_PERMITIDO">
            <dataManipXml filePath="$(COMMON_XML_DIR)" fileName="BusinessRules.xml" />
            <subDataManip objectReferenceLabel="TRAP093_FALLBACK_NAO_PERMITIDO" />
            <targetFieldPath value="target" />
            <targetFieldPath value="LOCAL" />
        </call>

        <call label="CALL_TRAP094_MODO_CAPTURA_NAO_PERMITIDO">
            <dataManipXml filePath="$(COMMON_XML_DIR)" fileName="BusinessRules.xml" />
            <subDataManip objectReferenceLabel="TRAP094_MODO_CAPTURA_NAO_PERMITIDO" />
            <targetFieldPath value="target" />
            <targetFieldPath value="LOCAL" />
        </call>

        <call label="CALL_TRAP294_BINDEBITO">
            <dataManipXml filePath="$(COMMON_XML_DIR)" fileName="BusinessRules.xml" />
            <subDataManip objectReferenceLabel="TRAP294_BINDEBITO" />
            <targetFieldPath value="target" />
            <targetFieldPath value="LOCAL" />
        </call>

    </dataManip>

    <!-- @Info: Faz as chamadas das travas relacionadas enriquecimento de pre-autorizacao -->
    <dataManip label="GrupoTravasEnriquecimentoPreAutorizacao">
        <fieldSetReference reference="arg0" alias="target"/>
        <fieldSetReference reference="arg1" alias="LOCAL"/>
        <fieldSetReference reference="arg2" alias="TBSW0058"/>

        <call label="CALL_TRAP039_PRE_AUTH_PEDIDO_PENDENTE">
            <dataManipXml filePath="$(COMMON_XML_DIR)" fileName="BusinessRules.xml" />
            <subDataManip objectReferenceLabel="TRAP039_PRE_AUTH_PEDIDO_PENDENTE" />
            <targetFieldPath value="target" />
            <targetFieldPath value="LOCAL" />
            <targetFieldPath value="TBSW0058" />
        </call>

    </dataManip>

    <!-- @Info: Faz as chamadas das travas relacionadas a tabela 40 -->
    <dataManip label="GrupoTravasTBSW0040">
        <fieldSetReference reference="arg0" alias="target"/>
        <fieldSetReference reference="arg1" alias="LOCAL"/>
        <fieldSetReference reference="arg2" alias="TBSW0040"/>

        <call label="CALL_TRAP059_ESTABELECIMENTO_CADASTRADO">
            <dataManipXml filePath="$(COMMON_XML_DIR)" fileName="BusinessRules.xml" />
            <subDataManip objectReferenceLabel="TRAP059_ESTABELECIMENTO_CADASTRADO" />
            <targetFieldPath value="target" />
            <targetFieldPath value="LOCAL" />
            <targetFieldPath value="TBSW0040" />
        </call>

        <call label="CALL_TRAP060_ESTABELECIMENTO_FRAUDULENTO">
            <dataManipXml filePath="$(COMMON_XML_DIR)" fileName="BusinessRules.xml" />
            <subDataManip objectReferenceLabel="TRAP060_ESTABELECIMENTO_FRAUDULENTO" />
            <targetFieldPath value="target" />
            <targetFieldPath value="LOCAL" />
            <targetFieldPath value="TBSW0040" />
        </call>

        <call label="CALL_TRAP061_ESTABELECIMENTO_CANCELADO">
            <dataManipXml filePath="$(COMMON_XML_DIR)" fileName="BusinessRules.xml" />
            <subDataManip objectReferenceLabel="TRAP061_ESTABELECIMENTO_CANCELADO" />
            <targetFieldPath value="target" />
            <targetFieldPath value="LOCAL" />
            <targetFieldPath value="TBSW0040" />
        </call>

        <call label="CALL_TRAP045_MKT_DIRETO">
            <dataManipXml filePath="$(COMMON_XML_DIR)" fileName="BusinessRules.xml" />
            <subDataManip objectReferenceLabel="TRAP045_MKT_DIRETO" />
            <targetFieldPath value="target" />
            <targetFieldPath value="LOCAL" />
        </call>

        <call label="CALL_TRAP046_RAMO_ATIVIDADE">
            <dataManipXml filePath="$(COMMON_XML_DIR)" fileName="BusinessRules.xml" />
            <subDataManip objectReferenceLabel="TRAP046_RAMO_ATIVIDADE" />
            <targetFieldPath value="target" />
            <targetFieldPath value="LOCAL" />
        </call>

        <call label="CALL_TRAP018_TRAVA_PRE_AUTH_IATA">
            <dataManipXml filePath="$(COMMON_XML_DIR)" fileName="BusinessRules.xml" />
            <subDataManip objectReferenceLabel="TRAP018_TRAVA_PRE_AUTH_IATA" />
            <targetFieldPath value="target" />
            <targetFieldPath value="LOCAL" />
        </call>

        <call label="CALL_TRAP024_RAMO_ATIVIDADE_60806">
            <dataManipXml filePath="$(COMMON_XML_DIR)" fileName="BusinessRules.xml" />
            <subDataManip objectReferenceLabel="TRAP024_RAMO_ATIVIDADE_60806" />
            <targetFieldPath value="target" />
            <targetFieldPath value="LOCAL" />
        </call>

        <call label="CALL_TRAP036_VENDA_DIG_RAM_INT">
            <dataManipXml filePath="$(COMMON_XML_DIR)" fileName="BusinessRules.xml" />
            <subDataManip objectReferenceLabel="TRAP036_VENDA_DIG_RAM_INT" />
            <targetFieldPath value="target" />
            <targetFieldPath value="LOCAL" />
        </call>

        <call label="CALL_TRAP037_LIMITE_PARCELAS_PSJ">
            <dataManipXml filePath="$(COMMON_XML_DIR)" fileName="BusinessRules.xml" />
            <subDataManip objectReferenceLabel="TRAP037_LIMITE_PARCELAS_PSJ" />
            <targetFieldPath value="target" />
            <targetFieldPath value="LOCAL" />
        </call>

        <call label="CALL_TRAP044_IATA">
            <dataManipXml filePath="$(COMMON_XML_DIR)" fileName="BusinessRules.xml" />
            <subDataManip objectReferenceLabel="TRAP044_IATA" />
            <targetFieldPath value="target" />
            <targetFieldPath value="LOCAL" />
        </call>

        <call label="CALL_TRAP048_CEF">
            <dataManipXml filePath="$(COMMON_XML_DIR)" fileName="BusinessRules.xml" />
            <subDataManip objectReferenceLabel="TRAP048_CEF" />
            <targetFieldPath value="target" />
            <targetFieldPath value="LOCAL" />
        </call>

		<!-- EAK 1327 - 7.1 nao est� mais usando essa trava
        <call label="CALL_TRAP049_TAXA_EMBARQUE">
            <dataManipXml filePath="$(COMMON_XML_DIR)" fileName="BusinessRules.xml" />
            <subDataManip objectReferenceLabel="TRAP049_TAXA_EMBARQUE" />
            <targetFieldPath value="target" />
            <targetFieldPath value="LOCAL" />
        </call>
		-->
			
        <call label="CALL_TRAP095_VALIDACAO_CNPJ">
            <dataManipXml filePath="$(COMMON_XML_DIR)" fileName="BusinessRules.xml" />
            <subDataManip objectReferenceLabel="TRAP095_VALIDACAO_CNPJ" />
            <targetFieldPath value="target" />
            <targetFieldPath value="LOCAL" />
            <targetFieldPath value="TBSW0040" />
        </call>

    </dataManip>

    <!-- @Info: Faz as chamadas das travas relacionadas a tabela 41 -->
    <dataManip label="GrupoTravasTBSW0041">
        <fieldSetReference reference="arg0" alias="target"/>
        <fieldSetReference reference="arg1" alias="LOCAL"/>
        <fieldSetReference reference="arg2" alias="TBSW0041"/>

        <call label="CALL_TRAP062_BANDEIRA_TRANSACAO_NAO_CADASTRADO">
            <dataManipXml filePath="$(COMMON_XML_DIR)" fileName="BusinessRules.xml" />
            <subDataManip objectReferenceLabel="TRAP062_BANDEIRA_TRANSACAO_NAO_CADASTRADO" />
            <targetFieldPath value="target" />
            <targetFieldPath value="LOCAL" />
            <targetFieldPath value="TBSW0041" />
        </call>

        <call label="CALL_TRAP033_TRANSACAO_INTL_DE_EMISSOR_NACIONAL">
            <dataManipXml filePath="$(COMMON_XML_DIR)" fileName="BusinessRules.xml" />
            <subDataManip objectReferenceLabel="TRAP033_TRANSACAO_INTL_DE_EMISSOR_NACIONAL" />
            <targetFieldPath value="target" />
            <targetFieldPath value="LOCAL" />
        </call>

        <call label="CALL_TRAP053_TRANS_DIG_VAN">
            <dataManipXml filePath="$(COMMON_XML_DIR)" fileName="BusinessRules.xml" />
            <subDataManip objectReferenceLabel="TRAP053_TRANS_DIG_VAN" />
            <targetFieldPath value="target" />
            <targetFieldPath value="LOCAL" />
            <targetFieldPath value="TBSW0041" />
        </call>

        <call label="CALL_TRAP063_QTDE_PARCELAS">
            <dataManipXml filePath="$(COMMON_XML_DIR)" fileName="BusinessRules.xml" />
            <subDataManip objectReferenceLabel="TRAP063_QTDE_PARCELAS" />
            <targetFieldPath value="target" />
            <targetFieldPath value="LOCAL" />
            <targetFieldPath value="TBSW0041" />
        </call>

		<!-- EAK 1334 - Trava desativada 
        <call label="CALL_TRAP066_TAXA_TARIFA">
            <dataManipXml filePath="$(COMMON_XML_DIR)" fileName="BusinessRules.xml" />
            <subDataManip objectReferenceLabel="TRAP066_TAXA_TARIFA" />
            <targetFieldPath value="target" />
            <targetFieldPath value="LOCAL" />
            <targetFieldPath value="TBSW0041" />
        </call>
		-->
		
		<!--EAK-2476 - Trava desativada
        <call label="CALL_TRAP067_TAXA_TARIFA_ZERADA">
            <dataManipXml filePath="$(COMMON_XML_DIR)" fileName="BusinessRules.xml" />
            <subDataManip objectReferenceLabel="TRAP067_TAXA_TARIFA_ZERADA" />
            <targetFieldPath value="target" />
            <targetFieldPath value="LOCAL" />
            <targetFieldPath value="TBSW0041" />
        </call> -->

		<!-- EAK 1334 - Trava desativada 
        <call label="CALL_TRAP065_BANCO_AGENCIA_CONTA">
            <dataManipXml filePath="$(COMMON_XML_DIR)" fileName="BusinessRules.xml" />
            <subDataManip objectReferenceLabel="TRAP065_BANCO_AGENCIA_CONTA" />
            <targetFieldPath value="target" />
            <targetFieldPath value="LOCAL" />
            <targetFieldPath value="TBSW0041" />
        </call>
		-->
		
        <call label="CALL_TRAP098_ESTAB_VAN">
            <dataManipXml filePath="$(COMMON_XML_DIR)" fileName="BusinessRules.xml" />
            <subDataManip objectReferenceLabel="TRAP098_ESTAB_VAN" />
            <targetFieldPath value="target" />
            <targetFieldPath value="LOCAL" />
        </call>

        <!-- AUT2-2816 - REDECOMPRAS HUB DE BANDEIRAS - INICIO -->
        <call label="CALL_TRAP290_SERVICO_NAO_PERMITIDO_VAN">
            <dataManipXml filePath="$(COMMON_XML_DIR)" fileName="BusinessRules.xml" />
            <subDataManip objectReferenceLabel="TRAP290_SERVICO_NAO_PERMITIDO_VAN" />
            <targetFieldPath value="target" />
            <targetFieldPath value="LOCAL" />
        </call>

        <call label="CALL_TRAP291_PGTO_FATURA_NAO_PERMITIDO_VAN">
            <dataManipXml filePath="$(COMMON_XML_DIR)" fileName="BusinessRules.xml" />
            <subDataManip objectReferenceLabel="TRAP291_PGTO_FATURA_NAO_PERMITIDO_VAN" />
            <targetFieldPath value="target" />
            <targetFieldPath value="LOCAL" />
        </call>
        <!-- AUT2-2816 - REDECOMPRAS HUB DE BANDEIRAS - FIM -->

    </dataManip>

    <!-- @Info: Faz as chamadas das travas relacionadas a tabela 42 -->
    <dataManip label="GrupoTravasTBSW0042">
        <fieldSetReference reference="arg0" alias="target"/>
        <fieldSetReference reference="arg1" alias="LOCAL"/>
        <fieldSetReference reference="arg2" alias="TBSW0042"/>

        <call label="CALL_TRAP051_TERMINAL_NAO_CADASTRADO">
            <dataManipXml filePath="$(COMMON_XML_DIR)" fileName="BusinessRules.xml" />
            <subDataManip objectReferenceLabel="TRAP051_TERMINAL_NAO_CADASTRADO" />
            <targetFieldPath value="target" />
            <targetFieldPath value="LOCAL" />
            <targetFieldPath value="TBSW0042" />
        </call>

        <call label="CALL_TRAP056_TERMINAL_BLOQUEADO">
            <dataManipXml filePath="$(COMMON_XML_DIR)" fileName="BusinessRules.xml" />
            <subDataManip objectReferenceLabel="TRAP056_TERMINAL_BLOQUEADO" />
            <targetFieldPath value="target" />
            <targetFieldPath value="LOCAL" />
            <targetFieldPath value="TBSW0042" />
        </call>

        <call label="CALL_TRAP057_TERMINAL_NAO_PRODUTIVO">
            <dataManipXml filePath="$(COMMON_XML_DIR)" fileName="BusinessRules.xml" />
            <subDataManip objectReferenceLabel="TRAP057_TERMINAL_NAO_PRODUTIVO" />
            <targetFieldPath value="target" />
            <targetFieldPath value="LOCAL" />
            <targetFieldPath value="TBSW0042" />
        </call>

    </dataManip>

    <!-- @Info: Faz as chamadas das travas relacionadas a tabela 43 -->
    <dataManip label="GrupoTravasTBSW0043">
        <fieldSetReference reference="arg0" alias="target"/>
        <fieldSetReference reference="arg1" alias="LOCAL"/>
        <fieldSetReference reference="arg2" alias="TBSW0043"/>

        <call label="CALL_TRAP058_FUNCAO_AUTORIZADA">
            <dataManipXml filePath="$(COMMON_XML_DIR)" fileName="BusinessRules.xml" />
            <subDataManip objectReferenceLabel="TRAP058_FUNCAO_AUTORIZADA" />
            <targetFieldPath value="target" />
            <targetFieldPath value="LOCAL" />
            <targetFieldPath value="TBSW0043" />
        </call>

    </dataManip>
    
    <!-- @Info: Faz as chamadas das travas relacionadas a tabela 43 -->
    <dataManip label="GrupoTravasTBSW0043_ESTORNO">
        <fieldSetReference reference="arg0" alias="target"/>
        <fieldSetReference reference="arg1" alias="LOCAL"/>
        <fieldSetReference reference="arg2" alias="TBSW0043"/>

        <call label="CALL_TRAP058_FUNCAO_AUTORIZADA_ESTORNO">
            <dataManipXml filePath="$(COMMON_XML_DIR)" fileName="BusinessRules.xml" />
            <subDataManip objectReferenceLabel="TRAP058_FUNCAO_AUTORIZADA_ESTORNO" />
            <targetFieldPath value="target" />
            <targetFieldPath value="LOCAL" />
            <targetFieldPath value="TBSW0043" />
        </call>
    </dataManip>    

    <!-- @Info: Faz as chamadas das travas relacionadas a tabela 71 -->
    <dataManip label="GrupoTravasTBSW0071">
        <fieldSetReference reference="arg0" alias="target"/>
        <fieldSetReference reference="arg1" alias="LOCAL"/>
        <fieldSetReference reference="arg2" alias="TBSW0071"/>

        <call label="CALL_TRAP013_SERVICO">
            <dataManipXml filePath="$(COMMON_XML_DIR)" fileName="BusinessRules.xml" />
            <subDataManip objectReferenceLabel="TRAP013_SERVICO" />
            <targetFieldPath value="target" />
            <targetFieldPath value="LOCAL" />
            <targetFieldPath value="TBSW0071" />
        </call>

    </dataManip>

    <!-- @Info: Faz as chamadas das travas relacionadas as tabelas de cadastro -->
    <dataManip label="GrupoTravasTabelasCadastro">
        <fieldSetReference reference="arg0" alias="target"/>
        <fieldSetReference reference="arg1" alias="LOCAL"/>
        <fieldSetReference reference="arg2" alias="TBSW0040"/>
        <fieldSetReference reference="arg3" alias="TBSW0041"/>
        <fieldSetReference reference="arg4" alias="TBSW0042"/>
        <fieldSetReference reference="arg5" alias="TBSW0043"/>

        <call label="CALL_TRAP054_TRANS_DIG1">
            <dataManipXml filePath="$(COMMON_XML_DIR)" fileName="BusinessRules.xml" />
            <subDataManip objectReferenceLabel="TRAP054_TRANS_DIG1" />
            <targetFieldPath value="target" />
            <targetFieldPath value="LOCAL" />
            <targetFieldPath value="TBSW0041" />
            <targetFieldPath value="TBSW0042" />
            <targetFieldPath value="TBSW0043" />
        </call>

        <call label="CALL_TRAP055_TRANS_DIG2">
            <dataManipXml filePath="$(COMMON_XML_DIR)" fileName="BusinessRules.xml" />
            <subDataManip objectReferenceLabel="TRAP055_TRANS_DIG2" />
            <targetFieldPath value="target" />
            <targetFieldPath value="LOCAL" />
            <targetFieldPath value="TBSW0041" />
            <targetFieldPath value="TBSW0042" />
            <targetFieldPath value="TBSW0043" />
        </call>
		
        <call label="CALL_TRAP087_TERMINAL_CAPTURA_CHIP">
            <dataManipXml filePath="$(COMMON_XML_DIR)" fileName="BusinessRules.xml" />
            <subDataManip objectReferenceLabel="TRAP087_TERMINAL_CAPTURA_CHIP" />
            <targetFieldPath value="target" />
            <targetFieldPath value="LOCAL" />
            <targetFieldPath value="TBSW0042" />
        </call>

    </dataManip>

    <!-- @Info: Faz as chamadas das travas relacionadas a enriquecimento diners -->
    <dataManip label="GrupoTravasEnriquecimentoDiners">
        <fieldSetReference reference="arg0" alias="target"/>
        <fieldSetReference reference="arg1" alias="LOCAL"/>
        <fieldSetReference reference="arg2" alias="TBSW0087"/>

        <call label="CALL_TRAP001_BIN_DINERS_INTERNATIONAL">
            <dataManipXml filePath="$(COMMON_XML_DIR)" fileName="BusinessRules.xml" />
            <subDataManip objectReferenceLabel="TRAP001_BIN_DINERS_INTERNATIONAL" />
            <targetFieldPath value="target" />
            <targetFieldPath value="LOCAL" />
            <targetFieldPath value="TBSW0087" />
        </call>

        <call label="CALL_TRAP002_BIN_DINERS_INVALIDO">
            <dataManipXml filePath="$(COMMON_XML_DIR)" fileName="BusinessRules.xml" />
            <subDataManip objectReferenceLabel="TRAP002_BIN_DINERS_INVALIDO" />
            <targetFieldPath value="target" />
            <targetFieldPath value="LOCAL" />
        </call>

        <call label="CALL_TRAP003_BIN_DINERS_INTL_INVALIDO">
            <dataManipXml filePath="$(COMMON_XML_DIR)" fileName="BusinessRules.xml" />
            <subDataManip objectReferenceLabel="TRAP003_BIN_DINERS_INTL_INVALIDO" />
            <targetFieldPath value="target" />
            <targetFieldPath value="LOCAL" />
        </call>

        <call label="CALL_TRAP004_BIN_DINERS_NAO_CADASTRADO">
            <dataManipXml filePath="$(COMMON_XML_DIR)" fileName="BusinessRules.xml" />
            <subDataManip objectReferenceLabel="TRAP004_BIN_DINERS_NAO_CADASTRADO" />
            <targetFieldPath value="target" />
            <targetFieldPath value="LOCAL" />
            <targetFieldPath value="TBSW0087" />
        </call>

        <call label="CALL_TRAP005_BIN_DINERS_CLUB_NAO_CADASTRADO">
            <dataManipXml filePath="$(COMMON_XML_DIR)" fileName="BusinessRules.xml" />
            <subDataManip objectReferenceLabel="TRAP005_BIN_DINERS_CLUB_NAO_CADASTRADO" />
            <targetFieldPath value="target" />
            <targetFieldPath value="LOCAL" />
            <targetFieldPath value="TBSW0087" />
        </call>

    </dataManip>

    <!-- @Info: Faz as chamadas das travas relacionadas a estorno -->
    <dataManip label="GrupoTravasEstorno">
        <fieldSetReference reference="arg0" alias="target"/>
        <fieldSetReference reference="arg1" alias="LOCAL"/>
        <fieldSetReference reference="arg2" alias="TBSW0030_ORIG"/>

        <call label="CALL_TRAP038_TXN_ORIGINAL_NAO_ENCONTRADA">
            <dataManipXml filePath="$(COMMON_XML_DIR)" fileName="BusinessRules.xml" />
            <subDataManip objectReferenceLabel="TRAP038_TXN_ORIGINAL_NAO_ENCONTRADA" />
            <targetFieldPath value="target" />
            <targetFieldPath value="LOCAL" />
            <targetFieldPath value="TBSW0030_ORIG" />
        </call>

        <call label="CALL_TRAP043_TXN_ORIGINAL_CANCELADA">
            <dataManipXml filePath="$(COMMON_XML_DIR)" fileName="BusinessRules.xml" />
            <subDataManip objectReferenceLabel="TRAP043_TXN_ORIGINAL_CANCELADA" />
            <targetFieldPath value="target" />
            <targetFieldPath value="LOCAL" />
            <targetFieldPath value="TBSW0030_ORIG" />
        </call>

        <call label="CALL_TRAP042_ESTORNO_FORA_DA_DATA">
            <dataManipXml filePath="$(COMMON_XML_DIR)" fileName="BusinessRules.xml" />
            <subDataManip objectReferenceLabel="TRAP042_ESTORNO_FORA_DA_DATA" />
            <targetFieldPath value="target" />
            <targetFieldPath value="LOCAL" />
            <targetFieldPath value="TBSW0030_ORIG" />
        </call>

    </dataManip>

    <!-- @Info: Faz as chamadas das travas relacionadas a estorno de pre-autorizacao -->
    <dataManip label="GrupoTravasEstornoPreAutorizacao">
        <fieldSetReference reference="arg0" alias="target"/>
        <fieldSetReference reference="arg1" alias="LOCAL"/>
        <fieldSetReference reference="arg2" alias="TBSW0058_ORIG"/>

        <call label="CALL_TRAP041_TXN_ORIGINAL_CANCELADA">
            <dataManipXml filePath="$(COMMON_XML_DIR)" fileName="BusinessRules.xml" />
            <subDataManip objectReferenceLabel="TRAP041_TXN_ORIGINAL_CANCELADA" />
            <targetFieldPath value="target" />
            <targetFieldPath value="LOCAL" />
            <targetFieldPath value="TBSW0058_ORIG" />
        </call>

        <call label="CALL_TRAP040_PRE_AUTH_NAO_ENCONTRADA">
            <dataManipXml filePath="$(COMMON_XML_DIR)" fileName="BusinessRules.xml" />
            <subDataManip objectReferenceLabel="TRAP040_PRE_AUTH_NAO_ENCONTRADA" />
            <targetFieldPath value="target" />
            <targetFieldPath value="LOCAL" />
            <targetFieldPath value="TBSW0058_ORIG" />
        </call>

        <call label="CALL_TRAP103_VALOR_DIVERGENTE_PRE_AUTH">
            <dataManipXml filePath="$(COMMON_XML_DIR)" fileName="BusinessRules.xml" />
            <subDataManip objectReferenceLabel="TRAP103_VALOR_DIVERGENTE_PRE_AUTH" />
            <targetFieldPath value="target" />
            <targetFieldPath value="LOCAL" />
            <targetFieldPath value="TBSW0058_ORIG" />
        </call>
    </dataManip>

    <!-- @Info: Faz as chamadas das travas relacionadas a confirmacao de pre-autorizacao -->
    <dataManip label="GrupoTravasConfPreAutorizacao">
        <fieldSetReference reference="arg0" alias="target"/>
        <fieldSetReference reference="arg1" alias="LOCAL"/>
        <fieldSetReference reference="arg2" alias="TBSW0058_ORIG"/>

        <call label="CALL_TRAP040_PRE_AUTH_NAO_ENCONTRADA">
            <dataManipXml filePath="$(COMMON_XML_DIR)" fileName="BusinessRules.xml" />
            <subDataManip objectReferenceLabel="TRAP040_PRE_AUTH_NAO_ENCONTRADA" />
            <targetFieldPath value="target" />
            <targetFieldPath value="LOCAL" />
            <targetFieldPath value="TBSW0058_ORIG" />
        </call>

        <call label="CALL_TRAP086_PREAUT_PARCELADO_CARTAO_PREPAGO">
            <dataManipXml filePath="$(COMMON_XML_DIR)" fileName="BusinessRules.xml" />
            <subDataManip objectReferenceLabel="TRAP086_PREAUT_PARCELADO_CARTAO_PREPAGO" />
            <targetFieldPath value="target" />
            <targetFieldPath value="LOCAL" />
            <targetFieldPath value="TBSW0058_ORIG" />
        </call>

        <call label="CALL_TRAP104_PRE_AUTH_DATA_VALID_INVAL">
            <dataManipXml filePath="$(COMMON_XML_DIR)" fileName="BusinessRules.xml" />
            <subDataManip objectReferenceLabel="TRAP104_PRE_AUTH_DATA_VALID_INVAL" />
            <targetFieldPath value="target" />
            <targetFieldPath value="LOCAL" />
            <targetFieldPath value="TBSW0058_ORIG" />
        </call>

    </dataManip>

    <!-- @Info: Faz as chamadas das travas relacionadas ao desfazimento -->
    <dataManip label="GrupoTravasDesfazimento">
        <fieldSetReference reference="arg0" alias="target"/>
        <fieldSetReference reference="arg1" alias="LOCAL"/>
        <fieldSetReference reference="arg2" alias="TBSW0030_ORIG"/>

        <call label="CALL_TRAP092_DESFAZ_TRN_CONFIRMADA">
            <dataManipXml filePath="$(COMMON_XML_DIR)" fileName="BusinessRules.xml" />
            <subDataManip objectReferenceLabel="TRAP092_DESFAZ_TRN_CONFIRMADA" />
            <targetFieldPath value="target" />
            <targetFieldPath value="LOCAL" />
            <targetFieldPath value="TBSW0030_ORIG" />
        </call>

    </dataManip>

    <!-- @Info: Faz as chamadas das travas relacionadas a tabela 161 -->
    <dataManip label="GrupoTravasTBSW0161">
        <fieldSetReference reference="arg0" alias="target"/>
        <fieldSetReference reference="arg1" alias="TBSW0161"/>

        <call label="CALL_TRAP100_DADO_TBSW161_NAO_ENCONTRADO">
            <dataManipXml filePath="$(COMMON_XML_DIR)" fileName="BusinessRules.xml" />
            <subDataManip objectReferenceLabel="TRAP100_DADO_TBSW161_NAO_ENCONTRADO" />
            <targetFieldPath value="target" />
            <targetFieldPath value="TBSW0161" />
        </call>

    </dataManip>

    <!-- @Info: Faz as chamadas das travas relacionadas ao desfazimento de pre-autorizacao -->
    <dataManip label="GrupoTravasDesfazimentoPreauth">
        <fieldSetReference reference="arg0" alias="target"/>
        <fieldSetReference reference="arg1" alias="LOCAL"/>
        <fieldSetReference reference="arg2" alias="TBSW0058_ORIG"/>

        <call label="CALL_TRAP105_DESFAZ_PREAUTH_SEM_ORIGINAL">
            <dataManipXml filePath="$(COMMON_XML_DIR)" fileName="BusinessRules.xml" />
            <subDataManip objectReferenceLabel="TRAP105_DESFAZ_PREAUTH_SEM_ORIGINAL" />
            <targetFieldPath value="target" />
            <targetFieldPath value="LOCAL" />
            <targetFieldPath value="TBSW0058_ORIG" />
        </call>
        
    </dataManip>
    
    <!-- Padronizacao Crediario PDV - INICIO -->
    <dataManip label="GrupoTravasCrediario">
        <fieldSetReference reference="arg0" alias="target"/>
        <fieldSetReference reference="arg1" alias="LOCAL"/>

        <call label="CALL_TRAP106_CREDIARIO_TEF_VERSAO">
            <dataManipXml filePath="$(COMMON_XML_DIR)" fileName="BusinessRules.xml" />
            <subDataManip objectReferenceLabel="TRAP106_CREDIARIO_TEF_VERSAO" />
            <targetFieldPath value="target" />
            <targetFieldPath value="LOCAL" />
        </call>

        <call label="CALL_TRAP107_CREDIARIO_VALIDAR_BANDEIRAS">
            <dataManipXml filePath="$(COMMON_XML_DIR)" fileName="BusinessRules.xml" />
            <subDataManip objectReferenceLabel="TRAP107_CREDIARIO_VALIDAR_BANDEIRAS" />
            <targetFieldPath value="target" />
            <targetFieldPath value="LOCAL" />
        </call>

        <call label="CALL_TRAP108_CREDIARIO_MODO_ENTRADA">
            <dataManipXml filePath="$(COMMON_XML_DIR)" fileName="BusinessRules.xml" />
            <subDataManip objectReferenceLabel="TRAP108_CREDIARIO_MODO_ENTRADA" />
            <targetFieldPath value="target" />
            <targetFieldPath value="LOCAL" />
        </call>

    </dataManip>
    <!-- Padronizacao Crediario PDV - FIM -->

    <!-- Anti-Fraude - Bloqueio de BINs - INICIO -->
    <dataManip label="VerificaBinBloqueado">
        <fieldSetReference reference="arg0" alias="acq"/>
        <fieldSetReference reference="arg0.shc_msg" alias="shc_msg"/>
        <fieldSetReference reference="arg1" alias="LOCAL"/>

        <declare label="TBSW0268">
            <field label="RESULT"/>
            <field label="COD_BIN_INFR"/>
            <field label="COD_BIN_SUPR"/>
            <field label="COD_POS_ENTR_MODO"/>
            <field label="COD_PROD_BLQO"/>
            <field label="COD_STTU_REG"/>
            <field label="DAT_INCL_REG"/>
        </declare>

        <declare label="TBSW0268_PARAM">
            <field label="NUMERO_CARTAO"/>
            <field label="ENTRY_MODE"/>
            <field label="COD_PROD"/>
        </declare>

        <command label="set_tbsw0268_numero_cartao" objectReferenceLabel="COPY" >
            <sourceFieldPath value = "shc_msg.pan" />
            <targetFieldPath value = "TBSW0268_PARAM.NUMERO_CARTAO" />
        </command>
        <command label="set_tbsw0268_entry_mode" objectReferenceLabel="COPY" >
            <sourceFieldPath value = "shc_msg.pos_entry_code" />
            <targetFieldPath value = "TBSW0268_PARAM.ENTRY_MODE" />
        </command>
        <command label="trim_spaces_tbsw0268_numero_cartao" objectReferenceLabel="TRIM" >
            <sourceFieldPath value = "TBSW0268_PARAM.NUMERO_CARTAO" />
            <targetFieldPath value = "TBSW0268_PARAM.NUMERO_CARTAO" />
            <trimmingChar value=" " />
            <enableLeftTrimming value="true" />
            <enableRightTrimming value="true" />
        </command>
        <command label="trim_zeros_tbsw0268_numero_cartao" objectReferenceLabel="TRIM" >
            <sourceFieldPath value = "TBSW0268_PARAM.NUMERO_CARTAO" />
            <targetFieldPath value = "TBSW0268_PARAM.NUMERO_CARTAO" />
            <trimmingChar value="0" />
            <enableLeftTrimming value="true" />
            <enableRightTrimming value="false" />
        </command>
        <command label="pad_zeros_tbsw0268_numero_cartao" objectReferenceLabel="PAD" >
            <sourceFieldPath value = "TBSW0268_PARAM.NUMERO_CARTAO" />
            <targetFieldPath value = "TBSW0268_PARAM.NUMERO_CARTAO" />
            <paddingChar value="0" />
            <mode value="left" />
            <length value="19" />
        </command>
        <command label="pad_zeros_tbsw0268_entry_mode" objectReferenceLabel="PAD" >
            <sourceFieldPath value = "TBSW0268_PARAM.ENTRY_MODE" />
            <targetFieldPath value = "TBSW0268_PARAM.ENTRY_MODE" />
            <paddingChar value="0" />
            <mode value="left" />
            <length value="03" />
        </command>
        <command label="set_cod_prod" objectReferenceLabel="VALUE" >
            <sourceValue value="C" />
            <targetFieldPath value="TBSW0268_PARAM.COD_PROD" />
        </command>

        <command label="load_tbsw0268_record" objectReferenceLabel="TBSW0268LOADER" >
          <sourceFieldPath value="TBSW0268_PARAM"/>
          <targetFieldPath value="TBSW0268"/>
        </command>
        <command label=" ============ Dump TBSW0268 ============" objectReferenceLabel="FIELDSET_DUMP">
          <sourceFieldPath value = "TBSW0268" />
        </command>

        <conditional-block label="verificaBloqueioBin">
            <if objectReferenceLabel="EXPR">
                <expr value="TBSW0268.RESULT != 'NO ROWS' " />
                <command label="set_trap_id" objectReferenceLabel="VALUE" >
                    <targetFieldPath value="LOCAL.trap_id" />
                    <sourceValue value="TRAVA285" />
                </command>
                <command label="TRAP285_BIN_BLOQUEADO" objectReferenceLabel="TRAP" />
            </if>
        </conditional-block>
    </dataManip>
    <!-- Anti-Fraude - Bloqueio de BINs - FIM -->

</dataManip-list>
