<?xml version="1.0" encoding="iso-8859-1"?>
<!DOCTYPE dataElement-list SYSTEM "../../dtd/acqsrv_crt/issuerQuestions.dtd">
<dataElement-list>	
    <dataElement cdPgtEms="1"  dePgtEms="Dia Nascimento  " tmRpoPgtEms="2" />
    <dataElement cdPgtEms="2"  dePgtEms="Mes Nascimento  " tmRpoPgtEms="2" />
    <dataElement cdPgtEms="3"  dePgtEms="Ano Nascimento  " tmRpoPgtEms="2" />
    <dataElement cdPgtEms="4"  dePgtEms="No do CPF       " tmRpoPgtEms="11" />
    <dataElement cdPgtEms="5"  dePgtEms="Numero do RG    " tmRpoPgtEms="9" />
    <dataElement cdPgtEms="6"  dePgtEms="Idade           " tmRpoPgtEms="2" />
    <dataElement cdPgtEms="7"  dePgtEms="CVC2            " tmRpoPgtEms="3" />
    <dataElement cdPgtEms="8"  dePgtEms="Dia Venc Fatura " tmRpoPgtEms="2" />
    <dataElement cdPgtEms="9"  dePgtEms="Cep residencial " tmRpoPgtEms="5" />
    <dataElement cdPgtEms="10" dePgtEms="Cep comercial   " tmRpoPgtEms="5" />
    <dataElement cdPgtEms="11" dePgtEms="4 ultimos No CPF" tmRpoPgtEms="4" />
    <dataElement cdPgtEms="12" dePgtEms="4 ultimos No RG " tmRpoPgtEms="4" />
    <dataElement cdPgtEms="13" dePgtEms="Validade Mes    " tmRpoPgtEms="2" />
    <dataElement cdPgtEms="14" dePgtEms="Validade Ano    " tmRpoPgtEms="2" />
    <dataElement cdPgtEms="15" dePgtEms="4 ultimo No cart" tmRpoPgtEms="4" />
    <dataElement cdPgtEms="16" dePgtEms="No Cta corrente " tmRpoPgtEms="12" />
    <dataElement cdPgtEms="17" dePgtEms="No Cta corrente " tmRpoPgtEms="8" />
    <dataElement cdPgtEms="18" dePgtEms="Codigo Agencia  " tmRpoPgtEms="6" />
    <dataElement cdPgtEms="19" dePgtEms="Codigo Agencia  " tmRpoPgtEms="4" />
    <dataElement cdPgtEms="20" dePgtEms="Telefone Res    " tmRpoPgtEms="8" />
    <dataElement cdPgtEms="21" dePgtEms="Telefone Com    " tmRpoPgtEms="8" />
    <dataElement cdPgtEms="22" dePgtEms="Telefone Cel    " tmRpoPgtEms="8" />
    <dataElement cdPgtEms="23" dePgtEms="Digite sua Senha" tmRpoPgtEms="4" />
    <dataElement cdPgtEms="29" dePgtEms="DIGITE SUA SENHA" tmRpoPgtEms="6" />
</dataElement-list>
