<?xml version="1.0" encoding="iso-8859-1"?>
<!DOCTYPE configuration-list SYSTEM "../../../../PDV/dtd/mqs/Configuration.dtd">
<configuration-list>                          
	<configuration label="RefreshInterval" value="15" />
    <configuration label="Semaphore" value="FEMD"/>
    <configuration label="SharedMemory" value="FESD"/>
    <configuration label="EventKeyPfx" value="7777778"/>
    <configuration label="DriverIn" value="FEInterface_d"/> 
    <configuration label="DriverOut" value="mqqueued_000"/> 
    <configuration label="DriverAux" value="FEInterface_dAux"/>
    <configuration label="WebDirectory" value="/home/SW/sw_web"/>
    <!--configuration label="WebDirectory" value="/home/t689066/out"/-->
    <configuration label="TxtFilePfx" value="feinterf_d"/>
    <configuration label="TxtTitle" value="Dados da Interface para Sistema FE - QMName:[FEINTERFD]"/>    
    <configuration label="RefreshEvent" value="feinterf_d counter refresh"/>   
</configuration-list>
