<?xml version="1.0" encoding="iso-8859-1"?>
<!DOCTYPE configuration-list SYSTEM "../../../../PDV/dtd/mqs/Configuration.dtd">
<configuration-list>                          
	<configuration label="RefreshInterval" value="15" />
    <configuration label="Semaphore" value="FEIS"/>
    <configuration label="SharedMemory" value="FEIM"/>
    <configuration label="EventKeyPfx" value="7777777"/>
    <configuration label="DriverIn" value="FEInterface"/> 
    <configuration label="DriverOut" value="mqqueue_000"/> 
    <configuration label="DriverAux" value="FEInterfaceAux"/>
    <configuration label="WebDirectory" value="/home/SW/sw_web"/>
    <!--configuration label="WebDirectory" value="/home/t689066/out"/-->
    <configuration label="TxtFilePfx" value="feinterf"/>
    <configuration label="TxtTitle" value="Dados da Interface para Sistema FE - QMName:[FEINTERF]"/>    
    <configuration label="RefreshEvent" value="feinterf counter refresh"/>   
</configuration-list>
