<?xml version="1.0" encoding="iso-8859-1"?>
<!DOCTYPE configuration-list SYSTEM "../../../../PDV/dtd/mqs/Configuration.dtd">
<configuration-list>                          
	<configuration label="RefreshInterval" value="15" />
    <configuration label="Semaphore" value="FEMB"/>
    <configuration label="SharedMemory" value="FESB"/>
    <configuration label="EventKeyPfx" value="7777779"/>
    <configuration label="DriverIn" value="FEInterface_b"/> 
    <configuration label="DriverOut" value="mqqueueb_000"/> 
    <configuration label="DriverAux" value="FEInterface_bAux"/>
    <configuration label="WebDirectory" value="/home/SW/sw_web"/>
    <configuration label="TxtFilePfx" value="feinterf_b"/>
    <configuration label="TxtTitle" value="Dados da Interface para Sistema FE - QMName:[FEINTERFB]"/>    
    <configuration label="RefreshEvent" value="feinterf_b counter refresh"/>   
</configuration-list>
