<?xml version="1.0" encoding="iso-8859-1"?>
<!DOCTYPE configuration-list SYSTEM "../../../../PDV/dtd/mqs/Configuration.dtd">
<configuration-list>                          
	<configuration label="RefreshInterval" value="15" />
    <configuration label="Semaphore" value="MISO"/>
    <configuration label="SharedMemory" value="MIMO"/>
    <configuration label="EventKeyPfx" value="7777781"/>
    <configuration label="DriverIn" value="SwReplOthers"/> 
    <configuration label="DriverOut" value="mqswrpot_000"/> 
    <configuration label="DriverAux" value="SwRepl_otAux"/>
    <configuration label="WebDirectory" value="/home/SW/sw_web"/>
    <!--configuration label="WebDirectory" value="/home/t689066/out"/-->
    <configuration label="TxtFilePfx" value="swreplic"/> 
    <configuration label="TxtTitle" value="Dados do SWITCH -> swreplic -> MT  - QMName:[SWREPLICOT]"/>    
    <configuration label="RefreshEvent" value="swreplic counter refresh"/>   
</configuration-list>
