<?xml version="1.0" encoding="iso-8859-1"?>
<!DOCTYPE configuration-list SYSTEM "../../../../PDV/dtd/mqs/Configuration.dtd">
<configuration-list>                          
	<configuration label="RefreshInterval" value="15" />
    <configuration label="Semaphore" value="MISS"/>
    <configuration label="SharedMemory" value="MISM"/>
    <configuration label="EventKeyPfx" value="7777780"/>
    <configuration label="DriverIn" value="SwReplCredit"/> 
    <configuration label="DriverOut" value="mqswrpcr_000"/> 
    <configuration label="DriverAux" value="SwReplAux"/>
    <configuration label="WebDirectory" value="/home/SW/sw_web"/>
    <!--configuration label="WebDirectory" value="/home/t689066/out"/-->
    <configuration label="TxtFilePfx" value="swreplic"/> 
    <configuration label="TxtTitle" value="Dados do SWITCH -> swreplic -> MT  - QMName:[SWREPLICCR]"/>    
    <configuration label="RefreshEvent" value="swreplic counter refresh"/>   
</configuration-list>
