<?xml version="1.0" encoding="iso-8859-1"?>
<!DOCTYPE dataManip-list SYSTEM "../../../PDV/dtd/fwsw/DataManip.dtd">

<dataManip-list>

    <!-- @Info: CHAMANDA DO MANIP PRINCIAL  -->
    <dataManip label="EV_ACQSRV_VCH">
        <fieldSetReference reference="shc_side_msg" alias="source" />
        <fieldSetReference reference="fmt_side_msg" alias="target" />
        <fieldSetReference reference="target.shc_msg" alias="shc_msg" />
        <fieldSetReference reference="target.segments.common" alias="common" />

        <command label="set_event_timeout" objectReferenceLabel="VALUE">
            <targetFieldPath value="EVENT_DATA.event_timeout"/>
            <sourceValue value="50"/>
        </command>
        <command label="set_event_action" objectReferenceLabel="VALUE">
            <targetFieldPath value="EVENT_DATA.event_action"/>
            <sourceValue value="TM_NOTIFY_ONCE"/>
        </command>

        <declare label="LOCAL">
            <field label="vazio" value="" />
        </declare>

        <command label="restore_expired_buffer" objectReferenceLabel="EVENTMANAGER" >
             <operation value = "expired" />
             <sourceFieldPath value = "environment.EVENT_DATA_BUFFER" />
             <targetFieldPath value = "EVENT_DATA" />
        </command>

        <command label="  ========= Recebendo Evento Expirado =========  " objectReferenceLabel="FIELDSET_DUMP">
            <sourceFieldPath value = "EVENT_DATA" />
        </command>

        <command label="set_mailbox_resposta_sender_addres" objectReferenceLabel="COPY" >
            <sourceFieldPath value="LOCAL.vazio" />
            <targetFieldPath value="environment.SENDER_ADDRESS" />
        </command>

    </dataManip>

</dataManip-list>
