<?xml version="1.0" encoding="iso-8859-1"?>
<!DOCTYPE dataManip-list SYSTEM "../../../PDV/dtd/fwsw/DataManip.dtd">

<dataManip-list>

    <!-- @Info: CHAMANDA DO MANIP PRINCIAL -->
    <dataManip label="REQ_ACQSRV_VCH">
        <fieldSetReference reference="fmt_side_msg" alias="source" />
        <fieldSetReference reference="shc_side_msg" alias="target" />
        <fieldSetReference reference="target.shc_msg" alias="shc_msg" />
        <fieldSetReference reference="target.segments.common" alias="common" />

        <!-- @Info: CopiaSourceToTarget (From:Formatter | To:Shc) -->
        <command label="CopiaSourceToTarget" objectReferenceLabel="FIELDSET_COPY">
            <sourceFieldPath value = "source" />
            <targetFieldPath value="target" />
        </command>

        <!-- @Info: CriaEstruturaLOCAL -->
        <declare label="LOCAL" >
            <field label="trap_id" />
            <field label="network_id_van" />
            <field label="nu_cheque" />
            <field label="mailboxName" /> <!-- Usado no RegistraTrace* -->
            <field label="L_IND_UTLZ_PNPD" value = "" />
            <field label="tip_dtlh_tran" value="V" />
            <field label="term_tpk_issuer" />
            <field label="mac_amount_val" />
            <field label="mac_amount_nsu" />
            <field label="cod_gru_estb" />
            <field label="cod_mtz_estb" />
            <field label="isVAN" value="FALSE" />
            <field label="ind_modl_cptr" />
            <field label="auto_ini" />
            <field label="IND_TERM_LTRO_CHIP" />
            <field label="num_rtdr" value="0"/>
            <field label="data_tbsw0030"/>
            <field label="trn_tem_original" value="FALSE" />
            <field label="txt_da_adic_emsr" />
            <field label="VALUE_COD_SERV_TRK_CAR" />
            <field label="L_COD_TRK_CAR" />
            <field label="L_NUM_CAR" />
            <field label="L_IND_TRK" />
            <field label="L_COD_SERV" />
            <field label="num_mot_rsps" />
            <field label="termid" />
            <field label="termloc" />
            <field label="tip_vd" value = " " />
            <field label="versao_minima" />
            <field label="versao_minima_terminal_voucher_chip"  value="502" />
            <field label="is_desfz_emissor" value="0" /> <!-- usado no desfazimento -->
            <field label="ind_sttu_tran" value="0" /> <!-- usado no desfazimento -->
            <field label="permiteCompraEmDollar" />
            <field label="nomeEmissorCupom" />    <!-- Campo dummy para coleta do nome do emissor do mapeamento -->
            <field label="swreplic" /> <!-- Utilizado no Negative para poder chamar o datamanip DefineEnderecoTrnCommon -->
            <field label="IND_TRAN_REFD" value = "0" />
            <field label="TBSW_RESULT" />
            <field label="cod_gru_clas_ram" /> <!-- recuperado da TBSW0040 usado salvar na TBSW0030 e TBSW0058 -->
 			<field label="orig_ind_da_rlcd_chip" /> <!-- Usado para o insert da tbsw0030 -->
            <field label="ind_da_rlcd_iata" value = "N" /> <!-- usado para reconhecer transacoes iata -->
            <field label="traps_on_file" />
            <!-- Dados Validacao Ordem de Servico - DE48 TAG 80 ..  -->
            <field label="data_baixa" />
            <field label="hora_baixa" />
            <field label="cod_ocorr" />
            <field label="is_desfz_sem_original" value="FALSE" /> <!-- desfazimento sem original -->
			<field label="DE048tmp" />
			<field label="posSaldoParcial" value="0" />
			<field label="complementoSaldoParcial" value="N" />
            <!-- AUT1-1830 - ELO endereco EC no CV - INICIO -->
            <field label="nom_logr_pdv" />
            <field label="num_logr_pdv" />
            <field label="nom_brr_pdv" />
            <field label="des_cpl_endr_pdv" />
            <!-- AUT1-1830 - ELO endereco EC no CV - FIM -->
            <field label="porta_origem" />
            <field label="COD_TRAN_CAD" />
            <field label="mac_amount_pdv" />
            <field label="MARKUP" />
            <field label="CONVRATE" />
            <field label="codigoParceiroAdquirente" />
      </declare>

        <call label="Dump_Recebimento_Msg">
            <dataManipXml filePath="$(FEGEN_XML_DIR)" fileName="DataManipCommon.xml"/>
            <subDataManip objectReferenceLabel="Dump_Recebimento_Msg" />
            <targetFieldPath value="source" />
            <targetFieldPath value="LOCAL" />
            <targetFieldPath value="environment.SENDER_ADDRESS" />
        </call>
        
        <!-- @Info: Chamada do PreProc -->
        <call label="CallPreProcessamento">
            <subDataManip objectReferenceLabel="PreProc" />
            <targetFieldPath value="target" />
            <targetFieldPath value="environment" />
            <targetFieldPath value="LOCAL" />
        </call>

        <!-- @Info: Chamada do Proc -->
        <call label="CallProcessamento">
            <subDataManip objectReferenceLabel="Proc" />
            <targetFieldPath value="target" />
            <targetFieldPath value="environment" />
            <targetFieldPath value="EVENT_DATA" />
            <targetFieldPath value="LOCAL" />
        </call>

        <!-- @Info: Chamada do PosProc -->
        <call label="CallPosProcessamento">
            <subDataManip objectReferenceLabel="PosProc" />
            <targetFieldPath value="target" />
            <targetFieldPath value="environment" />
            <targetFieldPath value="EVENT_DATA" />
            <targetFieldPath value="LOCAL" />
        </call>
        
        <call label="Dump_Destino_Msg">
            <dataManipXml filePath="$(FEGEN_XML_DIR)" fileName="DataManipCommon.xml"/>
            <subDataManip objectReferenceLabel="Dump_Destino_Msg" />
            <targetFieldPath value="target" />
            <targetFieldPath value="LOCAL" />
            <targetFieldPath value="environment.FORWARD_ADDRESS" />
        </call>
        
    </dataManip>

    <!-- @Info: MANIP DE PRE PROC -->
    <dataManip label="PreProc">
        <fieldSetReference reference="arg0" alias="target"/>
        <fieldSetReference reference="arg0.shc_msg" alias="shc_msg"/>
        <fieldSetReference reference="arg0.segments.common" alias="common"/>
        <fieldSetReference reference="arg0.segments.merchant" alias="merchant"/>
        <fieldSetReference reference="arg1" alias="environment"/>
        <fieldSetReference reference="arg2" alias="LOCAL"/>

        <!-- @Info: Chamada de procedimentos de pre processamento especificos para voucher -->
        <call label="CallPreProcessamentoVoucher">
            <when objectReferenceLabel="EXPR"> 
                <expr value="common.reversal_type != '-1' &amp;&amp; common.reversal_type != '-2'" />
            </when>
            <subDataManip objectReferenceLabel="PreProcessamentoVoucher" />
            <targetFieldPath value="target" />
            <targetFieldPath value="environment" />
            <targetFieldPath value="LOCAL" />
        </call>

        <!-- TODO: VEr porque isto estah aqui -->
        <command label="setDados" objectReferenceLabel="XCOPY">
            <value sourceField="shc_msg.termid"      type="value" targetFieldPath="LOCAL.termid" />
            <value sourceField="shc_msg.termloc"     type="value" targetFieldPath="LOCAL.termloc" />
            <value sourceField="common.terminal_pdv" type="value" targetFieldPath="shc_msg.termid" />
        </command>

        <!-- @Info: Obtem VERSAOMINIMAPDV e traps_on_file do ISTPARAM -->
        <declare label="TEMP" >
            <field label="nome_parametro1" value="acqsrv2.versaominimapdv"/>
            <field label="nome_parametro2" value="acqsrv2.traps_on_file"/>
        </declare>
        <command label="get_versaominima_istparam" objectReferenceLabel="GETPARAMIST" >
        <sourceFieldPath value="TEMP.nome_parametro1" />
        <targetFieldPath value="LOCAL.versao_minima" />
        </command>
        <command label="get_traps_on_file" objectReferenceLabel="GETPARAMIST" >
        <sourceFieldPath value="TEMP.nome_parametro2" />
        <targetFieldPath value="LOCAL.traps_on_file" />
        </command>
        <command label="  ========== obtendo variavel acqsrv2.versaominimapdv no istparam ==========" objectReferenceLabel="FIELDSET_DUMP2">
            <sourceFieldPath value = "LOCAL.versao_minima" />
        </command>
        <command label="  ========== obtendo variavel acqsrv2.traps_on_file no istparam ==========" objectReferenceLabel="FIELDSET_DUMP2">
            <sourceFieldPath value = "LOCAL.traps_on_file" />
        </command>

        <!-- @Info: Chamada do Pre Enriquecimento -->
        <call label="CallPreEnriquecimento">
            <subDataManip objectReferenceLabel="PreEnriquecimento" />
            <targetFieldPath value="target" />
            <targetFieldPath value="environment" />
            <targetFieldPath value="LOCAL" />
        </call>
    
        <call label="CallGrupoTravasPreProcessamento">
            <when objectReferenceLabel="EXPR"> 
                <expr value=" common.msg_category != 'CONFIRMACAO' &amp;&amp; common.msg_category != 'DESFAZIMENTO' &amp;&amp;
                              common.msg_category != 'ADV_NEGADO' " />
            </when>
            <dataManipXml filePath="$(ACQSRV_VCH_XML_DIR)" fileName="GrupoTravas.xml"/>
            <subDataManip objectReferenceLabel="GrupoTravasPreProcessamento"/>
            <targetFieldPath value="target" />
            <targetFieldPath value="LOCAL" />
        </call>

        <!-- TRAVA 114 | SCSW-7410 / MTS | Validacao Mac Amount | INICIO -->
        <!-- call label="CALL_TRAP114_MAC_AMOUNT">
        <when objectReferenceLabel="EXPR">
            <expr value=" common.msg_category == 'VENDA'" />
        </when>
            <dataManipXml filePath="$(COMMON_XML_DIR)" fileName="BusinessRules.xml" />
            <subDataManip objectReferenceLabel="TRAP114_MAC_AMOUNT" />
            <targetFieldPath value="target" />
            <targetFieldPath value="LOCAL" />
        </call -->
        <!-- TRAVA 114 | SCSW-7410 / MTS | Validacao Mac Amount | FIM -->     

        
    </dataManip>

    <!-- @Info: MANIP DE PROC -->
    <dataManip label="Proc">
        <fieldSetReference reference="arg0" alias="target"/>
        <fieldSetReference reference="arg0.shc_msg" alias="shc_msg"/>
        <fieldSetReference reference="arg0.segments.common" alias="common"/>
        <fieldSetReference reference="arg1" alias="environment"/>
        <fieldSetReference reference="arg2" alias="EVENT_DATA"/>
        <fieldSetReference reference="arg3" alias="LOCAL"/>

        <!-- Se trn necessita da original faz aqui para jah definir parametros iniciais: Issuer, bandeira, etc. 
            Estes dados serao usado para nao precisar executar o rotemanto. Algumas transacoes
            nao tem todos os dados necessarios para executa-lo -->
        <conditional-block label="Recupera dados originais para trasacoes relacionadas" >
            <if objectReferenceLabel="EXPR">
            <expr value=" common.msg_category in ( 'DESFAZIMENTO, ESTORNO, CONFIRMACAO' ) " />
                <call label="CallRecuperaDadosTrnOriginal">
                    <subDataManip objectReferenceLabel="RecuperaDadosTrnOriginal" />
                    <targetFieldPath value="target" />
                    <targetFieldPath value="environment" />
                    <targetFieldPath value="LOCAL" />
                </call>
            </if>
        </conditional-block>

        <!-- @Info: Chamada do Proceso de Roteamento da transacao -->
        <call label="CallTrataRoteamento">
            <!-- Para DESFAZIMENTO SEM ORIGINAL, nao efetua roteamento .. -->
            <when objectReferenceLabel="EXPR">
                <expr value="LOCAL.is_desfz_sem_original != 'TRUE' &amp;&amp; 
                        (common.msg_category != 'CONFIRMACAO' || (common.msg_category == 'CONFIRMACAO' &amp;&amp; LOCAL.trn_tem_original == 'TRUE'))" /> 
            </when>
            <subDataManip objectReferenceLabel="TrataRoteamento" />
            <targetFieldPath value="target" />
            <targetFieldPath value="LOCAL" />
        </call>
        
        <!-- @Info: Determina dados especifios do issuer/bandeira. 
             Altera nomes especificos de issuer (HVM e Ticket chip)  -->
        <call label="CallObtemInfoIssuer">
            <!-- Para DESFAZIMENTO SEM ORIGINAL, nao efetua roteamento .. -->
            <when objectReferenceLabel="EXPR">
                <expr value="LOCAL.is_desfz_sem_original != 'TRUE'" />
            </when>
            <dataManipXml filePath="$(FEGEN_XML_DIR)" fileName="DataManipCommon.xml"/>
            <subDataManip objectReferenceLabel="ObtemInfoIssuer" />
            <targetFieldPath value="target" />
            <targetFieldPath value="LOCAL" />
        </call>

        <!-- Executa estas operacoes se nao for uma confirmacao -->
        <conditional-block label="Executa operacoes se nao for confirmacao (3a_perna)" >
            <if objectReferenceLabel="EXPR">
            <expr value=" common.msg_category != 'CONFIRMACAO' " />

                <!-- @Info: Chamada do Travas Pos Roteamento da transacao -->
                <call label="CallGrupoTravasPosRoteamento">
                <when objectReferenceLabel="EXPR">
                    <expr value="common.msg_category != 'DESFAZIMENTO'" />
                </when>
                    <dataManipXml filePath="$(ACQSRV_VCH_XML_DIR)" fileName="GrupoTravas.xml"/>
                    <subDataManip objectReferenceLabel="GrupoTravasPosRoteamento"/>
                    <targetFieldPath value="target" />
                    <targetFieldPath value="LOCAL" />
                </call>
                
                <!-- @Info: Chamada Loader das tabelas de Cadastro -->
                <call label="CallTrataTabelasCadastro">
                    <subDataManip objectReferenceLabel="TrataTabelasCadastro" />
                    <targetFieldPath value="target" />
                    <targetFieldPath value="LOCAL" />
                </call>

            </if>
        </conditional-block>
		
		<!-- EAK-1733 -->
        <!-- Registra trace da transacao no arquivo de log -->
        <call label="CallRegistraTraceReq">
            <dataManipXml filePath="$(FEGEN_XML_DIR)" fileName="DataManipCommon.xml"/>
            <subDataManip objectReferenceLabel="RegistraTraceReq"/>
            <targetFieldPath value="target" />
            <targetFieldPath value="environment" />
            <targetFieldPath value="LOCAL" />
        </call>	
        
        <!-- @Info: Chamada do Fluxo das transacoes -->
        <conditional-block label="ChamaFluxoTrn" >
            <!-- @Info: Fluxo das transacoes de VENDA -->
            <if objectReferenceLabel="EXPR">
            <expr value="common.msg_category == 'VENDA' || common.msg_category == 'ADV_APROVADO' ||
                         common.msg_category == 'ADV_NEGADO'" />
                <call label="CallFluxoVenda">
                    <subDataManip objectReferenceLabel="FluxoVenda" />
                    <targetFieldPath value="target" />
                    <targetFieldPath value="environment" />
                    <targetFieldPath value="LOCAL" />
                </call>
            </if>
            <!-- @Info: Fluxo das transacoes de ESTORNO -->
            <else-if objectReferenceLabel="EXPR">
            <expr value="common.msg_category == 'ESTORNO'" />
                <call label="CallFluxoEstorno">
                    <subDataManip objectReferenceLabel="FluxoEstorno" />
                    <targetFieldPath value="target" />
                    <targetFieldPath value="environment" />
                    <targetFieldPath value="LOCAL" />
                </call>
            </else-if>
            <!-- @Info: Fluxo das transacoes de DESFAZIMENTO -->
            <else-if objectReferenceLabel="EXPR">
            <expr value="common.msg_category == 'DESFAZIMENTO'" />
                <call label="CallFluxoDesfazimento">
                    <subDataManip objectReferenceLabel="FluxoDesfazimento" />
                    <targetFieldPath value="target" />
                    <targetFieldPath value="environment" />
                    <targetFieldPath value="LOCAL" />
                </call>
            </else-if>
            <!-- @Info: Fluxo das transacoes de CONFIRMACAO -->
            <else-if objectReferenceLabel="EXPR">
            <expr value="common.msg_category == 'CONFIRMACAO'" />
                <call label="CallFluxoConfirmacao">
                    <subDataManip objectReferenceLabel="FluxoConfirmacao" />
                    <targetFieldPath value="target" />
                    <targetFieldPath value="environment" />
                    <targetFieldPath value="EVENT_DATA" />
                    <targetFieldPath value="LOCAL" />
                </call>
            </else-if>
            <!-- @Info: Fluxo das transacoes de TROCA DE SENHA -->
            <else-if objectReferenceLabel="EXPR">
            <expr value="common.msg_category == 'ADMINISTRATIVA'" />
                <call label="CallFluxoTrocaSenha">
                    <subDataManip objectReferenceLabel="FluxoTrocaSenha" />
                    <targetFieldPath value="target" />
                    <targetFieldPath value="LOCAL" />
                </call>
            </else-if>
            <!-- @Info: Transacoes Invalidas -->
            <else>
                <command label=" Parametros determinantes do fluxo desconhecidos: " objectReferenceLabel="XDUMP">
                    <sourceFieldPath value = "common.msg_category" />
                    <sourceFieldPath value = "common.msg_name" />
                </command>
                <command label="  ========= Fluxo nao determinado =========  " objectReferenceLabel="DROP" />
            </else>

        </conditional-block>

        <!-- conforme a eak-2199 desativar a Transao Aprovada por Saldo Voucher Disponvel -->
        <conditional-block label="DesativaAprovacaoPSaldoParcial">
            <if objectReferenceLabel="EXPR">
            <expr value="common.msg_category == 'VENDA' &amp;&amp; ( common.iss_name == 'TICKET_CHIP' ||
                         common.iss_name == 'TICKET' )" />


				<!-- @Info: Muda o msgtype da transacao -->
				<command label="localizaCampo" objectReferenceLabel="MATH" >
					<value1 value = "common.bit48len" />
					<value2 value = "1" />
					<operator value = "-" />
					<targetFieldPath value = "LOCAL.posSaldoParcial" />
				</command>

                <command label="extraiS" objectReferenceLabel="SUBSTR">
                    <sourceFieldPath value="target.shc_msg.acquirer_data"/>
                    <targetFieldPath value="LOCAL.DE048tmp"/>
                    <startPosition value="0"/>
                    <length value="LOCAL.posSaldoParcial"/>
                </command> 

                <command label="adicionadoNaoCampoAcquirerData" objectReferenceLabel="CONCAT" >
                    <sourceFieldPath value = "LOCAL.complementoSaldoParcial" />
                    <targetFieldPath value = "target.shc_msg.acquirer_data" />
                    <concatSide value = "right" />
                    <concatFieldSetPath value = "LOCAL.DE048tmp" />
                </command> 

				<command label="copia N no campo saldo_parcial do pedido" objectReferenceLabel="VALUE" >
					<sourceValue value="N" />
					<targetFieldPath value="target.segments.voucher.saldo_parcial" />
				</command> 
            </if>
        </conditional-block>

	</dataManip>
    <!-- @Info: MANIP DE POS PROC -->
    <dataManip label="PosProc">
        <fieldSetReference reference="arg0" alias="target"/>
        <fieldSetReference reference="arg0.shc_msg" alias="shc_msg"/>
        <fieldSetReference reference="arg0.segments.common" alias="common"/>
        <fieldSetReference reference="arg1" alias="environment"/>
        <fieldSetReference reference="arg2" alias="EVENT_DATA"/>
        <fieldSetReference reference="arg3" alias="LOCAL"/>

        <call label="CallPosRoteamentoVoucher">
            <subDataManip objectReferenceLabel="PosRoteamentoVoucher" />
            <targetFieldPath value="target" />
            <targetFieldPath value="environment"/>
            <targetFieldPath value="LOCAL" />
        </call>

        <!-- @Info: Salva os dados da transacao em evento -->
        <call label="CallSalvarDadosEvento">
            <subDataManip objectReferenceLabel="SalvarDadosEvento" />
            <targetFieldPath value="target" />
            <targetFieldPath value="environment" />
            <targetFieldPath value="EVENT_DATA" />
            <targetFieldPath value="LOCAL" />
        </call>

        <!-- Emergencial para contornar o problema de estouro de tamanho de mensagem
                   Desliga o segmento "commerce" nao utilizado pelo POS e PDV     -->
        <command label="SetOFF_seg_commerce" objectReferenceLabel="TURN_OFF" >
            <targetFieldPath value="target.segments.commerce" />
        </command>

        <command label="SetOFF_seg_commerce" objectReferenceLabel="TURN_OFF" >
            <targetFieldPath value="target.segments.private_label" />
        </command>		
		
		<command label="SetOFF_seg_commerce" objectReferenceLabel="TURN_OFF" >
            <targetFieldPath value="target.segments.adm" />
        </command>

        <command label="SetOFF_seg_pos_acquirer" objectReferenceLabel="TURN_OFF" >
            <targetFieldPath value="target.segments.pos_acquirer" />
        </command>

        <command label="SetOFF_seg_payment" objectReferenceLabel="TURN_OFF" >
            <targetFieldPath value="target.segments.payment" />
        </command>

        <command label="SetOFF_seg_pix" objectReferenceLabel="TURN_OFF" >
            <targetFieldPath value="target.segments.pix" />
        </command>

        <!-- AUT1-3410 - J05/21 - Antifraude Link de Pagamento - INICIO -->
        <command label="SetOFF_seg_web_acquirer" objectReferenceLabel="TURN_OFF" >
            <targetFieldPath value="target.segments.web_acquirer" />
        </command>
        <!-- AUT1-3410 - J05/21 - Antifraude Link de Pagamento - FIM -->
		
	<!-- JPFC - EAK-5604 - Inicio -->
        <command label="SetOFF_seg_pdv_acquirer" objectReferenceLabel="TURN_OFF" >
            <targetFieldPath value="target.segments.pdv_acquirer" />
        </command>		
	<!-- JPFC - EAK-5604 - Fim -->
	
	<!-- AUT1-3543 - Release Bandeira Abril/21 - ELO - ID da Transacao - INICIO -->
        <command label="SetOFF_seg_acquirer_common" objectReferenceLabel="TURN_OFF" >
            <targetFieldPath value="target.segments.acquirer_common" />
        </command>
        <!-- AUT1-3543 - Release Bandeira Abril/21 - ELO - ID da Transacao - FIM -->

    </dataManip>

    <dataManip label="PreProcessamentoVoucher">
        <fieldSetReference reference="arg0" alias="target"/>
        <fieldSetReference reference="arg0.shc_msg" alias="shc_msg"/>
        <fieldSetReference reference="arg0.segments.common" alias="common"/>
        <fieldSetReference reference="arg1" alias="environment"/>
        <fieldSetReference reference="arg2" alias="LOCAL"/>
    
        <!-- Corre��o de Problema de PINTRANSLATE Ticket/Alelo (IF em Callback do Emissor) -->
        <!-- EAK-3447 -->
        <command label="set_pcode_type" objectReferenceLabel="VALUE">
            <targetFieldPath value="common.pcode_type"/>
            <sourceValue value="3"/>
        </command>
        <!-- EAK-3447 - 26.06.2020 : FIM -->	
	
        <conditional-block label="TratamentoMTI" >
            <if objectReferenceLabel="EXPR">
            <expr value="common.msg_category == 'ESTORNO' &amp;&amp;
                        common.acq_msgtype  == '402'" />
    
                <command label="mti_to_200" objectReferenceLabel="XCOPY" >
                    <value sourceValue="200" type="value" targetFieldPath="shc_msg.msgtype" />
                    <value sourceValue="402" type="value" targetFieldPath="shc_msg.origmsg" />
                    <value sourceValue="FALSE" type="value" targetFieldPath="common.is_void" />
                </command>

                <!-- AM_J07_2021 - VOUCHER BEN - INICIO -->
                <command label="  ========= isVOUCHER 402 common.iss_name =========" objectReferenceLabel="FIELDSET_DUMP">
                    <sourceFieldPath value = "common.iss_name" />
                </command>

                <conditional-block label="VerificaEnvio402Voucher">
                    <if objectReferenceLabel="EXPR">
                    <expr value=" common.iss_name == 'VCH_BEN' " />
                        <command label="========= NAO envia 402 para VOUCHER =========" objectReferenceLabel="DROP" />
                    </if>
                </conditional-block>
                <!-- AM_J07_2021 - VOUCHER BEN - FIM -->

                <command label="PreProcessamentoVoucher::Mudou Msgtype" objectReferenceLabel="XDUMP">
                    <sourceFieldPath value = "shc_msg.msgtype" />
                    <sourceFieldPath value = "common.acq_msgtype" />
                </command>
                <command label="Envio_SHC" objectReferenceLabel="MAILBOXLOCATOR" >
                    <mailboxName value="SharedCash" />
                    <targetFieldPath value="environment.FORWARD_ADDRESS" />
                </command>

                <!-- Emergencial para contornar o problema de estouro de tamanho de mensagem
                           Desliga o segmento "commerce" nao utilizado pelo POS e PDV     -->
                <command label="SetOFF_seg_commerce" objectReferenceLabel="TURN_OFF" >
                    <targetFieldPath value="target.segments.commerce" />
                </command>

                <!-- AUT1-3410 - J05/21 - Antifraude Link de Pagamento - INICIO -->
                <command label="SetOFF_seg_web_acquirer" objectReferenceLabel="TURN_OFF" >
                    <targetFieldPath value="target.segments.web_acquirer" />
                </command>
                <!-- AUT1-3410 - J05/21 - Antifraude Link de Pagamento - INICIO -->

                <command label="========= Enviando 402 para o SHC =========" objectReferenceLabel="EXIT" />
            </if>
            <else-if objectReferenceLabel="EXPR">
            <expr value="common.msg_category == 'CONFIRMACAO' &amp;&amp;
                        shc_msg.msgtype  == '212'" />
                <command label="mti_to_200" objectReferenceLabel="XCOPY" >
                    <value sourceValue="200" type="value" targetFieldPath="shc_msg.msgtype" />
                    <value sourceValue="202" type="value" targetFieldPath="common.acq_msgtype" />
                </command>
                <command label="PreProcessamentoVoucher::Mudou Msgtype" objectReferenceLabel="XDUMP">
                    <sourceFieldPath value = "shc_msg.msgtype" />
                    <sourceFieldPath value = "common.acq_msgtype" />
                </command>
                <command label="Envio_SHC" objectReferenceLabel="MAILBOXLOCATOR" >
                    <mailboxName value="SharedCash" />
                    <targetFieldPath value="environment.FORWARD_ADDRESS" />
                </command>

                <!-- Emergencial para contornar o problema de estouro de tamanho de mensagem
                           Desliga o segmento "commerce" nao utilizado pelo POS e PDV     -->
                <command label="SetOFF_seg_commerce" objectReferenceLabel="TURN_OFF" >
                    <targetFieldPath value="target.segments.commerce" />
                </command>

                <!-- AUT1-3410 - J05/21 - Antifraude Link de Pagamento - INICIO -->
                <command label="SetOFF_seg_web_acquirer" objectReferenceLabel="TURN_OFF" >
                    <targetFieldPath value="target.segments.web_acquirer" />
                </command>
                <!-- AUT1-3410 - J05/21 - Antifraude Link de Pagamento - INICIO -->

                <command label="========= Enviando 202 para o SHC =========" objectReferenceLabel="EXIT" />
            </else-if>
            <else-if objectReferenceLabel="EXPR">
            <expr value="common.msg_category == 'CONFIRMACAO' &amp;&amp;
                        shc_msg.msgtype  == '9102'" />
                <command label="mti_to_9080" objectReferenceLabel="XCOPY" >
                    <value sourceValue="200" type="value" targetFieldPath="shc_msg.msgtype" />
                    <value sourceValue="9092" type="value" targetFieldPath="shc_msg.origmsg" />
                    <value sourceValue="202" type="value" targetFieldPath="common.acq_msgtype" />
                </command>
                <command label="PreProcessamentoVoucher::Mudou Msgtype" objectReferenceLabel="XDUMP">
                    <sourceFieldPath value = "shc_msg.msgtype" />
                    <sourceFieldPath value = "common.acq_msgtype" />
                </command>
                <command label="Envio_SHC" objectReferenceLabel="MAILBOXLOCATOR" >
                    <mailboxName value="SharedCash" />
                    <targetFieldPath value="environment.FORWARD_ADDRESS" />
                </command>

                <!-- Emergencial para contornar o problema de estouro de tamanho de mensagem
                           Desliga o segmento "commerce" nao utilizado pelo POS e PDV     -->
                <command label="SetOFF_seg_commerce" objectReferenceLabel="TURN_OFF" >
                    <targetFieldPath value="target.segments.commerce" />
                </command>

                <!-- AUT1-3410 - J05/21 - Antifraude Link de Pagamento - INICIO -->
                <command label="SetOFF_seg_web_acquirer" objectReferenceLabel="TURN_OFF" >
                    <targetFieldPath value="target.segments.web_acquirer" />
                </command>
                <!-- AUT1-3410 - J05/21 - Antifraude Link de Pagamento - FIM -->

                <command label="========= Enviando 9102 para o SHC =========" objectReferenceLabel="EXIT" />
            </else-if>
        </conditional-block>
    
    </dataManip>
    
    <dataManip label="PreEnriquecimento">
        <fieldSetReference reference="arg0" alias="target"/>
        <fieldSetReference reference="arg0.shc_msg" alias="shc_msg"/>
        <fieldSetReference reference="arg0.segments.common" alias="common"/>
        <fieldSetReference reference="arg0.segments.merchant" alias="merchant"/>
        <fieldSetReference reference="arg1" alias="environment"/>
        <fieldSetReference reference="arg2" alias="LOCAL"/>
    
        <call label="CallSet_Valores_Defaults">
            <subDataManip objectReferenceLabel="Set_Valores_Defaults" />
            <targetFieldPath value="target" />
            <targetFieldPath value="environment" />
            <targetFieldPath value="LOCAL" />
        </call>
    
        <call label="Call2NDGAC">
            <dataManipXml filePath="$(FEGEN_XML_DIR)" fileName="DataManipCommon.xml"/>
            <subDataManip objectReferenceLabel="2NDGAC"/>
            <targetFieldPath value="target" />
            <targetFieldPath value="LOCAL" />
        </call>
    
        <call label="CallAtribuirNSU">
            <dataManipXml filePath="$(FEGEN_XML_DIR)" fileName="DataManipCommon.xml"/>
            <subDataManip objectReferenceLabel="AtribuirNSU" />
            <targetFieldPath value="target" />
            <targetFieldPath value="LOCAL" />
        </call>

      <!-- EAK-4528 - [PDV75] Modulo acqrsrv stalled -->
      <command label="=== Limpa MAC amount PDV ===" objectReferenceLabel="VALUE">
        <sourceValue value="" />
        <targetFieldPath value="merchant.mac_amount"/>
      </command>

        <conditional-block label="CHECK_CRIPTLEGADO">
        <if objectReferenceLabel="EXPR">
            <expr value="( merchant.tipoCriptLegado != '3' )" />
            <call label="CallDecriptografia">
                <dataManipXml filePath="$(FEGEN_XML_DIR)" fileName="DataManipCommon.xml"/>
                <subDataManip objectReferenceLabel="Decriptografia" />
                <targetFieldPath value="target" />
                <targetFieldPath value="LOCAL" />
            </call>
    
            <call label="CallTrataTrilha">
                <dataManipXml filePath="$(FEGEN_XML_DIR)" fileName="DataManipCommon.xml"/>
                <subDataManip objectReferenceLabel="TrataTrilha" />
                <targetFieldPath value="target" />
                <targetFieldPath value="LOCAL" />
            </call>
    
            <!-- CodTrans: Nao eh chamado aqui, pois e determinado no TrataRoteamento -->

        </if>
        </conditional-block>
    
    </dataManip>
    
    <dataManip label="Set_Valores_Defaults">
        <fieldSetReference reference="arg0" alias="target"/>
        <fieldSetReference reference="arg0.shc_msg" alias="shc_msg"/>
        <fieldSetReference reference="arg0.segments.common" alias="common"/>
        <fieldSetReference reference="arg1" alias="environment"/>
        <fieldSetReference reference="arg2" alias="LOCAL"/>
    
        <command label="Forward_Address" objectReferenceLabel="MAILBOXLOCATOR" >
            <mailboxName value="SharedCash" />
            <targetFieldPath value="environment.FORWARD_ADDRESS" />
        </command>
    
        <command label="set_formatador_origem" objectReferenceLabel="COPY" >
            <sourceFieldPath value="environment.SENDER_ADDRESS" />
            <targetFieldPath value="common.orig_fmt_mb" />
        </command>
    
        <command label="map_nu_cheque" objectReferenceLabel="COPY" >
            <when objectReferenceLabel="EXPR">
                <expr value="shc_msg.refnum!=''" />
            </when>
            <sourceFieldPath value="shc_msg.refnum" />
            <targetFieldPath value="LOCAL.nu_cheque" />
        </command>
    
        <call label="CallSet_Valores_1">
            <dataManipXml filePath="$(FEGEN_XML_DIR)" fileName="DataManipCommon.xml"/>
            <subDataManip objectReferenceLabel="Set_Valores_1"/>
            <targetFieldPath value="target" />
            <targetFieldPath value="LOCAL" />
        </call>
    
    </dataManip>
    
    <dataManip label="TrataRoteamento">
        <fieldSetReference reference="arg0" alias="target"/>
        <fieldSetReference reference="arg0.shc_msg" alias="shc_msg"/>
        <fieldSetReference reference="arg0.segments.common" alias="common"/>
        <fieldSetReference reference="arg1" alias="LOCAL"/>
    
        <declare label="TrxRoutingVoucherData" >
            <field label="COD_STTU_REG"/>
            <field label="NUM_RTDR"/>
            <field label="COD_SBPD"/>
            <field label="COD_EMSR"/>
            <field label="NOM_EMSR"/>
            <field label="COD_TRAN_GE"/>
            <field label="NOM_PROD_CPOM"/>
            <field label="TXT_RDPE_CPOM"/>
            <field label="COD_USR_ATLZ_REG"/>
            <field label="DAT_ATLZ_REG"/>
            <field label="DAT_ATVC_VOCH"/>
            <field label="NTWKID"/>
            <field label="NUM_BIN"/>
            <field label="COD_ISSR_SW"/>
            <field label="NOM_EMSR_SW"/>
            <field label="COD_EMSR_SW"/>
            <field label="COD_BNDR"/>
            <field label="COD_FE_EMSR"/>
            <field label="result"/>
        </declare>
    
        <!-- Se transacao recuperou issuer da original, nao necessita re-executar roteamento -->
        <!-- Chama o roteamento no estorno mesmo fazendo o roteamento pela original inicialmente, para
             resgatar o NUM_RTDR (que em alguns casos nao fica gravado na TBSW0153) -->
        <conditional-block label="Executa_roteamente_se_necessario" >
            <if objectReferenceLabel="EXPR">
            <expr value=" shc_msg.issuer == '' || common.msg_category == 'ESTORNO'" />

                <command label="set_issuer_id_voucher" objectReferenceLabel="VALUE" >
                    <targetFieldPath value="common.issuer_id" />
                    <sourceValue value="56" />
                </command>
            
                <command label="Roteamento_Issuer" objectReferenceLabel="TRXVCHROUTING" >
                    <sourceFieldPath value="target" />
                    <sourceFieldPath value="LOCAL" />
                    <targetFieldPath value="TrxRoutingVoucherData" />
                </command>
            
                <command label="  ========= Enriquecimento do Issuer =========" objectReferenceLabel="FIELDSET_DUMP">
                    <sourceFieldPath value = "TrxRoutingVoucherData" />
                </command>
            
                <call label="CallGrupoTravasRoteamento">
                    <when objectReferenceLabel="EXPR">
                        <expr value="common.msg_category != 'ADV_NEGADO' " />
                    </when>
                    <dataManipXml filePath="$(ACQSRV_VCH_XML_DIR)" fileName="GrupoTravas.xml"/>
                    <subDataManip objectReferenceLabel="GrupoTravasRoteamento"/>
                    <targetFieldPath value="target" />
                    <targetFieldPath value="LOCAL" />
                    <targetFieldPath value="TrxRoutingVoucherData" />
                </call>
            
                <!-- TODO: Verificar se precisa dos campos cod_emsr e nom_prod_cpom, txt_rdpe_cpom em trns que recuperam origininal -->
                <command label="XCOPY_SET_DADOS_ROTEAMENTO" objectReferenceLabel="XCOPY">
                    <value sourceField="TrxRoutingVoucherData.COD_EMSR_SW"      type="value"    targetFieldPath="common.cd_ems" />
                    <value sourceField="TrxRoutingVoucherData.COD_EMSR"         type="value"    targetFieldPath="common.cod_emsr" />
                    <value sourceField="TrxRoutingVoucherData.COD_BNDR"         type="value"    targetFieldPath="common.cod_bndr" />
                    <value sourceField="TrxRoutingVoucherData.NTWKID"           type="value"    targetFieldPath="shc_msg.issuer" />
                    <value sourceField="TrxRoutingVoucherData.NOM_PROD_CPOM"    type="value"    targetFieldPath="target.segments.voucher.nom_prod_cpom" />
                    <value sourceField="TrxRoutingVoucherData.TXT_RDPE_CPOM"    type="value"    targetFieldPath="target.segments.voucher.txt_rdpe_cpom" />
                    <value sourceField="TrxRoutingVoucherData.COD_TRAN_GE"      type="value"    targetFieldPath="common.cod_trans" />  <!-- CodTrans: Determinado pela base de dados -->
                    <value sourceField="TrxRoutingVoucherData.NUM_RTDR"         type="value"    targetFieldPath="LOCAL.num_rtdr" />
                    <value sourceField="TrxRoutingVoucherData.COD_SBPD"         type="value"    targetFieldPath="target.segments.voucher.cod_subproduto_mt" />
                </command>
            
            </if>
        </conditional-block>
        
    </dataManip>
    
    <dataManip label="TrataTabelasCadastro">
        <fieldSetReference reference="arg0" alias="target"/>
        <fieldSetReference reference="arg0.shc_msg" alias="shc_msg"/>
        <fieldSetReference reference="arg0.segments.common" alias="common"/>
        <fieldSetReference reference="arg0.segments.merchant" alias="merchant"/>
        <fieldSetReference reference="arg1" alias="LOCAL"/>
    
        <declare label="TBSW0040" >
            <field label="NUM_PDV"/>
            <field label="COD_TIP_ESTB_PDV"/>
            <field label="COD_CTGR"/>
            <field label="NOM_RZAO_SCLA_ESTB"/>
            <field label="NOM_FAT_PDV"/>
            <field label="COD_CEP_PDV"/>
            <field label="COD_CEP_CPL_PDV"/>
            <field label="NOM_CID_PDV"/>
            <field label="NOM_ESTB_PDV"/>
            <field label="COD_PAIS"/>
            <field label="COD_RAM_ATVD"/>
            <field label="COD_RAM_ATVD_MTC"/>
            <field label="COD_CTGR_TRAN_MTC"/>
            <field label="COD_RAM_ATVD_MTC_DNRS"/>
            <field label="COD_MTZ_ESTB"/>
            <field label="COD_GRU_ESTB"/>
            <field label="NUM_CNPJ"/>
            <field label="COD_STTU_REG"/>
            <field label="DAT_ATLZ_REG"/>
            <field label="COD_ID_DSTR"/>
            <field label="IND_PDV_CART_DGTL"/>
            <field label="COD_TIP_PES"/>
            <field label="COD_GRU_CLAS_RAM"/>
            <field label="COD_TIP_FACR"/>
            <field label="COD_MVV"/>                <!-- J10_2020 - Release Outubro -->
            <field label="COD_PRCR_PSP"/>           <!-- AUT1-2121 - Codigo da Chave PIX -->
            <field label="COD_TIP_CHAV_PIX"/>       <!-- AUT1-2121 - Codigo do Parceiro PSP - PIX -->
            <field label="COD_CHAV_PIX"/>           <!-- AUT1-2320 - Codigo do tipo da Chave PIX -->
            <field label="NUM_CNPJ_PIX_OWN_CHAV"/>  <!-- AUT1-2821 - PIX CNPJ Owner -->

            <field label="MER_POST"/>
            <field label="COD_RAM_ATVD_INTER"/>
            <field label="POS_GEO_LOC"/>
            <field label="RESULT_DSTR"/>
            <field label="COD_RAM_ATVD_DSTR"/>

            <field label="NOM_LOGR_PDV"/>           <!-- AUT1-1830 - ELO endereco EC no CV -->
            <field label="NUM_LOGR_PDV"/>           <!-- AUT1-1830 - ELO endereco EC no CV -->
            <field label="NOM_BRR_PDV"/>            <!-- AUT1-1830 - ELO endereco EC no CV -->
            <field label="DES_CPL_ENDR_PDV"/>       <!-- AUT1-1830 - ELO endereco EC no CV -->

            <field label="COD_CNL"/>
            <field label="COD_CEL"/>

            <field label="RESULT"/>
        </declare>
    
        <declare label="TBSW0041" >
            <field label="RESULT"/>
            <field label="NUM_PDV"/>
            <field label="COD_BNDR"/>
            <field label="QTD_MXO_PRCL"/>
            <field label="COD_STTU_REG"/>
            <field label="DAT_ATLZ_REG"/>
            <field label="COD_BCO_CMPS"/>
            <field label="COD_AGE"/>
            <field label="NUM_CTA_BNCR"/>
            <field label="DAT_INI_COB_ANT"/>
            <field label="DAT_INI_COB_ATU"/>
            <field label="TIP_COB_TRAN_ANT"/>
            <field label="TIP_COB_TRAN_ATU"/>
            <field label="VAL_COB_TRAN_ANT"/>
            <field label="VAL_COB_TRAN_ATU"/>
            <field label="COD_TRAN"/>
            <field label="IND_PERM_TRAN_DGTD_EMSR"/>
            <field label="IND_MODL_CPTR"/>
        </declare>
    
        <declare label="TBSW0042" >
            <field label="RESULT"/>
            <field label="NUM_PDV"/>
            <field label="COD_TERM"/>
            <field label="COD_STTU_REG"/>
            <field label="DAT_ATLZ_REG"/>
            <field label="COD_PSSE_TERM"/>
            <field label="COD_SIT_TERM"/>
            <field label="COD_PRDC_TERM"/>
            <field label="IND_ATIN"/>
            <field label="IND_ATCG"/>
            <field label="IND_UTLZ_PNPD"/>
            <field label="IND_TRAN_DGTD"/>
            <field label="COD_VERS_SFTW"/>
            <field label="COD_VERS_DLL"/>
            <field label="COD_TCNL"/>
            <field label="SGL_TCNL"/>
            <field label="TIP_LGCO"/>
            <field label="IND_TERM_BLQD"/>
            <field label="TIP_TERM"/>
            <field label="TIP_EQPM"/>
            <field label="IND_TRAN_CHIP"/>
            <field label="IND_TERM_LTRO_CHIP"/>
            <field label="DAT_ATCG"/>
            <field label="IND_TERM_FATR_EXPS"/>
            <field label="QTD_HOR_INTV"/>
        </declare>
    
        <declare label="TBSW0043" >
            <field label="RESULT"/>
            <field label="COD_TERM"/>
            <field label="COD_STTU_REG"/>
            <field label="DAT_ATLZ_REG"/>
            <field label="COD_FUN" />
        </declare>
    
        <declare label="TBSW0140" >
            <field label="RESULT"/>
            <field label="COD_MCC"/>
        </declare>

        <command label="set_cod_fun" objectReferenceLabel="COPY">
            <sourceFieldPath value="common.cod_fun"/>
            <targetFieldPath value="TBSW0043.COD_FUN"/>
        </command>
    
        <!-- @Info: TBSW0040: LOAD, ENRIQUECIMENTO E TRAVAS -->
        <call label="CallLOADER_TBSW0040">
            <dataManipXml filePath="$(FEGEN_XML_DIR)" fileName="DataBaseCommon.xml"/>
            <subDataManip objectReferenceLabel="LOADER_TBSW0040"/>
            <targetFieldPath value="target" />
            <targetFieldPath value="LOCAL" />
            <targetFieldPath value="TBSW0040" />
        </call>
    
        <call label="CallEnriquecimentoTBSW0040">
            <dataManipXml filePath="$(FEGEN_XML_DIR)" fileName="Enriquecimento.xml"/>
            <subDataManip objectReferenceLabel="EnriquecimentoTBSW0040"/>
            <targetFieldPath value="target" />
            <targetFieldPath value="LOCAL" />
            <targetFieldPath value="TBSW0040" />
        </call>
    
        <call label="CallGrupoTravasTBSW0040">
            <when objectReferenceLabel="EXPR">
                <expr value="common.msg_category != 'ADV_NEGADO' " />
            </when>
            <dataManipXml filePath="$(ACQSRV_VCH_XML_DIR)" fileName="GrupoTravas.xml"/>
            <subDataManip objectReferenceLabel="GrupoTravasTBSW0040"/>
            <targetFieldPath value="target" />
            <targetFieldPath value="LOCAL" />
            <targetFieldPath value="TBSW0040" />
        </call>
    
        <call label="CallLOADER_TBSW0140">
            <dataManipXml filePath="$(FEGEN_XML_DIR)" fileName="DataBaseCommon.xml"/>
            <subDataManip objectReferenceLabel="LOADER_TBSW0140"/>
            <targetFieldPath value="target" />
            <targetFieldPath value="LOCAL" />
            <targetFieldPath value="TBSW0140" />
        </call>

        <call label="CallEnriquecimentoTBSW0140">
            <dataManipXml filePath="$(FEGEN_XML_DIR)" fileName="Enriquecimento.xml"/>
            <subDataManip objectReferenceLabel="EnriquecimentoTBSW0140"/>
            <targetFieldPath value="target" />
            <targetFieldPath value="LOCAL" />
            <targetFieldPath value="TBSW0140" />
        </call>

        <!-- @Info: TBSW0041: LOAD, ENRIQUECIMENTO E TRAVAS -->
        <conditional-block label="TBSW0041: LOAD, ENRIQUECIMENTO E TRAVAS" >
            <if objectReferenceLabel="EXPR">
                <expr value="common.cod_trans != '0' &amp;&amp; common.msg_category != 'ESTORNO' &amp;&amp; common.msg_category != 'DESFAZIMENTO'" />
    
                <call label="CallLOADER_TBSW0041">
                    <dataManipXml filePath="$(FEGEN_XML_DIR)" fileName="DataBaseCommon.xml"/>
                    <subDataManip objectReferenceLabel="LOADER_TBSW0041"/>
                    <targetFieldPath value="target" />
                    <targetFieldPath value="LOCAL" />
                    <targetFieldPath value="TBSW0041" />
                </call>
    
                <call label="CallEnriquecimentoTBSW0041">
                    <dataManipXml filePath="$(FEGEN_XML_DIR)" fileName="Enriquecimento.xml"/>
                    <subDataManip objectReferenceLabel="EnriquecimentoTBSW0041"/>
                    <targetFieldPath value="target" />
                    <targetFieldPath value="LOCAL" />
                    <targetFieldPath value="TBSW0041" />
                </call>
    
                <call label="CallGrupoTravasTBSW0041">
                    <when objectReferenceLabel="EXPR">
                        <expr value="common.msg_category != 'ADV_NEGADO' " />
                    </when>
                    <dataManipXml filePath="$(ACQSRV_VCH_XML_DIR)" fileName="GrupoTravas.xml"/>
                    <subDataManip objectReferenceLabel="GrupoTravasTBSW0041"/>
                    <targetFieldPath value="target" />
                    <targetFieldPath value="LOCAL" />
                    <targetFieldPath value="TBSW0041" />
                </call>
    
            </if>
        </conditional-block>
    
        <!-- @Info: TBSW0042: LOAD, ENRIQUECIMENTO E TRAVAS -->
        <call label="CallLOADER_TBSW0042">
            <dataManipXml filePath="$(FEGEN_XML_DIR)" fileName="DataBaseCommon.xml"/>
            <subDataManip objectReferenceLabel="LOADER_TBSW0042"/>
            <targetFieldPath value="target" />
            <targetFieldPath value="LOCAL" />
            <targetFieldPath value="TBSW0042" />
        </call>
    
        <call label="CallEnriquecimentoTBSW0042">
            <dataManipXml filePath="$(FEGEN_XML_DIR)" fileName="Enriquecimento.xml"/>
            <subDataManip objectReferenceLabel="EnriquecimentoTBSW0042"/>
            <targetFieldPath value="target" />
            <targetFieldPath value="LOCAL" />
            <targetFieldPath value="TBSW0042" />
        </call>
    
        <conditional-block label="check_TBSW0042_no_rows" >
            <if objectReferenceLabel="EXPR">
                <expr value="TBSW0042.RESULT == 'OK'" />
        
                <command label="EnriquecimentoTBSW0042Voucher" objectReferenceLabel="XCOPY" >
                    <value sourceField="TBSW0042.IND_UTLZ_PNPD"         type="value"    targetFieldPath="LOCAL.L_IND_UTLZ_PNPD" />
                    <value sourceField="TBSW0042.IND_TERM_FATR_EXPS"    type="value"    targetFieldPath="merchant.ind_term_flex" />
                    <value sourceField="TBSW0042.TIP_EQPM"              type="value"    targetFieldPath="merchant.tip_eqpm" />
                    <value sourceField="TBSW0042.QTD_HOR_INTV"          type="value"    targetFieldPath="merchant.qtd_hor_intv" />
                </command>

            </if>
        </conditional-block>
    
        <call label="CallGrupoTravasTBSW0042">
            <when objectReferenceLabel="EXPR">
                <expr value="common.msg_category != 'ADV_NEGADO' " />
            </when>
            <dataManipXml filePath="$(ACQSRV_VCH_XML_DIR)" fileName="GrupoTravas.xml"/>
            <subDataManip objectReferenceLabel="GrupoTravasTBSW0042"/>
            <targetFieldPath value="target" />
            <targetFieldPath value="LOCAL" />
            <targetFieldPath value="TBSW0042" />
        </call>
    
        <!-- @Info: TBSW0043: LOAD E TRAVAS -->
        <call label="CallLOADER_TBSW0043">
        <when objectReferenceLabel="EXPR">
            <expr value="common.cod_fun != '0'" />
        </when>
            <dataManipXml filePath="$(FEGEN_XML_DIR)" fileName="DataBaseCommon.xml"/>
            <subDataManip objectReferenceLabel="LOADER_TBSW0043"/>
            <targetFieldPath value="target" />
            <targetFieldPath value="LOCAL" />
            <targetFieldPath value="TBSW0043" />
        </call>
    
        <call label="CallGrupoTravasTBSW0043">
        <when objectReferenceLabel="EXPR">
            <expr value="common.cod_fun != '0' &amp;&amp; common.msg_category != 'ADV_NEGADO' " />
        </when>
            <dataManipXml filePath="$(ACQSRV_VCH_XML_DIR)" fileName="GrupoTravas.xml"/>
            <subDataManip objectReferenceLabel="GrupoTravasTBSW0043"/>
            <targetFieldPath value="target" />
            <targetFieldPath value="LOCAL" />
            <targetFieldPath value="TBSW0043" />
        </call>
        
        <conditional-block label="Valida_Trava_Estorno_Fraude" >
        <if objectReferenceLabel="EXPR">
            <expr value="(common.msg_name == 'EST_VEND_CRT_GEN' ||
                          common.msg_name == 'EST_VEND_DBT_GEN' ) "/>

            <declare label="TMP" >
                <field label="COD_FUN_ANT" />
                <field label="COD_FUN_99" value="99" />
            </declare>

            <command label="copia_cod_fun" objectReferenceLabel="COPY" >
                <sourceFieldPath value="TBSW0043.COD_FUN" />
                <targetFieldPath value="TMP.COD_FUN_ANT" />
            </command>

            <command label="set_cod_fun_99" objectReferenceLabel="COPY" >
                <sourceFieldPath value="TMP.COD_FUN_99" />
                <targetFieldPath value="TBSW0043.COD_FUN" />
            </command>

            <call label="CallLOADER_TBSW0043">
                <dataManipXml filePath="$(FEGEN_XML_DIR)" fileName="DataBaseCommon.xml"/>
                <subDataManip objectReferenceLabel="LOADER_TBSW0043"/>
                <targetFieldPath value="target" />
                <targetFieldPath value="LOCAL" />
                <targetFieldPath value="TBSW0043" />
            </call>

            <call label="CallEnriquecimentoTBSW0043">
                <dataManipXml filePath="$(FEGEN_XML_DIR)" fileName="Enriquecimento.xml"/>
                <subDataManip objectReferenceLabel="EnriquecimentoTBSW0043"/>
                <targetFieldPath value="target" />
                <targetFieldPath value="LOCAL" />
                <targetFieldPath value="TBSW0043" />
            </call>

            <call label="CallGrupoTravasTBSW0043_ESTORNO">
                <when objectReferenceLabel="EXPR">
                    <expr value="common.msg_category != 'ADV_NEGADO'" />
                </when>
                <dataManipXml filePath="$(ACQSRV_VCH_XML_DIR)" fileName="GrupoTravas.xml"/>
                <subDataManip objectReferenceLabel="GrupoTravasTBSW0043_ESTORNO"/>
                <targetFieldPath value="target" />
                <targetFieldPath value="LOCAL" />
                <targetFieldPath value="TBSW0043" />
            </call>

            <command label="set_cod_fun_ant" objectReferenceLabel="COPY" >
                <sourceFieldPath value="TMP.COD_FUN_ANT" />
                <targetFieldPath value="TBSW0043.COD_FUN" />
            </command>
        </if>
        </conditional-block>        
        
        <!-- @Info: Travas que dependem de mais de uma tabela -->
        <call label="CallGrupoTravasTabelasCadastro">
            <dataManipXml filePath="$(ACQSRV_VCH_XML_DIR)" fileName="GrupoTravas.xml"/>
            <subDataManip objectReferenceLabel="GrupoTravasTabelasCadastro"/>
            <targetFieldPath value="target" />
            <targetFieldPath value="LOCAL" />
            <targetFieldPath value="TBSW0040" />
            <targetFieldPath value="TBSW0041" />
            <targetFieldPath value="TBSW0042" />
            <targetFieldPath value="TBSW0043" />
        </call>
    
    </dataManip>
    
    <dataManip label="FluxoVenda">
        <fieldSetReference reference="arg0" alias="target"/>
        <fieldSetReference reference="arg0.shc_msg" alias="shc_msg"/>
        <fieldSetReference reference="arg0.segments.common" alias="common"/>
        <fieldSetReference reference="arg1" alias="environment"/>
        <fieldSetReference reference="arg2" alias="LOCAL"/>
    
        <!-- @Info: TBSW0030 -->
        <command label="set_ind_tran_refd" objectReferenceLabel="VALUE">
            <targetFieldPath value="LOCAL.IND_TRAN_REFD" />
            <sourceValue value="0" />
        </command>

        <call label="CALL_INSERT_TBSW0030">
            <dataManipXml filePath="$(FEGEN_XML_DIR)" fileName="DataBaseCommon.xml" />
            <subDataManip objectReferenceLabel="INSERT_TBSW0030" />
            <targetFieldPath value="target" />
            <targetFieldPath value="LOCAL" />
        </call>
    
        <!-- @Info: TBSW0153 -->
        <call label="CALL_INSERT_TBSW0153">
            <dataManipXml filePath="$(FEGEN_XML_DIR)" fileName="DataBaseCommon.xml" />
            <subDataManip objectReferenceLabel="INSERT_TBSW0153" />
            <targetFieldPath value="target" />
            <targetFieldPath value="LOCAL" />
        </call>
    
        <!-- @Info: TBSW0034 -->
        <call label="CALL_INSERT_TBSW0034">
            <dataManipXml filePath="$(FEGEN_XML_DIR)" fileName="DataBaseCommon.xml" />
            <subDataManip objectReferenceLabel="INSERT_TBSW0034" />
            <targetFieldPath value="target" />
            <targetFieldPath value="LOCAL" />
        </call>
    
        <!-- @Info: TBSW0121 -->
        <call label="CALL_INSERT_TBSW0121">
            <dataManipXml filePath="$(FEGEN_XML_DIR)" fileName="DataBaseCommon.xml" />
            <subDataManip objectReferenceLabel="INSERT_TBSW0121" />
            <targetFieldPath value="target" />
            <targetFieldPath value="LOCAL" />
        </call>
    
    </dataManip>
    
    <dataManip label="FluxoTrocaSenha">
        <fieldSetReference reference="arg0" alias="target"/>
        <fieldSetReference reference="arg0.shc_msg" alias="shc_msg"/>
        <fieldSetReference reference="arg0.segments.common" alias="common"/>
        <fieldSetReference reference="arg1" alias="LOCAL"/>
    
        <!-- @Info: TBSW0030 -->
        <call label="CALL_INSERT_TBSW0030">
            <dataManipXml filePath="$(FEGEN_XML_DIR)" fileName="DataBaseCommon.xml" />
            <subDataManip objectReferenceLabel="INSERT_TBSW0030" />
            <targetFieldPath value="target" />
            <targetFieldPath value="LOCAL" />
        </call>
    
        <!-- @Info: TBSW0033 -->
        <call label="CALL_INSERT_TBSW0033">
            <dataManipXml filePath="$(FEGEN_XML_DIR)" fileName="DataBaseCommon.xml" />
            <subDataManip objectReferenceLabel="INSERT_TBSW0033" />
            <targetFieldPath value="target" />
            <targetFieldPath value="LOCAL" />
        </call>

        <call label="INSERT_TBSW0121">
            <subDataManip objectReferenceLabel="INSERT_TBSW0121" />
            <dataManipXml filePath="$(FEGEN_XML_DIR)" fileName="DataBaseCommon.xml"/>
            <targetFieldPath value="target" />
            <targetFieldPath value="LOCAL" />
        </call>
    
        <command label="mti_to_200" objectReferenceLabel="XCOPY" >
            <value sourceValue="200"  type="value" targetFieldPath="shc_msg.msgtype" />
            <value sourceValue="9080" type="value" targetFieldPath="shc_msg.origmsg" />
            <value sourceValue="9080" type="value" targetFieldPath="common.acq_msgtype" />
        </command>
    </dataManip>
    
    <dataManip label="FluxoEstorno">
        <fieldSetReference reference="arg0" alias="target"/>
        <fieldSetReference reference="arg0.shc_msg" alias="shc_msg"/>
        <fieldSetReference reference="arg0.segments.common" alias="common"/>
        <fieldSetReference reference="arg1" alias="environment"/>
        <fieldSetReference reference="arg2" alias="LOCAL"/>
    
        <!-- @Info: Set flag SH_DEVCAP_FROM_REPLAY (skip reversal void treatement in SHC) -->
        <command label="set_flag_to_skip_reversal_void_treatement_in_SHC" objectReferenceLabel="IST_FLAG">
            <targetFieldPath value="shc_msg.device_cap"/>
            <flagName value="SH_DEVCAP_FROM_REPLAY"/>
            <enableFlag value="true"/>
        </command>
    
        <!-- Formatador de saida utiliza o authnum para preenchimento do DE125 para envio da msg para o emissor -->
        <command label="set_mesmo_authnum_da_original" objectReferenceLabel="COPY">
        <when objectReferenceLabel="EXPR">
            <expr value="common.orig_authnum != ''"/>
        </when>
            <sourceFieldPath value="common.orig_authnum"/>
            <targetFieldPath value="shc_msg.authnum"/>
        </command>
    
        <!-- @Info: TBSW0030 -->
        <call label="INSERT_TBSW0030">
            <subDataManip objectReferenceLabel="INSERT_TBSW0030" />
            <dataManipXml filePath="$(FEGEN_XML_DIR)" fileName="DataBaseCommon.xml"/>
            <targetFieldPath value="target" />
            <targetFieldPath value="LOCAL" />
        </call>
    
        <call label="INSERT_TBSW0121">
            <subDataManip objectReferenceLabel="INSERT_TBSW0121" />
            <dataManipXml filePath="$(FEGEN_XML_DIR)" fileName="DataBaseCommon.xml"/>
            <targetFieldPath value="target" />
            <targetFieldPath value="LOCAL" />
        </call>

        <call label="CallTrataMsgRetAoResp">
        <when objectReferenceLabel="EXPR">
            <expr value="common.status_trn_orig == '4'" />
        </when>
            <dataManipXml filePath="$(FEGEN_XML_DIR)" fileName="DataManipCommon.xml"/>
            <subDataManip objectReferenceLabel="TrataMsgRetAoResp"/>
            <targetFieldPath value="target" />
            <targetFieldPath value="environment" />
            <targetFieldPath value="LOCAL" />
        </call>

    </dataManip>
    
    <dataManip label="FluxoDesfazimento">
        <fieldSetReference reference="arg0" alias="target"/>
        <fieldSetReference reference="arg0.shc_msg" alias="shc_msg"/>
        <fieldSetReference reference="arg0.segments.common" alias="common"/>
        <fieldSetReference reference="arg1" alias="environment"/>
        <fieldSetReference reference="arg2" alias="LOCAL"/>
    
        <!-- @Info: Set flag SH_DEVCAP_FROM_REPLAY (skip reversal void treatement in SHC) -->
        <command label="set_flag_to_skip_reversal_void_treatement_in_SHC" objectReferenceLabel="IST_FLAG">
            <targetFieldPath value="shc_msg.device_cap"/>
            <flagName value="SH_DEVCAP_FROM_REPLAY"/>
            <enableFlag value="true"/>
        </command>
    
        <!-- @Info: TBSW0030 -->
        <call label="INSERT_TBSW0030">
            <subDataManip objectReferenceLabel="INSERT_TBSW0030" />
            <dataManipXml filePath="$(FEGEN_XML_DIR)" fileName="DataBaseCommon.xml"/>
            <targetFieldPath value="target" />
            <targetFieldPath value="LOCAL" />
        </call>
    
        <!-- @Info: TBSW1039 -->
        <call label="INSERT_TBSW1039">
        <when objectReferenceLabel="EXPR">
            <expr value="LOCAL.trn_tem_original == 'FALSE'" />
        </when>
            <subDataManip objectReferenceLabel="INSERT_TBSW1039" />
            <dataManipXml filePath="$(FEGEN_XML_DIR)" fileName="DataBaseCommon.xml"/>
            <targetFieldPath value="target" />
            <targetFieldPath value="LOCAL" />
        </call>

        <conditional-block label="VerificaInsertTBSW0121">
             <if objectReferenceLabel="EXPR">
             <expr value="common.is_desfaz_estorno == 'FALSE'" />
                <call label="INSERT_TBSW0121">
                    <subDataManip objectReferenceLabel="INSERT_TBSW0121" />
                    <dataManipXml filePath="$(FEGEN_XML_DIR)" fileName="DataBaseCommon.xml"/>
                    <targetFieldPath value="target" />
                    <targetFieldPath value="LOCAL" />
                </call>
            </if>
        </conditional-block>
    
    </dataManip>
    
    <dataManip label="FluxoConfirmacao" >
        <fieldSetReference reference="arg0" alias="target"/>
        <fieldSetReference reference="arg0.shc_msg" alias="shc_msg"/>
        <fieldSetReference reference="arg0.segments.common" alias="common"/>
        <fieldSetReference reference="arg1" alias="environment"/>
        <fieldSetReference reference="arg2" alias="EVENT_DATA"/>
        <fieldSetReference reference="arg3" alias="LOCAL"/>

        <declare label="TMP">
            <field label="resultado_dual_sync_ativo" value="OFF"/>
        </declare>

        <!--
        <call label="CallVerificaDualSyncAtivo">
            <dataManipXml filePath="$(FEGEN_XML_DIR)" fileName="DataManipCommon.xml"/>
            <subDataManip objectReferenceLabel="VerificaDualSyncAtivo" />
            <targetFieldPath value="TMP.resultado_dual_sync_ativo" />
            <targetFieldPath value="common" />
            <targetFieldPath value="target" />
            <targetFieldPath value="LOCAL" />
        </call>
        -->

        <conditional-block label="TrataConfirmacao" >
            <if objectReferenceLabel="EXPR">
            <expr value="common.reversal_type == '-1' &amp;&amp; TMP.resultado_dual_sync_ativo == 'ON'" />
                <call label="CallDefineEnderecoTrnCommon">
                    <dataManipXml filePath="$(FEGEN_XML_DIR)" fileName="DataManipCommon.xml"/>
                    <subDataManip objectReferenceLabel="DefineEnderecoTrnCommon" />
                    <targetFieldPath value="target" />
                    <targetFieldPath value="environment" />
                    <targetFieldPath value="LOCAL" />
                </call>

                <command label="CopySenderAddressToForwardAddress" objectReferenceLabel="COPY" >
                    <when objectReferenceLabel="EXPR">
                        <expr value="environment.SENDER_ADDRESS &gt; '0'" />
                    </when>
                    <sourceFieldPath value = "environment.SENDER_ADDRESS" />
                    <targetFieldPath value = "environment.FORWARD_ADDRESS" />
                </command>

                <command label="========= Enviando 202 para o Dual Sync =========" objectReferenceLabel="EXIT" />
            </if>
            <else-if objectReferenceLabel="EXPR">
            <expr value="(common.reversal_type == '-1' &amp;&amp; TMP.resultado_dual_sync_ativo == 'OFF') || common.reversal_type == '-2'" />
                <command label=" ===== CONF SEM ORIGINAL ===== " objectReferenceLabel="XDUMP">
                    <sourceFieldPath value = "shc_msg.refnum" />
                    <sourceFieldPath value = "common.origrefnum" />
                    <sourceFieldPath value = "shc_msg.trace" />
                    <sourceFieldPath value = "LOCAL.trn_tem_original" />
                    <sourceFieldPath value = "common.reversal_type" />
                    <sourceFieldPath value = "TMP.resultado_dual_sync_ativo" />
                </command>

                <command label="DropandoConfirmacaoSemOriginal " objectReferenceLabel="DROP">
                    <disableLog value = "TRUE" />
                </command>
            </else-if>
            <else>
                <!-- @Info: estrutura para armazenar os dados da original -->
                <declare label="TBSW0153_ORIG" >
                    <field label="RESULT"/>
                    <field label="DAT_MOV_TRAN"/>
                    <field label="NUM_SEQ_UNC"/>
                    <field label="NUM_EMSR"/>
                    <field label="IND_VAL_APR_SLDO_DSPL"/>
                    <field label="VAL_EFTV_APRV"/>
                    <field label="NUM_RTDR_TRK"/>
                    <field label="DTH_VD_TERM"/>
                    <field label="IND_MOT_APRV_OFLN"/>
                </declare>
            
                <conditional-block label="TesteConfirmacaoDeNegada" >
                    <if objectReferenceLabel="EXPR">
                    <expr value="common.status_trn_orig == '2'" />
                        <command label="  ========= Confirmacao de Transacao Negada =========  " objectReferenceLabel="DROP">
                            <disableLog value = "TRUE" />
                        </command>
                    </if>
                </conditional-block>

                <call label="CallLOADER_TBSW0153">
                    <dataManipXml filePath="$(FEGEN_XML_DIR)" fileName="DataBaseCommon.xml"/>
                    <subDataManip objectReferenceLabel="LOADER_TBSW0153"/>
                    <targetFieldPath value="target" />
                    <targetFieldPath value="LOCAL" />
                    <targetFieldPath value="TBSW0153_ORIG" />
                </call>
                
                <conditional-block label="TratamentoDadoTBSW0153" >
                    <if objectReferenceLabel="EXPR">
                    <expr value="TBSW0153_ORIG.RESULT == 'OK'" />
                        <command label="set_valores_confirmacao_2" objectReferenceLabel="XCOPY">
                            <value sourceField="TBSW0153_ORIG.NUM_EMSR"     type="value" targetFieldPath="common.cod_emsr" />
                        </command>
                        <conditional-block label="TratamentoValorSaldoDisponivel" >
                            <if objectReferenceLabel="EXPR">
                            <expr value="TBSW0153_ORIG.IND_VAL_APR_SLDO_DSPL == 'S'" />
                                <command label="set_valores_confirmacao_2" objectReferenceLabel="XCOPY">
                                    <value sourceField="TBSW0153_ORIG.VAL_EFTV_APRV"     type="value" targetFieldPath="shc_msg.amount" />
                                </command>
                            </if>
                        </conditional-block>
                    </if>
                </conditional-block>
                <command label="  ========= shc_msg.amount depois do Loader TBSW0153 =========" objectReferenceLabel="FIELDSET_DUMP">
                    <sourceFieldPath value = "shc_msg.amount" />
                </command>
                
                <call label="CallTerceiraPernaCommon">
                    <dataManipXml filePath="$(FEGEN_XML_DIR)" fileName="DataManipCommon.xml"/>
                    <subDataManip objectReferenceLabel="TerceiraPernaCommon"/>
                    <targetFieldPath value="target" />
                    <targetFieldPath value="environment" />
                    <targetFieldPath value="LOCAL" />
                </call>

                <call label="CallDefineStatusTrnResp">
                    <dataManipXml filePath="$(FEGEN_XML_DIR)" fileName="DataManipCommon.xml"/>
                    <subDataManip objectReferenceLabel="DefineStatusTrnResp" />
                    <targetFieldPath value="target" />
                    <targetFieldPath value="LOCAL" />
                </call>
                
                <conditional-block label="Atualiza somente se encontrou" >
                    <if objectReferenceLabel="EXPR">
                    <expr value="common.reversal_type in ('1, 2')" />
                        <command label="update_to_confirmed" objectReferenceLabel="XCOPY" >
                            <value sourceValue="1" type="value" targetFieldPath="common.status" />
                        </command>

                        <call label="UPDATE_ORIG_TBSW0030">
                            <subDataManip objectReferenceLabel="UPDATE_ORIG_TBSW0030" />
                            <dataManipXml filePath="$(FEGEN_XML_DIR)" fileName="DataBaseCommon.xml"/>
                            <targetFieldPath value="target" />
                            <targetFieldPath value="LOCAL" />
                        </call>
                    </if>
                </conditional-block>

                <!-- AM_J07_2021 - VOUCHER BEN - INICIO -->
                <command label="  ========= isVOUCHER common.iss_name =========" objectReferenceLabel="FIELDSET_DUMP">
                    <sourceFieldPath value = "common.iss_name" />
                </command>

                <conditional-block label="VerificaEnvio202Voucher">
                    <if objectReferenceLabel="EXPR">
                    <expr value=" common.iss_name == 'VCH_BEN' " />
                        <command label="========= NAO envia 202 para VOUCHER =========" objectReferenceLabel="DROP" />
                    </if>
                </conditional-block>
                <!-- AM_J07_2021 - VOUCHER BEN - FIM -->

                <command label="mti_to_200" objectReferenceLabel="XCOPY" >
                    <value sourceValue="200" type="value" targetFieldPath="shc_msg.msgtype" />
                    <value sourceValue="202" type="value" targetFieldPath="common.acq_msgtype" />
                </command>

                <!-- <command label="FluxoConfirmacao::Mudou Msgtype" objectReferenceLabel="XDUMP">
                    <sourceFieldPath value = "shc_msg.msgtype" />
                    <sourceFieldPath value = "common.acq_msgtype" />
                </command> -->
                <command label="Envio_SHC" objectReferenceLabel="MAILBOXLOCATOR" >
                    <mailboxName value="SharedCash" />
                    <targetFieldPath value="environment.FORWARD_ADDRESS" />
                </command>

                <!-- Emergencial para contornar o problema de estouro de tamanho de mensagem
                            Desliga o segmento "commerce" nao utilizado pelo POS e PDV     -->
                <command label="SetOFF_seg_commerce" objectReferenceLabel="TURN_OFF" >
                    <targetFieldPath value="target.segments.commerce" />
                </command>

                <!-- AUT1-3410 - J05/21 - Antifraude Link de Pagamento - INICIO -->
                <command label="SetOFF_seg_web_acquirer" objectReferenceLabel="TURN_OFF" >
                    <targetFieldPath value="target.segments.web_acquirer" />
                </command>
                <!-- AUT1-3410 - J05/21 - Antifraude Link de Pagamento - FIM -->

                <command label="SetOFF_seg_private_label" objectReferenceLabel="TURN_OFF" >
                    <targetFieldPath value="target.segments.private_label" />
                </command>		
                
                <command label="SetOFF_seg_adm" objectReferenceLabel="TURN_OFF" >
                    <targetFieldPath value="target.segments.adm" />
                </command>

                <command label=" ========= Enviando 202 para o SharedCash =========" objectReferenceLabel="FIELDSET_DUMP2">
                    <sourceFieldPath value = "target" />
                    <dbgLevel value = "DEBUG"/>
                </command>

                <command label="========= Enviando 202 para o SHC =========" objectReferenceLabel="EXIT" />
            </else>
        </conditional-block>
    </dataManip>
    
    <dataManip label="PosRoteamentoVoucher">
        <fieldSetReference reference="arg0" alias="target"/>
        <fieldSetReference reference="arg0.shc_msg" alias="shc_msg"/>
        <fieldSetReference reference="arg0.segments.common" alias="common"/>
        <fieldSetReference reference="arg1" alias="environment"/>
        <fieldSetReference reference="arg2" alias="LOCAL"/>
    
        <conditional-block label="TratamentoMTI" >
            <if objectReferenceLabel="EXPR">
            <expr value="common.msg_category == 'CONFIRMACAO'  &amp;&amp; common.iss_name == 'TICKET_CHIP'" />
                <call label="CallTrataMsgRetAoResponseEEmissor">
                    <dataManipXml filePath="$(FEGEN_XML_DIR)" fileName="DataManipCommon.xml"/>
                    <subDataManip objectReferenceLabel="TrataMsgRetAoResponseEEmissor"/>
                    <targetFieldPath value="target" />
                    <targetFieldPath value="environment" />
                    <targetFieldPath value="LOCAL" />
                </call>
            </if>

            <else-if objectReferenceLabel="EXPR">
            <expr value="common.msg_name == 'DESF_ADV_VEND_VCH' || 
                        (common.msg_name == 'DESF_EST_VEND_VCH_GEN' &amp;&amp; common.orig_transcode == '12')" /> <!-- DESF_EST_ADV_VEND_VCH -->
                <call label="CallTrataMsgDesfzAdvRetAoResponse">
                    <dataManipXml filePath="$(FEGEN_XML_DIR)" fileName="DataManipCommon.xml"/>
                    <subDataManip objectReferenceLabel="TrataMsgRetAoResp"/>
                    <targetFieldPath value="target" />
                    <targetFieldPath value="environment" />
                    <targetFieldPath value="LOCAL" />
                </call>
            </else-if>
            <else-if objectReferenceLabel="EXPR">
            <expr value=" common.msg_category == 'DESFAZIMENTO' &amp;&amp; common.iss_name == 'TICKET_CHIP'" />
                <call label="CallTrataRetornoDesfazimento">
                    <dataManipXml filePath="$(FEGEN_XML_DIR)" fileName="DataManipCommon.xml"/>
                    <subDataManip objectReferenceLabel="TrataRetornoDesfazimento" />
                    <targetFieldPath value="target" />
                    <targetFieldPath value="environment" />
                    <targetFieldPath value="LOCAL" />
                </call>  
            </else-if>
            <else-if objectReferenceLabel="EXPR">
            <expr value="common.msg_name == 'DESF_EST_VEND_VCH_GEN'" />
                <call label="CallTrataMsgDesfzAdvRetAoResponse">
                    <dataManipXml filePath="$(FEGEN_XML_DIR)" fileName="DataManipCommon.xml"/>
                    <subDataManip objectReferenceLabel="TrataMsgRetAoResp"/>
                    <targetFieldPath value="target" />
                    <targetFieldPath value="environment" />
                    <targetFieldPath value="LOCAL" />
                </call>
            </else-if>
            <else-if objectReferenceLabel="EXPR">
            <expr value="common.msg_category == 'DESFAZIMENTO'" />
                <command label="mti_to_420" objectReferenceLabel="XCOPY" >
                    <when objectReferenceLabel="EXPR">
                        <!-- A conversao deve ser feita se a mensagem for para o shc -->
                        <expr value="shc_msg.msgtype == '9300' &amp;&amp; (common.status_trn_orig == '0' || common.status_trn_orig == '9')" /> 
                    </when>
                    <value sourceValue="420"  type="value" targetFieldPath="shc_msg.msgtype" />
                    <value sourceValue="9300" type="value" targetFieldPath="shc_msg.origmsg" />
                    <value sourceValue="9300" type="value" targetFieldPath="common.acq_msgtype" />
                </command>
                <call label="CallTrataRetornoDesfazimento">
                    <dataManipXml filePath="$(FEGEN_XML_DIR)" fileName="DataManipCommon.xml"/>
                    <subDataManip objectReferenceLabel="TrataRetornoDesfazimento" />
                    <targetFieldPath value="target" />
                    <targetFieldPath value="environment" />
                    <targetFieldPath value="LOCAL" />
                </call>  
            </else-if>
            <else>
                <call label="CallTrataMsgRetAoResponse">
                    <when objectReferenceLabel="EXPR">
                        <expr value="common.msg_category == 'ADV_APROVADO' || common.msg_category == 'ADV_NEGADO' || common.msg_category == 'CONFIRMACAO' ||
                                     common.msg_name == 'EST_ADV_VEND_VCH'" />
                    </when>
                    <dataManipXml filePath="$(FEGEN_XML_DIR)" fileName="DataManipCommon.xml"/>
                    <subDataManip objectReferenceLabel="TrataMsgRetAoResp"/>
                    <targetFieldPath value="target" />
                    <targetFieldPath value="environment" />
                    <targetFieldPath value="LOCAL" />
                </call>
            </else>
        </conditional-block>
    </dataManip>
    
    <dataManip label="SalvarDadosEvento">
        <fieldSetReference reference="arg0" alias="target"/>
        <fieldSetReference reference="arg0.shc_msg" alias="shc_msg"/>
        <fieldSetReference reference="arg0.segments.common" alias="common"/>
        <fieldSetReference reference="arg0.segments.merchant" alias="merchant"/>
        <fieldSetReference reference="arg0.segments.adm" alias="adm"/>
        <fieldSetReference reference="arg1" alias="environment"/>
        <fieldSetReference reference="arg2" alias="EVENT_DATA"/>
        <fieldSetReference reference="arg3" alias="LOCAL"/>
    
        <command label="set_event_timeout" objectReferenceLabel="VALUE">
            <targetFieldPath value="EVENT_DATA.event_timeout"/>
            <sourceValue value="50"/>
        </command>
        <command label="set_event_action" objectReferenceLabel="VALUE">
            <targetFieldPath value="EVENT_DATA.event_action"/>
            <sourceValue value="TM_NOTIFY_ONCE"/>
        </command>

        <call label="CallSetValuesEventDefault">
            <dataManipXml filePath="$(FEGEN_XML_DIR)" fileName="DataManipCommon.xml"/>
            <subDataManip objectReferenceLabel="SetValuesEventDefault" />
            <targetFieldPath value="target" />
            <targetFieldPath value="LOCAL" />
            <targetFieldPath value="EVENT_DATA" />
        </call>

        <!-- Caso nao encontre a original, o origdate fica vazio ao recuperar o evento -->
        <command label="copy_date_when_not_found_in_tbsw0030" objectReferenceLabel="XCOPY">
            <when objectReferenceLabel="EXPR">
                <expr value="LOCAL.data_tbsw0030 == ''" />
            </when>
            <value sourceField="shc_msg.origdate" type="value" targetFieldPath="LOCAL.data_tbsw0030"/>
        </command>
    
        <command label="copy_event_data_vch" objectReferenceLabel="XCOPY">
            <value sourceField="common.origrefnum"                      type="value" targetFieldPath="EVENT_DATA.origrefnum"/>
            <value sourceField="LOCAL.data_tbsw0030"                    type="value" targetFieldPath="EVENT_DATA.data_tbsw0030"/>
            <value sourceField="target.segments.voucher.nom_prod_cpom"  type="value" targetFieldPath="EVENT_DATA.nom_prod_cpom"/>
            <value sourceField="LOCAL.termid"                           type="value" targetFieldPath="EVENT_DATA.termid" />
            <value sourceField="LOCAL.termloc"                          type="value" targetFieldPath="EVENT_DATA.termloc" />
            <value sourceField="shc_msg.pan"                            type="value" targetFieldPath="EVENT_DATA.pan" />
            <value sourceField="merchant.cod_vers_sftw"                 type="value" targetFieldPath="EVENT_DATA.cod_vers_sftw" />
            <value sourceField="merchant.mer_name"                      type="value" targetFieldPath="EVENT_DATA.mer_name" />
            <value sourceField="common.terminal_pdv"                    type="value" targetFieldPath="EVENT_DATA.terminal_pdv" />
            <value sourceField="LOCAL.is_desfz_emissor"                 type="value" targetFieldPath="EVENT_DATA.is_desfz_emissor" />
            <value sourceField="adm.num_sre_term"                       type="value" targetFieldPath="EVENT_DATA.num_sre_term" />
            <value sourceField="adm.id_pinpad"                          type="value" targetFieldPath="EVENT_DATA.id_pinpad" />
            <value sourceField="common.is_fallback"                     type="value" targetFieldPath="EVENT_DATA.is_fallback" />
            <value sourceField="common.is_nfc"                          type="value" targetFieldPath="EVENT_DATA.is_nfc" />
            <value sourceField="merchant.num_cnpj"                      type="value" targetFieldPath="EVENT_DATA.num_cnpj" />
            <value sourceField="common.ecr_fabr_id"                     type="value" targetFieldPath="EVENT_DATA.ecr_fabr_id" />
            <value sourceField="merchant.versSotfwBiblCompartPinpad"    type="value" targetFieldPath="EVENT_DATA.versSotfwBiblCompartPinpad" />
            <value sourceField="merchant.versEspecBiblCompartPinpad"    type="value" targetFieldPath="EVENT_DATA.versEspecBiblCompartPinpad" />
            <value sourceField="common.cvm_code"                        type="value" targetFieldPath="EVENT_DATA.cvm_code" />
            <value sourceField="target.segments.voucher.txt_rdpe_cpom"  type="value" targetFieldPath="EVENT_DATA.txt_rdpe_cpom"/>
            <value sourceField="common.reversal_type"                   type="value" targetFieldPath="EVENT_DATA.reversalType" />
            <value sourceField="merchant.tpdu"                          type="value" targetFieldPath="EVENT_DATA.tpdu" />
            <value sourceField="merchant.in_tpo_tcn"                    type="value" targetFieldPath="EVENT_DATA.in_tpo_tcn" />

            <!-- AUT1-1830 - ELO endereco EC no CV - INICIO -->
            <value sourceField="LOCAL.nom_logr_pdv"     type="value" targetFieldPath="EVENT_DATA.nom_logr_pdv" />
            <value sourceField="LOCAL.num_logr_pdv"     type="value" targetFieldPath="EVENT_DATA.num_logr_pdv" />
            <value sourceField="LOCAL.nom_brr_pdv"      type="value" targetFieldPath="EVENT_DATA.nom_brr_pdv" />
            <value sourceField="LOCAL.des_cpl_endr_pdv" type="value" targetFieldPath="EVENT_DATA.des_cpl_endr_pdv" />
            <value sourceField="merchant.mer_city"      type="value" targetFieldPath="EVENT_DATA.mer_city" />
            <value sourceField="merchant.mer_state"     type="value" targetFieldPath="EVENT_DATA.mer_state" />
            <!-- AUT1-1830 - ELO endereco EC no CV - FIM -->
            <value sourceField="LOCAL.mailboxName"      type="value" targetFieldPath="EVENT_DATA.porta_origem" />
            <value sourceField="target.segments.acq_common.COD_TRAN_CAD" type="value" targetFieldPath="EVENT_DATA.COD_TRAN_CAD" />
        </command>
    
        <command label="  ========= Dados salvos no evento =========  " objectReferenceLabel="FIELDSET_DUMP">
            <sourceFieldPath value = "EVENT_DATA" />
        </command>
    
        <command label="create_event" objectReferenceLabel="EVENTMANAGER" >
            <operation value = "create" />
            <mailBoxId value = "environment.RETURN_ADDRESS" />
            <timeout value = "EVENT_DATA.event_timeout" />
            <action value = "EVENT_DATA.event_action" />
            <key value = "shc_msg.refnum" />
            <sourceFieldPath value = "EVENT_DATA" />
        </command>
    
    </dataManip>
    
    <!-- Recupera dados das transacoes originais -->
    <dataManip label="RecuperaDadosTrnOriginal">
        <fieldSetReference reference="arg0" alias="target"/>
        <fieldSetReference reference="arg0.shc_msg" alias="shc_msg"/>
        <fieldSetReference reference="arg0.segments.common" alias="common"/>
        <fieldSetReference reference="arg1" alias="environment"/>
        <fieldSetReference reference="arg2" alias="LOCAL"/>
    
        <!-- @Info: estrutura para armazenar os dados da original -->
        <declare label="TBSW0030_ORIG">
            <field label="DAT_MOV_TRAN"/>
            <field label="NUM_SEQ_UNC"/>
            <field label="DTH_GMT"/>
            <field label="DTH_INI_TRAN"/>
            <field label="DAT_CTB_TRAN"/>
            <field label="COD_MSG_ISO"/>
            <field label="COD_PCM_ISO"/>
            <field label="TIP_TRAN"/>
            <field label="TIP_DTLH_TRAN"/>
            <field label="TIP_VD"/>
            <field label="TIP_PLN_PGMN"/>
            <field label="COD_CTGR_TRAN"/>
            <field label="COD_CMPM_TRAN"/>
            <field label="NUM_RD_ORG"/>
            <field label="NUM_ESTB"/>
            <field label="COD_TERM"/>
            <field label="NUM_STAN"/>
            <field label="TIP_TCNL"/>
            <field label="TIP_TERM"/>
            <field label="COD_RAM_ATVD"/>
            <field label="COD_POS_ENTR_MODO"/>
            <field label="COD_BNDR"/>
            <field label="COD_EMSR"/>
            <field label="NUM_EMSR"/>
            <field label="NUM_ID_CAR"/>
            <field label="COD_PAIS_CAR"/>
            <field label="NUM_CAR"/>
            <field label="DAT_VLD_CAR"/>
            <field label="IND_TRK"/>
            <field label="IND_CPTR_CVC_2"/>
            <field label="NUM_CVC_2"/>
            <field label="COD_TRK_CAR"/>
            <field label="COD_SERV"/>
            <field label="COD_SERV_SNHA"/>
            <field label="IND_ID_PREV"/>
            <field label="VAL_TRAN"/>
            <field label="VAL_TOTL_TRAN"/>
            <field label="COD_MOED"/>
            <field label="NUM_CV"/>
            <field label="NUM_AUT"/>
            <field label="COD_MOT_AUT"/>
            <field label="NUM_MOT_RSPS"/>
            <field label="COD_MOT_RSPS_EXT"/>
            <field label="COD_MOT_SW"/>
            <field label="IND_STTU_TRAN"/>
            <field label="DTH_STTU_TRAN"/>
            <field label="COD_PROD"/>
            <field label="NUM_RSMO_VD"/>
            <field label="DAT_RSMO_VD"/>
            <field label="NOM_LOC_ESTB"/>
            <field label="IND_TERM_RLCD_CHIP"/>
            <field label="IND_DFZM"/>
            <field label="IND_ESTR"/>
            <field label="IND_CPTRDO"/>
            <field label="IND_AGND_TRAN"/>
            <field label="IND_IMPR_CPOM"/>
            <field label="IND_EMSR_MTC"/>
            <field label="IND_DA_RLCD_CHIP"/>
            <field label="IND_DA_RLCD_IATA"/>
            <field label="IND_TRAN_REFD"/>
            <field label="TIP_TRAN_ORGL"/>
            <field label="DAT_EXPC_TRAN"/>
            <field label="VAL_TRAN_DLR"/>
            <field label="VAL_COT_DLR"/>
            <field label="COD_CTR"/>
            <field label="VAL_TX"/>
            <field label="COD_REF_RESTANTE"/>
            <field label="COD_CNDC_CPTR_PAUZ"/>
            <field label="TIP_ENT_PAUZ"/>
            <field label="COD_OPER_CNFR"/>
            <field label="PRCN_TX_RISC"/>
            <field label="VAL_TX_RISC"/>
            <field label="COD_CNDC_CPTR"/>
            <field label="NOM_SITE_ACQR_ORGL"/>
            <field label="NOM_HOST_ACQR_ORGL"/>
            <field label="NOM_FE_ACQR_ORGL"/>
            <field label="NOM_SITE_ISSR"/>
            <field label="NOM_HOST_ISSR"/>
            <field label="NOM_FE_ISSR"/>
            <field label="NOM_SITE_ACQR_ATLZ"/>
            <field label="NOM_HOST_ACQR_ATLZ"/>
            <field label="NOM_FE_ACQR_ATLZ"/>
            <field label="TXT_DA_ADIC_EMSR"/>
            <field label="TIP_MODL_CPTR"/>
            <field label="DTH_TRAN_EMSR"/>
            <field label="DAT_LQDC_EMSR"/>
            <field label="COD_ISTT_ACQR"/>
            <field label="COD_ISTT_FRWD"/>
            <field label="COD_RSPS_DTLH_EMSR"/>
            <field label="COD_RSTD_NUM_CVC_2"/>
            <field label="COD_SERV_TRK_CAR"/>
            <field label="COD_VLDC_EMSR"/>
            <field label="IND_AUT"/>
            <field label="IND_DA_RLCD_KMRC"/>
            <field label="IND_TRAN_SEM_ORGL"/>
            <field label="DAT_PAUZ"/>
            <field label="NUM_SEQ_UNC_PAUZ"/>
            <field label="COD_TRAN_CAD"/>
            <field label="COD_AUT_EMSR"/>
            <field label="COD_NTWK_ID_ACQR_ATLZ"/>
            <field label="COD_NTWK_ID_ACQR_ORGL"/>
            <field label="COD_NTWK_ID_ROUT_ATLZ"/>
            <field label="COD_NTWK_ID_ROUT_ORGL"/>
            <field label="COD_NTWK_ID_ISSR_ATLZ"/>
            <field label="COD_NTWK_ID_ISSR_ORGL"/>
            <field label="COD_RAM_MCC"/>
            <field label="COD_CNDC_CPTR_EMSR"/>
            <field label="COD_PROD_CDST"/>
            <field label="COD_SERV_CORP"/>
            <field label="COD_EMP_ADQT"/>
            <field label="NUM_PDV_EXT"/>
            <field label="NUM_PDV_VAN"/>
            <field label="COD_DSPO_NFC"/>
            <field label="IND_TRAN_TKN"/>
            <field label="COD_ORG_APRV"/>
            <field label="RESULT"/>
			<field label="COD_PORT_PRES_VLDC_BNDR" />
			<field label="COD_CPCD_TERM_VLDC_BNDR" />			
        </declare>
        
        <call label="CallRecuperaDadosOriginal">
            <dataManipXml filePath="$(FEGEN_XML_DIR)" fileName="DataManipCommon.xml"/>
            <subDataManip objectReferenceLabel="RecuperaDadosOriginal" />
            <targetFieldPath value="target" />
            <targetFieldPath value="LOCAL" />
            <targetFieldPath value="TBSW0030_ORIG" />
        </call>

        <!-- TODO: Qual a razao deste EnriqConfEspecialTBSW0030 -->
        <!-- neste passo o is_3a_perna e marcado como false, mas devemos deixar ele como true depois disso -->
        <call label="call_EnriqConfEspecialTBSW0030">
            <when objectReferenceLabel="EXPR">
                <expr value="common.msg_category == 'CONFIRMACAO'" />
            </when>
            <dataManipXml filePath="$(FEGEN_XML_DIR)" fileName="DataManipCommon.xml"/>
            <subDataManip objectReferenceLabel="EnriqConfEspecialTBSW0030"/>
            <targetFieldPath value="target"/>
            <targetFieldPath value="LOCAL"/>
            <targetFieldPath value="TBSW0030_ORIG"/>
        </call>

        
        <!-- Acerta flag de DESFAZIMENTO SEM ORIGINAL .. -->
        <conditional-block label="check_is_find_original_data_from_tbsw0030">
        <if objectReferenceLabel="EXPR">
        <expr value="TBSW0030_ORIG.RESULT == 'NO ROWS' &amp;&amp; 
                     common.msg_category == 'DESFAZIMENTO'"/>
            <command label="set_is_desfz_sem_original" objectReferenceLabel="VALUE" >
                <sourceValue value="TRUE" />
                <targetFieldPath value="LOCAL.is_desfz_sem_original" />
            </command>
        </if>
        </conditional-block>

        <call label="CallRecuperaDadosOriginal153">
            <when objectReferenceLabel="EXPR">
                <expr value="common.is_desfaz_estorno != 'TRUE'" />
            </when>
            <subDataManip objectReferenceLabel="RecuperaDadosOriginal153" />
            <targetFieldPath value="target" />
            <targetFieldPath value="LOCAL" />
        </call>
        
        <call label="CallGrupoTravasEstorno">
            <when objectReferenceLabel="EXPR">
                <expr value="common.msg_category == 'ESTORNO'" />
            </when>
            <dataManipXml filePath="$(ACQSRV_VCH_XML_DIR)" fileName="GrupoTravas.xml"/>
            <subDataManip objectReferenceLabel="GrupoTravasEstorno"/>
            <targetFieldPath value="target" />
            <targetFieldPath value="LOCAL" />
            <targetFieldPath value="TBSW0030_ORIG" />
        </call>

        <conditional-block label="TratamentoDesfazimento" >
            <if objectReferenceLabel="EXPR">
            <expr value=" common.msg_category == 'DESFAZIMENTO'" />
                <!-- Chamar aqui a trava para negar desfazimento de transacao confirmada -->
                <call label="CallGrupoTravasDesfazimento">
                    <dataManipXml filePath="$(ACQSRV_VCH_XML_DIR)" fileName="GrupoTravas.xml"/>
                    <subDataManip objectReferenceLabel="GrupoTravasDesfazimento"/>
                    <targetFieldPath value="target" />
                    <targetFieldPath value="LOCAL" />
                    <targetFieldPath value="TBSW0030_ORIG" />
                </call>

            </if>
        </conditional-block>
        
    </dataManip>

    <dataManip label="RecuperaDadosOriginal153">
        <fieldSetReference reference="arg0" alias="target"/>
        <fieldSetReference reference="arg0.shc_msg" alias="shc_msg"/>
        <fieldSetReference reference="arg0.segments.common" alias="common"/>
        <fieldSetReference reference="arg1" alias="LOCAL"/>

        <declare label="TBSW0153">
            <field label="RESULT"/>
            <field label="DAT_MOV_TRAN"/>
            <field label="NUM_SEQ_UNC"/>
            <field label="NUM_EMSR"/>
            <field label="IND_VAL_APR_SLDO_DSPL"/>
            <field label="VAL_EFTV_APRV"/>
            <field label="NUM_RTDR_TRK"/>
            <field label="DTH_VD_TERM"/>
            <field label="IND_MOT_APRV_OFLN"/>
        </declare>

        <call label="CallLOADER_TBSW0153">
            <dataManipXml filePath="$(FEGEN_XML_DIR)" fileName="DataBaseCommon.xml"/>
            <subDataManip objectReferenceLabel="LOADER_TBSW0153"/>
            <targetFieldPath value="target" />
            <targetFieldPath value="LOCAL" />
            <targetFieldPath value="TBSW0153" />
        </call>

        <command label="set_NUM_RTDR_TRK" objectReferenceLabel="COPY" >
            <sourceFieldPath value="TBSW0153.NUM_RTDR_TRK" />
            <targetFieldPath value="LOCAL.num_rtdr" />
        </command>

    </dataManip>

</dataManip-list>
