<?xml version="1.0" encoding="iso-8859-1"?>
<!DOCTYPE dataManip-list SYSTEM "../../../PDV/dtd/fwsw/DataManip.dtd">

<dataManip-list>

    <!-- @Info: CHAMANDA DO MANIP PRINCIAL -->
    <dataManip label="RES_ACQSRV_VCH">
        <fieldSetReference reference="shc_side_msg" alias="source" />
        <fieldSetReference reference="fmt_side_msg" alias="target" />
        <fieldSetReference reference="target.shc_msg" alias="shc_msg" />
        <fieldSetReference reference="target.segments.common" alias="common" />

        <command label="CopyFieldSetFromShcToFormatter" objectReferenceLabel="FIELDSET_COPY">
            <sourceFieldPath value="source"/>
            <targetFieldPath value="target"/>
        </command>
        
        <declare label="LOCAL" >
            <field label="mailboxName" /> <!-- Usado no RegistraTrace* -->
            <field label="IND_TRAN_REFD" />
            <field label="ind_modl_cptr" />
            <field label="swreplic" />
            <field label="trn_tem_original" />
            <field label="num_mot_rsps" />
            <field label="isVAN" /><!-- Para poder fazer o map certo caso o iss negue a trn -->
            <field label="termid" />
            <field label="termloc" />
            <field label="LeEvento" value="TRUE" /> <!-- necessario para indicar se o evento criado deve, ou nao, ser recuperado -->
            <field label="TBSW_RESULT" />
            <field label="is_desfz_emissor" value="FALSE" /> <!-- usado no desfazimento -->
            <field label="IND_TRAN_REFD" value = "0" />
            <!-- Dados Validacao Ordem de Servico - DE48 TAG 80 ..  -->
            <field label="data_baixa" />
            <field label="hora_baixa" />
            <field label="cod_ocorr" />
            <field label="saldo_parcial" value="" /> <!-- utilizado na chamada do dataManip TratamentoSaldoDisponivel -->
            <!-- AUT1-1830 - ELO endereco EC no CV -->
            <field label="nom_logr_pdv" />
            <field label="num_logr_pdv" />
            <field label="nom_brr_pdv" />
            <field label="des_cpl_endr_pdv" />
            <!-- AUT1-1830 - ELO endereco EC no CV -->
            <field label="porta_origem" />
            <field label="COD_TRAN_CAD" />
            <field label="MARKUP" />
            <field label="CONVRATE" />
        </declare>

        <call label="Dump_Recebimento_Msg">
            <dataManipXml filePath="$(FEGEN_XML_DIR)" fileName="DataManipCommon.xml"/>
            <subDataManip objectReferenceLabel="Dump_Recebimento_Msg" />
            <targetFieldPath value="source" />
            <targetFieldPath value="LOCAL" />
            <targetFieldPath value="environment.SENDER_ADDRESS" />
        </call>

        <call label="CallPreProcessamento">
            <subDataManip objectReferenceLabel="PreProc" />
            <targetFieldPath value="target" />
            <targetFieldPath value="environment" />
            <targetFieldPath value="EVENT_DATA" />
            <targetFieldPath value="LOCAL" />
        </call>

        <call label="CallProcessamento">
            <subDataManip objectReferenceLabel="Proc" />
            <targetFieldPath value="target" />
            <targetFieldPath value="environment" />
            <targetFieldPath value="LOCAL" />
        </call>

        <call label="CallPosProcessamento">
            <subDataManip objectReferenceLabel="PosProc" />
            <targetFieldPath value="target" />
            <targetFieldPath value="environment" />
            <targetFieldPath value="LOCAL" />
        </call>

        <call label="Dump_Destino_Msg">
            <dataManipXml filePath="$(FEGEN_XML_DIR)" fileName="DataManipCommon.xml"/>
            <subDataManip objectReferenceLabel="Dump_Destino_Msg" />
            <targetFieldPath value="target" />
            <targetFieldPath value="LOCAL" />
            <targetFieldPath value="environment.SENDER_ADDRESS" />
        </call>
        
    </dataManip>

    <!-- @Info: MANIP DE PRE PROC -->
    <dataManip label="PreProc">
        <fieldSetReference reference="arg0" alias="target"/>
        <fieldSetReference reference="arg0.shc_msg" alias="shc_msg"/>
        <fieldSetReference reference="arg0.segments.common" alias="common"/>
        <fieldSetReference reference="arg1" alias="environment"/>
        <fieldSetReference reference="arg2" alias="EVENT_DATA"/>
        <fieldSetReference reference="arg3" alias="LOCAL"/>

        <!-- @Info: Chamada do Pre Processamento Trata Segmento .. -->
        <call label="CallPreProcTrataSegmento">
            <dataManipXml filePath="$(FEGEN_XML_DIR)" fileName="DataManipCommon.xml"/>
            <subDataManip objectReferenceLabel="PreProcTrataSegmento" />
            <targetFieldPath value="target" />
        </call>

        <!-- @Info: Chamada do Pre Enriquecimento -->
        <call label="CallPreProcessamentoVoucher">
            <subDataManip objectReferenceLabel="PreProcessamentoVoucher" />
            <targetFieldPath value="target" />
            <targetFieldPath value="LOCAL" />
        </call>
        
        <!-- @Info: Processa o desfazimento sendo rebatido para o terminal -->
        <call label="CallPreProcessamentoDesfz">
            <dataManipXml filePath="$(FEGEN_XML_DIR)" fileName="DataManipCommon.xml"/>
            <subDataManip objectReferenceLabel="PreProcessamentoDesfz" />
            <targetFieldPath value="target" />
            <targetFieldPath value="LOCAL" />
        </call>

        <!-- @Info: Chamada do Pre Enriquecimento -->
        <call label="CallPreEnriquecimento">
            <subDataManip objectReferenceLabel="PreEnriquecimento" />
            <targetFieldPath value="target" />
            <targetFieldPath value="LOCAL" />
        </call>

        <!-- @Info: Recupera os dados da transacao do evento -->
        <call label="CallRecuperarDadosEvento">
            <subDataManip objectReferenceLabel="RecuperarDadosEvento" />
            <targetFieldPath value="target" />
            <targetFieldPath value="EVENT_DATA" />
            <targetFieldPath value="LOCAL" />
        </call>

    </dataManip>

    <!-- @Info: MANIP DE PROC -->
    <dataManip label="Proc">
        <fieldSetReference reference="arg0" alias="target"/>
        <fieldSetReference reference="arg0.shc_msg" alias="shc_msg"/>
        <fieldSetReference reference="arg0.segments.common" alias="common"/>
        <fieldSetReference reference="arg0.segments.voucher" alias="voucher"/>
        <fieldSetReference reference="arg1" alias="environment"/>
        <fieldSetReference reference="arg2" alias="LOCAL"/>

        <declare label="TMP_MAPPING" >
            <field label="chave1" />
            <field label="chave2" />
        </declare>    
        
        <!-- Nao precisa executar estas operacoes nas confirmacoes ou desfazimento vindos do emissor -->
        <conditional-block label="Excluir execucao se for CONFIRMACAO" >
            <if objectReferenceLabel="EXPR">
            <expr value=" common.msg_category != 'CONFIRMACAO' &amp;&amp; LOCAL.is_desfz_emissor != 'TRUE'  " />

                <!-- @Info: Tratamento Saldo Disponivel (antes do NormalizaRespcode que sobrescreve bit63) -->
                <conditional-block label="GetSaldoDisponivel" >
                    <if objectReferenceLabel="EXPR">
                    <expr value="common.msg_category == 'VENDA' || common.msg_category == 'ESTORNO'" />
                        <call label="CallTratamentoSaldoDisponivel">
                            <dataManipXml filePath="$(COMMON_XML_DIR)" fileName="TrataCupom.xml"/>
                            <subDataManip objectReferenceLabel="TratamentoSaldoDisponivel" />
                            <targetFieldPath value="target" />
                            <targetFieldPath value="LOCAL" />
                        </call>
                        <command label="atualizaSaldoDisponivel" objectReferenceLabel="COPY" >
                            <sourceFieldPath value="LOCAL.saldo_parcial" />
                            <targetFieldPath value="voucher.saldo_parcial" />
                        </command>
                    </if>
                </conditional-block>
        
                <call label="CallNormalizaRespcode">
                    <dataManipXml filePath="$(FEGEN_XML_DIR)" fileName="DataManipCommon.xml"/>
                    <subDataManip objectReferenceLabel="NormalizaRespcode" />
                    <targetFieldPath value="target" />
                    <targetFieldPath value="TMP_MAPPING" />
                    <targetFieldPath value="LOCAL" />
                </call>
        
                <call label="CallDefineMapping">
                    <dataManipXml filePath="$(FEGEN_XML_DIR)" fileName="DataManipCommon.xml"/>
                    <subDataManip objectReferenceLabel="DefineMapping" />
                    <targetFieldPath value="target" />
                    <targetFieldPath value="LOCAL" />
                    <targetFieldPath value="TMP_MAPPING" />
                </call>
        
                <call label="CallDefineStatusTrnResp">
                    <dataManipXml filePath="$(FEGEN_XML_DIR)" fileName="DataManipCommon.xml"/>
                    <subDataManip objectReferenceLabel="DefineStatusTrnResp" />
                    <targetFieldPath value="target" />
                    <targetFieldPath value="LOCAL" />
                </call>

                <!-- Mantis-667: Nao permitir que transacoes negadas pelo SHC (ou timeout) enviem o DE038 preenchido -->
                <command label="Reset_authnum_if_core_has_denied" objectReferenceLabel="VALUE" >
                    <when objectReferenceLabel="EXPR" >
                        <expr value="shc_msg.respcode != '0' &amp;&amp; common.quem_negou == 'SWCORE'" />
                    </when>
                    <sourceValue value="" />
                    <targetFieldPath value="shc_msg.authnum" />
                </command>

                <!-- dataManip a seguir altera o valor de pb_reason_code e az_reason_code para 87 para tratamento de trans.Voucher TICKET aprovada por Saldo Dispon�vel.-->
                <conditional-block label="SetAprvSaldoDisponivel" >
                    <if objectReferenceLabel="EXPR">
                    <expr value="common.msg_category == 'VENDA'" />
                        <call label="CallTratamentoAprvSaldoDisponivel">
                            <subDataManip objectReferenceLabel="TratamentoAprvSaldoDisponivel" />
                            <targetFieldPath value="target" />
                            <targetFieldPath value="LOCAL" />
                        </call>
                    </if>
                </conditional-block>

                <conditional-block label="SwapValores" >
                    <if objectReferenceLabel="EXPR">
                    <expr value="common.az_reason_code != '87'" />
                        <!-- t689049@FIS - 15/01/2017 - Passar a tratar o cupom no ACQSRV .. -->
                        <call label="CallAnalisaGeraCupom">
                            <dataManipXml filePath="$(COMMON_XML_DIR)" fileName="TrataCupom.xml"/>
                            <subDataManip objectReferenceLabel="AnalisaGeraCupom" />
                            <targetFieldPath value="target" />
                            <targetFieldPath value="LOCAL" />
                        </call> 
                    </if>
                </conditional-block>
            </if>
        </conditional-block>
        
        <!-- BRUM - EAK-1643 - 22/07/2019 - Alteracao do Respcode para 73 em timeout - Ticket Chip - Inicio -->
        <conditional-block label="TicketChip_timeout">
            <if objectReferenceLabel="EXPR">
            <expr value=" common.iss_name == 'TICKET_CHIP' &amp;&amp; common.msg_entrymode == 'CHIP' &amp;&amp; common.az_reason_code == '91' &amp;&amp; shc_msg.respcode == '8' &amp;&amp; common.pb_reason_code == '74' &amp;&amp; common.quem_negou == 'SWCORE'" />
            
                <command label="   ======== Ticket Chip - Timeout - Alterando respcode para 73 ========   " objectReferenceLabel="XDUMP">
                    <sourceFieldPath value = "shc_msg.trace" />
                    <sourceFieldPath value = "shc_msg.pos_entry_code" />
                    <sourceFieldPath value = "shc_msg.termid" />
                    <sourceFieldPath value = "shc_msg.refnum" />
                </command>
                
                <command label="Setando_DE39_timeout" objectReferenceLabel="XCOPY">
                    <!-- DE39 -->
                    <value sourceValue="73"   type="value" targetFieldPath="common.az_reason_code" />
                    <!-- TBSW0030.NUM_MOT_RSPS -->
                    <value sourceValue="73"   type="value" targetFieldPath="common.pb_reason_code" />
                </command>
            </if>
        </conditional-block>
        <!-- EAK-1643 - Fim -->
        
        <!-- @Info: Chamada do Fluxo das transacoes -->
        <conditional-block label="ChamaFluxoTrn" >
            <!-- @Info: Fluxo das transacoes de VENDA -->
            <if objectReferenceLabel="EXPR">
            <expr value="common.msg_category == 'VENDA' || common.msg_category == 'ADV_APROVADO' ||
                         common.msg_category == 'ADV_NEGADO'" />
                <call label="CallFluxoVenda">
                    <subDataManip objectReferenceLabel="FluxoVenda" />
                    <targetFieldPath value="target" />
                    <targetFieldPath value="LOCAL" />
                </call>
            </if>
            <!-- @Info: Fluxo das transacoes de ESTORNO -->
            <else-if objectReferenceLabel="EXPR">
            <expr value="common.msg_category == 'ESTORNO'" />
                <call label="CallFluxoEstorno">
                    <subDataManip objectReferenceLabel="FluxoEstorno" />
                    <targetFieldPath value="target" />
                    <targetFieldPath value="LOCAL" />
                </call>
            </else-if>
            <!-- @Info: Fluxo das transacoes de DESFAZIMENTO -->
            <else-if objectReferenceLabel="EXPR">
            <expr value="common.msg_category == 'DESFAZIMENTO'" />
                <call label="CallFluxoDesfazimento">
                    <subDataManip objectReferenceLabel="FluxoDesfazimento" />
                    <targetFieldPath value="target" />
                    <targetFieldPath value="LOCAL" />
                </call>
            </else-if>
            <!-- @Info: Fluxo das transacoes de confirmacao -->
            <else-if objectReferenceLabel="EXPR">
            <expr value="common.msg_category == 'CONFIRMACAO'" />
                <call label="CallDefineStatusTrnResp">
                    <dataManipXml filePath="$(FEGEN_XML_DIR)" fileName="DataManipCommon.xml"/>
                    <subDataManip objectReferenceLabel="DefineStatusTrnResp" />
                    <targetFieldPath value="target" />
                    <targetFieldPath value="LOCAL" />
                </call>

                <!-- Mantis-667: Nao permitir que transacoes negadas pelo SHC (ou timeout) enviem o DE038 preenchido -->
                <command label="Reset_authnum_if_core_has_denied" objectReferenceLabel="VALUE" >
                    <when objectReferenceLabel="EXPR" >
                        <expr value="shc_msg.respcode != '0' &amp;&amp; common.quem_negou == 'SWCORE'" />
                    </when>
                    <sourceValue value="" />
                    <targetFieldPath value="shc_msg.authnum" />
                </command>

                <call label="CallFluxoConfirmacao">
                    <subDataManip objectReferenceLabel="FluxoConfirmacao" />
                    <targetFieldPath value="target" />
                    <targetFieldPath value="LOCAL" />
                </call>
            </else-if>
            <!-- @Info: Fluxo das transacoes de TROCA DE SENHA -->
            <else-if objectReferenceLabel="EXPR">
            <expr value="common.msg_category == 'ADMINISTRATIVA'" />
                <call label="CallFluxoTrocaSenha">
                    <subDataManip objectReferenceLabel="FluxoTrocaSenha" />
                    <targetFieldPath value="target" />
                    <targetFieldPath value="LOCAL" />
                </call>
            </else-if>
            <!-- @Info: Transacoes Invalidas -->
            <else>
                <command label=" Parametros determinantes do fluxo desconhecidos: " objectReferenceLabel="XDUMP">
                    <sourceFieldPath value = "common.msg_category" />
                    <sourceFieldPath value = "common.msg_name" />
                </command>
                <command label="  ========= Fluxo nao determinado =========  " objectReferenceLabel="DROP" />
            </else>

        </conditional-block>

    </dataManip>

    <!-- @Info: MANIP DE POS PROC -->
    <dataManip label="PosProc">
        <fieldSetReference reference="arg0" alias="target"/>
        <fieldSetReference reference="arg0.shc_msg" alias="shc_msg"/>
        <fieldSetReference reference="arg0.segments.common" alias="common"/>
        <fieldSetReference reference="arg0.segments.merchant" alias="merchant"/>
        <fieldSetReference reference="arg1" alias="environment"/>
        <fieldSetReference reference="arg2" alias="LOCAL"/>

        <conditional-block label="RecuperaValoresEspecificos" >
            <if objectReferenceLabel="EXPR">
            <expr value="LOCAL.LeEvento == 'TRUE' &amp;&amp; common.is_3a_perna != 'TRUE'" />
                <command label="setDados" objectReferenceLabel="XCOPY">
                    <value sourceField="LOCAL.termid"  type="value" targetFieldPath="shc_msg.termid" />
                    <value sourceField="LOCAL.termloc" type="value" targetFieldPath="shc_msg.termloc" />
                </command>
            </if>
            <else>
                <command label="setDados" objectReferenceLabel="XCOPY">
                    <value sourceField="common.ecr_acqterm_id"  type="value" targetFieldPath="shc_msg.termid" />
                </command>
            </else>
        </conditional-block>

        <command label="set_authum" objectReferenceLabel="COPY">
            <when objectReferenceLabel="EXPR">
                    <expr value="common.msg_name == 'ADV_VEND_VCH' &amp;&amp; shc_msg.respcode == '0'"/>
            </when>
            <sourceFieldPath value="shc_msg.trace"/>
            <targetFieldPath value="shc_msg.authnum"/>
        </command>

        <!-- AUT1-3543 - Release Bandeira Abril/21 - ELO - ID da Transacao - INICIO -->
        <command label="SetOFF_seg_acquirer_common" objectReferenceLabel="TURN_ON" >
            <targetFieldPath value="target.segments.acquirer_common" />
        </command>
        <!-- AUT1-3543 - Release Bandeira Abril/21 - ELO - ID da Transacao - FIM -->

        <!-- @Info: Define os enderecos para o qual a transacao deve ser enviada -->
        <call label="CallDefineEnderecoTrnCommon">
            <dataManipXml filePath="$(FEGEN_XML_DIR)" fileName="DataManipCommon.xml"/>
            <subDataManip objectReferenceLabel="DefineEnderecoTrnCommon" />
            <targetFieldPath value="target" />
            <targetFieldPath value="environment" />
            <targetFieldPath value="LOCAL" />
        </call>

        <call label="CallPosProcessamentoVoucher">
            <subDataManip objectReferenceLabel="PosProcessamentoVoucher" />
            <targetFieldPath value="target" />
            <targetFieldPath value="environment" />
            <targetFieldPath value="LOCAL" />
        </call>
                
        <!-- Registra trace da transacao no arquivo de log -->
        <call label="CallRegistraTraceResp">
            <dataManipXml filePath="$(FEGEN_XML_DIR)" fileName="DataManipCommon.xml"/>
            <subDataManip objectReferenceLabel="RegistraTraceResp"/>
            <targetFieldPath value="target" />
            <targetFieldPath value="environment" />
            <targetFieldPath value="LOCAL" />
        </call>

    </dataManip>

    <dataManip label="PreProcessamentoVoucher">
        <fieldSetReference reference="arg0" alias="target"/>
        <fieldSetReference reference="arg0.shc_msg" alias="shc_msg"/>
        <fieldSetReference reference="arg0.segments.common" alias="common"/>
        <fieldSetReference reference="arg1" alias="LOCAL"/>
        
        <conditional-block label="TratamentoMTI" >
            <if objectReferenceLabel="EXPR">
            <expr value="common.msg_category == 'ADV_APROVADO' &amp;&amp; 
                        shc_msg.origmsg     == '220'          &amp;&amp;
                        common.iss_name     == 'TICKET_CHIP'" />
                <command label="mti_to_230" objectReferenceLabel="XCOPY" >
                    <value sourceValue="230" type="value" targetFieldPath="shc_msg.msgtype" />
                    <value sourceValue="0" type="value" targetFieldPath="shc_msg.origmsg" />
                </command>
                <command label="PreProcessamentoVoucher::Mudou Msgtype" objectReferenceLabel="XDUMP">
                    <sourceFieldPath value = "shc_msg.msgtype" />
                    <sourceFieldPath value = "shc_msg.origmsg" />
                </command>
            </if>
            <else-if objectReferenceLabel="EXPR">
            <expr value="shc_msg.msgtype == '210' &amp;&amp; shc_msg.origmsg == '220'" />
                <command label="  ========= Dropando transacao 210 da 230 enviada para emissor =========  " objectReferenceLabel="DROP" />
            </else-if>
            <else-if objectReferenceLabel="EXPR">
            <expr value="shc_msg.msgtype == '210' &amp;&amp; (shc_msg.origmsg == '202' || shc_msg.origmsg == '402')" />
                <command label="  ========= Dropando resposta (210) da confirmacao de venda (202) e confirmacao de estorno (402) enviada para emissor =========  " objectReferenceLabel="DROP" />
            </else-if>
            <else-if objectReferenceLabel="EXPR">
            <expr value="shc_msg.msgtype == '210' &amp;&amp; common.acq_msgtype == '202'" />
                <command label="  ========= Dropando transacao 210 da 202 enviada para emissor =========  " objectReferenceLabel="DROP" >
					<disableLog value = "TRUE" />
				</command>
            </else-if>
        </conditional-block>
    </dataManip>
    
    <dataManip label="PreEnriquecimento">
        <fieldSetReference reference="arg0" alias="target"/>
        <fieldSetReference reference="arg0.shc_msg" alias="shc_msg"/>
        <fieldSetReference reference="arg0.segments.common" alias="common"/>
        <fieldSetReference reference="arg1" alias="LOCAL"/>
    
    </dataManip>
    
    <dataManip label="RecuperarDadosEvento">
        <fieldSetReference reference="arg0" alias="target"/>
        <fieldSetReference reference="arg0.shc_msg" alias="shc_msg"/>
        <fieldSetReference reference="arg0.segments.common" alias="common"/>
        <fieldSetReference reference="arg0.segments.acq_common" alias="acq_common"/>
        <fieldSetReference reference="arg0.segments.merchant" alias="merchant"/>
        <fieldSetReference reference="arg0.segments.adm" alias="adm"/>
        <fieldSetReference reference="arg1" alias="EVENT_DATA"/>
        <fieldSetReference reference="arg2" alias="LOCAL"/>
    
        <conditional-block label="VerificaSeEventoDeveSerLido" >
            <if objectReferenceLabel="EXPR">
            <expr value="LOCAL.LeEvento == 'TRUE'" />

                <command label="set_event_timeout" objectReferenceLabel="VALUE">
                    <targetFieldPath value="EVENT_DATA.event_timeout"/>
                    <sourceValue value="50"/>
                </command>
                <command label="set_event_action" objectReferenceLabel="VALUE">
                    <targetFieldPath value="EVENT_DATA.event_action"/>
                    <sourceValue value="TM_NOTIFY_ONCE"/>
                </command>

                <command label="restore_event" objectReferenceLabel="EVENTMANAGER" >
                    <operation value = "recover" />
                    <key value = "shc_msg.refnum" />
                    <targetFieldPath value = "EVENT_DATA" />
                </command>
    
                <command label="  ========= Dados recuperados do evento =========  " objectReferenceLabel="FIELDSET_DUMP">
                    <sourceFieldPath value = "EVENT_DATA" />
                </command>
                
                <call label="CallGetValuesEventDefault">
                    <dataManipXml filePath="$(FEGEN_XML_DIR)" fileName="DataManipCommon.xml"/>
                    <subDataManip objectReferenceLabel="GetValuesEventDefault" />
                    <targetFieldPath value="target" />
                    <targetFieldPath value="LOCAL" />
                    <targetFieldPath value="EVENT_DATA" />
                </call>
    
                <command label="restore_event_data_vch" objectReferenceLabel="XCOPY">
                    <value sourceField="EVENT_DATA.origrefnum"          type="value" targetFieldPath="common.origrefnum"/>
                    <value sourceField="EVENT_DATA.data_tbsw0030"       type="value" targetFieldPath="shc_msg.origdate"/>
                    <value sourceField="EVENT_DATA.nom_prod_cpom"       type="value" targetFieldPath="target.segments.voucher.nom_prod_cpom"/>
                    <value sourceField="EVENT_DATA.termid"              type="value" targetFieldPath="LOCAL.termid"/>
                    <value sourceField="EVENT_DATA.termloc"             type="value" targetFieldPath="LOCAL.termloc"/>
                    <value sourceField="EVENT_DATA.pan"                 type="value" targetFieldPath="shc_msg.pan"/>
                    <value sourceField="EVENT_DATA.mer_name"            type="value" targetFieldPath="merchant.mer_name" />
                    <value sourceField="EVENT_DATA.cod_vers_sftw"       type="value" targetFieldPath="merchant.cod_vers_sftw" />
                    <value sourceField="EVENT_DATA.terminal_pdv"        type="value" targetFieldPath="common.terminal_pdv" />
                    <value sourceField="EVENT_DATA.is_desfz_emissor"    type="value" targetFieldPath="LOCAL.is_desfz_emissor" />
                    <value sourceField="EVENT_DATA.num_sre_term"        type="value" targetFieldPath="adm.num_sre_term" />
                    <value sourceField="EVENT_DATA.id_pinpad"           type="value" targetFieldPath="adm.id_pinpad" />
                    <value sourceField="EVENT_DATA.is_fallback"         type="value" targetFieldPath="common.is_fallback" />
                    <value sourceField="EVENT_DATA.is_nfc"              type="value" targetFieldPath="common.is_nfc" />
                    <value sourceField="EVENT_DATA.num_cnpj"            type="value" targetFieldPath="merchant.num_cnpj" />
                    <value sourceField="EVENT_DATA.ecr_fabr_id"         type="value" targetFieldPath="common.ecr_fabr_id" />
                    <value sourceField="EVENT_DATA.versSotfwBiblCompartPinpad" type="value" targetFieldPath="merchant.versSotfwBiblCompartPinpad" />
                    <value sourceField="EVENT_DATA.versEspecBiblCompartPinpad" type="value" targetFieldPath="merchant.versEspecBiblCompartPinpad" />
                    <value sourceField="EVENT_DATA.cvm_code"            type="value" targetFieldPath="common.cvm_code" />
                    <value sourceField="EVENT_DATA.txt_rdpe_cpom"       type="value" targetFieldPath="target.segments.voucher.txt_rdpe_cpom"/>
                    <value sourceField="EVENT_DATA.reversalType"        type="value" targetFieldPath="common.reversal_type" />
                    <value sourceField="EVENT_DATA.tpdu"                type="value" targetFieldPath="merchant.tpdu" />
                    <value sourceField="EVENT_DATA.in_tpo_tcn"          type="value" targetFieldPath="merchant.in_tpo_tcn" />

                    <!-- AUT1-1830 - ELO endereco EC no CV - INICIO -->
                    <value sourceField="EVENT_DATA.nom_logr_pdv"        type="value" targetFieldPath="LOCAL.nom_logr_pdv" />
                    <value sourceField="EVENT_DATA.num_logr_pdv"        type="value" targetFieldPath="LOCAL.num_logr_pdv" />
                    <value sourceField="EVENT_DATA.nom_brr_pdv"         type="value" targetFieldPath="LOCAL.nom_brr_pdv" />
                    <value sourceField="EVENT_DATA.des_cpl_endr_pdv"    type="value" targetFieldPath="LOCAL.des_cpl_endr_pdv" />
                    <value sourceField="EVENT_DATA.mer_city"            type="value" targetFieldPath="merchant.mer_city" />
                    <value sourceField="EVENT_DATA.mer_state"           type="value" targetFieldPath="merchant.mer_state" />
                    <!-- AUT1-1830 - ELO endereco EC no CV - FIM -->
                    <value sourceField="EVENT_DATA.porta_origem"        type="value" targetFieldPath="LOCAL.porta_origem" />
                    <value sourceField="EVENT_DATA.COD_TRAN_CAD"        type="value" targetFieldPath="LOCAL.COD_TRAN_CAD" />
                </command>
                
                <command label="substr_porta" objectReferenceLabel="SUBSTR">
                    <sourceFieldPath value = "LOCAL.porta_origem" />
                    <targetFieldPath value = "acq_common.porta_origem" />
                    <startPosition value = "2" />
                    <length value = "4" />
                    <mode value = "left" />
                </command>

                <conditional-block label="Preenche_COD_TRAN_CAD" >
                    <if objectReferenceLabel="EXPR">
                    <expr value="acq_common.COD_TRAN_CAD == '0' || acq_common.COD_TRAN_CAD == '' " />
                        <command label="copy_COD_TRAN_CAD" objectReferenceLabel="XCOPY">
                                <value sourceField="LOCAL.COD_TRAN_CAD"        type="value" targetFieldPath="acq_common.COD_TRAN_CAD" />
                        </command>
                    </if>
                </conditional-block>
            </if>
        </conditional-block>
    </dataManip>
    
    <dataManip label="FluxoVenda">
        <fieldSetReference reference="arg0" alias="target"/>
        <fieldSetReference reference="arg0.shc_msg" alias="shc_msg"/>
        <fieldSetReference reference="arg0.segments.common" alias="common"/>
        <fieldSetReference reference="arg1" alias="LOCAL"/>

        <command label="set_status_advice_negado" objectReferenceLabel="VALUE">
            <when objectReferenceLabel="EXPR" >
                <expr value="common.msg_category in ('ADV_NEGADO')"/>
            </when>
            <targetFieldPath value="common.status"/>
            <sourceValue value="2"/>
        </command>
    
        <!-- @Info: TBSW0030 -->
        <call label="UPDATE_TBSW0030">
            <subDataManip objectReferenceLabel="UPDATE_TBSW0030" />
            <dataManipXml filePath="$(FEGEN_XML_DIR)" fileName="DataBaseCommon.xml"/>
            <targetFieldPath value="target" />
            <targetFieldPath value="LOCAL" />
        </call>
   
        <!-- @Info: TBSW0153 -->
        <call label="UPDATE_TBSW0153">
            <subDataManip objectReferenceLabel="UPDATE_TBSW0153" />
            <dataManipXml filePath="$(FEGEN_XML_DIR)" fileName="DataBaseCommon.xml"/>
            <targetFieldPath value="target" />
            <targetFieldPath value="LOCAL" />
        </call>
    
        <call label="Insere_Atualiza_TBSW0139">
            <dataManipXml filePath="$(FEGEN_XML_DIR)" fileName="DataManipCommon.xml"/>
            <subDataManip objectReferenceLabel="INSERE_ATUALIZA_TBSW00139"/>
            <targetFieldPath value="target" />
        </call>
    
    </dataManip>
    
    <dataManip label="FluxoTrocaSenha">
        <fieldSetReference reference="arg0" alias="target"/>
        <fieldSetReference reference="arg0.shc_msg" alias="shc_msg"/>
        <fieldSetReference reference="arg0.segments.common" alias="common"/>
        <fieldSetReference reference="arg1" alias="LOCAL"/>
    
        <command label="mti_to_9080" objectReferenceLabel="XCOPY" >
            <value sourceValue="9090" type="value" targetFieldPath="shc_msg.msgtype" />
            <value sourceValue="0" type="value" targetFieldPath="shc_msg.origmsg" />
        </command>
    
        <!-- @Info: TBSW0030 -->
        <call label="UPDATE_TBSW0030">
            <subDataManip objectReferenceLabel="UPDATE_TBSW0030" />
            <dataManipXml filePath="$(FEGEN_XML_DIR)" fileName="DataBaseCommon.xml"/>
            <targetFieldPath value="target" />
            <targetFieldPath value="LOCAL" />
        </call>
    
    </dataManip>
    
    <dataManip label="FluxoEstorno">
        <fieldSetReference reference="arg0" alias="target"/>
        <fieldSetReference reference="arg0.shc_msg" alias="shc_msg"/>
        <fieldSetReference reference="arg0.segments.common" alias="common"/>
        <fieldSetReference reference="arg1" alias="LOCAL"/>
    
        <call label="UPDATE_TBSW0030">
            <subDataManip objectReferenceLabel="UPDATE_TBSW0030" />
            <dataManipXml filePath="$(FEGEN_XML_DIR)" fileName="DataBaseCommon.xml"/>
            <targetFieldPath value="target" />
            <targetFieldPath value="LOCAL" />
        </call>
    
        <conditional-block label="status_trn">
            <if objectReferenceLabel="EXPR">
            <expr value="common.status != '1'" />
                <call label="REVINSERTER_TBSW0033">
                    <subDataManip objectReferenceLabel="REVINSERTER_TBSW0033" />
                    <dataManipXml filePath="$(FEGEN_XML_DIR)" fileName="DataBaseCommon.xml"/>
                    <targetFieldPath value="target" />
                    <targetFieldPath value="LOCAL" />
                </call>
            </if>
            <else>
                <call label="UPDATE_ORIG_TBSW0030">
                    <subDataManip objectReferenceLabel="UPDATE_ORIG_TBSW0030" />
                    <dataManipXml filePath="$(FEGEN_XML_DIR)" fileName="DataBaseCommon.xml"/>
                    <targetFieldPath value="target" />
                    <targetFieldPath value="LOCAL" />
                </call>
            </else>
        </conditional-block>
    
    </dataManip>
    
    <dataManip label="FluxoDesfazimento">
        <fieldSetReference reference="arg0" alias="target"/>
        <fieldSetReference reference="arg0.shc_msg" alias="shc_msg"/>
        <fieldSetReference reference="arg0.segments.common" alias="common"/>
        <fieldSetReference reference="arg1" alias="LOCAL"/>
    
        <!-- Processamento da resposta oriunda do issuer. -->
        <!-- Atualiza campos da tabela relativos ao issuer que tratou o 420 -->
        <conditional-block label="Atualiza original com dados do issuer" >
            <if objectReferenceLabel="EXPR">
            <expr value=" LOCAL.is_desfz_emissor == 'TRUE' " />
                <call label="UPDATE_TBSW0030_REV_ISS">
                    <subDataManip objectReferenceLabel="UPDATE_TBSW0030_REV_ISS" />
                    <dataManipXml filePath="$(FEGEN_XML_DIR)" fileName="DataBaseCommon.xml"/>
                    <targetFieldPath value="target" />
                    <targetFieldPath value="LOCAL" />
                </call>
				
                <!-- EAK-4046 - Removendo mensagem do arquivo de drop -->
                <command label=" Dropando resposta do DESFAZIMENTO do issuer " objectReferenceLabel="DROP">
                    <disableLog value = "TRUE" />
                </command>
				
            </if>
        </conditional-block>

        <!-- A partir deste ponto o processamento e da resposta local do desfazimento -->
        <call label="UPDATE_TBSW0030">
            <subDataManip objectReferenceLabel="UPDATE_TBSW0030" />
            <dataManipXml filePath="$(FEGEN_XML_DIR)" fileName="DataBaseCommon.xml"/>
            <targetFieldPath value="target" />
            <targetFieldPath value="LOCAL" />
        </call>
    
        <conditional-block label="UPDATE_DESFAZIMENTO">
            <if objectReferenceLabel="EXPR">
            <expr value="LOCAL.trn_tem_original == 'FALSE'" />
                <call label="REVINSERTER_TBSW0033">
                    <subDataManip objectReferenceLabel="REVINSERTER_TBSW0033" />
                    <dataManipXml filePath="$(FEGEN_XML_DIR)" fileName="DataBaseCommon.xml"/>
                    <targetFieldPath value="target" />
                    <targetFieldPath value="LOCAL" />
                </call>
            </if>
            <else>
                <call label="UPDATE_ORIG_TBSW0030">
                    <subDataManip objectReferenceLabel="UPDATE_ORIG_TBSW0030" />
                    <dataManipXml filePath="$(FEGEN_XML_DIR)" fileName="DataBaseCommon.xml"/>
                    <targetFieldPath value="target" />
                    <targetFieldPath value="LOCAL" />
                </call>
    
                <call label="REVINSERTER_TBSW0033">
                <when objectReferenceLabel="EXPR">
                    <expr value="common.is_desfaz_estorno == 'TRUE'"/>
                </when>
                    <subDataManip objectReferenceLabel="REVINSERTER_TBSW0033" />
                    <dataManipXml filePath="$(FEGEN_XML_DIR)" fileName="DataBaseCommon.xml"/>
                    <targetFieldPath value="target" />
                    <targetFieldPath value="LOCAL" />
                </call>
            </else>
        </conditional-block>

        <!-- Para desfazimento, nao eviar authnum nem da original -->
        <command label="Reset_authnum" objectReferenceLabel="VALUE" >
            <sourceValue value="" />
            <targetFieldPath value="shc_msg.authnum" />
        </command>

    </dataManip>
    
    <dataManip label="FluxoConfirmacao">
        <fieldSetReference reference="arg0" alias="target"/>
        <fieldSetReference reference="arg0.shc_msg" alias="shc_msg"/>
        <fieldSetReference reference="arg0.segments.common" alias="common"/>
        <fieldSetReference reference="arg1" alias="LOCAL"/>
        

        <conditional-block label="Atualiza somente se encontrou" >
        <if objectReferenceLabel="EXPR">
        <expr value="common.reversal_type in ('1, 2')" />
            <command label="update_to_confirmed" objectReferenceLabel="XCOPY" >
                <value sourceValue="1" type="value" targetFieldPath="common.status" />
            </command>

            <call label="UPDATE_ORIG_TBSW0030">
                <subDataManip objectReferenceLabel="UPDATE_ORIG_TBSW0030" />
                <dataManipXml filePath="$(FEGEN_XML_DIR)" fileName="DataBaseCommon.xml"/>
                <targetFieldPath value="target" />
                <targetFieldPath value="LOCAL" />
            </call>
        </if>
        </conditional-block>     

        <!-- @Info: PDV VCH: As confirmacoes sao enviadas para o FE-ISS -->
    </dataManip>
    
    <dataManip label="TratamentoAprvSaldoDisponivel">
        <fieldSetReference reference="arg0" alias="target"/>
        <fieldSetReference reference="arg0.shc_msg" alias="shc_msg"/>
        <fieldSetReference reference="arg0.segments.common" alias="common"/>
        <fieldSetReference reference="arg0.segments.voucher" alias="voucher"/>
        <fieldSetReference reference="arg1" alias="LOCAL"/>

        <conditional-block label="TratamentoMTI" >
            <!-- AM_J07_2021 - VOUCHER BEN - Nao alterar campos para emissor BEN -->
            <if objectReferenceLabel="EXPR">
            <expr value="(shc_msg.amount &gt; shc_msg.aval_balance) &amp;&amp; shc_msg.respcode == '0'
                            &amp;&amp; ( common.iss_name != 'VCH_BEN' ) " />
                <!-- apesar do codigo de resposta diferente de '0', eh uma transacao aprovada! -->
                <command label="set_az_reason_code_saldoDisponivel" objectReferenceLabel="VALUE" >
                    <sourceValue value="87" />
                    <targetFieldPath value="common.az_reason_code" />
                </command>
                <command label="set_pb_reason_code_saldoDisponivel" objectReferenceLabel="VALUE" >
                    <sourceValue value="87" />
                    <targetFieldPath value="common.pb_reason_code" />
                </command>

                <declare label="TMP" >
                    <field label="amount" /> 
                    <field label="saldo_parcial" /> 
                </declare>

                <command label="SalvaAmount" objectReferenceLabel="COPY" >
                    <targetFieldPath value = "TMP.amount" />
                    <sourceFieldPath value = "shc_msg.amount" />
                </command>
                <command label="SalvaSaldoParcial" objectReferenceLabel="COPY" >
                    <targetFieldPath value = "TMP.saldo_parcial" />
                    <sourceFieldPath value = "voucher.saldo_parcial" />
                </command>

                <command label="CopySaldoParcialToAmount" objectReferenceLabel="COPY" >
                    <targetFieldPath value = "shc_msg.amount" />
                    <sourceFieldPath value = "shc_msg.aval_balance" /> <!-- usado aval_balance ao inves de saldo_parcial devido a sua formatacao -->
                </command>
                <command label="ZeraSaldoParcial" objectReferenceLabel="VALUE">
                    <targetFieldPath value="voucher.saldo_parcial"/>
                    <sourceValue value="0"/>
                </command>

                <call label="CallAnalisaGeraCupom">
                    <dataManipXml filePath="$(COMMON_XML_DIR)" fileName="TrataCupom.xml"/>
                    <subDataManip objectReferenceLabel="AnalisaGeraCupom" />
                    <targetFieldPath value="target" />
                    <targetFieldPath value="LOCAL" />
                </call>

                <command label="SalvaAmount" objectReferenceLabel="COPY" >
                    <targetFieldPath value = "shc_msg.amount" />
                    <sourceFieldPath value = "TMP.amount" />
                </command>
                <command label="SalvaSaldoParcial" objectReferenceLabel="COPY" >
                    <targetFieldPath value = "voucher.saldo_parcial" />
                    <sourceFieldPath value = "TMP.saldo_parcial" />
                </command>
            </if>
        </conditional-block>
    </dataManip>

    <dataManip label="PosProcessamentoVoucher">
        <fieldSetReference reference="arg0" alias="target"/>
        <fieldSetReference reference="arg0.shc_msg" alias="shc_msg"/>
        <fieldSetReference reference="arg0.segments.common" alias="common"/>
        <fieldSetReference reference="arg1" alias="environment"/>
        <fieldSetReference reference="arg2" alias="LOCAL"/>
        
        <conditional-block label="TratamentoMTI" >
            <if objectReferenceLabel="EXPR">
            <expr value="shc_msg.msgtype == '410' &amp;&amp; shc_msg.respcode != '8'" />
                <command label="set_acq_msgtype" objectReferenceLabel="XCOPY" >
                    <value sourceValue="402" type="value" targetFieldPath="common.acq_msgtype" />
                </command>
                <command label="PosProcessamentoVoucher::Mudou Msgtype" objectReferenceLabel="XDUMP">
                    <sourceFieldPath value = "shc_msg.msgtype" />
                    <sourceFieldPath value = "common.acq_msgtype" />
                </command>
                <command label="Add_Separator" objectReferenceLabel="CONCAT" >
                    <sourceFieldPath value = "environment.SENDER_ADDRESS" />
                    <targetFieldPath value = "environment.SENDER_ADDRESS" />
                    <concatSide value = "RIGHT" />
                    <concatValue value = ":" />
                </command>
                <command label="Add_LoopBack" objectReferenceLabel="CONCAT" >
                    <sourceFieldPath value = "environment.SENDER_ADDRESS" />
                    <targetFieldPath value = "environment.SENDER_ADDRESS" />
                    <concatSide value = "RIGHT" />
                    <concatFieldSetPath value = "environment.INBOUND_ADDRESS" />
                </command>
                <command label="PosProcessamentoVoucher::environment" objectReferenceLabel="FIELDSET_DUMP">
                    <sourceFieldPath value = "environment" />
                </command>
            </if>
            <else-if objectReferenceLabel="EXPR">
            <expr value="common.is_3a_perna == 'TRUE' &amp;&amp; common.reversal_type != '-1' &amp;&amp; common.reversal_type != '-2' " />
                <command label="Copy_Formator_Origem" objectReferenceLabel="COPY" >
                    <targetFieldPath value = "environment.SENDER_ADDRESS" />
                    <sourceFieldPath value = "environment.INBOUND_ADDRESS" />
                </command>
                <command label="PosProcessamentoVoucher::environment" objectReferenceLabel="FIELDSET_DUMP">
                    <sourceFieldPath value = "environment" />
                </command>
            </else-if>
        </conditional-block>
    </dataManip>
    
</dataManip-list>
