<?xml version="1.0" encoding="iso-8859-1"?>
<!DOCTYPE dataManip-list SYSTEM "../../../PDV/dtd/fwsw/DataManip.dtd">

<dataManip-list>

    <!-- CHAMANDA DO MANIP PRINCIAL -->
    <dataManip label="NEG_ACQSRV_VCH">
        <fieldSetReference reference="shc_side_msg" alias="source" />
        <fieldSetReference reference="fmt_side_msg" alias="target" />
        <fieldSetReference reference="target.shc_msg" alias="shc_msg" />
        <fieldSetReference reference="target.segments.common" alias="common" />
        <fieldSetReference reference="REQ_ACQSRV_VCH::LOCAL" alias="LOCAL" />

        <command label="copyMsgFromAcquirerServerToFormatter" objectReferenceLabel="FIELDSET_COPY">
            <sourceFieldPath value = "source" />
            <targetFieldPath value="target" />
        </command>

        <call label="Dump_Recebimento_Msg">
            <dataManipXml filePath="$(FEGEN_XML_DIR)" fileName="DataManipCommon.xml"/>
            <subDataManip objectReferenceLabel="Dump_Recebimento_Msg" />
            <targetFieldPath value="source" />
            <targetFieldPath value="LOCAL" />
            <targetFieldPath value="environment.SENDER_ADDRESS" />
        </call>
        
        <call label="CallPreProcessamento">
            <subDataManip objectReferenceLabel="PreProc" />
            <targetFieldPath value="target" />
            <targetFieldPath value="environment" />
            <targetFieldPath value="LOCAL" />
        </call>

        <call label="CallProcessamento">
            <subDataManip objectReferenceLabel="Proc" />
            <targetFieldPath value="target" />
            <targetFieldPath value="environment" />
            <targetFieldPath value="LOCAL" />
        </call>

        <call label="CallPosProcessamento">
            <subDataManip objectReferenceLabel="PosProc" />
            <targetFieldPath value="target" />
            <targetFieldPath value="environment" />
            <targetFieldPath value="LOCAL" />
        </call>
        
        <call label="Dump_Destino_Msg">
            <dataManipXml filePath="$(FEGEN_XML_DIR)" fileName="DataManipCommon.xml"/>
            <subDataManip objectReferenceLabel="Dump_Destino_Msg" />
            <targetFieldPath value="target" />
            <targetFieldPath value="LOCAL" />
            <targetFieldPath value="environment.SENDER_ADDRESS" />
        </call>

    </dataManip>

    <!-- MANIP DE PRE PROC -->
    <dataManip label="PreProc">
        <fieldSetReference reference="arg0" alias="target"/>
        <fieldSetReference reference="arg0.shc_msg" alias="shc_msg"/>
        <fieldSetReference reference="arg0.segments.common" alias="common"/>
        <fieldSetReference reference="arg1" alias="environment"/>
        <fieldSetReference reference="arg2" alias="LOCAL"/>

        <command label="  ========== PROCESSAMENTO NEGADA VOUCHER - PreProc ==========" objectReferenceLabel="XDUMP">
            <sourceFieldPath value="shc_msg.refnum"/>
            <sourceFieldPath value="shc_msg.local_date"/>
        </command>

        <!-- Registra trace da transacao no arquivo de log 
             Necessario ser executada neste ponto do DataManipNegative, porque a transacao foi barrada antes 
             de executar esta operacao no DataManipRequest.-->
        <call label="CallRegistraTraceReq">
            <dataManipXml filePath="$(FEGEN_XML_DIR)" fileName="DataManipCommon.xml"/>
            <subDataManip objectReferenceLabel="RegistraTraceReq"/>
            <targetFieldPath value="target" />
            <targetFieldPath value="environment" />
            <targetFieldPath value="LOCAL" />
        </call>

        <!-- @Info: trata o respcode e o respmsg -->
        <call label="CALL_TRATA_RESP_MSG">
            <dataManipXml filePath="$(FEGEN_XML_DIR)" fileName="DataManipCommon.xml"/>
            <subDataManip objectReferenceLabel="TRATA_RESP_MSG" />
            <targetFieldPath value="target" />
            <targetFieldPath value="LOCAL" />
        </call>

        <call label="CallPreEnriquecimento">
            <subDataManip objectReferenceLabel="PreEnriquecimento" />
            <targetFieldPath value="target" />
            <targetFieldPath value="LOCAL" />
        </call>

    </dataManip>

    <!-- MANIP DE PROC -->
    <dataManip label="Proc">
        <fieldSetReference reference="arg0" alias="target"/>
        <fieldSetReference reference="arg0.shc_msg" alias="shc_msg"/>
        <fieldSetReference reference="arg0.segments.common" alias="common"/>
        <fieldSetReference reference="arg1" alias="environment"/>
        <fieldSetReference reference="arg2" alias="LOCAL"/>

        <command label="  ========== PROCESSAMENTO NEGADA VOUCHER - Proc ==========" objectReferenceLabel="XDUMP">
            <sourceFieldPath value="shc_msg.refnum"/>
            <sourceFieldPath value="shc_msg.local_date"/>
        </command>

        <!-- t689049@FIS - 15/01/2017 - Passar a tratar o cupom no ACQSRV .. -->
        <call label="CallAnalisaGeraCupom">
            <dataManipXml filePath="$(COMMON_XML_DIR)" fileName="TrataCupom.xml"/>
            <subDataManip objectReferenceLabel="AnalisaGeraCupom" />
            <targetFieldPath value="target" />
            <targetFieldPath value="LOCAL" />
        </call> 

        <conditional-block label="ChamaFluxoTrn" >
            <if objectReferenceLabel="EXPR">
                <expr value="common.msg_category == 'VENDA'" />
                <call label="CallFluxoVenda">
                    <subDataManip objectReferenceLabel="FluxoVenda" />
                    <targetFieldPath value="target" />
                    <targetFieldPath value="environment" />
                    <targetFieldPath value="LOCAL" />
                </call>
            </if>
            <else-if objectReferenceLabel="EXPR">
                <expr value="common.msg_category == 'ESTORNO'" />
                <call label="CallFluxoEstorno">
                    <subDataManip objectReferenceLabel="FluxoEstorno" />
                    <targetFieldPath value="target" />
                    <targetFieldPath value="LOCAL" />
                </call>
            </else-if>
            <else-if objectReferenceLabel="EXPR"> <!-- TODO: Ver o que este fluxo estah fazendo aqui. Lauro -->
                <expr value="common.msg_category == 'ADV_NEGADO'" />
                <call label="CallAdviceNegado">
                    <subDataManip objectReferenceLabel="FluxoAdviceNegado" />
                    <targetFieldPath value="target" />
                    <targetFieldPath value="LOCAL" />
                </call>
            </else-if>
            <!-- @Info: Fluxo das transacoes de Desfazimento -->
            <else-if objectReferenceLabel="EXPR">
            <expr value="common.msg_category == 'DESFAZIMENTO'" />        
                <call label="CallFluxoDesfazimento">
                    <subDataManip objectReferenceLabel="FluxoDesfazimento" />
                    <targetFieldPath value="target" />
                    <targetFieldPath value="LOCAL" />
                </call>            
            </else-if>
            <else>
                <command label=" Parametros determinantes do fluxo desconhecidos: " objectReferenceLabel="XDUMP">
                    <sourceFieldPath value = "common.msg_category" />
                    <sourceFieldPath value = "common.msg_name" />
                </command>
                <command label="  ========= Fluxo nao determinado =========  " objectReferenceLabel="DROP" />
            </else>
        </conditional-block>

    </dataManip>

    <!-- MANIP DE POS PROC -->
    <dataManip label="PosProc">
        <fieldSetReference reference="arg0" alias="target"/>
        <fieldSetReference reference="arg0.shc_msg" alias="shc_msg"/>
        <fieldSetReference reference="arg0.segments.common" alias="common"/>
        <fieldSetReference reference="arg1" alias="environment"/>
        <fieldSetReference reference="arg2" alias="LOCAL"/>
        
        <call label="CallRecuperaTermid">
            <dataManipXml filePath="$(FEGEN_XML_DIR)" fileName="DataManipCommon.xml"/>
            <subDataManip objectReferenceLabel="RecuperaTermid"/>
            <targetFieldPath value="target" />
            <targetFieldPath value="LOCAL" />
        </call>

        <command label="  ========== PROCESSAMENTO NEGADA VOUCHER - PosProc ==========" objectReferenceLabel="XDUMP">
            <sourceFieldPath value="shc_msg.refnum"/>
            <sourceFieldPath value="shc_msg.local_date"/>
        </command>

        <!-- @Info: Define os enderecos para o qual a transacao deve ser enviada -->
        <call label="CallDefineEnderecoTrnCommon">
        <when objectReferenceLabel="EXPR">
            <expr value="common.is_3a_perna != 'TRUE'" />
        </when>
            <dataManipXml filePath="$(FEGEN_XML_DIR)" fileName="DataManipCommon.xml"/>
            <subDataManip objectReferenceLabel="DefineEnderecoTrnCommon" />
            <targetFieldPath value="target" />
            <targetFieldPath value="environment" />
            <targetFieldPath value="LOCAL" />
        </call>
        
        <!-- Registra trace da transacao no arquivo de log -->
        <call label="CallRegistraTraceResp">
            <dataManipXml filePath="$(FEGEN_XML_DIR)" fileName="DataManipCommon.xml"/>
            <subDataManip objectReferenceLabel="RegistraTraceResp"/>
            <targetFieldPath value="target" />
            <targetFieldPath value="environment" />
            <targetFieldPath value="LOCAL" />
        </call>

    </dataManip>

    <dataManip label="PreEnriquecimento">
        <fieldSetReference reference="arg0" alias="target"/>
        <fieldSetReference reference="arg0.shc_msg" alias="shc_msg"/>
        <fieldSetReference reference="arg0.segments.common" alias="common"/>
        <fieldSetReference reference="arg1" alias="LOCAL"/>

        <command label="MudaMsgtype" objectReferenceLabel="MATH" >
            <value1 value = "shc_msg.msgtype" />
            <value2 value = "10" />
            <operator value = "+" />
            <targetFieldPath value = "shc_msg.msgtype" />
        </command>
    </dataManip>

    <dataManip label="FluxoVenda">
        <fieldSetReference reference="arg0" alias="target"/>
        <fieldSetReference reference="arg0.shc_msg" alias="shc_msg"/>
        <fieldSetReference reference="arg0.segments.common" alias="common"/>
        <fieldSetReference reference="arg1" alias="environment"/>
        <fieldSetReference reference="arg2" alias="LOCAL"/>

        <!-- @Info: TBSW0030 -->
        <call label="CALL_INSERT_TBSW0030">
            <dataManipXml filePath="$(FEGEN_XML_DIR)" fileName="DataBaseCommon.xml" />
            <subDataManip objectReferenceLabel="INSERT_TBSW0030" />
            <targetFieldPath value="target" />
            <targetFieldPath value="LOCAL" />
        </call>

        <!-- @Info: TBSW0153 -->
        <call label="CALL_INSERT_TBSW0153">
            <dataManipXml filePath="$(FEGEN_XML_DIR)" fileName="DataBaseCommon.xml" />
            <subDataManip objectReferenceLabel="INSERT_TBSW0153" />
            <targetFieldPath value="target" />
            <targetFieldPath value="LOCAL" />
        </call>

        <!-- @Info: TBSW0034 -->
        <call label="CALL_INSERT_TBSW0034">
            <dataManipXml filePath="$(FEGEN_XML_DIR)" fileName="DataBaseCommon.xml" />
            <subDataManip objectReferenceLabel="INSERT_TBSW0034" />
            <targetFieldPath value="target" />
            <targetFieldPath value="LOCAL" />
        </call>

        <!-- @Info: TBSW0121 -->
        <call label="CALL_INSERT_TBSW0121">
            <dataManipXml filePath="$(FEGEN_XML_DIR)" fileName="DataBaseCommon.xml" />
            <subDataManip objectReferenceLabel="INSERT_TBSW0121" />
            <targetFieldPath value="target" />
            <targetFieldPath value="LOCAL" />
        </call>

        <call label="Insere_Atualiza_TBSW0139">
            <dataManipXml filePath="$(FEGEN_XML_DIR)" fileName="DataManipCommon.xml"/>
            <subDataManip objectReferenceLabel="INSERE_ATUALIZA_TBSW00139"/>
            <targetFieldPath value="target" />
        </call>
    </dataManip>

    <dataManip label="FluxoEstorno">
        <fieldSetReference reference="arg0" alias="target"/>
        <fieldSetReference reference="arg0.shc_msg" alias="shc_msg"/>
        <fieldSetReference reference="arg0.segments.common" alias="common"/>
        <fieldSetReference reference="arg1" alias="LOCAL"/>

        <!-- @Info: Insert TBSW0030 -->
        <call label="CALL_INSERT_TBSW0030">
            <subDataManip objectReferenceLabel="INSERT_TBSW0030" />
            <dataManipXml filePath="$(FEGEN_XML_DIR)" fileName="DataBaseCommon.xml"/>
            <targetFieldPath value="target" />
            <targetFieldPath value="LOCAL" />
        </call>
        
        <!-- @Info: TBSW0033 -->
        <call label="CALL_INSERT_TBSW0033">
            <dataManipXml filePath="$(FEGEN_XML_DIR)" fileName="DataBaseCommon.xml" />
            <subDataManip objectReferenceLabel="INSERT_TBSW0033" />
            <targetFieldPath value="target" />
            <targetFieldPath value="LOCAL" />
        </call>

        <call label="INSERT_TBSW0121">
            <subDataManip objectReferenceLabel="INSERT_TBSW0121" />
            <dataManipXml filePath="$(FEGEN_XML_DIR)" fileName="DataBaseCommon.xml"/>
            <targetFieldPath value="target" />
            <targetFieldPath value="LOCAL" />
        </call>

    </dataManip>

    <dataManip label="FluxoAdviceNegado">
        <fieldSetReference reference="arg0" alias="target"/>
        <fieldSetReference reference="arg0.shc_msg" alias="shc_msg"/>
        <fieldSetReference reference="arg0.segments.common" alias="common"/>
        <fieldSetReference reference="arg1" alias="LOCAL"/>

    </dataManip>

    <dataManip label="FluxoDesfazimento">
        <fieldSetReference reference="arg0" alias="target"/>
        <fieldSetReference reference="arg0.shc_msg" alias="shc_msg"/>
        <fieldSetReference reference="arg0.segments.common" alias="common"/>
        <fieldSetReference reference="arg1" alias="LOCAL"/>
        
        <call label="INSERT_TBSW0030">
            <subDataManip objectReferenceLabel="INSERT_TBSW0030" />
            <dataManipXml filePath="$(FEGEN_XML_DIR)" fileName="DataBaseCommon.xml"/>
            <targetFieldPath value="target" />
            <targetFieldPath value="LOCAL" />
        </call>

        <call label="INSERT_TBSW1039">
        <when objectReferenceLabel="EXPR">
            <expr value="LOCAL.trn_tem_original == 'FALSE'" />
        </when>
            <subDataManip objectReferenceLabel="INSERT_TBSW1039" />
            <dataManipXml filePath="$(FEGEN_XML_DIR)" fileName="DataBaseCommon.xml"/>
            <targetFieldPath value="target" />
            <targetFieldPath value="LOCAL" />
        </call>

        <conditional-block label="VerificaInsertTBSW0121">
             <if objectReferenceLabel="EXPR">
             <expr value="common.is_desfaz_estorno == 'FALSE'" />
                <call label="INSERT_TBSW0121">
                    <subDataManip objectReferenceLabel="INSERT_TBSW0121" />
                    <dataManipXml filePath="$(FEGEN_XML_DIR)" fileName="DataBaseCommon.xml"/>
                    <targetFieldPath value="target" />
                    <targetFieldPath value="LOCAL" />
                </call>
            </if>
        </conditional-block>

    </dataManip>

</dataManip-list>
