<!DOCTYPE engine-list SYSTEM "../../../PDV/dtd/fwsw/Engine.dtd">

<engine-list>	
	<engine label="acqsrv_vch" >
		<xmlFiles>
			<librarianXml filePath="$(FWSW_XML_DIR)" fileName="StandardLibrarian.xml" />
			<librarianXml filePath="$(COMMON_XML_DIR)" fileName="Librarian.xml" />
			<pluginManagerXml filePath="$(FWSW_XML_DIR)" fileName="StandardPlugins.xml" />
			<pluginManagerXml filePath="$(COMMON_XML_DIR)" fileName="PluginManager.xml" />
			<fieldSetXml filePath="$(FWSW_XML_DIR)" fileName="ShcMsg.xml" />
			<fieldSetXml filePath="$(ACQSRV_VCH_XML_DIR)" fileName="EventData.xml" />
			<dataManipXml filePath="$(ACQSRV_VCH_XML_DIR)" fileName="DataManipRequest.xml" />
			<dataManipXml filePath="$(ACQSRV_VCH_XML_DIR)" fileName="DataManipResponse.xml" />
			<dataManipXml filePath="$(ACQSRV_VCH_XML_DIR)" fileName="DataManipNegative.xml" />
			<dataManipXml filePath="$(ACQSRV_VCH_XML_DIR)" fileName="DataManipEvent.xml" />
		</xmlFiles>

		<librarian referenceLabel="STANDARD_LIBRARIAN" />
		<librarian referenceLabel="FEPDV_COMMON_LIBRARIAN" />
		<pluginManager referenceLabel="STANDARD_PLUGINS" />
		<pluginManager referenceLabel="FEPDV_COMMON_PLUGINS" />
		<xmfFieldSet referenceLabel="IMF_FIELDSET" symbol="fmt_side_msg"/>
		<imfFieldSet referenceLabel="IMF_FIELDSET" symbol="shc_side_msg"/>
		<shdFieldSet referenceLabel="event_data" symbol="EVENT_DATA"/>
		<internalEnvironment symbol="environment" />
		<dataManipRequest referenceLabel="REQ_ACQSRV_VCH" />
		<dataManipResponse referenceLabel="RES_ACQSRV_VCH" />
		<dataManipNegative referenceLabel="NEG_ACQSRV_VCH" />
		<dataManipEvent referenceLabel="EV_ACQSRV_VCH" />
		<converter inboundType="SHC" outboundType="SHC" />
		<trxEngine objectReferenceLabel="STDTRXENGINE" />
	</engine>
</engine-list>
