<?xml version="1.0" encoding="iso-8859-1"?>
<!DOCTYPE fieldSet-list SYSTEM "../../../PDV/dtd/fwsw/FieldSet.dtd">
<fieldSet-list>
    <fieldSet label="event_data">
        <field label="event_timeout">
            <type value="simple" />
            <mask value="DT_INT" />
            <securityMask value="" />
            <isOn value="true" />
            <isSecure value="false" />
        </field>
        <field label="event_action">
            <type value="simple" />
            <mask value="DT_CHAR:15" />
            <securityMask value="" />
            <isOn value="true" />
            <isSecure value="false" />
        </field>
        <field label="transactionId">
            <type value="simple" />
            <mask value="DT_UCHAR:4:HEX" />
            <securityMask value="" />
            <isOn value="true" />
            <isSecure value="false" />
        </field>
        <field label="msg_name">
            <type value="simple" />
            <mask value="DT_CHAR:41" />
            <securityMask value="" />
            <isOn value="true" />
            <isSecure value="false" />
        </field>
        <field label="msg_category">
            <type value="simple" />
            <mask value="DT_CHAR:33" />
            <securityMask value="" />
            <isOn value="true" />
            <isSecure value="false" />
        </field>
        <field label="msg_entrymode">
            <type value="simple" />
            <mask value="DT_CHAR:5" />
            <securityMask value="" />
            <isOn value="true" />
            <isSecure value="false" />
        </field>
        <field label="cod_bndr">
            <type value="simple" />
            <mask value="DT_CHAR:8" />
            <securityMask value="" />
            <isOn value="true" />
            <isSecure value="false" />
        </field>
        <field label="iss_name">
            <type value="simple" />
            <mask value="DT_CHAR:41" />
            <securityMask value="" />
            <isOn value="true" />
            <isSecure value="false" />
        </field>
        <field label="orig_fmt_mb">
            <type value="simple" />
            <mask value="DT_INT" />
            <securityMask value="" />
            <isOn value="true" />
            <isSecure value="false" />
        </field>
        <field label="trn_tem_original">
            <type value="simple" />
            <mask value="DT_CHAR:6" />
            <securityMask value="" />
            <isOn value="true" />
            <isSecure value="false" />
        </field>
        <field label="termid_type"><!-- Para poder fazer o map certo caso negue a trn -->
            <type value="simple" />
            <mask value="DT_CHAR:8" />
            <securityMask value="" />
            <isOn value="true" />
            <isSecure value="false" />
        </field>
        <field label="origrefnum">
            <type value="simple" />
            <mask value="DT_CHAR:12" />
            <securityMask value="" />
            <isOn value="true" />
            <isSecure value="false" />
        </field>
        <field label="data_tbsw0030">
            <type value="simple" />
            <mask value="DT_DATE" />
            <securityMask value="" />
            <isOn value="true" />
            <isSecure value="false" />
        </field>
        <field label="ind_modl_cptr"><!--  necessario por causa do update do campo TIP_MODL_CPTR da tabela 30 -->
            <type value="simple" />
            <mask value="DT_CHAR:2" />
            <securityMask value="" />
            <isOn value="true" />
            <isSecure value="false" />
        </field>
        <field label="receive_inst_id">
            <type value="simple" />
            <mask value="DT_BIN" />
            <securityMask value="" />
            <isOn value="true" />
            <isSecure value="false" />
        </field>
        <field label="nu_cgc_cpf"><!-- necessario para a tag 0D do DE047 no fmt -->
            <type value="simple" />
            <mask value="DT_CHAR:16" />
            <securityMask value="" />
            <isOn value="true" />
            <isSecure value="false" />
        </field>
        <field label="nom_prod_cpom">
            <type value="simple" />
            <mask value="DT_CHAR:23" />
            <securityMask value="" />
            <isOn value="true" />
            <isSecure value="false" />
        </field>
        <field label="isVAN"><!-- Para poder fazer o map certo caso o iss negue a trn -->
            <type value="simple" />
            <mask value="DT_CHAR:6" />
            <securityMask value="" />
            <isOn value="true" />
            <isSecure value="false" />
        </field>
        <field label="termid">
            <type value="simple" />
            <mask value="DT_CHAR:9" />
            <securityMask value="" />
            <isOn value="true" />
            <isSecure value="false" />
        </field>
        <field label="termloc">
            <type value="simple" />
            <mask value="DT_CHAR:26" />
            <securityMask value="" />
            <isOn value="true" />
            <isSecure value="false" />
        </field>
        <field label="cod_vers_sftw"><!-- necessario para apresentacao do saldo voucher -->
            <type value="simple" />
            <mask value="DT_CHAR:11" />
            <securityMask value="" />
            <isOn value="true" />
            <isSecure value="false" />
        </field>
        <field label="mer_name"><!-- necessario para apresentacao do saldo voucher -->
            <type value="simple" />
            <mask value="DT_CHAR:24" />
            <securityMask value="" />
            <isOn value="true" />
            <isSecure value="false" />
        </field>
        <field label="pan">
            <type value="simple" />
            <mask value="DT_CHAR:20" />
            <securityMask value="7:4" />
            <isOn value="true" />
            <isSecure value="true" />
        </field>
        <field label="has_pin"><!-- necessario para usar na insercao e update da 30 / 58 -->
            <type value="simple" />
            <mask value="DT_CHAR:6" />
            <securityMask value="" />
            <isOn value="true" />
            <isSecure value="false" />
        </field>
        <field label="ecr_sftw_verid"><!-- necessario para o cupom -->
            <type value="simple" />
            <mask value="DT_CHAR:8" />
            <securityMask value="" />
            <isOn value="true" />
            <isSecure value="false" />
        </field>
        <field label="versao_aplicativo">
            <type value="simple" />
            <mask value="DT_INT" />
            <securityMask value="" />
            <isOn value="true" />
            <isSecure value="false" />
        </field>
        <field label="terminal_pdv">
            <type value="simple" />
            <mask value="DT_CHAR:10" />
            <securityMask value="" />
            <isOn value="true" />
            <isSecure value="false" />
        </field>
        <field label="num_vers_clit"><!-- usado na gravacao da TBSW0139 ..-->
            <type value="simple" />
            <mask value="DT_CHAR:10" />
            <securityMask value="" />
            <isOn value="true" />
            <isSecure value="false" />
        </field>
        <field label="num_vers_aplv_rcd">
            <type value="simple" />
            <mask value="DT_CHAR:10" />
            <securityMask value="" />
            <isOn value="true" />
            <isSecure value="false" />
        </field>
        <field label="is_desfz_emissor"><!-- necessario para indicar que o retorno do desfz vindo do shc deve ser descartado  -->
            <type value="simple" />
            <mask value="DT_CHAR:2" />
            <securityMask value="" />
            <isOn value="true" />
            <isSecure value="false" />
        </field>
        <field label="num_sre_term"><!-- necessario para o response enviar ao FE -->
            <type value="simple" />
            <mask value="DT_UCHAR:34" />
            <securityMask value="" />
            <isOn value="true" />
            <isSecure value="false" />
        </field>
		<field label="id_pinpad">
			<type value="simple" />
			<mask value="DT_CHAR:13" />
			<securityMask value="" />
			<isOn value="true" />
			<isSecure value="false" />
		</field>
        <field label="acq_name"><!-- Necessario para 47.31 -->
            <type value="simple" />
            <mask value="DT_CHAR:4" />
            <securityMask value="" />
            <isOn value="true" />
            <isSecure value="false" />
        </field>
        <field label="is_fallback">
            <type value="simple" />
            <mask value="DT_CHAR:6" />
            <securityMask value="" />
            <isOn value="true" />
            <isSecure value="false" />
        </field>
        <field label="is_nfc">
            <type value="simple" />
            <mask value="DT_CHAR:6" />
            <securityMask value="" />
            <isOn value="true" />
            <isSecure value="false" />                        
        </field>
        <field label="num_cnpj">
            <type value="simple" />
            <mask value="DT_CHAR:20" />
            <securityMask value="" />
            <isOn value="true" />
            <isSecure value="false" />
        </field>
        <field label="ecr_fabr_id">
            <type value="simple" />
            <mask value="DT_CHAR:4" />
            <securityMask value="" />
            <isOn value="true" />
            <isSecure value="false" />
        </field>
        <field label="versSotfwBiblCompartPinpad">
            <type value="simple" />
            <mask value="DT_CHAR:20" />
            <securityMask value="" />
            <isOn value="true" />
            <isSecure value="false" />
        </field>
        <field label="versEspecBiblCompartPinpad">
            <type value="simple" />
            <mask value="DT_CHAR:8" />
            <securityMask value="" />
            <isOn value="true" />
            <isSecure value="false" />
        </field>
        <field label="cvm_code">
            <type value="simple" />
            <mask value="DT_UCHAR:2:HEX" />
            <securityMask value="" />
            <isOn value="true" />
            <isSecure value="false" />
        </field>
        <field label="txt_rdpe_cpom">
            <type value="simple" />
            <mask value="DT_CHAR:23" />
            <securityMask value="" />
            <isOn value="true" />
            <isSecure value="false" />
        </field>
        <field label="reversalType">
            <type value="simple" />
            <mask value="DT_INT" />
            <securityMask value="" />
            <isOn value="true" />
            <isSecure value="false" />
        </field>
        <field label="tpdu">
            <type value="simple" />
            <mask value="DT_CHAR:10" />
            <securityMask value="" />
            <isOn value="true" />
            <isSecure value="false" />
        </field>
        <field label="in_tpo_tcn"><!-- Necessario para swReplic -->
            <type value="simple" />
            <mask value="DT_CHAR:8" />
            <securityMask value="" />
            <isOn value="true" />
            <isSecure value="false" />
        </field>
        <!-- AUT1-1830 - ELO endereco EC no CV - INICIO -->
        <field label="nom_logr_pdv"><!-- AUT1-1830 - ELO endereco EC no CV - NOM_LOGR_PDV VARCHAR2(60)-->
            <type value="simple" />
            <mask value="DT_CHAR:60" />
            <securityMask value="" />
            <isOn value="true" />
            <isSecure value="false" />
        </field>
        <field label="num_logr_pdv"><!-- AUT1-1830 - ELO endereco EC no CV - NUM_LOGR_PDV CHAR(6)-->
            <type value="simple" />
            <mask value="DT_CHAR:6" />
            <securityMask value="" />
            <isOn value="true" />
            <isSecure value="false" />
        </field>
        <field label="nom_brr_pdv"><!-- AUT1-1830 ELO endereco EC no CV - NOM_BRR_PDV VARCHAR2(20)-->
            <type value="simple" />
            <mask value="DT_CHAR:20" />
            <securityMask value="" />
            <isOn value="true" />
            <isSecure value="false" />
        </field>
        <field label="des_cpl_endr_pdv"><!-- AUT1-1830 ELO endereco EC no CV - DES_CPL_ENDR_PDV CHAR(30)-->
            <type value="simple" />
            <mask value="DT_CHAR:30" />
            <securityMask value="" />
            <isOn value="true" />
            <isSecure value="false" />
        </field>
        <field label="mer_city"><!-- AUT1-1830 ELO endereco EC no CV - NOM_CID_PDV VARCHAR2(25)-->
            <type value="simple" />
            <mask value="DT_CHAR:25" />
            <securityMask value="" />
            <isOn value="true" />
            <isSecure value="false" />
        </field>
        <field label="mer_state"><!-- AUT1-1830 ELO endereco EC no CV - NOM_ESTB_PDV CHAR(2)-->
            <type value="simple" />
            <mask value="DT_CHAR:2" />
            <securityMask value="" />
            <isOn value="true" />
            <isSecure value="false" />
        </field>
        <!-- AUT1-1830 - ELO endereco EC no CV - FIM -->
        <field label="porta_origem">
            <type value="simple" />
            <mask value="DT_CHAR:6" />
            <securityMask value="" />
            <isOn value="true" />
            <isSecure value="false" />
        </field>
        <field label="COD_TRAN_CAD">
            <type value="simple" />
            <mask value="DT_CHAR:6" />
            <securityMask value="" />
            <isOn value="true" />
            <isSecure value="false" />
        </field>                
    </fieldSet>
</fieldSet-list>
