<?xml version="1.0" encoding="iso-8859-1"?>
<!DOCTYPE dataManip-list SYSTEM "../../../PDV/dtd/fwsw/DataManip.dtd">

<dataManip-list>

    <!-- @Info: Faz as chamadas das travas relacionadas a pre-processamento -->
    <dataManip label="GrupoTravasPreProcessamento">
        <fieldSetReference reference="arg0" alias="target"/>
        <fieldSetReference reference="arg1" alias="LOCAL"/>

        <call label="CALL_TRAP090_TRANSACOES_DESCONTINUADAS">
            <dataManipXml filePath="$(COMMON_XML_DIR)" fileName="BusinessRules.xml" />
            <subDataManip objectReferenceLabel="TRAP090_TRANSACOES_DESCONTINUADAS" />
            <targetFieldPath value="target" />
            <targetFieldPath value="LOCAL" />
        </call>

        <call label="TRAP089_CRIPTO_NEWDES">
            <dataManipXml filePath="$(COMMON_XML_DIR)" fileName="BusinessRules.xml" />
            <subDataManip objectReferenceLabel="TRAP089_CRIPTO_NEWDES" />
            <targetFieldPath value="target" />
            <targetFieldPath value="LOCAL" />
        </call>

        <call label="CALL_TRAP080_VOUCHER_TERMINAL_DESATUALIZADO">
            <dataManipXml filePath="$(COMMON_XML_DIR)" fileName="BusinessRules.xml" />
            <subDataManip objectReferenceLabel="TRAP080_VOUCHER_TERMINAL_DESATUALIZADO" />
            <targetFieldPath value="target" />
            <targetFieldPath value="LOCAL" />
        </call>

        <call label="CALL_TRAP081_TRANSACAO_MAGNETICA">
            <dataManipXml filePath="$(COMMON_XML_DIR)" fileName="BusinessRules.xml" />
            <subDataManip objectReferenceLabel="TRAP081_TRANSACAO_MAGNETICA" />
            <targetFieldPath value="target" />
            <targetFieldPath value="LOCAL" />
        </call>

        <call label="CALL_TRAP029_CVM_PAYPASS_CHIP">
            <dataManipXml filePath="$(COMMON_XML_DIR)" fileName="BusinessRules.xml" />
            <subDataManip objectReferenceLabel="TRAP029_CVM_PAYPASS_CHIP" />
            <targetFieldPath value="target" />
            <targetFieldPath value="LOCAL" />
        </call>

        <call label="CALL_TRAP079_VERSAO_APLICATIVO">
            <dataManipXml filePath="$(COMMON_XML_DIR)" fileName="BusinessRules.xml" />
            <subDataManip objectReferenceLabel="TRAP079_VERSAO_APLICATIVO" />
            <targetFieldPath value="target" />
            <targetFieldPath value="LOCAL" />
        </call>

		<call label="CALL_TRAP111_VALIDA_TIPO_CRIPTOGRAFIA">
            <dataManipXml filePath="$(COMMON_XML_DIR)" fileName="BusinessRules.xml" />
            <subDataManip objectReferenceLabel="TRAP111_VALIDA_TIPO_CRIPTOGRAFIA" />
            <targetFieldPath value="target" />
            <targetFieldPath value="LOCAL" />
        </call>

		<call label="CALL_TRAP295_PRE_DCC">
            <dataManipXml filePath="$(COMMON_XML_DIR)" fileName="BusinessRules.xml" />
            <subDataManip objectReferenceLabel="TRAP295_PRE_DCC" />
            <targetFieldPath value="target" />
            <targetFieldPath value="LOCAL" />
        </call>

    </dataManip>

    <!-- @Info: Faz as chamadas das travas relacionadas a Roteamento -->
    <dataManip label="GrupoTravasRoteamento">
        <fieldSetReference reference="arg0" alias="target"/>
        <fieldSetReference reference="arg1" alias="LOCAL"/>
        <fieldSetReference reference="arg2" alias="ROTA"/>

        <call label="CALL_TRAP012_ROTEAMENTO_ISSUER">
            <dataManipXml filePath="$(COMMON_XML_DIR)" fileName="BusinessRules.xml" />
            <subDataManip objectReferenceLabel="TRAP012_ROTEAMENTO_ISSUER" />
            <targetFieldPath value="target" />
            <targetFieldPath value="LOCAL" />
            <targetFieldPath value="ROTA" />
        </call>

    </dataManip>

    <!-- @Info: Faz as chamadas das travas relacionadas a pos-roteamento -->
    <dataManip label="GrupoTravasPosRoteamento">
        <fieldSetReference reference="arg0" alias="target"/>
        <fieldSetReference reference="arg1" alias="LOCAL"/>

        <call label="CALL_TRAP082_VOUCHER_FALLBACK">
            <dataManipXml filePath="$(COMMON_XML_DIR)" fileName="BusinessRules.xml" />
            <subDataManip objectReferenceLabel="TRAP082_VOUCHER_FALLBACK" />
            <targetFieldPath value="target" />
            <targetFieldPath value="LOCAL" />
        </call>

        <call label="CALL_TRAP101_FALLBACK_MAGNETICO">
            <dataManipXml filePath="$(COMMON_XML_DIR)" fileName="BusinessRules.xml" />
            <subDataManip objectReferenceLabel="TRAP101_FALLBACK_MAGNETICO" />
            <targetFieldPath value="target" />
            <targetFieldPath value="LOCAL" />
        </call>        

        <call label="CALL_TRAP094_MODO_CAPTURA_NAO_PERMITIDO">
            <dataManipXml filePath="$(COMMON_XML_DIR)" fileName="BusinessRules.xml" />
            <subDataManip objectReferenceLabel="TRAP094_MODO_CAPTURA_NAO_PERMITIDO" />
            <targetFieldPath value="target" />
            <targetFieldPath value="LOCAL" />
        </call>

        <call label="CALL_TRAP081_TRANSACAO_MAGNETICA">
            <dataManipXml filePath="$(COMMON_XML_DIR)" fileName="BusinessRules.xml" />
            <subDataManip objectReferenceLabel="TRAP081_TRANSACAO_MAGNETICA" />
            <targetFieldPath value="target" />
            <targetFieldPath value="LOCAL" />
        </call>

    </dataManip>

    <!-- @Info: Faz as chamadas das travas relacionadas a tabela 40 -->
    <dataManip label="GrupoTravasTBSW0040">
        <fieldSetReference reference="arg0" alias="target"/>
        <fieldSetReference reference="arg1" alias="LOCAL"/>
        <fieldSetReference reference="arg2" alias="TBSW0040"/>

        <call label="CALL_TRAP059_ESTABELECIMENTO_CADASTRADO">
            <dataManipXml filePath="$(COMMON_XML_DIR)" fileName="BusinessRules.xml" />
            <subDataManip objectReferenceLabel="TRAP059_ESTABELECIMENTO_CADASTRADO" />
            <targetFieldPath value="target" />
            <targetFieldPath value="LOCAL" />
            <targetFieldPath value="TBSW0040" />
        </call>

        <call label="CALL_TRAP060_ESTABELECIMENTO_FRAUDULENTO">
            <dataManipXml filePath="$(COMMON_XML_DIR)" fileName="BusinessRules.xml" />
            <subDataManip objectReferenceLabel="TRAP060_ESTABELECIMENTO_FRAUDULENTO" />
            <targetFieldPath value="target" />
            <targetFieldPath value="LOCAL" />
            <targetFieldPath value="TBSW0040" />
        </call>

        <call label="CALL_TRAP061_ESTABELECIMENTO_CANCELADO">
            <dataManipXml filePath="$(COMMON_XML_DIR)" fileName="BusinessRules.xml" />
            <subDataManip objectReferenceLabel="TRAP061_ESTABELECIMENTO_CANCELADO" />
            <targetFieldPath value="target" />
            <targetFieldPath value="LOCAL" />
            <targetFieldPath value="TBSW0040" />
        </call>

        <call label="CALL_TRAP046_RAMO_ATIVIDADE">
            <dataManipXml filePath="$(COMMON_XML_DIR)" fileName="BusinessRules.xml" />
            <subDataManip objectReferenceLabel="TRAP046_RAMO_ATIVIDADE" />
            <targetFieldPath value="target" />
            <targetFieldPath value="LOCAL" />
        </call>

        <call label="CALL_TRAP024_RAMO_ATIVIDADE_60806">
            <dataManipXml filePath="$(COMMON_XML_DIR)" fileName="BusinessRules.xml" />
            <subDataManip objectReferenceLabel="TRAP024_RAMO_ATIVIDADE_60806" />
            <targetFieldPath value="target" />
            <targetFieldPath value="LOCAL" />
        </call>

        <call label="CALL_TRAP048_CEF">
            <dataManipXml filePath="$(COMMON_XML_DIR)" fileName="BusinessRules.xml" />
            <subDataManip objectReferenceLabel="TRAP048_CEF" />
            <targetFieldPath value="target" />
            <targetFieldPath value="LOCAL" />
        </call>

        <call label="CALL_TRAP095_VALIDACAO_CNPJ">
            <dataManipXml filePath="$(COMMON_XML_DIR)" fileName="BusinessRules.xml" />
            <subDataManip objectReferenceLabel="TRAP095_VALIDACAO_CNPJ" />
            <targetFieldPath value="target" />
            <targetFieldPath value="LOCAL" />
            <targetFieldPath value="TBSW0040" />
        </call>

    </dataManip>

    <!-- @Info: Faz as chamadas das travas relacionadas a tabela 41 -->
    <dataManip label="GrupoTravasTBSW0041">
        <fieldSetReference reference="arg0" alias="target"/>
        <fieldSetReference reference="arg1" alias="LOCAL"/>
        <fieldSetReference reference="arg2" alias="TBSW0041"/>

        <call label="CALL_TRAP062_BANDEIRA_TRANSACAO_NAO_CADASTRADO">
            <dataManipXml filePath="$(COMMON_XML_DIR)" fileName="BusinessRules.xml" />
            <subDataManip objectReferenceLabel="TRAP062_BANDEIRA_TRANSACAO_NAO_CADASTRADO" />
            <targetFieldPath value="target" />
            <targetFieldPath value="LOCAL" />
            <targetFieldPath value="TBSW0041" />
        </call>

		<!-- EAK 1334 - Trava desativada 
        <call label="CALL_TRAP066_TAXA_TARIFA">
            <dataManipXml filePath="$(COMMON_XML_DIR)" fileName="BusinessRules.xml" />
            <subDataManip objectReferenceLabel="TRAP066_TAXA_TARIFA" />
            <targetFieldPath value="target" />
            <targetFieldPath value="LOCAL" />
            <targetFieldPath value="TBSW0041" />
        </call>
		-->
		
        <!-- EAK-2476 - Trava desativada
        <call label="CALL_TRAP067_TAXA_TARIFA_ZERADA">
            <dataManipXml filePath="$(COMMON_XML_DIR)" fileName="BusinessRules.xml" />
            <subDataManip objectReferenceLabel="TRAP067_TAXA_TARIFA_ZERADA" />
            <targetFieldPath value="target" />
            <targetFieldPath value="LOCAL" />
            <targetFieldPath value="TBSW0041" />            
        </call> -->

		<!-- EAK 1334 - Trava desativada 
        <call label="CALL_TRAP065_BANCO_AGENCIA_CONTA">
            <dataManipXml filePath="$(COMMON_XML_DIR)" fileName="BusinessRules.xml" />
            <subDataManip objectReferenceLabel="TRAP065_BANCO_AGENCIA_CONTA" />
            <targetFieldPath value="target" />
            <targetFieldPath value="LOCAL" />
            <targetFieldPath value="TBSW0041" />
        </call>
		-->
		
    </dataManip>

    <!-- @Info: Faz as chamadas das travas relacionadas a tabela 42 -->
    <dataManip label="GrupoTravasTBSW0042">
        <fieldSetReference reference="arg0" alias="target"/>
        <fieldSetReference reference="arg1" alias="LOCAL"/>
        <fieldSetReference reference="arg2" alias="TBSW0042"/>

        <call label="CALL_TRAP051_TERMINAL_NAO_CADASTRADO">
            <dataManipXml filePath="$(COMMON_XML_DIR)" fileName="BusinessRules.xml" />
            <subDataManip objectReferenceLabel="TRAP051_TERMINAL_NAO_CADASTRADO" />
            <targetFieldPath value="target" />
            <targetFieldPath value="LOCAL" />
            <targetFieldPath value="TBSW0042" />
        </call>

        <call label="CALL_TRAP056_TERMINAL_BLOQUEADO">
            <dataManipXml filePath="$(COMMON_XML_DIR)" fileName="BusinessRules.xml" />
            <subDataManip objectReferenceLabel="TRAP056_TERMINAL_BLOQUEADO" />
            <targetFieldPath value="target" />
            <targetFieldPath value="LOCAL" />
            <targetFieldPath value="TBSW0042" />
        </call>

        <call label="CALL_TRAP057_TERMINAL_NAO_PRODUTIVO">
            <dataManipXml filePath="$(COMMON_XML_DIR)" fileName="BusinessRules.xml" />
            <subDataManip objectReferenceLabel="TRAP057_TERMINAL_NAO_PRODUTIVO" />
            <targetFieldPath value="target" />
            <targetFieldPath value="LOCAL" />
            <targetFieldPath value="TBSW0042" />
        </call>

    </dataManip>

    <!-- @Info: Faz as chamadas das travas relacionadas a tabela 43 -->
    <dataManip label="GrupoTravasTBSW0043">
        <fieldSetReference reference="arg0" alias="target"/>
        <fieldSetReference reference="arg1" alias="LOCAL"/>
        <fieldSetReference reference="arg2" alias="TBSW0043"/>

        <call label="CALL_TRAP058_FUNCAO_AUTORIZADA">
            <dataManipXml filePath="$(COMMON_XML_DIR)" fileName="BusinessRules.xml" />
            <subDataManip objectReferenceLabel="TRAP058_FUNCAO_AUTORIZADA" />
            <targetFieldPath value="target" />
            <targetFieldPath value="LOCAL" />
            <targetFieldPath value="TBSW0043" />
        </call>

    </dataManip>
    
    <!-- @Info: Faz as chamadas das travas relacionadas a tabela 43 -->
    <dataManip label="GrupoTravasTBSW0043_ESTORNO">
        <fieldSetReference reference="arg0" alias="target"/>
        <fieldSetReference reference="arg1" alias="LOCAL"/>
        <fieldSetReference reference="arg2" alias="TBSW0043"/>

        <call label="CALL_TRAP058_FUNCAO_AUTORIZADA_ESTORNO">
            <dataManipXml filePath="$(COMMON_XML_DIR)" fileName="BusinessRules.xml" />
            <subDataManip objectReferenceLabel="TRAP058_FUNCAO_AUTORIZADA_ESTORNO" />
            <targetFieldPath value="target" />
            <targetFieldPath value="LOCAL" />
            <targetFieldPath value="TBSW0043" />
        </call>
    </dataManip>    

    <!-- @Info: Faz as chamadas das travas relacionadas a tabela 71 -->
    <dataManip label="GrupoTravasTBSW0071">
        <fieldSetReference reference="arg0" alias="target"/>
        <fieldSetReference reference="arg1" alias="LOCAL"/>
        <fieldSetReference reference="arg2" alias="TBSW0071"/>

    </dataManip>

    <!-- @Info: Faz as chamadas das travas relacionadas as tabelas de cadastro -->
    <dataManip label="GrupoTravasTabelasCadastro">
        <fieldSetReference reference="arg0" alias="target"/>
        <fieldSetReference reference="arg1" alias="LOCAL"/>
        <fieldSetReference reference="arg2" alias="TBSW0040"/>
        <fieldSetReference reference="arg3" alias="TBSW0041"/>
        <fieldSetReference reference="arg4" alias="TBSW0042"/>
        <fieldSetReference reference="arg5" alias="TBSW0043"/>

        <call label="CALL_TRAP054_TRANS_DIG1">
            <dataManipXml filePath="$(COMMON_XML_DIR)" fileName="BusinessRules.xml" />
            <subDataManip objectReferenceLabel="TRAP054_TRANS_DIG1" />
            <targetFieldPath value="target" />
            <targetFieldPath value="LOCAL" />
            <targetFieldPath value="TBSW0041" />
            <targetFieldPath value="TBSW0042" />
            <targetFieldPath value="TBSW0043" />
        </call>

        <call label="CALL_TRAP055_TRANS_DIG2">
            <dataManipXml filePath="$(COMMON_XML_DIR)" fileName="BusinessRules.xml" />
            <subDataManip objectReferenceLabel="TRAP055_TRANS_DIG2" />
            <targetFieldPath value="target" />
            <targetFieldPath value="LOCAL" />
            <targetFieldPath value="TBSW0041" />
            <targetFieldPath value="TBSW0042" />
            <targetFieldPath value="TBSW0043" />
        </call>

    </dataManip>

    <!-- @Info: Faz as chamadas das travas relacionadas a estorno -->
    <dataManip label="GrupoTravasEstorno">
        <fieldSetReference reference="arg0" alias="target"/>
        <fieldSetReference reference="arg1" alias="LOCAL"/>
        <fieldSetReference reference="arg2" alias="TBSW0030_ORIG"/>

        <call label="CALL_TRAP038_TXN_ORIGINAL_NAO_ENCONTRADA">
            <dataManipXml filePath="$(COMMON_XML_DIR)" fileName="BusinessRules.xml" />
            <subDataManip objectReferenceLabel="TRAP038_TXN_ORIGINAL_NAO_ENCONTRADA" />
            <targetFieldPath value="target" />
            <targetFieldPath value="LOCAL" />
            <targetFieldPath value="TBSW0030_ORIG" />
        </call>

        <call label="CALL_TRAP043_TXN_ORIGINAL_CANCELADA">
            <dataManipXml filePath="$(COMMON_XML_DIR)" fileName="BusinessRules.xml" />
            <subDataManip objectReferenceLabel="TRAP043_TXN_ORIGINAL_CANCELADA" />
            <targetFieldPath value="target" />
            <targetFieldPath value="LOCAL" />
            <targetFieldPath value="TBSW0030_ORIG" />
        </call>

        <call label="CALL_TRAP042_ESTORNO_FORA_DA_DATA">
            <dataManipXml filePath="$(COMMON_XML_DIR)" fileName="BusinessRules.xml" />
            <subDataManip objectReferenceLabel="TRAP042_ESTORNO_FORA_DA_DATA" />
            <targetFieldPath value="target" />
            <targetFieldPath value="LOCAL" />
            <targetFieldPath value="TBSW0030_ORIG" />
        </call>

    </dataManip>

    <!-- @Info: Faz as chamadas das travas relacionadas ao desfazimento -->
    <dataManip label="GrupoTravasDesfazimento">
        <fieldSetReference reference="arg0" alias="target"/>
        <fieldSetReference reference="arg1" alias="LOCAL"/>
        <fieldSetReference reference="arg2" alias="TBSW0030_ORIG"/>

        <call label="CALL_TRAP092_DESFAZ_TRN_CONFIRMADA">
            <dataManipXml filePath="$(COMMON_XML_DIR)" fileName="BusinessRules.xml" />
            <subDataManip objectReferenceLabel="TRAP092_DESFAZ_TRN_CONFIRMADA" />
            <targetFieldPath value="target" />
            <targetFieldPath value="LOCAL" />
            <targetFieldPath value="TBSW0030_ORIG" />
        </call>

    </dataManip>

</dataManip-list>
