<?xml version="1.0" encoding="iso-8859-1"?>
<!DOCTYPE dataManip-list SYSTEM "../../../PDV/dtd/fwsw/DataManip.dtd">

<dataManip-list>

    <!-- CHAMANDA DO MANIP PRINCIAL -->
    <dataManip label="NEG_ACQSRV_ADM">
        <fieldSetReference reference="shc_side_msg" alias="source" />
        <fieldSetReference reference="fmt_side_msg" alias="target" />
        <fieldSetReference reference="target.shc_msg" alias="shc_msg" />
        <fieldSetReference reference="target.segments.common" alias="common" />
        <fieldSetReference reference="REQ_ACQSRV_ADM::LOCAL" alias="LOCAL" />

        <command label="CopyMsgFromFormatterToShc" objectReferenceLabel="FIELDSET_COPY">
            <sourceFieldPath value = "source" />
            <targetFieldPath value="target" />
        </command>

        <call label="Dump_Recebimento_Msg">
            <dataManipXml filePath="$(FEGEN_XML_DIR)" fileName="DataManipCommon.xml"/>
            <subDataManip objectReferenceLabel="Dump_Recebimento_Msg" />
            <targetFieldPath value="source" />
            <targetFieldPath value="LOCAL" />
            <targetFieldPath value="environment.SENDER_ADDRESS" />
        </call>
        
        <call label="CallPreProcessamento">
            <subDataManip objectReferenceLabel="PreProc" />
            <targetFieldPath value="target" />
            <targetFieldPath value="environment" />
            <targetFieldPath value="LOCAL" />
        </call>        
        
        <call label="CallProcessamento">
            <subDataManip objectReferenceLabel="Proc" />
            <targetFieldPath value="target" />
            <targetFieldPath value="LOCAL" />
        </call>                
        
        <call label="CallPosProcessamento">
            <subDataManip objectReferenceLabel="PosProc" />
            <targetFieldPath value="target" />
            <targetFieldPath value="environment" />
            <targetFieldPath value="LOCAL" />
        </call>            
        
        <call label="Dump_Destino_Msg">
            <dataManipXml filePath="$(FEGEN_XML_DIR)" fileName="DataManipCommon.xml"/>
            <subDataManip objectReferenceLabel="Dump_Destino_Msg" />
            <targetFieldPath value="target" />
            <targetFieldPath value="LOCAL" />
            <targetFieldPath value="environment.SENDER_ADDRESS" />
        </call>
        
    </dataManip>

    <!-- MANIP DE PRE PROC -->
    <dataManip label="PreProc">
        <fieldSetReference reference="arg0" alias="target"/>
        <fieldSetReference reference="arg0.shc_msg" alias="shc_msg"/>
        <fieldSetReference reference="arg0.segments.common" alias="common"/>
        <fieldSetReference reference="arg1" alias="environment"/>
        <fieldSetReference reference="arg2" alias="LOCAL"/>

        <!-- Registra trace da transacao no arquivo de log 
             Necessario ser executada neste ponto do DataManipNegative, porque a transacao foi barrada antes 
             de executar esta operacao no DataManipRequest.-->
        <call label="CallRegistraTraceReq">
            <dataManipXml filePath="$(FEGEN_XML_DIR)" fileName="DataManipCommon.xml"/>
            <subDataManip objectReferenceLabel="RegistraTraceReq"/>
            <targetFieldPath value="target" />
            <targetFieldPath value="environment" />
            <targetFieldPath value="LOCAL" />
        </call>
        
        <!-- @Info: trata o respcode e o respmsg -->
        <call label="CALL_TRATA_RESP_MSG">
            <dataManipXml filePath="$(FEGEN_XML_DIR)" fileName="DataManipCommon.xml"/>
            <subDataManip objectReferenceLabel="TRATA_RESP_MSG" />
            <targetFieldPath value="target" />
            <targetFieldPath value="LOCAL" />
        </call>
        
        <call label="CallPreEnriquecimento">
            <subDataManip objectReferenceLabel="PreEnriquecimento" />
            <targetFieldPath value="target" />
            <targetFieldPath value="LOCAL" />
        </call>
        
    </dataManip>
    
    <!-- MANIP DE PROC -->
    <dataManip label="Proc">
        <fieldSetReference reference="arg0" alias="target"/>
        <fieldSetReference reference="arg0.shc_msg" alias="shc_msg"/>
        <fieldSetReference reference="arg0.segments.common" alias="common"/>
        <fieldSetReference reference="arg1" alias="LOCAL"/>

        <!-- t689049@FIS - 15/01/2017 - Passar a tratar o cupom no ACQSRV .. -->
        <call label="CallAnalisaGeraCupom">
            <dataManipXml filePath="$(COMMON_XML_DIR)" fileName="TrataCupom.xml"/>
            <subDataManip objectReferenceLabel="AnalisaGeraCupom" />
            <targetFieldPath value="target" />
            <targetFieldPath value="LOCAL" />
        </call> 

        <!-- Atualmente todas as trns estao sendo inseridas na 30, caso tenha alguma que nao deva ser feito isso colocar ela
             usando o comando when -->
        <call label="INSERT_TBSW0030">
            <dataManipXml filePath="$(FEGEN_XML_DIR)" fileName="DataBaseCommon.xml" />
            <subDataManip objectReferenceLabel="INSERT_TBSW0030" />
            <targetFieldPath value="target" />
            <targetFieldPath value="LOCAL" />
        </call>
        
    </dataManip>
    
    <!-- MANIP DE POS PROC -->
    <dataManip label="PosProc">
        <fieldSetReference reference="arg0" alias="target"/>
        <fieldSetReference reference="arg0.shc_msg" alias="shc_msg"/>
        <fieldSetReference reference="arg0.segments.common" alias="common"/>
        <fieldSetReference reference="arg1" alias="environment"/>
        <fieldSetReference reference="arg2" alias="LOCAL"/>

        <command label="setDados" objectReferenceLabel="XCOPY">
            <value sourceField="LOCAL.termid"  type="value" targetFieldPath="shc_msg.termid" />
            <value sourceField="LOCAL.termloc" type="value" targetFieldPath="shc_msg.termloc" />
        </command>
        
        <call label="CallDefineEnderecoTrnCommon">
            <dataManipXml filePath="$(FEGEN_XML_DIR)" fileName="DataManipCommon.xml"/>
            <subDataManip objectReferenceLabel="DefineEnderecoTrnCommon" />
            <targetFieldPath value="target" />
            <targetFieldPath value="environment" />
            <targetFieldPath value="LOCAL" />
        </call>

        <!-- Registra trace da transacao no arquivo de log -->
        <call label="CallRegistraTraceResp">
            <dataManipXml filePath="$(FEGEN_XML_DIR)" fileName="DataManipCommon.xml"/>
            <subDataManip objectReferenceLabel="RegistraTraceResp"/>
            <targetFieldPath value="target" />
            <targetFieldPath value="environment" />
            <targetFieldPath value="LOCAL" />
        </call>
        
    </dataManip>
    
    <dataManip label="PreEnriquecimento">
        <fieldSetReference reference="arg0" alias="target"/>
        <fieldSetReference reference="arg0.shc_msg" alias="shc_msg"/>
        <fieldSetReference reference="arg0.segments.common" alias="common"/>
        <fieldSetReference reference="arg1" alias="LOCAL"/>
    
        <!-- @Info: Muda o msgtype da transacao -->
        <command label="MudaMsgtype" objectReferenceLabel="MATH" >
            <value1 value = "shc_msg.msgtype" />
            <value2 value = "10" />
            <operator value = "+" />
            <targetFieldPath value = "shc_msg.msgtype" />
        </command>
    
    </dataManip>
    
    <dataManip label="InsereTransacaoBanco">
        <fieldSetReference reference="arg0" alias="target"/>
        <fieldSetReference reference="arg0.shc_msg" alias="shc_msg"/>
        <fieldSetReference reference="arg0.segments.common" alias="common"/>
        <fieldSetReference reference="arg1" alias="LOCAL"/>

        <!-- INSERE A TRANSACAO NEGADA -->
    </dataManip>    
    
</dataManip-list>
