<?xml version="1.0" encoding="iso-8859-1"?>
<!DOCTYPE dataManip-list SYSTEM "../../../PDV/dtd/fwsw/DataManip.dtd">

<dataManip-list>

    <!-- CHAMANDA DO MANIP PRINCIAL -->
    <dataManip label="RES_ACQSRV_ADM">
        <fieldSetReference reference="shc_side_msg" alias="source" />
        <fieldSetReference reference="fmt_side_msg" alias="target" />
        <fieldSetReference reference="target.shc_msg" alias="shc_msg" />
        <fieldSetReference reference="target.segments.common" alias="common" />

        <command label="CopyFieldSetFromShcToFormatter" objectReferenceLabel="FIELDSET_COPY">
            <sourceFieldPath value = "source" />
            <targetFieldPath value = "target" />
        </command>
       
        <declare label="LOCAL" >
            <field label="isVAN" value = "N" />
            <field label="ind_modl_cptr" value = "" />
            <field label="trn_tem_original" value = "FALSE" />
            <field label="swreplic" />
            <field label="mailboxName" />  <!-- Usado no RegistraTrace* -->
            <field label="IND_TRAN_REFD" value = "0" />
            <field label="termid" />
            <field label="termloc" />
            <field label="TBSW_RESULT" />
            <!-- Dados Validacao Ordem de Servico - DE48 TAG 80 ..  -->
            <field label="numero_os" />
            <field label="id_tecnico" />
            <field label="nome_estab" />
            <field label="ender_estab" />
            <field label="tel_estab" />
            <field label="data_baixa" />
            <field label="hora_baixa" />
            <field label="cod_carga" />
            <field label="cod_ocorr" />
            <field label="eps_credenc" />
            <!-- AUT1-1830 - ELO endereco EC no CV -->
            <field label="nom_logr_pdv" />
            <field label="num_logr_pdv" />
            <field label="nom_brr_pdv" />
            <field label="des_cpl_endr_pdv" />
            <!-- AUT1-1830 - ELO endereco EC no CV -->
            <field label="porta_origem" />
            <field label="COD_TRAN_CAD" />
            <field label="MARKUP" />
            <field label="CONVRATE" />
        </declare>

        <call label="Dump_Recebimento_Msg">
            <dataManipXml filePath="$(FEGEN_XML_DIR)" fileName="DataManipCommon.xml"/>
            <subDataManip objectReferenceLabel="Dump_Recebimento_Msg" />
            <targetFieldPath value="source" />
            <targetFieldPath value="LOCAL" />
            <targetFieldPath value="environment.SENDER_ADDRESS" />
        </call>
        
        <call label="CallPreProcessamento">
            <subDataManip objectReferenceLabel="PreProc" />
            <targetFieldPath value="target" />
            <targetFieldPath value="environment" />
            <targetFieldPath value="EVENT_DATA" />
            <targetFieldPath value="LOCAL" />
        </call>

        <call label="CallProcessamento">
            <subDataManip objectReferenceLabel="Proc" />
            <targetFieldPath value="target" />
            <targetFieldPath value="environment" />
            <targetFieldPath value="LOCAL" />
        </call>

        <call label="CallPosProcessamento">
            <subDataManip objectReferenceLabel="PosProc" />
            <targetFieldPath value="target" />
            <targetFieldPath value="environment" />
            <targetFieldPath value="LOCAL" />
        </call>
        
        <call label="Dump_Destino_Msg">
            <dataManipXml filePath="$(FEGEN_XML_DIR)" fileName="DataManipCommon.xml"/>
            <subDataManip objectReferenceLabel="Dump_Destino_Msg" />
            <targetFieldPath value="target" />
            <targetFieldPath value="LOCAL" />
            <targetFieldPath value="environment.FORWARD_ADDRESS" />
        </call> 
        
    </dataManip>

    <!-- MANIP DE PRE PROC -->
    <dataManip label="PreProc">
        <fieldSetReference reference="arg0" alias="target"/>
        <fieldSetReference reference="arg0.shc_msg" alias="shc_msg"/>
        <fieldSetReference reference="arg0.segments.common" alias="common"/>
        <fieldSetReference reference="arg1" alias="environment"/>
        <fieldSetReference reference="arg2" alias="EVENT_DATA"/>
        <fieldSetReference reference="arg3" alias="LOCAL"/>

        <!-- @Info: Chamada do Pre Processamento Trata Segmento .. -->
        <call label="CallPreProcTrataSegmento">
            <dataManipXml filePath="$(FEGEN_XML_DIR)" fileName="DataManipCommon.xml"/>
            <subDataManip objectReferenceLabel="PreProcTrataSegmento" />
            <targetFieldPath value="target" />
        </call>

        <conditional-block label="descarta_430">
            <if objectReferenceLabel="EXPR">
                <expr value="shc_msg.msgtype == '430'"/>
                <command label="SetToEmptySender" objectReferenceLabel="VALUE" >
                    <targetFieldPath value="environment.SENDER_ADDRESS" />
                    <sourceValue value="" />
                </command>
                <command label="RESPONSE_ADM_DESCARTA_430" objectReferenceLabel="EXIT"/>
            </if>
        </conditional-block>

        <!-- RECUPERA OS DADOS DO EVENTO -->
        <call label="CallRecuperaDadosEvento">
            <subDataManip objectReferenceLabel="RecuperaDadosEvento" />
            <targetFieldPath value="target" />
            <targetFieldPath value="EVENT_DATA" />
            <targetFieldPath value="LOCAL" />
        </call>

       <!-- DANILO -->
        <!--command label="set_termid_type_from_event" objectReferenceLabel="COPY" >
            <sourceFieldPath value="LOCAL.termid_type_saved" />
            <targetFieldPath value="common.termid_type" />
        </command-->

        <command label="  ========= environment: ANTES =========" objectReferenceLabel="FIELDSET_DUMP">
            <sourceFieldPath value="environment"/>
        </command>

        <call label="CallDefineEnderecoTrnCommon">
            <dataManipXml filePath="$(FEGEN_XML_DIR)" fileName="DataManipCommon.xml"/>
            <subDataManip objectReferenceLabel="DefineEnderecoTrnCommon" />
            <targetFieldPath value="target" />
            <targetFieldPath value="environment" />
            <targetFieldPath value="LOCAL" />
        </call>
       
        <command label="  ========= environment : DEPOIS =========" objectReferenceLabel="FIELDSET_DUMP">
            <sourceFieldPath value="environment"/>
        </command>

    </dataManip>

    <!-- MANIP DE PROC -->
    <dataManip label="Proc">
        <fieldSetReference reference="arg0" alias="target"/>
        <fieldSetReference reference="arg0.shc_msg" alias="shc_msg"/>
        <fieldSetReference reference="arg0.segments.common" alias="common"/>
        <fieldSetReference reference="arg1" alias="environment"/>
        <fieldSetReference reference="arg2" alias="LOCAL"/>

        <conditional-block label="SetReturnCodes">
            <if objectReferenceLabel="EXPR">
                <expr value="common.msg_name != 'RES_VEND' &amp;&amp; common.msg_name != 'CONF_RES_VEND'" />

                <declare label="TMP_MAPPING" >
                    <field label="chave1" />
                    <field label="chave2" />
                </declare>

                <call label="CallNormalizaRespcode">
                    <dataManipXml filePath="$(FEGEN_XML_DIR)" fileName="DataManipCommon.xml"/>
                    <subDataManip objectReferenceLabel="NormalizaRespcode" />
                    <targetFieldPath value="target" />
                    <targetFieldPath value="TMP_MAPPING" />
                    <targetFieldPath value="LOCAL" />
                </call>

                <call label="CallDefineMapping">
                    <dataManipXml filePath="$(FEGEN_XML_DIR)" fileName="DataManipCommon.xml"/>
                    <subDataManip objectReferenceLabel="DefineMapping" />
                    <targetFieldPath value="target" />
                    <targetFieldPath value="LOCAL" />
                    <targetFieldPath value="TMP_MAPPING" />
                </call>

                <conditional-block label="check_transacao">
                    <if objectReferenceLabel="EXPR">
                    <expr value="shc_msg.respcode == '0' &amp;&amp; common.pb_reason_code &lt; '50' &amp;&amp; common.ext_network_code == '00'" />
                        <command label="set_az_reason_code_ok" objectReferenceLabel="VALUE" >
                            <targetFieldPath value="common.az_reason_code" />
                            <sourceValue value="00" />
                        </command>
                        <command label="set_bit63_ok" objectReferenceLabel="VALUE" >
                            <targetFieldPath value="common.bit63" />
                            <sourceValue value="Transacao aprovada" />
                        </command>
                    </if>
                </conditional-block>

                <call label="CallDefineStatusTrnResp">
                    <dataManipXml filePath="$(FEGEN_XML_DIR)" fileName="DataManipCommon.xml"/>
                    <subDataManip objectReferenceLabel="DefineStatusTrnResp" />
                    <targetFieldPath value="target" />
                    <targetFieldPath value="LOCAL" />
                </call>

                <!-- t689049@FIS - 15/01/2017 - Passar a tratar o cupom no ACQSRV .. -->
                <call label="CallAnalisaGeraCupom">
                    <dataManipXml filePath="$(COMMON_XML_DIR)" fileName="TrataCupom.xml"/>
                    <subDataManip objectReferenceLabel="AnalisaGeraCupom" />
                    <targetFieldPath value="target" />
                    <targetFieldPath value="LOCAL" />
                </call> 

                <!-- DANILO -->
                <command label="set_settlement_date" objectReferenceLabel="DATETIME2" >
                    <when objectReferenceLabel="EXPR">
                        <expr value="target.shc_msg.settlement_date == '' || target.shc_msg.settlement_date == '0' " />
                    </when>
                    <sourceFieldPath value="target.shc_msg.local_date" />
                    <sourceValueMask value="YYMMDD" />
                    <targetFieldPath value="target.shc_msg.settlement_date" />
                    <targetValueMask value="MMDD" />
                </command>

            </if>
        </conditional-block>

        <conditional-block label="SetReturnCodes">
            <if objectReferenceLabel="EXPR">
                <expr value="common.msg_name == 'RES_VEND'" />
                <command label="Dump_resp_txt (msg_name == 'RES_VEND')" objectReferenceLabel="FIELDSET_DUMP2">
                    <sourceFieldPath value = "target.segments.acquirer_common.resp_txt" />
                </command>
                
                <command label="set_gera_cupom" objectReferenceLabel="VALUE" >
                    <when objectReferenceLabel="EXPR">
                        <expr value="target.segments.acquirer_common.resp_txt != '' &amp;&amp; common.az_reason_code == '00'" />                    
                    </when>
                    <sourceValue value = "S" />
                    <targetFieldPath value = "common.trn_tem_cupom" />
                </command>
                <command label="Dump_trn_tem_cupom" objectReferenceLabel="FIELDSET_DUMP2">
                    <sourceFieldPath value = "common.trn_tem_cupom" />
                </command>

            </if>
        </conditional-block>

        <!-- @Info: Chamada do Fluxo das transacoes -->
        <conditional-block label="ChamaFluxoTrn" >
            <if objectReferenceLabel="EXPR">
            <expr value="common.msg_name == 'SONDA'" />
                <call label="CallFluxoSONDA">
                    <subDataManip objectReferenceLabel="FluxoSONDA" />
                    <targetFieldPath value="target" />
                    <targetFieldPath value="environment" />
                    <targetFieldPath value="LOCAL" />
                </call>
            </if>
            <else-if objectReferenceLabel="EXPR">
            <expr value="common.msg_name == 'TEST_COMUNICACAO'" />
                <call label="CallFluxoTEST_COMUNICACAO">
                    <subDataManip objectReferenceLabel="FluxoTEST_COMUNICACAO" />
                    <targetFieldPath value="target" />
                    <targetFieldPath value="environment" />
                    <targetFieldPath value="LOCAL" />
                </call>
            </else-if>
            <else-if objectReferenceLabel="EXPR">
            <expr value="common.msg_name == 'BAIXA_OS'" />
                <call label="CallFluxoBAIXA_OS">
                    <subDataManip objectReferenceLabel="FluxoBAIXA_OS" />
                    <targetFieldPath value="target" />
                    <targetFieldPath value="environment" />
                    <targetFieldPath value="LOCAL" />
                </call>
            </else-if>
            <else-if objectReferenceLabel="EXPR">
            <expr value="common.msg_name == 'ESTATISTICA'" />
                <call label="CallFluxoESTATISTICA">
                    <subDataManip objectReferenceLabel="FluxoESTATISTICA" />
                    <targetFieldPath value="target" />
                    <targetFieldPath value="environment" />
                    <targetFieldPath value="LOCAL" />
                </call>
            </else-if>
            <else-if objectReferenceLabel="EXPR">
            <expr value="common.msg_name == 'INICIALIZACAO'" />
                <call label="CallFluxoINICIALIZACAO">
                    <subDataManip objectReferenceLabel="FluxoINICIALIZACAO" />
                    <targetFieldPath value="target" />
                    <targetFieldPath value="environment" />
                    <targetFieldPath value="LOCAL" />
                </call>
            </else-if>
            <else-if objectReferenceLabel="EXPR">
            <expr value="common.msg_name == 'RES_VEND' || common.msg_name == 'CONF_RES_VEND'" />
                <call label="CallFluxoRES_VEND">
                    <subDataManip objectReferenceLabel="FluxoRES_VEND" />
                    <targetFieldPath value="target" />
                    <targetFieldPath value="environment" />
                    <targetFieldPath value="LOCAL" />
                </call>
            </else-if>
            <else-if objectReferenceLabel="EXPR">
            <expr value="common.msg_name == 'SIGN_ON' || common.msg_name == 'SIGN_OFF'" />
                <call label="CallFluxoSIGN_ON_OFF">
                    <subDataManip objectReferenceLabel="FluxoSIGN_ON_OFF" />
                    <targetFieldPath value="target" />
                    <targetFieldPath value="environment" />
                    <targetFieldPath value="LOCAL" />
                </call>
            </else-if>
            <else-if objectReferenceLabel="EXPR">
            <expr value="common.msg_name == 'INJECAO_CHAVES'" />
                <call label="CallFluxoINJECAO_CHAVES">
                    <subDataManip objectReferenceLabel="FluxoINJECAO_CHAVES" />
                    <targetFieldPath value="target" />
                    <targetFieldPath value="environment" />
                    <targetFieldPath value="LOCAL" />
                </call>
            </else-if>
            <else-if objectReferenceLabel="EXPR">
            <expr value="common.msg_name == 'CONS_DCC'" />
                <call label="CallFluxoCONS_DCC">
                    <subDataManip objectReferenceLabel="FluxoCONS_DCC" />
                    <targetFieldPath value="target" />
                    <targetFieldPath value="environment" />
                    <targetFieldPath value="LOCAL" />
                </call>
            </else-if>
            <else>
                <command label=" Parametros determinantes do fluxo desconhecidos: " objectReferenceLabel="XDUMP">
                    <sourceFieldPath value = "common.msg_category" />
                    <sourceFieldPath value = "common.msg_name" />
                </command>
                <command label="  ========= Fluxo nao determinado =========  " objectReferenceLabel="DROP" />
            </else>
        </conditional-block>

    </dataManip>

    <!-- MANIP DE POS PROC -->
    <dataManip label="PosProc">
        <fieldSetReference reference="arg0" alias="target"/>
        <fieldSetReference reference="arg0.shc_msg" alias="shc_msg"/>
        <fieldSetReference reference="arg0.segments.common" alias="common"/>
        <fieldSetReference reference="arg1" alias="environment"/>
        <fieldSetReference reference="arg2" alias="LOCAL"/>

        <command label="setDados" objectReferenceLabel="XCOPY">
            <value sourceField="LOCAL.termid"  type="value" targetFieldPath="shc_msg.termid" />
            <value sourceField="LOCAL.termloc" type="value" targetFieldPath="shc_msg.termloc" />
        </command>

        <!-- AUT1-3543 - Release Bandeira Abril/21 - ELO - ID da Transacao - INICIO -->
        <command label="SetOFF_seg_acquirer_common" objectReferenceLabel="TURN_ON" >
            <targetFieldPath value="target.segments.acquirer_common" />
        </command>
        <!-- AUT1-3543 - Release Bandeira Abril/21 - ELO - ID da Transacao - FIM -->

        <!-- Registra trace da transacao no arquivo de log -->
        <call label="CallRegistraTraceResp">
            <dataManipXml filePath="$(FEGEN_XML_DIR)" fileName="DataManipCommon.xml"/>
            <subDataManip objectReferenceLabel="RegistraTraceResp"/>
            <targetFieldPath value="target" />
            <targetFieldPath value="environment" />
            <targetFieldPath value="LOCAL" />
        </call>

    </dataManip>

    <dataManip label="RecuperaDadosEvento">
        <fieldSetReference reference="arg0" alias="target"/>
        <fieldSetReference reference="arg0.shc_msg" alias="shc_msg"/>
        <fieldSetReference reference="arg0.segments.common" alias="common"/>
        <fieldSetReference reference="arg0.segments.acq_common" alias="acq_common"/>
        <fieldSetReference reference="arg0.segments.adm"    alias="adm"/>
        <fieldSetReference reference="arg1" alias="EVENT_DATA"/>
        <fieldSetReference reference="arg2" alias="LOCAL"/>

        <command label="restore_event" objectReferenceLabel="EVENTMANAGER" >
            <operation value = "recover" />
            <key value = "shc_msg.refnum" />
            <targetFieldPath value = "EVENT_DATA" />
        </command>

        <command label="  ========= Dados recuperados do evento =========  " objectReferenceLabel="FIELDSET_DUMP">
            <sourceFieldPath value = "EVENT_DATA" />
        </command>

        <call label="CallGetValuesEventDefault">
            <dataManipXml filePath="$(FEGEN_XML_DIR)" fileName="DataManipCommon.xml"/>
            <subDataManip objectReferenceLabel="GetValuesEventDefault" />
            <targetFieldPath value="target" />
            <targetFieldPath value="LOCAL" />
            <targetFieldPath value="EVENT_DATA" />
        </call>
        
        <command label="getDadosDoEvento" objectReferenceLabel="XCOPY">
            <value sourceField="EVENT_DATA.termid_type"     type="value" targetFieldPath="common.termid_type" />
            <value sourceField="EVENT_DATA.termid"          type="value" targetFieldPath="LOCAL.termid" />
            <value sourceField="EVENT_DATA.termloc"         type="value" targetFieldPath="LOCAL.termloc" />
            <value sourceField="EVENT_DATA.id_pinpad"       type="value" targetFieldPath="adm.id_pinpad" />
            <value sourceField="EVENT_DATA.numero_os"       type="value" targetFieldPath="LOCAL.numero_os"/>
            <value sourceField="EVENT_DATA.id_tecnico"      type="value" targetFieldPath="LOCAL.id_tecnico" />
            <value sourceField="EVENT_DATA.nome_estab"      type="value" targetFieldPath="LOCAL.nome_estab" />
            <value sourceField="EVENT_DATA.ender_estab"     type="value" targetFieldPath="LOCAL.ender_estab" />
            <value sourceField="EVENT_DATA.tel_estab"       type="value" targetFieldPath="LOCAL.tel_estab" />
            <value sourceField="EVENT_DATA.data_baixa"      type="value" targetFieldPath="LOCAL.data_baixa" />
            <value sourceField="EVENT_DATA.hora_baixa"      type="value" targetFieldPath="LOCAL.hora_baixa" />
            <value sourceField="EVENT_DATA.cod_carga"       type="value" targetFieldPath="LOCAL.cod_carga" />
            <value sourceField="EVENT_DATA.cod_ocorr"       type="value" targetFieldPath="LOCAL.cod_ocorr" />
            <value sourceField="EVENT_DATA.eps_credenc"     type="value" targetFieldPath="LOCAL.eps_credenc" />
			<value sourceField="EVENT_DATA.mer_name"            type="value" targetFieldPath="target.segments.merchant.mer_name" />
            <!-- AUT1-1830 - ELO endereco EC no CV - INICIO -->
            <value sourceField="EVENT_DATA.nom_logr_pdv"        type="value" targetFieldPath="LOCAL.nom_logr_pdv" />
            <value sourceField="EVENT_DATA.num_logr_pdv"        type="value" targetFieldPath="LOCAL.num_logr_pdv" />
            <value sourceField="EVENT_DATA.nom_brr_pdv"         type="value" targetFieldPath="LOCAL.nom_brr_pdv" />
            <value sourceField="EVENT_DATA.des_cpl_endr_pdv"    type="value" targetFieldPath="LOCAL.des_cpl_endr_pdv" />
            <value sourceField="EVENT_DATA.mer_city"            type="value" targetFieldPath="target.segments.merchant.mer_city" />
            <value sourceField="EVENT_DATA.mer_state"           type="value" targetFieldPath="target.segments.merchant.mer_state" />
            <!-- AUT1-1830 - ELO endereco EC no CV - FIM -->
            <value sourceField="EVENT_DATA.porta_origem"        type="value" targetFieldPath="LOCAL.porta_origem" />
            <value sourceField="EVENT_DATA.COD_TRAN_CAD"        type="value" targetFieldPath="LOCAL.COD_TRAN_CAD" />
        </command>
        
        <command label="substr_porta" objectReferenceLabel="SUBSTR">
            <sourceFieldPath value = "LOCAL.porta_origem" />
            <targetFieldPath value = "acq_common.porta_origem" />
            <startPosition value = "2" />
            <length value = "4" />
            <mode value = "left" />
        </command>

        <conditional-block label="Preenche_COD_TRAN_CAD" >
            <if objectReferenceLabel="EXPR">
            <expr value="acq_common.COD_TRAN_CAD == '0' || acq_common.COD_TRAN_CAD == '' " />
                <command label="copy_COD_TRAN_CAD" objectReferenceLabel="XCOPY">
                        <value sourceField="LOCAL.COD_TRAN_CAD"        type="value" targetFieldPath="acq_common.COD_TRAN_CAD" />
                </command>
            </if>
        </conditional-block>        

    </dataManip>

    <dataManip label="FluxoSONDA" >
        <fieldSetReference reference="arg0" alias="target"/>
        <fieldSetReference reference="arg0.shc_msg" alias="shc_msg"/>
        <fieldSetReference reference="arg0.segments.common" alias="common"/>
        <fieldSetReference reference="arg1" alias="environment"/>
        <fieldSetReference reference="arg2" alias="LOCAL"/>

        <command label="SetToEmptySender" objectReferenceLabel="VALUE" >
            <targetFieldPath value="environment.SENDER_ADDRESS" />
            <sourceValue value="" />
        </command>

        <command label="RESPONSE_ADM_DESCARTA_SONDA" objectReferenceLabel="EXIT"/>

    </dataManip>

    <dataManip label="FluxoTEST_COMUNICACAO">
        <fieldSetReference reference="arg0" alias="target"/>
        <fieldSetReference reference="arg0.shc_msg" alias="shc_msg"/>
        <fieldSetReference reference="arg0.segments.common" alias="common"/>
        <fieldSetReference reference="arg1" alias="environment"/>
        <fieldSetReference reference="arg2" alias="LOCAL"/>

    </dataManip>

    <dataManip label="FluxoBAIXA_OS">
        <fieldSetReference reference="arg0" alias="target"/>
        <fieldSetReference reference="arg0.shc_msg" alias="shc_msg"/>
        <fieldSetReference reference="arg0.segments.common" alias="common"/>
        <fieldSetReference reference="arg1" alias="environment"/>
        <fieldSetReference reference="arg2" alias="LOCAL"/>

        <call label="UPDATE_TBSW0030">
            <subDataManip objectReferenceLabel="UPDATE_TBSW0030" />
            <dataManipXml filePath="$(FEGEN_XML_DIR)" fileName="DataBaseCommon.xml"/>
            <targetFieldPath value="target" />
            <targetFieldPath value="LOCAL" />
        </call>
    </dataManip>

    <dataManip label="FluxoESTATISTICA">
        <fieldSetReference reference="arg0" alias="target"/>
        <fieldSetReference reference="arg0.shc_msg" alias="shc_msg"/>
        <fieldSetReference reference="arg0.segments.common" alias="common"/>
        <fieldSetReference reference="arg1" alias="environment"/>
        <fieldSetReference reference="arg2" alias="LOCAL"/>        

        <call label="UPDATE_TBSW0030">
            <subDataManip objectReferenceLabel="UPDATE_TBSW0030" />
            <dataManipXml filePath="$(FEGEN_XML_DIR)" fileName="DataBaseCommon.xml"/>
            <targetFieldPath value="target" />
            <targetFieldPath value="LOCAL" />
        </call>

    </dataManip>

    <dataManip label="FluxoINICIALIZACAO">
        <fieldSetReference reference="arg0" alias="target"/>
        <fieldSetReference reference="arg0.shc_msg" alias="shc_msg"/>
        <fieldSetReference reference="arg0.segments.common" alias="common"/>
        <fieldSetReference reference="arg1" alias="environment"/>
        <fieldSetReference reference="arg2" alias="LOCAL"/>

        <conditional-block label="verificaStatus" >
        <if objectReferenceLabel="EXPR">
        <expr value="common.status != '2'" />
            <call label="UPDATE_TBSW0030">
                <subDataManip objectReferenceLabel="UPDATE_TBSW0030" />
                <dataManipXml filePath="$(FEGEN_XML_DIR)" fileName="DataBaseCommon.xml"/>
                <targetFieldPath value="target" />
                <targetFieldPath value="LOCAL" />
            </call>
        </if>
        </conditional-block>
    </dataManip>

    <dataManip label="FluxoRES_VEND">
        <fieldSetReference reference="arg0" alias="target"/>
        <fieldSetReference reference="arg0.shc_msg" alias="shc_msg"/>
        <fieldSetReference reference="arg0.segments.common" alias="common"/>
        <fieldSetReference reference="arg1" alias="environment"/>
        <fieldSetReference reference="arg2" alias="LOCAL"/>

        <!--command label="Set_az_reason_code" objectReferenceLabel="VALUE" >
            <targetFieldPath value="common.az_reason_code" />
            <sourceValue value="00" />
        </command-->
        <!-- Condition: Sem resumo de vendas -->
        <!--command label="set_az_reason_code" objectReferenceLabel="VALUE">
            <when objectReferenceLabel="EXPR">
                <expr value="common.status == '2'"/>
            </when>
            <sourceValue value="60"/>
            <targetFieldPath value="common.az_reason_code"/>
        </command-->

        <conditional-block label="check_if_confirmacao">
            <if objectReferenceLabel="EXPR">
                <expr value="common.msg_name == 'RES_VEND'" />
                <!-- Necessario para o update dos campos do Resumo de Vendas -->
                <call label="UPDATE_TBSW0033">
                    <subDataManip objectReferenceLabel="UPDATE_TBSW0033" />
                    <dataManipXml filePath="$(FEGEN_XML_DIR)" fileName="DataBaseCommon.xml"/>
                    <targetFieldPath value="target" />
                    <targetFieldPath value="LOCAL" />
                </call>
                <call label="UPDATE_TBSW0030">
                    <subDataManip objectReferenceLabel="UPDATE_TBSW0030" />
                    <dataManipXml filePath="$(FEGEN_XML_DIR)" fileName="DataBaseCommon.xml"/>
                    <targetFieldPath value="target" />
                    <targetFieldPath value="LOCAL" />
                </call>
            </if>
        </conditional-block>

        <conditional-block label="check_if_confirmacao">
            <if objectReferenceLabel="EXPR">
                <expr value="common.msg_name == 'CONF_RES_VEND'" />

                <!-- @Info: IND_STTU_TRAN DA TBSW0030 DEVE SER 0 INICIALMENTE E 1 APENAS NA 3A PERNA -->
                <command label="change_status_0_for_1_in_terceira_perna" objectReferenceLabel="VALUE" >
                    <when objectReferenceLabel="EXPR">
                        <expr value="common.status == '0'" />
                    </when>
                    <targetFieldPath value="common.status" />
                    <sourceValue value="1" />
                </command>
                <command label="acerta_status_original" objectReferenceLabel="VALUE" >
                    <targetFieldPath value="common.status_trn_orig" />
                    <sourceValue value="1" />
                </command>

                <!-- @Info: TBSW0045 -->
                <call label="UPDATE_TBSW0045">
                    <subDataManip objectReferenceLabel="UPDATE_TBSW0045" />
                    <dataManipXml filePath="$(FEGEN_XML_DIR)" fileName="DataBaseCommon.xml"/>
                    <targetFieldPath value="target" />
                    <targetFieldPath value="LOCAL" />
                </call>

                <!-- @Info: TBSW0030 -->
                <call label="UPDATE_ORIG_TBSW0030">
                    <subDataManip objectReferenceLabel="UPDATE_ORIG_TBSW0030" />
                    <dataManipXml filePath="$(FEGEN_XML_DIR)" fileName="DataBaseCommon.xml"/>
                    <targetFieldPath value="target" />
                    <targetFieldPath value="LOCAL" />
                </call>

                <command label="SetToEmptySender" objectReferenceLabel="VALUE" >
                    <targetFieldPath value="environment.SENDER_ADDRESS" />
                    <sourceValue value="" />
                </command>

                <command label="DESCARTA_CONFIRMACAO_RESUMO_VENDA" objectReferenceLabel="EXIT"/>

            </if>
        </conditional-block>

    </dataManip>

    <dataManip label="FluxoSIGN_ON_OFF">
        <fieldSetReference reference="arg0" alias="target"/>
        <fieldSetReference reference="arg0.shc_msg" alias="shc_msg"/>
        <fieldSetReference reference="arg0.segments.common" alias="common"/>
        <fieldSetReference reference="arg1" alias="environment"/>
        <fieldSetReference reference="arg2" alias="LOCAL"/>

        <conditional-block label="verificaStatus" >
        <if objectReferenceLabel="EXPR">
        <expr value="common.status != '2'" />
            <call label="UPDATE_TBSW0030">
                <subDataManip objectReferenceLabel="UPDATE_TBSW0030" />
                <dataManipXml filePath="$(FEGEN_XML_DIR)" fileName="DataBaseCommon.xml"/>
                <targetFieldPath value="target" />
                <targetFieldPath value="LOCAL" />
            </call>
        </if>
        </conditional-block>
    </dataManip>

    <dataManip label="FluxoINJECAO_CHAVES">
        <fieldSetReference reference="arg0" alias="target"/>
        <fieldSetReference reference="arg0.shc_msg" alias="shc_msg"/>
        <fieldSetReference reference="arg0.segments.common" alias="common"/>
        <fieldSetReference reference="arg1" alias="environment"/>
        <fieldSetReference reference="arg2" alias="LOCAL"/>

        <!-- VOLTA O MSGTYPE MODIFICADO PARA 810 -->

        <command label="  ========== MSGTYPE ANTES ==========" objectReferenceLabel="FIELDSET_DUMP">
            <sourceFieldPath value="target.shc_msg.msgtype"/>
        </command>

        <command label="set_msgtype" objectReferenceLabel="VALUE">
            <sourceValue value="0810"/> 
            <targetFieldPath value="target.shc_msg.msgtype"/>
        </command>

        <command label="  ========== MSGTYPE DEPOIS ==========" objectReferenceLabel="FIELDSET_DUMP">
            <sourceFieldPath value="target.shc_msg.msgtype"/>
        </command>

    </dataManip>

    <dataManip label="FluxoCONS_DCC">
        <fieldSetReference reference="arg0" alias="target"/>
        <fieldSetReference reference="arg0.shc_msg" alias="shc_msg"/>
        <fieldSetReference reference="arg0.segments.common" alias="common"/>
        <fieldSetReference reference="arg0.segments.acquirer_common" alias="acquirer_common"/>
        <fieldSetReference reference="arg2" alias="LOCAL"/>
        <command label="========== Consulta DCC ==========" objectReferenceLabel="FIELDSET_DUMP">
            <sourceFieldPath value="LOCAL" />
        </command>

        <command label="map_moeda_alfa" objectReferenceLabel="MAPPING" >
            <xmlFile filePath="$(FEGEN_XML_DIR)" fileName="MappingMoeda.xml" referenceLabel="MAPA_COD_MOEDA" />
            <sourceFieldPath value="common.codigoMoedaEstrangeira" />
            <targetFieldPath value="acquirer_common.codigoMoedaEstrangeiraAlfa" />
        </command>

        <call label="UPDATE_TBSW0030">
            <subDataManip objectReferenceLabel="UPDATE_TBSW0030" />
            <dataManipXml filePath="$(FEGEN_XML_DIR)" fileName="DataBaseCommon.xml"/>
            <targetFieldPath value="target" />
            <targetFieldPath value="LOCAL" />
        </call>
        <call label="INSERT_TBSW0036">
            <subDataManip objectReferenceLabel="INSERT_TBSW0036" />
            <dataManipXml filePath="$(FEGEN_XML_DIR)" fileName="DataBaseCommon.xml"/>
            <targetFieldPath value="target" />
            <targetFieldPath value="LOCAL" />
        </call>

        <conditional-block label="consulta_ok">
            <if objectReferenceLabel="EXPR">
            <expr value="common.az_reason_code == '00' &amp;&amp; common.pb_reason_code == '0' &amp;&amp; common.cod_mtv_sw == '000'"/>
                <declare label="TMP" >
                    <field label="CONVRATE" />
                    <field label="posSeparador" />
                    <field label="indiceSeparador" />
                    <field label="first_vlr" />
                    <field label="second_vlr" />
                    <field label="MARKUP" />
                </declare>
                <command label="recuperaSeparador" objectReferenceLabel="SUBSTR" >
                    <sourceFieldPath value="common.valorTaxaConvMoeda" />
                    <targetFieldPath value="TMP.posSeparador" />
                    <startPosition value="0"/>
                    <length value="1"/>
                </command>

                <command label="ConvAmt" objectReferenceLabel="SUBSTR" >
                    <sourceFieldPath value="common.valorTaxaConvMoeda" />
                    <targetFieldPath value="TMP.CONVRATE" />
                    <startPosition value="1"/>
                    <length value="7"/>
                </command>

                <conditional-block label="formataValorTaxaMoeda" >
                    <if objectReferenceLabel="EXPR">
                        <expr value="TMP.posSeparador == '7'" />
                           <command label="pegaSeisPosicoes" objectReferenceLabel="SUBSTR" >
                                <sourceFieldPath value="TMP.CONVRATE" />
                                <targetFieldPath value="TMP.CONVRATE" />
                                <startPosition value="0"/>
                                <length value="6"/>
                            </command>
                            
                            <command label="monta_exchage_rate" objectReferenceLabel="CONCAT">
                                <sourceFieldPath value="TMP.CONVRATE"/>
                                <targetFieldPath value="TMP.CONVRATE"/>
                                <concatSide value = "LEFT" />
                                <concatValue value="0," />
                            </command>
                    </if>
                    <else>
                        <command label="identificarPosiVirgula" objectReferenceLabel="MATH" >
                            <value1 value="7" />
                            <value2 value="TMP.posSeparador" />
                            <operator value="-" />
                            <targetFieldPath value="TMP.indiceSeparador" />
                        </command>

                        <command label="primeira_parte_VTM" objectReferenceLabel="SUBSTR" >
                            <sourceFieldPath value="TMP.CONVRATE" />
                            <targetFieldPath value="TMP.first_vlr" />
                            <startPosition value="0"/>
                            <length value="TMP.indiceSeparador"/>
                        </command>

                        <command label="segunda_parte_VTM" objectReferenceLabel="SUBSTR" >
                            <sourceFieldPath value="TMP.CONVRATE" />
                            <targetFieldPath value="TMP.second_vlr" />
                            <startPosition value="TMP.indiceSeparador"/>
                            <length value="6"/>
                        </command>

                        <command label="novo_valor_TCM" objectReferenceLabel="CONCAT">
                            <sourceFieldPath value="TMP.first_vlr"/>
                            <targetFieldPath value="TMP.first_vlr"/>
                            <concatSide value = "RIGHT" />
                            <concatValue value="," />
                        </command>

                        <command label="novo_valor_TCM" objectReferenceLabel="CONCAT">
                            <sourceFieldPath value="TMP.first_vlr"/>
                            <targetFieldPath value="TMP.CONVRATE"/>
                            <concatSide value = "RIGHT" />
                                <concatFieldSetPath value="TMP.second_vlr" />
                        </command>
                    </else>
                </conditional-block>

                <command label="SETMARKUP" objectReferenceLabel="MATH" >
                    <value1 value="common.percentualTaxaMarkup" />
                    <value2 value="100.0000" />
                    <operator value="/" />
                    <targetFieldPath value="TMP.MARKUP" />
                </command>

                <command label="monta_resp_txt_mode" objectReferenceLabel="VALUE">
                    <targetFieldPath value="acquirer_common.resp_txt"/>
                    <sourceValue value = "T Pagar em / Pay in    @    1. BRL " />
                </command>

                <command label="monta_resp_txt_origamt" objectReferenceLabel="CONCAT">
                    <sourceFieldPath value="acquirer_common.resp_txt"/>
                    <targetFieldPath value="acquirer_common.resp_txt"/>
                    <concatSide value = "RIGHT" />
                    <concatFieldSetPath value="shc_msg.amount" />
                </command>

                <command label="monta_resp_txt_origamt" objectReferenceLabel="CONCAT">
                    <sourceFieldPath value="acquirer_common.resp_txt"/>
                    <targetFieldPath value="acquirer_common.resp_txt"/>
                    <concatSide value = "RIGHT" />
                    <concatValue value="@    2. " />
                </command>

                <command label="monta_resp_txt_origamt" objectReferenceLabel="CONCAT">
                    <sourceFieldPath value="acquirer_common.resp_txt"/>
                    <targetFieldPath value="acquirer_common.resp_txt"/>
                    <concatSide value = "RIGHT" />
                    <concatFieldSetPath value="acquirer_common.codigoMoedaEstrangeiraAlfa" />
                </command>

                <command label="monta_resp_txt_origamt" objectReferenceLabel="CONCAT">
                    <sourceFieldPath value="acquirer_common.resp_txt"/>
                    <targetFieldPath value="acquirer_common.resp_txt"/>
                    <concatSide value = "RIGHT" />
                    <concatValue value=" " />
                </command>

                <command label="monta_resp_txt_origamt" objectReferenceLabel="CONCAT">
                    <sourceFieldPath value="acquirer_common.resp_txt"/>
                    <targetFieldPath value="acquirer_common.resp_txt"/>
                    <concatSide value = "RIGHT" />
                    <concatFieldSetPath value="common.valorMoedaEstrangeira" />
                </command>

                <command label="monta_resp_txt_origamt" objectReferenceLabel="CONCAT">
                    <sourceFieldPath value="acquirer_common.resp_txt"/>
                    <targetFieldPath value="acquirer_common.resp_txt"/>
                    <concatSide value = "RIGHT" />
                    <concatValue value="@  Markup = " />
                </command>

                <command label="monta_resp_txt_origamt" objectReferenceLabel="CONCAT">
                <when objectReferenceLabel="EXPR">
                    <expr value="TMP.MARKUP &gt;= '0'"/>
                </when>
                    <sourceFieldPath value="acquirer_common.resp_txt"/>
                    <targetFieldPath value="acquirer_common.resp_txt"/>
                    <concatSide value = "RIGHT" />
                    <concatValue value="+" />
                </command>

                <command label="monta_resp_txt_origamt" objectReferenceLabel="CONCAT">
                    <sourceFieldPath value="acquirer_common.resp_txt"/>
                    <targetFieldPath value="acquirer_common.resp_txt"/>
                    <concatSide value = "RIGHT" />
                    <concatFieldSetPath value="TMP.MARKUP" />
                </command>

                <command label="monta_resp_txt_origamt" objectReferenceLabel="CONCAT">
                    <sourceFieldPath value="acquirer_common.resp_txt"/>
                    <targetFieldPath value="acquirer_common.resp_txt"/>
                    <concatSide value = "RIGHT" />
                    <concatValue value="%    @  1 BRL = " />
                </command>

                <command label="monta_resp_txt_origamt" objectReferenceLabel="CONCAT">
                    <sourceFieldPath value="acquirer_common.resp_txt"/>
                    <targetFieldPath value="acquirer_common.resp_txt"/>
                    <concatSide value = "RIGHT" />
                    <concatFieldSetPath value="acquirer_common.codigoMoedaEstrangeiraAlfa" />
                </command>

                <command label="monta_resp_txt_origamt" objectReferenceLabel="CONCAT">
                    <sourceFieldPath value="acquirer_common.resp_txt"/>
                    <targetFieldPath value="acquirer_common.resp_txt"/>
                    <concatSide value = "RIGHT" />
                    <concatValue value=" " />
                </command>

                <command label="monta_resp_txt_origamt" objectReferenceLabel="CONCAT">
                    <sourceFieldPath value="acquirer_common.resp_txt"/>
                    <targetFieldPath value="acquirer_common.resp_txt"/>
                    <concatSide value = "RIGHT" />
                    <concatFieldSetPath value="TMP.CONVRATE" />
                    <!--concatFieldSetPath value="common.valorTaxaConvMoeda" /-->
                </command>
            </if>
            <else>
                <command label="bit63_to_resp" objectReferenceLabel="COPY">
                    <sourceFieldPath value="common.bit63"/>
                    <targetFieldPath value="acquirer_common.resp_txt"/>
                </command>
            </else>
        </conditional-block>
    </dataManip>
</dataManip-list>
