<?xml version="1.0" encoding="iso-8859-1"?>
<!DOCTYPE dataManip-list SYSTEM "../../../PDV/dtd/fwsw/DataManip.dtd">

<dataManip-list>

    <!-- @Info: Faz as chamadas das travas relacionadas a pre-processamento -->
    <dataManip label="GrupoTravasPreProcessamento">
        <fieldSetReference reference="arg0" alias="target"/>
        <fieldSetReference reference="arg1" alias="LOCAL"/>

        <call label="CALL_TRAP090_TRANSACOES_DESCONTINUADAS">
            <dataManipXml filePath="$(COMMON_XML_DIR)" fileName="BusinessRules.xml" />
            <subDataManip objectReferenceLabel="TRAP090_TRANSACOES_DESCONTINUADAS" />
            <targetFieldPath value="target" />
            <targetFieldPath value="LOCAL" />
        </call>

        <call label="TRAP089_CRIPTO_NEWDES">
            <dataManipXml filePath="$(COMMON_XML_DIR)" fileName="BusinessRules.xml" />
            <subDataManip objectReferenceLabel="TRAP089_CRIPTO_NEWDES" />
            <targetFieldPath value="target" />
            <targetFieldPath value="LOCAL" />
        </call>

        <call label="CALL_TRAP079_VERSAO_APLICATIVO">
            <dataManipXml filePath="$(COMMON_XML_DIR)" fileName="BusinessRules.xml" />
            <subDataManip objectReferenceLabel="TRAP079_VERSAO_APLICATIVO" />
            <targetFieldPath value="target" />
            <targetFieldPath value="LOCAL" />
        </call>

		<call label="CALL_TRAP295_PRE_DCC">
            <dataManipXml filePath="$(COMMON_XML_DIR)" fileName="BusinessRules.xml" />
            <subDataManip objectReferenceLabel="TRAP295_PRE_DCC" />
            <targetFieldPath value="target" />
            <targetFieldPath value="LOCAL" />
        </call>

    </dataManip>

    <!-- @Info: Faz as chamadas das travas relacionadas a Roteamento -->
    <dataManip label="GrupoTravasRoteamento">
        <fieldSetReference reference="arg0" alias="target"/>
        <fieldSetReference reference="arg1" alias="LOCAL"/>
        <fieldSetReference reference="arg2" alias="ROTA"/>

        <call label="CALL_TRAP110_ROTEAMENTO_ADMINISTRATIVO">
            <dataManipXml filePath="$(COMMON_XML_DIR)" fileName="BusinessRules.xml" />
            <subDataManip objectReferenceLabel="TRAP110_ROTEAMENTO_ADMINISTRATIVO" />
            <targetFieldPath value="target" />
            <targetFieldPath value="LOCAL" />
            <targetFieldPath value="ROTA" />
        </call>

    </dataManip>

    <!-- @Info: Faz as chamadas das travas relacionadas a tabela 40 -->
    <dataManip label="GrupoTravasTBSW0040">
        <fieldSetReference reference="arg0" alias="target"/>
        <fieldSetReference reference="arg1" alias="LOCAL"/>
        <fieldSetReference reference="arg2" alias="TBSW0040"/>

        <call label="CALL_TRAP059_ESTABELECIMENTO_CADASTRADO">
            <dataManipXml filePath="$(COMMON_XML_DIR)" fileName="BusinessRules.xml" />
            <subDataManip objectReferenceLabel="TRAP059_ESTABELECIMENTO_CADASTRADO" />
            <targetFieldPath value="target" />
            <targetFieldPath value="LOCAL" />
            <targetFieldPath value="TBSW0040" />
        </call>

        <call label="CALL_TRAP060_ESTABELECIMENTO_FRAUDULENTO">
            <dataManipXml filePath="$(COMMON_XML_DIR)" fileName="BusinessRules.xml" />
            <subDataManip objectReferenceLabel="TRAP060_ESTABELECIMENTO_FRAUDULENTO" />
            <targetFieldPath value="target" />
            <targetFieldPath value="LOCAL" />
            <targetFieldPath value="TBSW0040" />
        </call>

        <call label="CALL_TRAP061_ESTABELECIMENTO_CANCELADO">
            <dataManipXml filePath="$(COMMON_XML_DIR)" fileName="BusinessRules.xml" />
            <subDataManip objectReferenceLabel="TRAP061_ESTABELECIMENTO_CANCELADO" />
            <targetFieldPath value="target" />
            <targetFieldPath value="LOCAL" />
            <targetFieldPath value="TBSW0040" />
        </call>

        <call label="CALL_TRAP046_RAMO_ATIVIDADE">
            <dataManipXml filePath="$(COMMON_XML_DIR)" fileName="BusinessRules.xml" />
            <subDataManip objectReferenceLabel="TRAP046_RAMO_ATIVIDADE" />
            <targetFieldPath value="target" />
            <targetFieldPath value="LOCAL" />
        </call>

        <call label="CALL_TRAP024_RAMO_ATIVIDADE_60806">
            <dataManipXml filePath="$(COMMON_XML_DIR)" fileName="BusinessRules.xml" />
            <subDataManip objectReferenceLabel="TRAP024_RAMO_ATIVIDADE_60806" />
            <targetFieldPath value="target" />
            <targetFieldPath value="LOCAL" />
        </call>

        <call label="CALL_TRAP048_CEF">
            <dataManipXml filePath="$(COMMON_XML_DIR)" fileName="BusinessRules.xml" />
            <subDataManip objectReferenceLabel="TRAP048_CEF" />
            <targetFieldPath value="target" />
            <targetFieldPath value="LOCAL" />
        </call>

        <call label="CALL_TRAP095_VALIDACAO_CNPJ">
            <dataManipXml filePath="$(COMMON_XML_DIR)" fileName="BusinessRules.xml" />
            <subDataManip objectReferenceLabel="TRAP095_VALIDACAO_CNPJ" />
            <targetFieldPath value="target" />
            <targetFieldPath value="LOCAL" />
            <targetFieldPath value="TBSW0040" />
        </call>

    </dataManip>

    <!-- @Info: Faz as chamadas das travas relacionadas a tabela 42 -->
    <dataManip label="GrupoTravasTBSW0042">
        <fieldSetReference reference="arg0" alias="target"/>
        <fieldSetReference reference="arg1" alias="LOCAL"/>
        <fieldSetReference reference="arg2" alias="TBSW0042"/>

        <call label="CALL_TRAP051_TERMINAL_NAO_CADASTRADO">
            <dataManipXml filePath="$(COMMON_XML_DIR)" fileName="BusinessRules.xml" />
            <subDataManip objectReferenceLabel="TRAP051_TERMINAL_NAO_CADASTRADO" />
            <targetFieldPath value="target" />
            <targetFieldPath value="LOCAL" />
            <targetFieldPath value="TBSW0042" />
        </call>

        <call label="CALL_TRAP056_TERMINAL_BLOQUEADO">
            <dataManipXml filePath="$(COMMON_XML_DIR)" fileName="BusinessRules.xml" />
            <subDataManip objectReferenceLabel="TRAP056_TERMINAL_BLOQUEADO" />
            <targetFieldPath value="target" />
            <targetFieldPath value="LOCAL" />
            <targetFieldPath value="TBSW0042" />
        </call>

        <call label="CALL_TRAP057_TERMINAL_NAO_PRODUTIVO">
            <dataManipXml filePath="$(COMMON_XML_DIR)" fileName="BusinessRules.xml" />
            <subDataManip objectReferenceLabel="TRAP057_TERMINAL_NAO_PRODUTIVO" />
            <targetFieldPath value="target" />
            <targetFieldPath value="LOCAL" />
            <targetFieldPath value="TBSW0042" />
        </call>

    </dataManip>

    <!-- @Info: Faz as chamadas das travas relacionadas a tabela 43 -->
    <dataManip label="GrupoTravasTBSW0043">
        <fieldSetReference reference="arg0" alias="target"/>
        <fieldSetReference reference="arg1" alias="LOCAL"/>
        <fieldSetReference reference="arg2" alias="TBSW0043"/>

        <call label="CALL_TRAP058_FUNCAO_AUTORIZADA">
            <dataManipXml filePath="$(COMMON_XML_DIR)" fileName="BusinessRules.xml" />
            <subDataManip objectReferenceLabel="TRAP058_FUNCAO_AUTORIZADA" />
            <targetFieldPath value="target" />
            <targetFieldPath value="LOCAL" />
            <targetFieldPath value="TBSW0043" />
        </call>

    </dataManip>

    <!-- @Info: Faz as chamadas das travas relacionadas a tabela 71 -->
    <dataManip label="GrupoTravasTBSW0071">
        <fieldSetReference reference="arg0" alias="target"/>
        <fieldSetReference reference="arg1" alias="LOCAL"/>
        <fieldSetReference reference="arg2" alias="TBSW0071"/>

        <call label="CALL_TRAP013_SERVICO">
            <dataManipXml filePath="$(COMMON_XML_DIR)" fileName="BusinessRules.xml" />
            <subDataManip objectReferenceLabel="TRAP013_SERVICO" />
            <targetFieldPath value="target" />
            <targetFieldPath value="LOCAL" />
            <targetFieldPath value="TBSW0071" />
        </call>

    </dataManip>

</dataManip-list>
