<?xml version="1.0" encoding="iso-8859-1"?>
<!DOCTYPE dataManip-list SYSTEM "../../../../PDV/dtd/fwsw/DataManip.dtd">
 
<dataManip-list>
	<dataManip label="FEI_INTERFB">	
	<fieldSetReference reference="source.shc_msg" alias="shcmsg" />
	<fieldSetReference reference="source.shc_data" alias="shcdata" />
	<fieldSetReference reference="source.segments.common" alias="common" />
        <fieldSetReference reference="source.segments.credit" alias="credit" />
        <fieldSetReference reference="source.segments.commerce" alias="commerce" />    
        <fieldSetReference reference="source.segments.merchant" alias="merchant" /> 
        <fieldSetReference reference="source.segments.service" alias="service" /> 
	<fieldSetReference reference="source.segments.adm" alias="adm" />
    <fieldSetReference reference="source.segments.pos_acquirer" alias="pos_acquirer" />
	<fieldSetReference reference="target" alias="feinterfb" />

	<declare label="LOCAL" >
            <field label="CheckSend" />
            <field label="EnvSITE" />
            <field label="ColetaCVC2" />
            <field label="ColetaCVC2Length" />	
            <field label="Amount7Pos" />	
            <field label="NuTelChamador" />
            <field label="TMP" />
            <field label="PcodeType" />
			<!-- 0934_ONL - SW75 - Correcao menu_000 - Filas MQ Acquirer - Inicio - JPFC -->
			<field label="port_driver" />
			<field label="port_status" />
			<!-- 0934_ONL - SW75 - Correcao menu_000 - Filas MQ Acquirer - Fim - JPFC -->
	</declare>
        <command label="ReturnAddress" objectReferenceLabel="VALUE" >
            <sourceValue value = "-1" />
            <targetFieldPath value="environment.RETURN_ADDRESS" />
        </command>                             
        <command label="SenderAddress" objectReferenceLabel="VALUE" >
            <sourceValue value = "-1" />
            <targetFieldPath value="environment.SENDER_ADDRESS" />
        </command>
        <command label="ForwardAddress" objectReferenceLabel="MAILBOXLOCATOR" >
			<!-- <mailboxName value = "$(FE_INTERFB_MAILBOXNAME)" /> -->
                        <mailboxName value = "$(FE_INTERFB_DRIVERNAME)" />
			<targetFieldPath value="environment.FORWARD_ADDRESS" />
		</command>           
        <command label="  &lt;&lt;==== ENVIROMENT DUMP ====="
                 objectReferenceLabel="FIELDSET_DUMP">
            <sourceFieldPath value = "environment" />
        </command>
        <command label="DoCheckSend" objectReferenceLabel="CHECKSEND" >
			<inputFile value="$(FE_INTERFB_CHECKSEND_DIR)/send_to_MQB.cfg" />
			<targetFieldPath value = "LOCAL.CheckSend" />
		</command>
        <conditional-block label="ConditionalCheckSend">
			<if objectReferenceLabel="EXPR">
			<expr value="LOCAL.CheckSend == '0'" />            
            <command label="FEINTERFB_PROCESS_NOT_ENABLED" objectReferenceLabel="DROP" />           
            </if>
        </conditional-block>
        <command label="  &lt;&lt;==== Request Message ====="
                 objectReferenceLabel="FIELDSET_DUMP">
            <sourceFieldPath value = "source" />
        </command>	
        <command label="PrepareForPcodeType" objectReferenceLabel="MATH" >
            <value1 value = "shcmsg.pcode" />
            <value2 value = "1000" />
            <operator value = "/" />
            <targetFieldPath value = "LOCAL.PcodeType" />
        </command>
        <conditional-block label="SetCodTipoTxn" >
            <if objectReferenceLabel="EXPR" >
            <expr value="LOCAL.PcodeType == '3' || LOCAL.PcodeType == '9' || LOCAL.PcodeType == '19' || LOCAL.PcodeType == '23' || LOCAL.PcodeType == '29' || shcmsg.pcode == '200030'" />
                <command label="SetCodeTipoTxnCredit" objectReferenceLabel="VALUE" >
                    <sourceValue value="C" />
                    <targetFieldPath value="feinterfb.cod_tipo_txn" />
                </command>
            </if>
            <else-if objectReferenceLabel="EXPR" >
            <expr value="LOCAL.PcodeType == '2' || LOCAL.PcodeType == '22' || LOCAL.PcodeType == '42' || LOCAL.PcodeType == '382' || LOCAL.PcodeType == '172' || LOCAL.PcodeType == '183' || LOCAL.PcodeType == '399' || LOCAL.PcodeType == '290' || shcmsg.pcode == '200020'" />
                <command label="SetCodeTipoTxnDebit" objectReferenceLabel="VALUE" >
                    <sourceValue value="D" />
                    <targetFieldPath value="feinterfb.cod_tipo_txn" />
                </command>
            </else-if>
            <else>
                <command label="SetCodeTipoTxnUnknownCredit" objectReferenceLabel="VALUE" >
                    <sourceValue value="?" />
                    <targetFieldPath value="feinterfb.cod_tipo_txn" />
                </command>            
            </else>
        </conditional-block> 
        <command label="MapNumComprov" objectReferenceLabel="PAD" > <!-- New -->
            <sourceFieldPath value = "shcmsg.refnum" />
            <targetFieldPath value = "feinterfb.num_comprov" />
            <paddingChar value="0" />
            <mode value="left" />
            <length value="12" />			
	</command>        
        <command label="MapNumPV" objectReferenceLabel="PAD" >
            <sourceFieldPath value = "shcmsg.termloc" />
            <targetFieldPath value = "feinterfb.num_PV" />
            <paddingChar value="0" />
            <mode value="left" />
            <length value="9" />				
        </command>		
        <command label="MapDatTxn" objectReferenceLabel="PAD" >
            <sourceFieldPath value = "shcmsg.local_date" />
            <targetFieldPath value = "feinterfb.dat_txn" />
            <paddingChar value="0" />
            <mode value="left" />
            <length value="8" />				
        </command>		
        <command label="MapHorTxn" objectReferenceLabel="PAD" >
            <sourceFieldPath value = "shcmsg.local_time" />
            <targetFieldPath value = "feinterfb.hor_txn" />
            <paddingChar value="0" />
            <mode value="left" />
            <length value="6" />				
        </command>		
        
        <command label="MapCodEmissor" objectReferenceLabel="VALUE" >
			<targetFieldPath value="feinterfb.cod_emissor" />
			<sourceValue value="00" />
	</command>		
        <conditional-block label="Verifica AprovacaoTxn" >
            <if objectReferenceLabel="EXPR" >
				<expr value="shcmsg.respcode == '0' &amp;&amp; common.msg_category != 'ADV_NEGADO'" />
                <command label="HardCodestat_txn" objectReferenceLabel="VALUE" >
                    <targetFieldPath value="feinterfb.stat_txn" />
                    <sourceValue value="1" />
                </command>
            </if>
            <else>
                <command label="HardCodestat_txn" objectReferenceLabel="VALUE" >
                    <targetFieldPath value="feinterfb.stat_txn" />
                    <sourceValue value="2" />
                </command>
            </else>
        </conditional-block>
        <!-- <command label="MapNumCartao" objectReferenceLabel="VALUE" >
            <targetFieldPath value="feinterfb.num_cartao" />
            <sourceValue value="                   " />
        </command>	-->
        <command label="InicNumCartao" objectReferenceLabel="VALUE" >
            <targetFieldPath value="feinterfb.num_cartao" />
            <sourceValue value="" />
        </command>		
        <command label="PadNumCartao" objectReferenceLabel="PAD" >
            <sourceFieldPath value = "feinterfb.num_cartao" />
            <targetFieldPath value = "feinterfb.num_cartao" />
            <paddingChar value = " " />
            <mode value = "right" />
            <length value = "19" />			
        </command>
        <command label="InicValidCartao" objectReferenceLabel="VALUE" >
            <targetFieldPath value="feinterfb.valid_cartao" />
            <sourceValue value="" />
        </command>		
        <command label="PadValidCartao" objectReferenceLabel="PAD" >
            <sourceFieldPath value = "feinterfb.valid_cartao" />
            <targetFieldPath value = "feinterfb.valid_cartao" />
            <paddingChar value = "0" />
            <mode value = "left" />
            <length value = "6" />	
        </command>		
        <command label="InicPosEntryMode" objectReferenceLabel="VALUE" >
            <targetFieldPath value="feinterfb.POS_entry_mode" />
            <sourceValue value="" />
        </command>		
        <command label="PadPosEntryMode" objectReferenceLabel="PAD" >
            <sourceFieldPath value = "feinterfb.POS_entry_mode" />
            <targetFieldPath value = "feinterfb.POS_entry_mode" />
            <paddingChar value = "0" />
            <mode value = "left" />
            <length value = "3" />				
        </command>		
        <command label="InicPosDescrPosEntry" objectReferenceLabel="VALUE" >
            <targetFieldPath value="feinterfb.descr_POS_entry" />
            <sourceValue value="" />
        </command>		
        <command label="PadPosDescrPosEntry" objectReferenceLabel="PAD" >
            <sourceFieldPath value = "feinterfb.descr_POS_entry" />
            <targetFieldPath value = "feinterfb.descr_POS_entry" />
            <paddingChar value = " " />
            <mode value = "RIGHT" />
            <length value = "20" />				
        </command>				
        <command label="InicValorTxn" objectReferenceLabel="VALUE" >
            <targetFieldPath value="feinterfb.valor_txn" />
            <sourceValue value="" />
        </command>		
        <command label="PadValorTxn" objectReferenceLabel="PAD" >
            <sourceFieldPath value = "feinterfb.valor_txn" />
            <targetFieldPath value = "feinterfb.valor_txn" />
            <paddingChar value = "0" />
            <mode value = "LEFT" />
            <length value = "13" />				
        </command>		
        <command label="InicNumParcelas" objectReferenceLabel="VALUE" >
            <targetFieldPath value="feinterfb.num_parcelas" />
            <sourceValue value="" />
        </command>				
        <command label="PadNumParcelas" objectReferenceLabel="PAD" >
            <sourceFieldPath value = "feinterfb.num_parcelas" />
            <targetFieldPath value = "feinterfb.num_parcelas" />
            <paddingChar value = "0" />
            <mode value = "LEFT" />
            <length value = "3" />				
        </command>	
        <command label="InicValorPrestacao" objectReferenceLabel="VALUE" >
            <targetFieldPath value="feinterfb.valor_prestacao" />
            <sourceValue value="" />
        </command>			
        <command label="PadValorPrestacao" objectReferenceLabel="PAD" >
            <sourceFieldPath value = "feinterfb.valor_prestacao" />
            <targetFieldPath value = "feinterfb.valor_prestacao" />
            <paddingChar value = "0" />
            <mode value = "LEFT" />
            <length value = "10" />				
        </command>			
        <command label="default_in_tpo_tcn" objectReferenceLabel="VALUE" >
            <when objectReferenceLabel="EXPR" >
            <expr value="merchant.in_tpo_tcn == ''" />
            </when>				
            <targetFieldPath value="merchant.in_tpo_tcn" />
            <sourceValue value="0" />
        </command>		
        <command label="MapCodTecnologia" objectReferenceLabel="PAD" >
            <sourceFieldPath value = "merchant.in_tpo_tcn" />
            <targetFieldPath value = "feinterfb.cod_tecnologia" />
            <paddingChar value = "0" />
            <mode value = "left" />
            <length value = "4" />			
        </command>			

        <command label="InicCodPais" objectReferenceLabel="VALUE" >
            <targetFieldPath value="feinterfb.cod_pais" />
            <sourceValue value="" />
        </command>			
        <command label="PadCodPais" objectReferenceLabel="PAD" >
            <sourceFieldPath value = "feinterfb.cod_pais" />
            <targetFieldPath value = "feinterfb.cod_pais" />
            <paddingChar value = " " />
            <mode value = "right" />
            <length value = "3" />			
        </command>		
        <command label="SetZeroForEmptyTranscode" objectReferenceLabel="PAD" >
            <sourceFieldPath value = "common.transcode" />
			<targetFieldPath value = "common.transcode" />
            <paddingChar value = "0" />
            <mode value = "left" />
            <length value = "1" />			
        </command>
	    <command label="SetZeroForEmptySubtranscode" objectReferenceLabel="PAD" >
            <sourceFieldPath value = "common.subtranscode" />
            <targetFieldPath value = "common.subtranscode" />
            <paddingChar value = "0" />
            <mode value = "left" />
            <length value = "1" />			
        </command>
        <command label="MapCodTxn" objectReferenceLabel="PAD" >
            <sourceFieldPath value = "common.transcode" />
            <targetFieldPath value = "feinterfb.cod_txn" />
            <paddingChar value = "0" />
            <mode value = "left" />
            <length value = "2" />					
        </command>		

        <declare label="TBSW0048">
            <field label="STATUS"/>
            <field label="COD_CMPM_TRAN"/>
            <field label="DES_COD_TRAN"/>
            <field label="TIP_TRAN"/>
        </declare>
        <command label="load_tbsw0048_record" objectReferenceLabel="TBSW0048LOADER" >
            <sourceFieldPath value="source"/>
            <targetFieldPath value="TBSW0048"/>
        </command>
        <command label="  ========= Campos da transacao original da tabela 48 =========" objectReferenceLabel="FIELDSET_DUMP">
            <sourceFieldPath value = "TBSW0048" />
        </command>
        <conditional-block label="Verifica descr_cod_txn" >
            <if objectReferenceLabel="EXPR" >
            <expr value="TBSW0048.STATUS == '0'" />
                <command label="HardCodeMapPosDescrCodTxn" objectReferenceLabel="VALUE" >
                    <targetFieldPath value="feinterfb.descr_cod_txn" />
                    <sourceValue value="Descricao de cod_txn." />
                </command>
            </if>
            <else>					
                <command label="MapPosDescrCodTxn" objectReferenceLabel="COPY" >
                    <sourceFieldPath value = "TBSW0048.DES_COD_TRAN" />
                    <targetFieldPath value = "feinterfb.descr_cod_txn" />
                </command>	
            </else>
        </conditional-block>    
        <command label="MapPosDescrCodTxn" objectReferenceLabel="PAD" >
            <sourceFieldPath value = "TBSW0048.DES_COD_TRAN" />
            <targetFieldPath value = "feinterfb.descr_cod_txn" />
            <paddingChar value = "P" />
            <mode value = "right" />
            <length value = "50" />				
        </command>
        
        <command label="InicMotivoISO" objectReferenceLabel="VALUE" >
            <targetFieldPath value="feinterfb.motivo_ISO" />
            <sourceValue value="0" />
        </command>		
        <command label="PadMotivoISO" objectReferenceLabel="PAD" >
            <sourceFieldPath value = "feinterfb.motivo_ISO" />
            <targetFieldPath value = "feinterfb.motivo_ISO" />
            <paddingChar value = "0" />
            <mode value = "LEFT" />
            <length value = "3" />				
        </command>			
        <command label="InicDescrMotivoIso" objectReferenceLabel="VALUE" >
            <targetFieldPath value="feinterfb.descr_motivo_ISO" />
            <sourceValue value="" />
        </command>
         <command label="PadDescrMotivoIso" objectReferenceLabel="PAD" >
            <sourceFieldPath value = "feinterfb.descr_motivo_ISO" />
            <targetFieldPath value = "feinterfb.descr_motivo_ISO" />
            <paddingChar value = " " />
            <mode value = "right" />
            <length value = "50" />			
        </command>	         
        <command label="InicMotivoEmissor" objectReferenceLabel="VALUE" >
            <targetFieldPath value="feinterfb.motivo_emissor" />
            <sourceValue value="" />
        </command>			
        <command label="PadMotivoEmissor" objectReferenceLabel="PAD" >
            <sourceFieldPath value = "feinterfb.motivo_emissor" />
            <targetFieldPath value = "feinterfb.motivo_emissor" />
            <paddingChar value = "0" />
            <mode value = "left" />
            <length value = "3" />			
        </command>	        		
        <command label="HardCodeEmptyIca" objectReferenceLabel="VALUE" >
            <targetFieldPath value="feinterfb.ica" />
            <sourceValue value="" />
        </command>
        <command label="ica" objectReferenceLabel="PAD" >
            <sourceFieldPath value = "feinterfb.ica" />
            <targetFieldPath value = "feinterfb.ica" />
            <paddingChar value = "0" />
            <mode value = "left" />
            <length value = "11" />			
        </command>			
        <command label="HardCodeBacen" objectReferenceLabel="VALUE" >
            <targetFieldPath value="feinterfb.bacen" />
            <sourceValue value="0000" />
        </command>
        <command label="HardCodeFranquia" objectReferenceLabel="VALUE" >
            <targetFieldPath value="feinterfb.franquia" />
            <sourceValue value="000000" />
        </command>		
        <command label="MapTermId" objectReferenceLabel="PAD" >
            <targetFieldPath value="feinterfb.termid" />
            <sourceFieldPath value="shcmsg.termid" />
            <paddingChar value = " " />
            <mode value = "right" />
            <length value = "6" />					
        </command>				
        <command label="MapTrace" objectReferenceLabel="PAD" >
            <sourceFieldPath value = "shcmsg.trace" />
            <targetFieldPath value = "feinterfb.trace" />
            <paddingChar value = "0" />
            <mode value = "left" />
            <length value = "6" />			
        </command>
        <command label="MapEcrAcqTermId" objectReferenceLabel="PAD" >
            <targetFieldPath value="feinterfb.ecr_acqterm_id" />
            <sourceFieldPath value="common.ecr_acqterm_id" />
            <paddingChar value = " " />
            <mode value = "RIGHT" />
            <length value = "8" />				
        </command>

        <declare label="FIELD_DATA" >
            <field label="length" />
        </declare>

        <command label="CpyCodVer2CodVer" objectReferenceLabel="COPY" >
            <sourceFieldPath value = "commerce.codver" />
            <targetFieldPath value = "feinterfb.codver" />
        </command>

        <conditional-block label="CpyNumSreTerm2CodVer" >
            <if objectReferenceLabel="EXPR" >
            <expr value="feinterfb.codver == ''" />
                <command label="Get_num_sre_term_length" objectReferenceLabel="GET_FSPROP" >
                    <sourceFieldPath value="adm.num_sre_term" />
                    <targetFieldPath value="FIELD_DATA.length" />
                    <propertyToGet value="length" />
                </command>

                <conditional-block label="CpyNumSreTerm2CodVer" >
                    <if objectReferenceLabel="EXPR" >
                    <expr value="FIELD_DATA.length &lt;= '32' " />
                       <command label="MapCodverPadEspacos" objectReferenceLabel="PAD" >
                           <sourceFieldPath value = "adm.num_sre_term" />
                           <targetFieldPath value = "feinterfb.codver" />
                           <paddingChar value = " " />
                           <mode value = "right" />
                           <length value = "32" />
                      </command>
                    </if>
                    <else>
                      <command label="CpyNumSreTerm32toCodVer" objectReferenceLabel="SUBSTR" >
                          <sourceFieldPath value = "adm.num_sre_term" />
                          <targetFieldPath value = "feinterfb.codver" />
                          <startPosition value = "0" />
                          <length value = "32" />
                          <mode value = "right" />
                      </command>
                    </else>
                </conditional-block>
            </if>
        </conditional-block>

	<declare label="TBSW0052">
            <field label="DAT_MOV_TRAN"/>
            <field label="NUM_SEQ_UNC"/>
            <field label="NUM_ESTB"/>
            <field label="NUM_TRAN_RD"/>
            <field label="NUM_CAR"/>
            <field label="COD_EMSR"/>
            <field label="NUM_ID_CAR"/>
            <field label="IND_STTU_TRAN"/>
            <field label="NUM_MOT_RSPS"/>
            <field label="TXT_MSG_RSPS"/>
            <field label="COD_MOT_AUT"/>
            <field label="COD_MOT_ISO_EMSR"/>
            <field label="IND_VLDC_CVC"/>
            <field label="TIP_PES"/>
            <field label="COD_BNDR"/>
            <field label="COD_RAM_ATVD"/>
            <field label="TIP_TRAN"/>
            <field label="COD_MOED"/>
            <field label="VAL_TRAN"/>
            <field label="VAL_TRAN_DLR"/>
            <field label="VAL_TX"/>
            <field label="VAL_PRCL"/>
            <field label="VAL_COT_DLR"/>
            <field label="COD_OPER_TRAN"/>
            <field label="COD_TERM"/>
            <field label="COD_DDD_ESTB"/>
            <field label="NUM_TEL_ESTB"/>
            <field label="COD_PAIS_CAR"/>
            <field label="IND_RD_ORG"/>
            <field label="COD_OPER_ESTR"/>
            <field label="COD_TERM_ESTR"/>
            <field label="COD_MOT_SW"/>
            <field label="COD_POS_ENTR_MODO"/>
            <field label="COD_CNDC_CNFR"/>
            <field label="DTH_GMT"/>
            <field label="DTH_INI_TRAN"/>
            <field label="COD_PCM_ISO"/>
            <field label="COD_MSG_ISO"/>
            <field label="NUM_AUT"/>
            <field label="QTD_PRCL"/>
            <field label="DTH_CPTR"/>
            <field label="DTH_DFZM_TRAN"/>
            <field label="DTH_ESTR_TRAN"/>
            <field label="NOM_HOST_ACQR_ATLZ"/>
            <field label="NOM_HOST_ACQR_ORGL"/>
            <field label="NOM_HOST_ISSR"/>
            <field label="NOM_FE_ACQR_ATLZ"/>
            <field label="NOM_FE_ACQR_ORGL"/>
            <field label="NOM_FE_ISSR_ATLZ"/>
            <field label="NOM_FE_ISSR"/>
            <field label="NOM_SITE_ACQR_ATLZ"/>
            <field label="NOM_SITE_ACQR_ORGL"/>
            <field label="NOM_SITE_ISSR"/>
            <field label="DTH_STTU_TRAN"/>
            <field label="RESULT"/>
        </declare>
		<command label="restore_tbsw0052_record" objectReferenceLabel="TBSW0052LOADER" >
			<sourceFieldPath value="source"/>
			<targetFieldPath value="TBSW0052"/>
		</command>
		<command label="  ========= Campos da transacao original da tabela 52 =========" objectReferenceLabel="FIELDSET_DUMP">
			<sourceFieldPath value = "TBSW0052" />
		</command>
        <command label="HardCodeNuTelChamadorVazio" objectReferenceLabel="VALUE" >
			<targetFieldPath value = "feinterfb.nu_tel_chamador" />
			<sourceValue value="                " />
		</command>        
        <command label="MapNuTelChamador" objectReferenceLabel="CONCAT" >
			<sourceFieldPath value = "TBSW0052.COD_DDD_ESTB" />
			<targetFieldPath value = "feinterfb.nu_tel_chamador" />
			<concatSide value = "RIGHT" />
			<concatFieldSetPath value = "TBSW0052.NUM_TEL_ESTB" />
		</command>		        
        <conditional-block label="FormataNuTelChamador" >
			<if objectReferenceLabel="EXPR" >
				<expr value="feinterfb.nu_tel_chamador == ''" />
				<command label="HardCodeNuTelChamador" objectReferenceLabel="VALUE" >
					<targetFieldPath value="feinterfb.nu_tel_chamador" />
					<sourceValue value="                " />
				</command>
			</if>
			<else>
                <command label="MapNuTelChamadorPadZeros" objectReferenceLabel="PAD" >
                    <sourceFieldPath value = "feinterfb.nu_tel_chamador" />
                    <targetFieldPath value = "feinterfb.nu_tel_chamador" />
                    <paddingChar value = " " />
                    <mode value = "right" />
                    <length value = "16" />			
                </command>	
			</else>
        </conditional-block>    
        <!--
		<conditional-block label="Verifica EnvSiteParaColetaCVC2" >
			<if objectReferenceLabel="EXPR" >
				<expr value="LOCAL.EnvSITE == 'POS' || LOCAL.EnvSITE == 'PO2'" />
				<command label="AcquirerData2ColetaCVC2" objectReferenceLabel="SUBSTR" >
					<sourceFieldPath value = "shcmsg.acquirer_data" />
					<targetFieldPath value = "LOCAL.ColetaCVC2" />
					<startPosition value = "4" />
					<length value = "3" />
				</command>
			</if>
			<else>
            -->
				<command label="Bit482ColetaCVC2" objectReferenceLabel="SUBSTR" >
					<sourceFieldPath value = "common.bit48" />
					<targetFieldPath value = "LOCAL.ColetaCVC2" />
					<startPosition value = "4" />
					<length value = "3" />
				</command>
            <!--
			</else>
		</conditional-block>			
        -->
		<command label="GetValueColetaCVC2Length" objectReferenceLabel="GET_FSPROP" >
			<sourceFieldPath value = "LOCAL.ColetaCVC2" />
			<targetFieldPath value = "LOCAL.ColetaCVC2Length" />
			<propertyToGet value = "length" />
		</command>						
		<conditional-block label="Insere ColetaCVC2" >
			<if objectReferenceLabel="EXPR" >
				<expr value="LOCAL.ColetaCVC2 == '   ' || LOCAL.ColetaCVC2=='000' || LOCAL.ColetaCVC2Length == '0'" />
				<command label="MapColetaCVC2N" objectReferenceLabel="VALUE" >
					<targetFieldPath value="feinterfb.coleta_cvc2" />
					<sourceValue value="N" />
				</command>	
			</if>
			<else>
				<command label="MapColetaCVC2S" objectReferenceLabel="VALUE" >
					<targetFieldPath value="feinterfb.coleta_cvc2" />
					<sourceValue value="S" />
				</command>	
			</else>
		</conditional-block>
		<command label="MapEcrSftwVerId" objectReferenceLabel="PAD" >
			<targetFieldPath value="feinterfb.ecr_sftw_verid" />
			<sourceFieldPath value="common.ecr_sftw_verid" />
			<paddingChar value = " " />
			<mode value = "right" />
			<length value = "5" />		
		</command>			

        <command label="SetDefaultValueForScore" objectReferenceLabel="VALUE" >
            <targetFieldPath value="feinterfb.score" />
            <sourceValue value="0000" />
        </command>         

        <command label="InicCodService" objectReferenceLabel="VALUE" >
            <targetFieldPath value="feinterfb.cod_service" />
            <sourceValue value="" />
        </command>
        <command label="PadCodService" objectReferenceLabel="PAD" >
            <targetFieldPath value="feinterfb.cod_service" />
            <sourceFieldPath value="feinterfb.cod_service" />
            <paddingChar value="0" />
            <mode value="left" />
            <length value="3" />			
        </command>  

        <command label="InicPvFisico" objectReferenceLabel="VALUE" >
            <targetFieldPath value="feinterfb.pv_fisico" />
            <sourceValue value="" />
        </command>
        <command label="PadPvFisico" objectReferenceLabel="PAD" >
            <targetFieldPath value="feinterfb.pv_fisico" />     
            <sourceFieldPath value="feinterfb.pv_fisico" />
            <paddingChar value="0" />
            <mode value="left" />
            <length value="9" />			
        </command>
        
        <command label="InicDddCelular" objectReferenceLabel="VALUE" >
            <targetFieldPath value="feinterfb.ddd_celular" />
            <sourceValue value="" />
        </command>
        <command label="PadDddCelular" objectReferenceLabel="PAD" >
            <targetFieldPath value="feinterfb.ddd_celular" />
            <sourceFieldPath value="feinterfb.ddd_celular" />
            <paddingChar value="0" />
            <mode value="left" />
            <length value="4" />			
        </command>
        
        <command label="InicNumCelular" objectReferenceLabel="VALUE" >
            <targetFieldPath value="feinterfb.num_celular" />
            <sourceValue value="" />
        </command>
        <command label="PadNumCelular" objectReferenceLabel="PAD" >
            <targetFieldPath value="feinterfb.num_celular" />
            <sourceFieldPath value="feinterfb.num_celular" />
            <paddingChar value="0" />
            <mode value="left" />
            <length value="9" />			
        </command>

        <command label="InicOrderNumber" objectReferenceLabel="VALUE" >
            <targetFieldPath value="feinterfb.ordernumber" />
            <sourceValue value="" />
        </command>
        <!-- ID27349 - Datacash - Numero do Pedido - INICIO -->	
        <command label="PadOrderNumber" objectReferenceLabel="PAD" >
            <targetFieldPath value="feinterfb.ordernumber" />
            <sourceFieldPath value="feinterfb.ordernumber" />
            <paddingChar value=" " />
            <mode value="right" />
            <length value="17" />
        </command>
        <!-- ID27349 - Datacash - Numero do Pedido - FIM -->

        <command label="InicTipoTitulo" objectReferenceLabel="VALUE" >
             <targetFieldPath value="feinterfb.tipo_titulo" />
             <sourceValue value="   " />
        </command>

        <!-- GAP09 - Tokenizacao - INICIO -->
        <command label="set_tokenIdentifier" objectReferenceLabel="VALUE" >
            <sourceValue value = "I" />
            <targetFieldPath value="feinterfb.tokenIdentifier" />
        </command>

        <command label="InicPaymentAccountReference" objectReferenceLabel="VALUE" >
            <targetFieldPath value="feinterfb.paymentAccountReference" />
            <sourceValue value="" />
        </command>
        <command label="PadPaymentAccountReference" objectReferenceLabel="PAD" >
           <targetFieldPath value="feinterfb.paymentAccountReference" />
           <sourceFieldPath value="feinterfb.paymentAccountReference" />
           <paddingChar value=" " />
           <mode value="right" />
           <length value="2" />
        </command>

        <declare label="TBSW0040">
            <field label="STATUS"/>
            <field label="NUM_CNPJ"/>
        </declare>
        <command label="load_tbsw0040_record" objectReferenceLabel="TBSW0040LOADER" >
            <sourceFieldPath value="source"/>
            <targetFieldPath value="TBSW0040"/>
        </command>
        <command label="  ========= Campos da transacao original da tabela 40 =========" objectReferenceLabel="FIELDSET_DUMP">
            <sourceFieldPath value = "TBSW0040" />
        </command> 
        <command label="SetCnpjRede" objectReferenceLabel="PAD" >
            <sourceFieldPath value = "TBSW0040.NUM_CNPJ" />
            <targetFieldPath value="feinterfb.cnpjRede" />
            <paddingChar value="0" />
            <mode value="left" />
            <length value="14" />			
        </command>

        <declare label="CADASTRO_PDV">
            <field label="CNPJ_PDV" value="" />
            <field label="VER_PDV_CLIENT" value="" />
            <field label="VER_PINPAD" value="" />
            <field label="VER_ESPEC_PDV_SERVER" value="" />
        </declare>
        <conditional-block label="VerificarCadastroPDV">
            <if objectReferenceLabel="EXPR">
            <expr value="common.nom_fe_acq == 'FEPDV'" />
                <command label="Map_CNPJ_PDV" objectReferenceLabel="COPY" >
                    <sourceFieldPath value = "merchant.num_cnpj" />
                    <targetFieldPath value = "CADASTRO_PDV.CNPJ_PDV" />
                </command>		
                <command label="Map_VER_PDV_CLIENT" objectReferenceLabel="COPY" >
                    <sourceFieldPath value = "merchant.num_vers_clit" />
                    <targetFieldPath value = "CADASTRO_PDV.VER_PDV_CLIENT" />
                </command>		

                <command label="MapVersAplvRcd" objectReferenceLabel="PAD" >
                        <sourceFieldPath value = "merchant.num_vers_aplv_rcd" />
                        <targetFieldPath value = "CADASTRO_PDV.VER_PINPAD" />
                        <paddingChar value=" " />
                        <mode value="right" />
                        <length value="10" />
                </command>
                <command label="Map_VER_PINPAD" objectReferenceLabel="CONCAT" >
                    <sourceFieldPath value = "CADASTRO_PDV.VER_PINPAD" />
                    <targetFieldPath value = "CADASTRO_PDV.VER_PINPAD" />
                    <concatSide value = "RIGHT" />
                    <concatFieldSetPath value = "merchant.versSotfwBiblCompartPinpad" />
                </command>
                <command label="MapVersAplvRcd" objectReferenceLabel="PAD" >
                        <sourceFieldPath value = "CADASTRO_PDV.VER_PINPAD" />
                        <targetFieldPath value = "CADASTRO_PDV.VER_PINPAD" />
                        <paddingChar value=" " />
                        <mode value="right" />
                        <length value="26" />
                </command>
                <command label="Map_VER_PINPAD" objectReferenceLabel="CONCAT" >
                    <sourceFieldPath value = "CADASTRO_PDV.VER_PINPAD" />
                    <targetFieldPath value = "CADASTRO_PDV.VER_PINPAD" />
                    <concatSide value = "RIGHT" />
                    <concatFieldSetPath value = "merchant.versEspecBiblCompartPinpad" />
                </command>

                <command label="Map_VER_ESPEC_PDV_SERVER" objectReferenceLabel="COPY" >
                    <sourceFieldPath value = "common.ecr_fabr_id" />
                    <targetFieldPath value = "CADASTRO_PDV.VER_ESPEC_PDV_SERVER" />
                </command>		
            </if>
        </conditional-block>
        <command label="  ========= Campos ddo Cadastro PDV =========" objectReferenceLabel="FIELDSET_DUMP">
            <sourceFieldPath value = "CADASTRO_PDV" />
        </command> 
        <command label="SetCnpjPdv" objectReferenceLabel="PAD" >
            <sourceFieldPath value = "CADASTRO_PDV.CNPJ_PDV" />
            <targetFieldPath value="feinterfb.cnpjPdv" />
           <paddingChar value="0" />
           <mode value="left" />
           <length value="14" />
        </command>
        <command label="SetVersaoPdvClient" objectReferenceLabel="PAD" >
            <sourceFieldPath value = "CADASTRO_PDV.VER_PDV_CLIENT" />
            <targetFieldPath value="feinterfb.versaoPdvClient" />
            <paddingChar value=" " />
            <mode value="right" />
            <length value="10" />
        </command>
        <command label="SetVersaoPinpad" objectReferenceLabel="PAD" >
            <sourceFieldPath value = "CADASTRO_PDV.VER_PINPAD" />
            <targetFieldPath value="feinterfb.versaoPinpad" />
            <paddingChar value=" " />
            <mode value="right" />
            <length value="30" />
        </command>
        <command label="SetVersaoEspecPdvServer" objectReferenceLabel="PAD" >
            <sourceFieldPath value = "CADASTRO_PDV.VER_ESPEC_PDV_SERVER" />
            <targetFieldPath value="feinterfb.versaoEspecPdvServer" />
            <paddingChar value=" " />
            <mode value="right" />
            <length value="2" />
        </command>
        <!-- GAP09 - Tokenizacao - FIM -->

        <!-- Parametros de Localizacao do Terminal - INICIO -->
        <command label="LocalizacaoTerminal_IMEI" objectReferenceLabel="PAD" >
            <sourceFieldPath value = "pos_acquirer.imei" />
            <targetFieldPath value="feinterfb.imei" />
            <paddingChar value="0" />
            <mode value="left" />
            <length value="16" />
        </command>
        <command label="LocalizacaoTerminal_SimCardID" objectReferenceLabel="PAD" >
            <sourceFieldPath value = "pos_acquirer.simCardId" />
            <targetFieldPath value="feinterfb.simCardId" />
            <paddingChar value="0" />
            <mode value="left" />
            <length value="22" />
        </command>
        <command label="LocalizacaoTerminal_NomeOperadora" objectReferenceLabel="PAD" >
            <sourceFieldPath value = "pos_acquirer.nomeOperadora" />
            <targetFieldPath value="feinterfb.nomeOperadora" />
            <paddingChar value=" " />
            <mode value="right" />
            <length value="10" />
        </command>
        <command label="LocalizacaoTerminal_MacAddress" objectReferenceLabel="PAD" >
            <sourceFieldPath value = "pos_acquirer.macAddress" />
            <targetFieldPath value="feinterfb.macAddress" />
            <paddingChar value=" " />
            <mode value="right" />
            <length value="12" />
        </command>
        <command label="LocalizacaoTerminal_enderecoIP" objectReferenceLabel="PAD" >
            <sourceFieldPath value = "pos_acquirer.enderecoIP" />
            <targetFieldPath value="feinterfb.enderecoIP" />
            <paddingChar value=" " />
            <mode value="right" />
            <length value="32" />
        </command>
        <command label="LocalizacaoTerminal_InformacoesAntena" objectReferenceLabel="PAD" >
            <sourceFieldPath value = "pos_acquirer.informacoesAntena" />
            <targetFieldPath value="feinterfb.informacoesAntena" />
            <paddingChar value=" " />
            <mode value="right" />
            <length value="30" />
        </command>
        <command label="LocalizacaoTerminal_VersaoPlataforma" objectReferenceLabel="PAD" >
            <sourceFieldPath value = "pos_acquirer.versaoPlataforma" />
            <targetFieldPath value="feinterfb.versaoPlataforma" />
            <paddingChar value=" " />
            <mode value="right" />
            <length value="20" />
        </command>
        <!-- Parametros de Localizacao do Terminal - FIM -->

        <!-- 0934_ONL - SW75 - Correcao menu_000 - Filas MQ Acquirer - Inicio - JPFC -->
		<command label="set_feinterf_driver_name" objectReferenceLabel="VALUE" >
           <sourceValue value="$(FE_INTERFB_DRIVERNAME)" />
           <targetFieldPath value="LOCAL.port_driver" />
		</command>
        <command label="CHECKPORT" objectReferenceLabel="CHECKPORT" >
            <sourceFieldPath value = "LOCAL" />
            <targetFieldPath value = "LOCAL" />
        </command> 
        <command label="CHECK_PORT_STATUS" objectReferenceLabel="DROP">
			<when objectReferenceLabel="EXPR">
				<expr value="LOCAL.port_status == 'DISCONNECTED'"/>
			</when>
        </command>
		<!-- 0934_ONL - SW75 - Correcao menu_000 - Filas MQ Acquirer - Fim - JPFC -->
		
        <command label="  ======== commerce Message =========" objectReferenceLabel="FIELDSET_DUMP">
			<sourceFieldPath value = "commerce" />
		</command>        
		<command label="  ======== Mensagem enviada para feinterfb: =========" objectReferenceLabel="FIELDSET_DUMP">
			<sourceFieldPath value = "feinterfb" />
		</command>		
	</dataManip>
	<dataManip label="DUMMY" />
</dataManip-list>

